Collection Name,Collection Summary,Family Name,Family Summary,Family Publication Date,Family URL,Document Title,Document URL,Document Content URL,Document Type,Document Content Matches Search Phrase,Geographies,Category,Languages,Source
,,Financial Inclusion and Resilience (FIRE): Leveraging Risk-Tolerant Crowdfunded Capital for Innovative Climate Adaptation,"To strengthen climate resilience of vulnerable communities by increasing their access to risk-tolerant, crowdfunded finance for climate adaptation.",2026-05-21T00:00:00+00:00,https://app.climatepolicyradar.org/document/financial-inclusion-and-resilience-fire-leveraging-risk-tolerant-crowdfunded-capital-for-innovative-climate-adaptation_de8c,Financial Inclusion and Resilience (FIRE): Leveraging Risk-Tolerant Crowdfunded Capital for Innovative Climate Adaptation,https://app.climatepolicyradar.org/documents/financial-inclusion-and-resilience-fire-leveraging-risk-tolerant-crowdfunded-capital-for-innovative-climate-adaptation_6d1b,https://cdn.climatepolicyradar.org/navigator/MDG/2026/financial-inclusion-and-resilience-fire-leveraging-risk-tolerant-crowdfunded-capital-for-innovative-climate-adaptation_4c869a2e26930a986c678194e045aa11.pdf,,n/a,MDG;UGA;XAB,MCF,English,GEF
,,South-south cooperation for strengthening and establishing climate finance units,Strengthen developing country capacity for channelling climate finance by sharing Uganda’s good practices and lessons learned with other African countries and strengthening Uganda’s climate finance unit.,2026-05-04T00:00:00+00:00,https://app.climatepolicyradar.org/document/south-south-cooperation-for-strengthening-and-establishing-climate-finance-units_6f23,South-south cooperation for strengthening and establishing climate finance units,https://app.climatepolicyradar.org/documents/south-south-cooperation-for-strengthening-and-establishing-climate-finance-units_8a4d,https://cdn.climatepolicyradar.org/navigator/UGA/2026/south-south-cooperation-for-strengthening-and-establishing-climate-finance-units_3ef3512f3086966cf5839f48a4d317ef.pdf,,n/a,UGA;XAB,MCF,English,GEF
,,WASH National Adaptation Plan for Uganda (2026-2030),"<p>The plan aims to address climate risks to the water and sanitation sectors in Uganda, by ensuring that infrastructure and governance is resilient to an increased prevalence of extreme rainfall, drought and other weather events. Its core objectives include work on infrastructure and service delivery, water resource and ecosystem resilience, equitable service and promoting climate-resilient behaviour in communities.</p>",2026-04-13T00:00:00+00:00,https://app.climatepolicyradar.org/document/wash-national-adaptation-plan-for-uganda-2026-2030_79f2,WASH National Adaptation Plan for Uganda (2026-2030),https://app.climatepolicyradar.org/documents/wash-national-adaptation-plan-for-uganda-2026-2030_0e6b,https://cdn.climatepolicyradar.org/navigator/UGA/2026/wash-national-adaptation-plan-for-uganda-2026-2030_ec04e3b97e3e0e246d52774f919467e0.pdf,Plan,n/a,UGA,Executive,English,CCLW
,,ASCENT-GREEN: Resilient Energy Access for Inclusive Development,"Eastern and Southern Africa are highly vulnerable to climate change, facing recurrent droughts, floods, heatwaves, and increasingly erratic rainfall that intensify water stress and land degradation. These climate stresses are compounded by rapid population growth, projected to rise from around 749 million in 2023 to nearly 964 million by 2050, placing growing pressure on already overstretched infrastructure. In 2023, around 365 million people lacked access to electricity and 580 million lacked access to clean cooking, severely constraining adaptation, productivity, and health outcomes across the region.

The ASCENT-GREEN project  aims to support climate-vulnerable communities across 21 countries in Eastern and Southern Africa by catalysing private-sector delivery of distributed renewable energy, clean cooking, and productive-use energy. It seeks to increase climate resilience, drive economic development, and reduce emissions across some of the region's most remote and fragile contexts.

Structured around three components, the project will establish a regional energy access financing facility providing affordable lending, results-based financing, and technical assistance, prioritizing rural households, fragile, conflict-affected populations, small and medium-sized enterprises and women-owned enterprises; develop regional de-risking facilities including a risk-sharing facility and a carbon risk mitigation facility to crowd in private capital; and establish a Common Market for Eastern and Southern Africa (COMESA)-led regional platform to coordinate policy, technical assistance, and knowledge sharing across participating countries.

Through financing instruments that address barriers such as affordability, risk perception, and scaling up, the project will mobilise significantly larger private flows and accelerate market transformations, enabling far greater reach. It is expected to directly benefit 28.8 million people and indirectly reach a further 13.8 million, supporting improved access to energy services and enhanced resilience across participating countries.",2026-03-28T00:00:00+00:00,https://app.climatepolicyradar.org/document/ascent-green-resilient-energy-access-for-inclusive-development_2c58,Gender assessment for FP291: ASCENT-GREEN: Resilient Energy Access for Inclusive Development,https://app.climatepolicyradar.org/documents/gender-assessment-for-fp291-ascent-green-resilient-energy-access-for-inclusive-development_5f05,https://cdn.climatepolicyradar.org/navigator/BDI/2026/ascent-green-resilient-energy-access-for-inclusive-development_452875d7dfd079094c0e70ee3cbc0225.pdf,Gender action plan,n/a,BDI;BWA;COD;COM;ERI;ETH;KEN;LSO;MDG;MOZ;MWI;RWA;SOM;SSD;STP;SWZ;TZA;UGA;ZAF;ZMB;ZWE,MCF,English,GCF
,,ASCENT-GREEN: Resilient Energy Access for Inclusive Development,"Eastern and Southern Africa are highly vulnerable to climate change, facing recurrent droughts, floods, heatwaves, and increasingly erratic rainfall that intensify water stress and land degradation. These climate stresses are compounded by rapid population growth, projected to rise from around 749 million in 2023 to nearly 964 million by 2050, placing growing pressure on already overstretched infrastructure. In 2023, around 365 million people lacked access to electricity and 580 million lacked access to clean cooking, severely constraining adaptation, productivity, and health outcomes across the region.

The ASCENT-GREEN project  aims to support climate-vulnerable communities across 21 countries in Eastern and Southern Africa by catalysing private-sector delivery of distributed renewable energy, clean cooking, and productive-use energy. It seeks to increase climate resilience, drive economic development, and reduce emissions across some of the region's most remote and fragile contexts.

Structured around three components, the project will establish a regional energy access financing facility providing affordable lending, results-based financing, and technical assistance, prioritizing rural households, fragile, conflict-affected populations, small and medium-sized enterprises and women-owned enterprises; develop regional de-risking facilities including a risk-sharing facility and a carbon risk mitigation facility to crowd in private capital; and establish a Common Market for Eastern and Southern Africa (COMESA)-led regional platform to coordinate policy, technical assistance, and knowledge sharing across participating countries.

Through financing instruments that address barriers such as affordability, risk perception, and scaling up, the project will mobilise significantly larger private flows and accelerate market transformations, enabling far greater reach. It is expected to directly benefit 28.8 million people and indirectly reach a further 13.8 million, supporting improved access to energy services and enhanced resilience across participating countries.",2026-03-28T00:00:00+00:00,https://app.climatepolicyradar.org/document/ascent-green-resilient-energy-access-for-inclusive-development_2c58,ASCENT-GREEN: Resilient Energy Access for Inclusive Development,https://app.climatepolicyradar.org/documents/ascent-green-resilient-energy-access-for-inclusive-development_dfe7,https://cdn.climatepolicyradar.org/navigator/BDI/2026/ascent-green-resilient-energy-access-for-inclusive-development_df57fd88250d0fecd184062d5fd7d2bb.pdf,Approved funding proposal,n/a,BDI;BWA;COD;COM;ERI;ETH;KEN;LSO;MDG;MOZ;MWI;RWA;SOM;SSD;STP;SWZ;TZA;UGA;ZAF;ZMB;ZWE,MCF,English,GCF
,,ASCENT-GREEN: Resilient Energy Access for Inclusive Development,"Eastern and Southern Africa are highly vulnerable to climate change, facing recurrent droughts, floods, heatwaves, and increasingly erratic rainfall that intensify water stress and land degradation. These climate stresses are compounded by rapid population growth, projected to rise from around 749 million in 2023 to nearly 964 million by 2050, placing growing pressure on already overstretched infrastructure. In 2023, around 365 million people lacked access to electricity and 580 million lacked access to clean cooking, severely constraining adaptation, productivity, and health outcomes across the region.

The ASCENT-GREEN project  aims to support climate-vulnerable communities across 21 countries in Eastern and Southern Africa by catalysing private-sector delivery of distributed renewable energy, clean cooking, and productive-use energy. It seeks to increase climate resilience, drive economic development, and reduce emissions across some of the region's most remote and fragile contexts.

Structured around three components, the project will establish a regional energy access financing facility providing affordable lending, results-based financing, and technical assistance, prioritizing rural households, fragile, conflict-affected populations, small and medium-sized enterprises and women-owned enterprises; develop regional de-risking facilities including a risk-sharing facility and a carbon risk mitigation facility to crowd in private capital; and establish a Common Market for Eastern and Southern Africa (COMESA)-led regional platform to coordinate policy, technical assistance, and knowledge sharing across participating countries.

Through financing instruments that address barriers such as affordability, risk perception, and scaling up, the project will mobilise significantly larger private flows and accelerate market transformations, enabling far greater reach. It is expected to directly benefit 28.8 million people and indirectly reach a further 13.8 million, supporting improved access to energy services and enhanced resilience across participating countries.",2026-03-28T00:00:00+00:00,https://app.climatepolicyradar.org/document/ascent-green-resilient-energy-access-for-inclusive-development_2c58,Gender assessment for FP291: ASCENT-GREEN: Resilient Energy Access for Inclusive Development,https://app.climatepolicyradar.org/documents/gender-assessment-for-fp291-ascent-green-resilient-energy-access-for-inclusive-development_93f9,https://cdn.climatepolicyradar.org/navigator/BDI/2026/ascent-green-resilient-energy-access-for-inclusive-development_6c0184b2be536fa6d7b8261bda98a142.pdf,Gender assessment,n/a,BDI;BWA;COD;COM;ERI;ETH;KEN;LSO;MDG;MOZ;MWI;RWA;SOM;SSD;STP;SWZ;TZA;UGA;ZAF;ZMB;ZWE,MCF,English,GCF
,,Food Securities Fund Accountable Cocoa and Coffee Tranche (FSF ACCT),"Cocoa and coffee are climate-sensitive commodities cultivated by smallholder farmers across Costa Rica, Côte d’Ivoire, the Dominican Republic, Ecuador, Ghana, Guatemala, Nigeria, Peru, Rwanda, and Uganda. They face increasing risks from climate variability, land degradation, and tightening regulatory requirements. Pre-harvest finance remains structurally underprovided, as commercial lenders rarely extend unsecured credit in rural emerging markets, while cooperatives and exporters lack the financial resources to support farmers year-round. Climate finance has typically prioritised large infrastructure programmes rather than value chain operations, leaving a persistent gap.

The FSF ACCT programme scales sustainability-linked working capital and technical assistance for enterprises operating in cocoa and coffee landscapes across the ten countries, building on a strategy tested through the Food Securities Fund (FSF). It provides short-term renewable working capital loans to midstream enterprises sourcing from smallholder farmers, paired with targeted technical assistance on climate-smart practices, traceability, and gender inclusion.

The programme is structured around two components: an investment facility providing working capital loans linked to annual environmental and social due diligence; and a technical assistance facility supporting borrowers across environmental, social, and business resilience themes. Demand-side actors, including large multinational agribusinesses, provide additional risk mitigation through guarantees at the sub-project level.

The programme was developed under GCF's Project-specific Assessment Approach (PSAA).",2026-03-28T00:00:00+00:00,https://app.climatepolicyradar.org/document/food-securities-fund-accountable-cocoa-and-coffee-tranche-fsf-acct_7de8,Gender action plan for FP293: Food Securities Fund Accountable Cocoa and Coffee Tranche (FSF ACCT),https://app.climatepolicyradar.org/documents/gender-action-plan-for-fp293-food-securities-fund-accountable-cocoa-and-coffee-tranche-fsf-acct_f528,https://cdn.climatepolicyradar.org/navigator/CIV/2026/food-securities-fund-accountable-cocoa-and-coffee-tranche-fsf-acct_4949904185f3020062e9434f2a2a4331.pdf,Gender action plan,n/a,CIV;CRI;DOM;ECU;GHA;GTM;NGA;PER;RWA;UGA,MCF,English,GCF
,,Food Securities Fund Accountable Cocoa and Coffee Tranche (FSF ACCT),"Cocoa and coffee are climate-sensitive commodities cultivated by smallholder farmers across Costa Rica, Côte d’Ivoire, the Dominican Republic, Ecuador, Ghana, Guatemala, Nigeria, Peru, Rwanda, and Uganda. They face increasing risks from climate variability, land degradation, and tightening regulatory requirements. Pre-harvest finance remains structurally underprovided, as commercial lenders rarely extend unsecured credit in rural emerging markets, while cooperatives and exporters lack the financial resources to support farmers year-round. Climate finance has typically prioritised large infrastructure programmes rather than value chain operations, leaving a persistent gap.

The FSF ACCT programme scales sustainability-linked working capital and technical assistance for enterprises operating in cocoa and coffee landscapes across the ten countries, building on a strategy tested through the Food Securities Fund (FSF). It provides short-term renewable working capital loans to midstream enterprises sourcing from smallholder farmers, paired with targeted technical assistance on climate-smart practices, traceability, and gender inclusion.

The programme is structured around two components: an investment facility providing working capital loans linked to annual environmental and social due diligence; and a technical assistance facility supporting borrowers across environmental, social, and business resilience themes. Demand-side actors, including large multinational agribusinesses, provide additional risk mitigation through guarantees at the sub-project level.

The programme was developed under GCF's Project-specific Assessment Approach (PSAA).",2026-03-28T00:00:00+00:00,https://app.climatepolicyradar.org/document/food-securities-fund-accountable-cocoa-and-coffee-tranche-fsf-acct_7de8,Food Securities Fund Accountable Cocoa and Coffee Tranche (FSF ACCT),https://app.climatepolicyradar.org/documents/food-securities-fund-accountable-cocoa-and-coffee-tranche-fsf-acct_0366,https://cdn.climatepolicyradar.org/navigator/CIV/2026/food-securities-fund-accountable-cocoa-and-coffee-tranche-fsf-acct_96f40e4216d7dd846358ef1ba74a0dbc.pdf,Approved funding proposal,n/a,CIV;CRI;DOM;ECU;GHA;GTM;NGA;PER;RWA;UGA,MCF,English,GCF
,,Food Securities Fund Accountable Cocoa and Coffee Tranche (FSF ACCT),"Cocoa and coffee are climate-sensitive commodities cultivated by smallholder farmers across Costa Rica, Côte d’Ivoire, the Dominican Republic, Ecuador, Ghana, Guatemala, Nigeria, Peru, Rwanda, and Uganda. They face increasing risks from climate variability, land degradation, and tightening regulatory requirements. Pre-harvest finance remains structurally underprovided, as commercial lenders rarely extend unsecured credit in rural emerging markets, while cooperatives and exporters lack the financial resources to support farmers year-round. Climate finance has typically prioritised large infrastructure programmes rather than value chain operations, leaving a persistent gap.

The FSF ACCT programme scales sustainability-linked working capital and technical assistance for enterprises operating in cocoa and coffee landscapes across the ten countries, building on a strategy tested through the Food Securities Fund (FSF). It provides short-term renewable working capital loans to midstream enterprises sourcing from smallholder farmers, paired with targeted technical assistance on climate-smart practices, traceability, and gender inclusion.

The programme is structured around two components: an investment facility providing working capital loans linked to annual environmental and social due diligence; and a technical assistance facility supporting borrowers across environmental, social, and business resilience themes. Demand-side actors, including large multinational agribusinesses, provide additional risk mitigation through guarantees at the sub-project level.

The programme was developed under GCF's Project-specific Assessment Approach (PSAA).",2026-03-28T00:00:00+00:00,https://app.climatepolicyradar.org/document/food-securities-fund-accountable-cocoa-and-coffee-tranche-fsf-acct_7de8,Gender assessment for FP293: Food Securities Fund Accountable Cocoa and Coffee Tranche (FSF ACCT),https://app.climatepolicyradar.org/documents/gender-assessment-for-fp293-food-securities-fund-accountable-cocoa-and-coffee-tranche-fsf-acct_8803,https://cdn.climatepolicyradar.org/navigator/CIV/2026/food-securities-fund-accountable-cocoa-and-coffee-tranche-fsf-acct_c516fec4fce3cefe207f57cfdb70599c.pdf,Gender assessment,n/a,CIV;CRI;DOM;ECU;GHA;GTM;NGA;PER;RWA;UGA,MCF,English,GCF
,,National Wetland Strategic Plan 2026-2036,"<p>The strategic plan guides the long-term management of Uganda's wetland resources, securing and enhancing their role in supporting livelihoods, biodiversity, ecosystem services and carbon storage. It supports the Vision 2040 goal to achieve/maintain 13% of the land surface area as wetland by 2040, and acts at the national, subnational and community level to ensure integrated awareness, effective governance and enforcement of sustainable wetland management. The plan seeks to mobilise both local and international finance, and develop natural capital accounts through mapping and inventory research.</p>",2026-02-18T00:00:00+00:00,https://app.climatepolicyradar.org/document/national-wetland-strategic-plan-2026-2036_c41a,National Wetland Strategic Plan 2026-2036,https://app.climatepolicyradar.org/documents/national-wetland-strategic-plan-2026-2036_9287,https://cdn.climatepolicyradar.org/navigator/UGA/2026/national-wetland-strategic-plan-2026-2036_91bbcae5b22ac00c219068c2df0113b6.pdf,Plan,n/a,UGA,Executive,English,CCLW
,,Uganda 7th National Report. NR7 (2026),<p>Uganda 7th National Report. NR7 (2026)</p>,2026-02-17T00:00:00+00:00,https://app.climatepolicyradar.org/document/uganda-7th-national-report-nr7-2026_69cc,Uganda National Report. NR7 (2026),https://app.climatepolicyradar.org/documents/uganda-national-report-nr7-2026_1230,https://cdn.climatepolicyradar.org/navigator/UGA/2026/uganda-7th-national-report-nr7-2026_8fb96ffec75b8e705d74b918d36d593d.pdf,National Report (NR),n/a,UGA,UN Submissions,English,CBD
,,Preparation of Biennial Transparency Reports (BTRs) and Combined BTR/National Communications (BTR/NCs) to the United Nations Framework Convention on Climate Change (UNFCCC).,"The project aims to support four countries–Ecuador, Maldives, Rwanda, and Uganda–to prepare and submit Biennial Transparency Reports (BTRs) and combined Biennial Transparency Report / National Communications (BTR/NCs) that will comply with the United Nations Framework Convention on Climate Change (UNFCCC) and the Paris Agreement (PA) reporting requirements, while responding to national development goals.",2026-02-06T00:00:00+00:00,https://app.climatepolicyradar.org/document/preparation-of-biennial-transparency-reports-btrs-and-combined-btr-national-communications-btr-ncs-to-the-united-nations-framework-convention-on-climate-change-unfccc_91dd,Preparation of Biennial Transparency Reports (BTRs) and Combined BTR/National Communications (BTR/NCs) to the United Nations Framework Convention on Climate Change (UNFCCC).,https://app.climatepolicyradar.org/documents/preparation-of-biennial-transparency-reports-btrs-and-combined-btr-national-communications-btr-ncs-to-the-united-nations-framework-convention-on-climate-change-unfccc_bc79,https://cdn.climatepolicyradar.org/navigator/ECU/2026/preparation-of-biennial-transparency-reports-btrs-and-combined-btr-national-communications-btr-ncs-to-the-united-nations-framework-convention-on-climate-change-unfccc_629d1521d125339b758731871b9b3e7b.pdf,,n/a,ECU;MDV;RWA;UGA;XAB,MCF,English,GEF
,,The second phase of the Uganda Rural Electrification Access Project (UREAP II),The second phase of the Uganda Rural Electrification Access Project (UREAP II) implemented by African Development Bank (AFDB),2026-01-23T00:00:00+00:00,https://app.climatepolicyradar.org/document/the-second-phase-of-the-uganda-rural-electrification-access-project-ureap-ii_38a7,The second phase of the Uganda Rural Electrification Access Project (UREAP II),https://app.climatepolicyradar.org/documents/the-second-phase-of-the-uganda-rural-electrification-access-project-ureap-ii_8259,https://cdn.climatepolicyradar.org/navigator/UGA/2026/the-second-phase-of-the-uganda-rural-electrification-access-project-ureap-ii_2cc6f81d893a92b87e6074f35dd6a446.pdf,,n/a,UGA,MCF,English,CIF
,,Uganda National Agroforestry Strategy,"<p>This strategy seeks to promote agroforestry techniques in Uganda over the long term, aiming to reduce land degradation, increase forest carbon stocks and support sustainable rural livelihoods alongside economic growth. It notes the threat of climate change to farming systems using less sustainable methods, and notes the opportunity to integrate agroforestry with carbon credit schemes to secure external funding. The strategy promotes the expansion and establishment of agroforestry tree nurseries, training for farmers, integration of a communications strategy, domestic agroforestry research funding, and the integration of this process with international research and financing systems.</p>",2026-01-17T00:00:00+00:00,https://app.climatepolicyradar.org/document/uganda-national-agroforestry-strategy_9353,Uganda National Agroforestry Strategy,https://app.climatepolicyradar.org/documents/uganda-national-agroforestry-strategy_301e,https://cdn.climatepolicyradar.org/navigator/UGA/2026/uganda-national-agroforestry-strategy_0b8333224b2c8f689bd9947aa3765476.pdf,Strategy,n/a,UGA,Executive,English,CCLW
,,Uganda REDD+ RBP for results period 2016 - 2017,"With over 70 per cent of the population engaged in subsistence farming and dynamic population growth, Uganda is highly dependent on its forests for livelihoods and economic development. This, compounded by the effects of climate change, has contributed to an unprecedented decline in forest cover. The primary drivers of deforestation include expanding land for agriculture, smallholder farming, and unsustainable logging of round wood, fuelwood, and charcoal.

Uganda has been actively engaged in establishing national policies, strategies, and institutional frameworks to guide forest management and sustainable use. Since 2008, REDD+ initiatives have been a significant part of this process. Following an independent technical assessment under UNFCCC guidelines, Uganda's reported results of verified emission reductions of 8,070,694 tCO₂e from 1 January 2016 to 31 December 2017 were confirmed as credible and transparent. With this verification, Uganda became eligible to access results-based payments under GCF’s REDD+ Pilot Programme.

The GCF proceeds from the REDD+ RBP will be reinvested in reinforcing an enabling environment for the implementation of Uganda’s REDD+ Strategy and Action Plan, and four priority strategic options of Uganda’s REDD+ Strategy: climate-smart agriculture, sustainable charcoal/fuel wood production, restoration, and policy strengthening. The plan promotes gender inclusion and community empowerment through targeted training, participatory planning, and inclusive benefit-sharing mechanisms.

The use of GCF proceeds will strengthen the capacity of government institutions involved in implementing REDD+ activities and reduce the pressure from key deforestation drivers. This will contribute to the long-term sustainability of REDD+ activities and generate non-carbon benefits. A benefit-sharing system will be introduced to encourage further activities to scale up results in seventeen prioritised districts.",2025-10-30T00:00:00+00:00,https://app.climatepolicyradar.org/document/uganda-redd-rbp-for-results-period-2016-2017_18db,Gender action plan for FP280: Uganda REDD+ RBP for results period 2016 - 2017,https://app.climatepolicyradar.org/documents/gender-action-plan-for-fp280-uganda-redd-rbp-for-results-period-2016-2017_3a27,https://cdn.climatepolicyradar.org/navigator/UGA/2025/uganda-redd-rbp-for-results-period-2016-2017_5a71d12c0a5e409e3bd683bd1804a5fd.pdf,Gender action plan,n/a,UGA,MCF,English,GCF
,,Uganda REDD+ RBP for results period 2016 - 2017,"With over 70 per cent of the population engaged in subsistence farming and dynamic population growth, Uganda is highly dependent on its forests for livelihoods and economic development. This, compounded by the effects of climate change, has contributed to an unprecedented decline in forest cover. The primary drivers of deforestation include expanding land for agriculture, smallholder farming, and unsustainable logging of round wood, fuelwood, and charcoal.

Uganda has been actively engaged in establishing national policies, strategies, and institutional frameworks to guide forest management and sustainable use. Since 2008, REDD+ initiatives have been a significant part of this process. Following an independent technical assessment under UNFCCC guidelines, Uganda's reported results of verified emission reductions of 8,070,694 tCO₂e from 1 January 2016 to 31 December 2017 were confirmed as credible and transparent. With this verification, Uganda became eligible to access results-based payments under GCF’s REDD+ Pilot Programme.

The GCF proceeds from the REDD+ RBP will be reinvested in reinforcing an enabling environment for the implementation of Uganda’s REDD+ Strategy and Action Plan, and four priority strategic options of Uganda’s REDD+ Strategy: climate-smart agriculture, sustainable charcoal/fuel wood production, restoration, and policy strengthening. The plan promotes gender inclusion and community empowerment through targeted training, participatory planning, and inclusive benefit-sharing mechanisms.

The use of GCF proceeds will strengthen the capacity of government institutions involved in implementing REDD+ activities and reduce the pressure from key deforestation drivers. This will contribute to the long-term sustainability of REDD+ activities and generate non-carbon benefits. A benefit-sharing system will be introduced to encourage further activities to scale up results in seventeen prioritised districts.",2025-10-30T00:00:00+00:00,https://app.climatepolicyradar.org/document/uganda-redd-rbp-for-results-period-2016-2017_18db,Gender assessment for FP280: Uganda REDD+ RBP for results period 2016 - 2017,https://app.climatepolicyradar.org/documents/gender-assessment-for-fp280-uganda-redd-rbp-for-results-period-2016-2017_ec89,https://cdn.climatepolicyradar.org/navigator/UGA/2025/uganda-redd-rbp-for-results-period-2016-2017_cac78a812e9bc9b11ecd5ca53ded4fcc.pdf,Gender assessment,n/a,UGA,MCF,English,GCF
,,Uganda REDD+ RBP for results period 2016 - 2017,"With over 70 per cent of the population engaged in subsistence farming and dynamic population growth, Uganda is highly dependent on its forests for livelihoods and economic development. This, compounded by the effects of climate change, has contributed to an unprecedented decline in forest cover. The primary drivers of deforestation include expanding land for agriculture, smallholder farming, and unsustainable logging of round wood, fuelwood, and charcoal.

Uganda has been actively engaged in establishing national policies, strategies, and institutional frameworks to guide forest management and sustainable use. Since 2008, REDD+ initiatives have been a significant part of this process. Following an independent technical assessment under UNFCCC guidelines, Uganda's reported results of verified emission reductions of 8,070,694 tCO₂e from 1 January 2016 to 31 December 2017 were confirmed as credible and transparent. With this verification, Uganda became eligible to access results-based payments under GCF’s REDD+ Pilot Programme.

The GCF proceeds from the REDD+ RBP will be reinvested in reinforcing an enabling environment for the implementation of Uganda’s REDD+ Strategy and Action Plan, and four priority strategic options of Uganda’s REDD+ Strategy: climate-smart agriculture, sustainable charcoal/fuel wood production, restoration, and policy strengthening. The plan promotes gender inclusion and community empowerment through targeted training, participatory planning, and inclusive benefit-sharing mechanisms.

The use of GCF proceeds will strengthen the capacity of government institutions involved in implementing REDD+ activities and reduce the pressure from key deforestation drivers. This will contribute to the long-term sustainability of REDD+ activities and generate non-carbon benefits. A benefit-sharing system will be introduced to encourage further activities to scale up results in seventeen prioritised districts.",2025-10-30T00:00:00+00:00,https://app.climatepolicyradar.org/document/uganda-redd-rbp-for-results-period-2016-2017_18db,Uganda REDD+ RBP for results period 2016 - 2017,https://app.climatepolicyradar.org/documents/uganda-redd-rbp-for-results-period-2016-2017_b9b9,https://cdn.climatepolicyradar.org/navigator/UGA/2025/uganda-redd-rbp-for-results-period-2016-2017_1f17371aeb673ba484e30978fc1c78c9.pdf,Approved funding proposal,n/a,UGA,MCF,English,GCF
,,Unlocking Investments in Gender and Youth-Inclusive Early-Growth Stage Adaptation Small and Medium-Sized Enterprises in Kenya and Uganda,"<p>This project aims to unlock investments for gender- and youth-inclusive early-growth adaptation SMEs in Kenya and Uganda by bridging the “missing middle” financing gap that limits their ability to scale climate solutions in the agriculture and water sectors. It supports SMEs providing locally tailored adaptation technologies and services through performance-based grants, business advisory support, and capacity building. By fostering inclusive entrepreneurship and crowding in private capital, it seeks to transform local financial markets and enhance the climate resilience of vulnerable communities, particularly women and youth.</p>",2025-10-10T00:00:00+00:00,https://app.climatepolicyradar.org/document/unlocking-investments-in-gender-and-youth-inclusive-early-growth-stage-adaptation-small-and-medium-sized-enterprises-in-kenya-and-uganda_eb51,Project Document,https://app.climatepolicyradar.org/documents/project-document_7f27,https://cdn.climatepolicyradar.org/navigator/KEN/2025/unlocking-investments-in-gender-and-youth-inclusive-early-growth-stage-adaptation-small-and-medium-sized-enterprises-in-kenya-and-uganda_09d54e3c3a78720d2f419158b8b904a2.pdf,,n/a,KEN;UGA,MCF,English,AF
Uganda's Biennial Update Reports,,Uganda Biennial Update Report. BUR2,<p>Uganda Biennial Update Report. BUR2</p>,2025-08-12T00:00:00+00:00,https://app.climatepolicyradar.org/document/uganda-biennial-update-report-bur2_2f7c,Uganda’s Second Biennial Update Report To The UNFCCC,https://app.climatepolicyradar.org/documents/ugandas-second-biennial-update-report-to-the-unfccc_b771,https://cdn.climatepolicyradar.org/navigator/UGA/2025/uganda-biennial-update-report-bur2_e88492ffd16045456c122bc476f889fe.pdf,Biennial Update Report,n/a,UGA,UN Submissions,English,UNFCCC
,,DaIMA – Dairy Interventions for Mitigation and Adaptation,"As GCF’s first dedicated livestock programme, DaIMA aims to strengthen climate resilience, reduce emissions across the dairy value chain and improve the livelihoods of dairy farmers in East Africa.

The dairy sector in East Africa, including Kenya, Rwanda, Uganda and the United Republic of Tanzania, faces significant challenges due to climate change. Dairy farming is a major contributor to these countries' greenhouse gas (GHG) emissions, and climate change's effects threaten its long-term sustainability. Many dairy farmers struggle with limited market access, challenges in sourcing local feed and fodder, inadequate extension and financial services, and difficulties in risk management. The sector is further impacted by low livestock genetic potential, herd management issues, animal diseases, insufficient extension support, limited awareness of climate-resilient and low-carbon practices and technologies, rangeland degradation and gender inequalities.

DaIMA has a comprehensive and holistic approach to improve all aspects of the dairy sector, from improving policy, institutional and service delivery environments to building the capacity of smallholder farmers, including women, youth and marginalised groups. It will improve access to finance and innovative technologies offering mitigation and adaptation benefits. As a result, dairy farmers and processors will be encouraged to adopt more efficient, climate-resilient practices that enhance incomes and lower production costs.

Key activities include strengthening national capacities and enhancing an enabling environment for a low-emission and climate-resilient dairy sector, enhancing income and productivity for smallholder dairy farmers, cooperatives and small and medium-sized enterprises (SMEs) by promoting sustainable climate-resilient and low-emission growth pathways, and establishing a Green Dairy Financing Facility in the four target countries to enhance access to finance for dairy value chain actors, including farmers, cooperatives, SMEs and technology providers.",2025-07-03T00:00:00+00:00,https://app.climatepolicyradar.org/document/daima-dairy-interventions-for-mitigation-and-adaptation_d018,Gender assessment for FP269: DaIMA – Dairy Interventions for Mitigation and Adaptation,https://app.climatepolicyradar.org/documents/gender-assessment-for-fp269-daima-dairy-interventions-for-mitigation-and-adaptation_32a1,https://cdn.climatepolicyradar.org/navigator/KEN/2025/daima-dairy-interventions-for-mitigation-and-adaptation_096ef62e13b822a502e414ced213756e.pdf,Gender assessment,n/a,KEN;RWA;TZA;UGA,MCF,English,GCF
,,DaIMA – Dairy Interventions for Mitigation and Adaptation,"As GCF’s first dedicated livestock programme, DaIMA aims to strengthen climate resilience, reduce emissions across the dairy value chain and improve the livelihoods of dairy farmers in East Africa.

The dairy sector in East Africa, including Kenya, Rwanda, Uganda and the United Republic of Tanzania, faces significant challenges due to climate change. Dairy farming is a major contributor to these countries' greenhouse gas (GHG) emissions, and climate change's effects threaten its long-term sustainability. Many dairy farmers struggle with limited market access, challenges in sourcing local feed and fodder, inadequate extension and financial services, and difficulties in risk management. The sector is further impacted by low livestock genetic potential, herd management issues, animal diseases, insufficient extension support, limited awareness of climate-resilient and low-carbon practices and technologies, rangeland degradation and gender inequalities.

DaIMA has a comprehensive and holistic approach to improve all aspects of the dairy sector, from improving policy, institutional and service delivery environments to building the capacity of smallholder farmers, including women, youth and marginalised groups. It will improve access to finance and innovative technologies offering mitigation and adaptation benefits. As a result, dairy farmers and processors will be encouraged to adopt more efficient, climate-resilient practices that enhance incomes and lower production costs.

Key activities include strengthening national capacities and enhancing an enabling environment for a low-emission and climate-resilient dairy sector, enhancing income and productivity for smallholder dairy farmers, cooperatives and small and medium-sized enterprises (SMEs) by promoting sustainable climate-resilient and low-emission growth pathways, and establishing a Green Dairy Financing Facility in the four target countries to enhance access to finance for dairy value chain actors, including farmers, cooperatives, SMEs and technology providers.",2025-07-03T00:00:00+00:00,https://app.climatepolicyradar.org/document/daima-dairy-interventions-for-mitigation-and-adaptation_d018,Gender action plan for FP269: DaIMA – Dairy Interventions for Mitigation and Adaptation,https://app.climatepolicyradar.org/documents/gender-action-plan-for-fp269-daima-dairy-interventions-for-mitigation-and-adaptation_5060,https://cdn.climatepolicyradar.org/navigator/KEN/2025/daima-dairy-interventions-for-mitigation-and-adaptation_899675e5dbc43cb23e9e108eeede8c8a.pdf,Gender action plan,n/a,KEN;RWA;TZA;UGA,MCF,English,GCF
,,DaIMA – Dairy Interventions for Mitigation and Adaptation,"As GCF’s first dedicated livestock programme, DaIMA aims to strengthen climate resilience, reduce emissions across the dairy value chain and improve the livelihoods of dairy farmers in East Africa.

The dairy sector in East Africa, including Kenya, Rwanda, Uganda and the United Republic of Tanzania, faces significant challenges due to climate change. Dairy farming is a major contributor to these countries' greenhouse gas (GHG) emissions, and climate change's effects threaten its long-term sustainability. Many dairy farmers struggle with limited market access, challenges in sourcing local feed and fodder, inadequate extension and financial services, and difficulties in risk management. The sector is further impacted by low livestock genetic potential, herd management issues, animal diseases, insufficient extension support, limited awareness of climate-resilient and low-carbon practices and technologies, rangeland degradation and gender inequalities.

DaIMA has a comprehensive and holistic approach to improve all aspects of the dairy sector, from improving policy, institutional and service delivery environments to building the capacity of smallholder farmers, including women, youth and marginalised groups. It will improve access to finance and innovative technologies offering mitigation and adaptation benefits. As a result, dairy farmers and processors will be encouraged to adopt more efficient, climate-resilient practices that enhance incomes and lower production costs.

Key activities include strengthening national capacities and enhancing an enabling environment for a low-emission and climate-resilient dairy sector, enhancing income and productivity for smallholder dairy farmers, cooperatives and small and medium-sized enterprises (SMEs) by promoting sustainable climate-resilient and low-emission growth pathways, and establishing a Green Dairy Financing Facility in the four target countries to enhance access to finance for dairy value chain actors, including farmers, cooperatives, SMEs and technology providers.",2025-07-03T00:00:00+00:00,https://app.climatepolicyradar.org/document/daima-dairy-interventions-for-mitigation-and-adaptation_d018,Dairy Interventions for Mitigation and Adaptation (DaIMA),https://app.climatepolicyradar.org/documents/dairy-interventions-for-mitigation-and-adaptation-daima_4dac,https://cdn.climatepolicyradar.org/navigator/KEN/2025/daima-dairy-interventions-for-mitigation-and-adaptation_b73dd000bd0e62d61f21ca9ffe099d52.pdf,Approved funding proposal,n/a,KEN;RWA;TZA;UGA,MCF,English,GCF
,,GCF's investment into the Global Green Bond Initiative (GGBI) (previously known as Green and Resilience Debt Platform (GRDP),"This project scales up access to climate finance in low- and middle-income countries by developing green bond markets that mobilize investment in low-emission development. It supports GCF’s strategic goal of mobilizing private finance through innovative, market-based instruments.

Scaling low-emission development in the participating countries is constrained by limited capital, underdeveloped financial ecosystems, and few instruments to attract private investment. These countries also face acute climate vulnerability and mounting risks to their economic and social systems. Strengthening local capital markets is essential to bridge financing gaps and channel resources toward mitigation priorities.

The project aims to mobilise climate finance in low- and middle-income countries by supporting the development of local green bond markets. Through a dedicated investment fund, capital from development finance institutions and private investors will be used to finance climate mitigation projects, while parallel EU-led facilities support capacity-building and lower borrowing costs for bond issuers.

 GCF will invest EUR 200 million (approximately USD 227 million) in equity through the initiative’s fund to support mitigation projects across ten participating countries. The project will prioritise small-scale, low-carbon energy systems and create investment opportunities in hard-to-abate sectors such as transport, helping to channel private capital toward national decarbonisation efforts.",2025-07-03T00:00:00+00:00,https://app.climatepolicyradar.org/document/gcf-s-investment-into-the-global-green-bond-initiative-ggbi-previously-known-as-green-and-resilience-debt-platform-grdp_61f5,Gender assessment for FP276: GCF's investment into the Global Green Bond Initiative (GGBI) (previously known as Green and Resilience Debt Platform (GRDP),https://app.climatepolicyradar.org/documents/gender-assessment-for-fp276-gcf-s-investment-into-the-global-green-bond-initiative-ggbi-previously-known-as-green-and-resilience-debt-platform-grdp_cd44,https://cdn.climatepolicyradar.org/navigator/AGO/2025/gcf-s-investment-into-the-global-green-bond-initiative-ggbi-previously-known-as-green-and-resilience-debt-platform-grdp_1d41f95371a96636add30b7a3330ff3b.pdf,Gender assessment,n/a,AGO;BGD;BRA;CIV;CMR;EGY;KEN;NAM;SEN;UGA,MCF,English,GCF
,,GCF's investment into the Global Green Bond Initiative (GGBI) (previously known as Green and Resilience Debt Platform (GRDP),"This project scales up access to climate finance in low- and middle-income countries by developing green bond markets that mobilize investment in low-emission development. It supports GCF’s strategic goal of mobilizing private finance through innovative, market-based instruments.

Scaling low-emission development in the participating countries is constrained by limited capital, underdeveloped financial ecosystems, and few instruments to attract private investment. These countries also face acute climate vulnerability and mounting risks to their economic and social systems. Strengthening local capital markets is essential to bridge financing gaps and channel resources toward mitigation priorities.

The project aims to mobilise climate finance in low- and middle-income countries by supporting the development of local green bond markets. Through a dedicated investment fund, capital from development finance institutions and private investors will be used to finance climate mitigation projects, while parallel EU-led facilities support capacity-building and lower borrowing costs for bond issuers.

 GCF will invest EUR 200 million (approximately USD 227 million) in equity through the initiative’s fund to support mitigation projects across ten participating countries. The project will prioritise small-scale, low-carbon energy systems and create investment opportunities in hard-to-abate sectors such as transport, helping to channel private capital toward national decarbonisation efforts.",2025-07-03T00:00:00+00:00,https://app.climatepolicyradar.org/document/gcf-s-investment-into-the-global-green-bond-initiative-ggbi-previously-known-as-green-and-resilience-debt-platform-grdp_61f5,Gender action plan for FP276: GCF's investment into the Global Green Bond Initiative (GGBI) (previously known as Green and Resilience Debt Platform (GRDP),https://app.climatepolicyradar.org/documents/gender-action-plan-for-fp276-gcf-s-investment-into-the-global-green-bond-initiative-ggbi-previously-known-as-green-and-resilience-debt-platform-grdp_e335,https://cdn.climatepolicyradar.org/navigator/AGO/2025/gcf-s-investment-into-the-global-green-bond-initiative-ggbi-previously-known-as-green-and-resilience-debt-platform-grdp_3b4ff5eb23c20bd79d2431bbd6f1474e.pdf,Gender action plan,n/a,AGO;BGD;BRA;CIV;CMR;EGY;KEN;NAM;SEN;UGA,MCF,English,GCF
,,GCF's investment into the Global Green Bond Initiative (GGBI) (previously known as Green and Resilience Debt Platform (GRDP),"This project scales up access to climate finance in low- and middle-income countries by developing green bond markets that mobilize investment in low-emission development. It supports GCF’s strategic goal of mobilizing private finance through innovative, market-based instruments.

Scaling low-emission development in the participating countries is constrained by limited capital, underdeveloped financial ecosystems, and few instruments to attract private investment. These countries also face acute climate vulnerability and mounting risks to their economic and social systems. Strengthening local capital markets is essential to bridge financing gaps and channel resources toward mitigation priorities.

The project aims to mobilise climate finance in low- and middle-income countries by supporting the development of local green bond markets. Through a dedicated investment fund, capital from development finance institutions and private investors will be used to finance climate mitigation projects, while parallel EU-led facilities support capacity-building and lower borrowing costs for bond issuers.

 GCF will invest EUR 200 million (approximately USD 227 million) in equity through the initiative’s fund to support mitigation projects across ten participating countries. The project will prioritise small-scale, low-carbon energy systems and create investment opportunities in hard-to-abate sectors such as transport, helping to channel private capital toward national decarbonisation efforts.",2025-07-03T00:00:00+00:00,https://app.climatepolicyradar.org/document/gcf-s-investment-into-the-global-green-bond-initiative-ggbi-previously-known-as-green-and-resilience-debt-platform-grdp_61f5,GCF’s investment into the Global Green Bond Initiative (GGBI) (previously known as Green and Resilience Debt Platform (GRDP)),https://app.climatepolicyradar.org/documents/gcfs-investment-into-the-global-green-bond-initiative-ggbi-previously-known-as-green-and-resilience-debt-platform-grdp_be80,https://cdn.climatepolicyradar.org/navigator/AGO/2025/gcf-s-investment-into-the-global-green-bond-initiative-ggbi-previously-known-as-green-and-resilience-debt-platform-grdp_2d49d34fef16e6fc426fb46d37c33790.pdf,Approved funding proposal,n/a,AGO;BGD;BRA;CIV;CMR;EGY;KEN;NAM;SEN;UGA,MCF,English,GCF
,,Building a Climate-Resilient and Sustainable Shea Landscape of Northern Uganda,"To enhance the climate resilience of communities and ecosystems in Northern Uganda’s Shea landscape by promoting ecosystem-based adaptation, increasing equitable access to financing for climate-smart livelihoods, and strengthening climate risk-informed, gender-inclusive governance",2025-06-06T00:00:00+00:00,https://app.climatepolicyradar.org/document/building-a-climate-resilient-and-sustainable-shea-landscape-of-northern-uganda_a339,Building a Climate-Resilient and Sustainable Shea Landscape of Northern Uganda,https://app.climatepolicyradar.org/documents/building-a-climate-resilient-and-sustainable-shea-landscape-of-northern-uganda_0c22,https://cdn.climatepolicyradar.org/navigator/UGA/2025/building-a-climate-resilient-and-sustainable-shea-landscape-of-northern-uganda_137ac28c0157dca0c25e11eacbed79f9.pdf,,n/a,UGA,MCF,English,GEF
,,Fourth National Development Plan (NDPI) 2025/26 - 2029/30,"<p>The plan aims to promote sustainable socioeconomic development nationally, building on the aims and achievements of the previous three National Development Plan cycles. It acknowledges climate as a major threat to sustainable development, and among its solutions emphasises appropriate land administration, forest and wetland restoration, wide-ranging rural and urban adaptation, improving capacity to access climate finance, and promoting clean cooking fuels to replace wood biomass. For climate adaptation, which receives particular emphasis, key measures include enhanced irrigation and increasing water storage capacity by around 20% over the 2025-2029 period.</p>",2025-03-01T00:00:00+00:00,https://app.climatepolicyradar.org/document/fourth-national-development-plan-ndpi-2025-26-2029-30_4c2b,Fourth National Development Plan (NDPI) 2025/26 - 2029/30,https://app.climatepolicyradar.org/documents/fourth-national-development-plan-ndpi-2025-26-2029-30_d631,https://cdn.climatepolicyradar.org/navigator/UGA/2025/fourth-national-development-plan-ndpi-2025-26-2029-30_e86abd5b93ed0ffc90be3066a03231ab.pdf,Plan,n/a,UGA,Executive,English,CCLW
,,RE-GAIN: Scaling solutions for food loss in Africa,"Sub-Saharan Africa faces unprecedented opportunities and challenges for agricultural transformation, driven by the demands of a rapidly growing population and a changing climate. The effects of climate change are already severe in Africa, exacerbating the continent’s food insecurity and climate vulnerability challenges. 

To address these challenges, RE-GAIN aims to strengthen smallholder farmers' climate resilience and adaptive capacity by promoting the wide-scale adoption of food loss reduction solutions (FL-RS). This involves engaging both the demand and supply sides, with a strong emphasis on market creation and enhancement and active participation from the private sector.

Key activities will include increasing the demand for and encouraging the adoption of FL-RS by farmers in seven countries (Burkina Faso, Ethiopia, Kenya, Malawi, Tanzania, Uganda, Zambia), enhancing the supply and affordability of FL-RS, and fostering an enabling environment for its large-scale adoption.

As GCF’s first project targeting food loss reduction, this initiative holds significant potential for transformative change in Africa. It was brought under the Project-Specific Assessment Approach (PSAA), an initiative to streamline and broaden access to GCF finance for new partners, countries, and technologies.

GCF's Project Preparation Facility (PPF) support was deployed to help develop the project.",2025-02-20T00:00:00+00:00,https://app.climatepolicyradar.org/document/re-gain-scaling-solutions-for-food-loss-in-africa_99e8,Gender assessment for FP257: RE-GAIN: Scaling solutions for food loss in Africa,https://app.climatepolicyradar.org/documents/gender-assessment-for-fp257-re-gain-scaling-solutions-for-food-loss-in-africa_8eeb,https://cdn.climatepolicyradar.org/navigator/BFA/2025/re-gain-scaling-solutions-for-food-loss-in-africa_c86d7bd2c363ae47c79d6affe6f8f015.pdf,Gender assessment,n/a,BFA;ETH;KEN;MWI;TZA;UGA;ZMB,MCF,English,GCF
,,RE-GAIN: Scaling solutions for food loss in Africa,"Sub-Saharan Africa faces unprecedented opportunities and challenges for agricultural transformation, driven by the demands of a rapidly growing population and a changing climate. The effects of climate change are already severe in Africa, exacerbating the continent’s food insecurity and climate vulnerability challenges. 

To address these challenges, RE-GAIN aims to strengthen smallholder farmers' climate resilience and adaptive capacity by promoting the wide-scale adoption of food loss reduction solutions (FL-RS). This involves engaging both the demand and supply sides, with a strong emphasis on market creation and enhancement and active participation from the private sector.

Key activities will include increasing the demand for and encouraging the adoption of FL-RS by farmers in seven countries (Burkina Faso, Ethiopia, Kenya, Malawi, Tanzania, Uganda, Zambia), enhancing the supply and affordability of FL-RS, and fostering an enabling environment for its large-scale adoption.

As GCF’s first project targeting food loss reduction, this initiative holds significant potential for transformative change in Africa. It was brought under the Project-Specific Assessment Approach (PSAA), an initiative to streamline and broaden access to GCF finance for new partners, countries, and technologies.

GCF's Project Preparation Facility (PPF) support was deployed to help develop the project.",2025-02-20T00:00:00+00:00,https://app.climatepolicyradar.org/document/re-gain-scaling-solutions-for-food-loss-in-africa_99e8,Gender action plan for FP257: RE-GAIN: Scaling solutions for food loss in Africa,https://app.climatepolicyradar.org/documents/gender-action-plan-for-fp257-re-gain-scaling-solutions-for-food-loss-in-africa_b39c,https://cdn.climatepolicyradar.org/navigator/BFA/2025/re-gain-scaling-solutions-for-food-loss-in-africa_205c9b715e66a8d04db5b0cdbd08b91c.pdf,Gender action plan,n/a,BFA;ETH;KEN;MWI;TZA;UGA;ZMB,MCF,English,GCF
,,RE-GAIN: Scaling solutions for food loss in Africa,"Sub-Saharan Africa faces unprecedented opportunities and challenges for agricultural transformation, driven by the demands of a rapidly growing population and a changing climate. The effects of climate change are already severe in Africa, exacerbating the continent’s food insecurity and climate vulnerability challenges. 

To address these challenges, RE-GAIN aims to strengthen smallholder farmers' climate resilience and adaptive capacity by promoting the wide-scale adoption of food loss reduction solutions (FL-RS). This involves engaging both the demand and supply sides, with a strong emphasis on market creation and enhancement and active participation from the private sector.

Key activities will include increasing the demand for and encouraging the adoption of FL-RS by farmers in seven countries (Burkina Faso, Ethiopia, Kenya, Malawi, Tanzania, Uganda, Zambia), enhancing the supply and affordability of FL-RS, and fostering an enabling environment for its large-scale adoption.

As GCF’s first project targeting food loss reduction, this initiative holds significant potential for transformative change in Africa. It was brought under the Project-Specific Assessment Approach (PSAA), an initiative to streamline and broaden access to GCF finance for new partners, countries, and technologies.

GCF's Project Preparation Facility (PPF) support was deployed to help develop the project.",2025-02-20T00:00:00+00:00,https://app.climatepolicyradar.org/document/re-gain-scaling-solutions-for-food-loss-in-africa_99e8,RE-GAIN: Scaling solutions for food loss in Africa,https://app.climatepolicyradar.org/documents/re-gain-scaling-solutions-for-food-loss-in-africa_d759,https://cdn.climatepolicyradar.org/navigator/BFA/2025/re-gain-scaling-solutions-for-food-loss-in-africa_6034f369035b6fb8592750394cb2660c.pdf,Approved funding proposal,n/a,BFA;ETH;KEN;MWI;TZA;UGA;ZMB,MCF,English,GCF
,,"The National Climate Change (Climate Change Mechanisms) Regulations, 2025","<p>The National Climate Change (Climate Change Mechanisms) Regulations, 2025 provide an administrative framework to operationalise national and international climate commitments in Uganda, following the legal framework given in the National Climate Change Act 2021. These regulations define the roles and sequential protocol for verifiers of emissions reduction units, as well as mechanisms projects and the operation of emissions trading.</p>",2025-01-24T00:00:00+00:00,https://app.climatepolicyradar.org/document/the-national-climate-change-climate-change-mechanisms-regulations-2025_40f3,"The National Climate Change (Climate Change Mechanisms) Regulations, 2025",https://app.climatepolicyradar.org/documents/the-national-climate-change-climate-change-mechanisms-regulations-2025_4cae,https://cdn.climatepolicyradar.org/navigator/UGA/2025/the-national-climate-change-climate-change-mechanisms-regulations-2025_9a6c55f589953ed64bad1344ab31264c.pdf,Regulation,n/a,UGA,Executive,English,CCLW
,,Uganda National Biodiversity Strategy and Action Plan. NBSAP (2025),<p>Uganda National Biodiversity Strategy and Action Plan. NBSAP (2025)</p>,2025-01-01T00:00:00+00:00,https://app.climatepolicyradar.org/document/uganda-national-biodiversity-strategy-and-action-plan-nbsap-2025_35cc,Uganda National Biodiversity Strategy and Action Plan. NBSAP (2025),https://app.climatepolicyradar.org/documents/uganda-national-biodiversity-strategy-and-action-plan-nbsap-2025_ec0b,https://cdn.climatepolicyradar.org/navigator/UGA/2025/uganda-national-biodiversity-strategy-and-action-plan-nbsap-2025_21833ee73122c139d046000deb5c0085.pdf,National Biodiversity Strategy and Action Plan (NBSAP),n/a,UGA,UN Submissions,English,CBD
,,Fostering water security and catchment resilience in Uganda’s Cattle Corridor,To promote sustainable and climate-resilient land and water management in the cattle corridor of Uganda,2024-12-20T00:00:00+00:00,https://app.climatepolicyradar.org/document/fostering-water-security-and-catchment-resilience-in-ugandas-cattle-corridor_d457,Fostering water security and catchment resilience in Uganda’s Cattle Corridor,https://app.climatepolicyradar.org/documents/fostering-water-security-and-catchment-resilience-in-ugandas-cattle-corridor_f082,https://cdn.climatepolicyradar.org/navigator/UGA/2024/fostering-water-security-and-catchment-resilience-in-ugandas-cattle-corridor_76d32cca5889bd0218ac8a9c6591fffb.pdf,,n/a,UGA,MCF,English,GEF
,,Eighth Operational Phase of the GEF Small Grants Programme (Tranche II),"Community-based and civil society organizations are technically and financially supported to design and deliver locally led initiatives that address complex socio-ecological challenges to foster resilience, enhance livelihoods and deliver global environmental benefits.",2024-12-20T00:00:00+00:00,https://app.climatepolicyradar.org/document/eighth-operational-phase-of-the-gef-small-grants-programme-tranche-ii_381a,Eighth Operational Phase of the GEF Small Grants Programme (Tranche II),https://app.climatepolicyradar.org/documents/eighth-operational-phase-of-the-gef-small-grants-programme-tranche-ii_e3bf,https://cdn.climatepolicyradar.org/navigator/BIH/2024/eighth-operational-phase-of-the-gef-small-grants-programme-tranche-ii_ee86601c49224aeda543cc6b47c2515b.pdf,,n/a,BIH;CHL;COK;CUB;GUY;IDN;JAM;KEN;MHL;SSD;SYR;TJK;UGA;VEN;XAB,MCF,English,GEF
,,Acumen Resilient Agriculture Fund II,"Smallholder farmers in Africa are increasingly vulnerable to climate change. Rising temperatures, droughts, and shifting rainfall patterns threaten their livelihoods and food security. Cultivating 80 per cent of Africa's farmland, they face several challenges, including poor market access and limited inputs, which reduce agricultural productivity, crop yields, and income, further limiting their adaptive capacity.

The programme aims to enhance the climate resilience of smallholder farmers and the agriculture value chain, ultimately promoting increased productivity and food security. It will invest in venture, early and early-growth stage companies that offer bundled adaptation solutions tailored for smallholder farmers. This adaptation-focused blended-finance venture capital fund will build upon the success of ARAF I (FP078), which was anchored by GCF. The Technical Assistance Facility will also support investee companies and smallholder farmers in climate resilience, integrating gender considerations, measuring impact and advancing business development.  

The programme enables smallholder farmers to adopt climate-resilient agricultural practices and access adaptation funding while also providing early-stage capital for innovative climate solutions, business models and technologies to early-stage ventures and micro, small, medium-sized enterprises (MSME).

GCF’s USD 30 million equity contribution will be matched by USD 90 million equity co-financing towards a USD 120 million fund. GCF will also provide USD 4 million in non-reimbursable grant to a USD 12 million Technical Assistance facility.",2024-10-24T00:00:00+00:00,https://app.climatepolicyradar.org/document/acumen-resilient-agriculture-fund-ii_50d9,Acumen Resilient Agriculture Fund II,https://app.climatepolicyradar.org/documents/acumen-resilient-agriculture-fund-ii_a3bf,https://cdn.climatepolicyradar.org/navigator/CIV/2024/acumen-resilient-agriculture-fund-ii_49bba2eb685fd8de5a654247b8c0b73a.pdf,Approved funding proposal,n/a,CIV;EGY;GHA;MAR;NGA;UGA,MCF,English,GCF
,,Acumen Resilient Agriculture Fund II,"Smallholder farmers in Africa are increasingly vulnerable to climate change. Rising temperatures, droughts, and shifting rainfall patterns threaten their livelihoods and food security. Cultivating 80 per cent of Africa's farmland, they face several challenges, including poor market access and limited inputs, which reduce agricultural productivity, crop yields, and income, further limiting their adaptive capacity.

The programme aims to enhance the climate resilience of smallholder farmers and the agriculture value chain, ultimately promoting increased productivity and food security. It will invest in venture, early and early-growth stage companies that offer bundled adaptation solutions tailored for smallholder farmers. This adaptation-focused blended-finance venture capital fund will build upon the success of ARAF I (FP078), which was anchored by GCF. The Technical Assistance Facility will also support investee companies and smallholder farmers in climate resilience, integrating gender considerations, measuring impact and advancing business development.  

The programme enables smallholder farmers to adopt climate-resilient agricultural practices and access adaptation funding while also providing early-stage capital for innovative climate solutions, business models and technologies to early-stage ventures and micro, small, medium-sized enterprises (MSME).

GCF’s USD 30 million equity contribution will be matched by USD 90 million equity co-financing towards a USD 120 million fund. GCF will also provide USD 4 million in non-reimbursable grant to a USD 12 million Technical Assistance facility.",2024-10-24T00:00:00+00:00,https://app.climatepolicyradar.org/document/acumen-resilient-agriculture-fund-ii_50d9,Gender action plan for FP252: Acumen Resilient Agriculture Fund II,https://app.climatepolicyradar.org/documents/gender-action-plan-for-fp252-acumen-resilient-agriculture-fund-ii_551e,https://cdn.climatepolicyradar.org/navigator/CIV/2024/acumen-resilient-agriculture-fund-ii_93f2ad4c0e6088954b21bf70fd1432d3.pdf,Gender action plan,n/a,CIV;EGY;GHA;MAR;NGA;UGA,MCF,English,GCF
,,Acumen Resilient Agriculture Fund II,"Smallholder farmers in Africa are increasingly vulnerable to climate change. Rising temperatures, droughts, and shifting rainfall patterns threaten their livelihoods and food security. Cultivating 80 per cent of Africa's farmland, they face several challenges, including poor market access and limited inputs, which reduce agricultural productivity, crop yields, and income, further limiting their adaptive capacity.

The programme aims to enhance the climate resilience of smallholder farmers and the agriculture value chain, ultimately promoting increased productivity and food security. It will invest in venture, early and early-growth stage companies that offer bundled adaptation solutions tailored for smallholder farmers. This adaptation-focused blended-finance venture capital fund will build upon the success of ARAF I (FP078), which was anchored by GCF. The Technical Assistance Facility will also support investee companies and smallholder farmers in climate resilience, integrating gender considerations, measuring impact and advancing business development.  

The programme enables smallholder farmers to adopt climate-resilient agricultural practices and access adaptation funding while also providing early-stage capital for innovative climate solutions, business models and technologies to early-stage ventures and micro, small, medium-sized enterprises (MSME).

GCF’s USD 30 million equity contribution will be matched by USD 90 million equity co-financing towards a USD 120 million fund. GCF will also provide USD 4 million in non-reimbursable grant to a USD 12 million Technical Assistance facility.",2024-10-24T00:00:00+00:00,https://app.climatepolicyradar.org/document/acumen-resilient-agriculture-fund-ii_50d9,Gender assessment for FP252: Acumen Resilient Agriculture Fund II,https://app.climatepolicyradar.org/documents/gender-assessment-for-fp252-acumen-resilient-agriculture-fund-ii_b3b1,https://cdn.climatepolicyradar.org/navigator/CIV/2024/acumen-resilient-agriculture-fund-ii_53f153e3e8f74e9d454309b72d284348.pdf,Gender assessment,n/a,CIV;EGY;GHA;MAR;NGA;UGA,MCF,English,GCF
,,Strengthening the Capacity of Institutions in Uganda to Comply with the Transparency Requirements of the Paris Agreement (CBIT Phase II),Project Objective: To strengthen the institutional and technical capacity of Uganda to respond to the enhanced transparency framework requirements of the Paris Agreement,2024-10-08T00:00:00+00:00,https://app.climatepolicyradar.org/document/strengthening-the-capacity-of-institutions-in-uganda-to-comply-with-the-transparency-requirements-of-the-paris-agreement-cbit-phase-ii_0a8d,Strengthening the Capacity of Institutions in Uganda to Comply with the Transparency Requirements of the Paris Agreement (CBIT Phase II),https://app.climatepolicyradar.org/documents/strengthening-the-capacity-of-institutions-in-uganda-to-comply-with-the-transparency-requirements-of-the-paris-agreement-cbit-phase-ii_1dbb,https://cdn.climatepolicyradar.org/navigator/UGA/2024/strengthening-the-capacity-of-institutions-in-uganda-to-comply-with-the-transparency-requirements-of-the-paris-agreement-cbit-phase-ii_d1dc392f10bee862f53d2b695e80b89d.pdf,,n/a,UGA,MCF,English,GEF
,,Uganda National Targets. GBF-NT,The CBD National Targets Submitted by Uganda,2024-10-04T00:00:00+00:00,https://app.climatepolicyradar.org/document/uganda-national-targets-gbf-nt_6f10,Uganda National Targets. GBF-NT,https://app.climatepolicyradar.org/documents/uganda-national-targets-gbf-nt_2809,https://cdn.climatepolicyradar.org/navigator/UGA/2024/uganda-national-targets-gbf-nt_c2e7f509e4329d08a371df9ba1e5eec2.pdf,National Target (NT),n/a,UGA,UN Submissions,English,CBD
,,Energy Efficiency and Conservation Bill 2024,"<p>The Energy Efficiency and Conservation Bill 2024, passed in 2026, establishes a legal, institutional and regulatory framework for enhancing energy efficiency and conservation in Uganda. It establishes a duty of the ministry responsible for transport to make efforts to mitigate emissions in the sector, and mandates emission standard labelling in vehicle sales. It also emphasises the need for emissions-reducing technology improvements in the agricultural sector and biomass energy generation,  and assigns equivalent ministerial responsibilities.</p>",2024-09-27T00:00:00+00:00,https://app.climatepolicyradar.org/document/energy-efficiency-and-conservation-bill-2024_e345,Energy Efficiency and Conservation Bill 2024,https://app.climatepolicyradar.org/documents/energy-efficiency-and-conservation-bill-2024_d882,https://cdn.climatepolicyradar.org/navigator/UGA/2024/energy-efficiency-and-conservation-bill-2024_b90056835c9ec0243dfd921c48dd40f4.pdf,Law,n/a,UGA,Legislative,English,CCLW
,,Inclusive GEF Assembly Challenge Programme in Developing Countries,To empower and support civil society organisations (CSOs) and community-based organisations (CBOs) in developing countries to implement high-impact and innovative initiatives that deliver climate change adaptation and environmental benefits in an inclusive manner.,2024-07-07T00:00:00+00:00,https://app.climatepolicyradar.org/document/inclusive-gef-assembly-challenge-programme-in-developing-countries_fd28,Inclusive GEF Assembly Challenge Programme in Developing Countries,https://app.climatepolicyradar.org/documents/inclusive-gef-assembly-challenge-programme-in-developing-countries_0254,https://cdn.climatepolicyradar.org/navigator/VCT/2024/inclusive-gef-assembly-challenge-programme-in-developing-countries_6e5a565942e913d7fcceb2eddba99c09.pdf,,n/a,ATG;BLZ;BOL;CHN;COL;CRI;ECU;IND;KEN;MEX;NGA;PAN;PER;PHL;SUR;THA;TUN;UGA;VCT;XAB,MCF,English,GEF
,,Promoting Low Carbon and Climate Resilient Livestock Value Chain in Uganda,"To catalyse transformation of the beef and dairy systems in Uganda towards sustainable and regenerative food systems that are nature positive, climate resilient, healthy, and inclusively beneficial",2024-02-09T00:00:00+00:00,https://app.climatepolicyradar.org/document/promoting-low-carbon-and-climate-resilient-livestock-value-chain-in-uganda_0dae,Promoting Low Carbon and Climate Resilient Livestock Value Chain in Uganda,https://app.climatepolicyradar.org/documents/promoting-low-carbon-and-climate-resilient-livestock-value-chain-in-uganda_d367,https://cdn.climatepolicyradar.org/navigator/UGA/2024/promoting-low-carbon-and-climate-resilient-livestock-value-chain-in-uganda_6c9d6919bfbc780d6f7556f6521d3415.pdf,,n/a,UGA,MCF,English,GEF
,,Africa Rural Climate Adaptation Finance Mechanism (ARCAFIM) for East Africa region,"In East Africa, climate models predict a continual rise in average temperatures and an increase in the frequency and intensity of heavy rainfall events. This places significant pressure on the region's farmers, as they will grapple with worsening conditions for crop production and livestock keeping. However, progress in developing more sustainable agricultural processes has been slow, as farmers in Kenya, Uganda, Tanzania, and Rwanda lack access to the necessary funding for Climate Change Adaptation (CCA) investments. There is an urgent need for private sector CCA finance to spearhead long-term, market-driven change.  

The ARCAFIM programme strives to introduce a practical and widely applicable financing model to mobilise private sector investments for rural CCA initiatives in East African micro, small, and medium-sized enterprises (MSMEs) and smallholders involved in the food systems. These MSMEs and smallholders have the potential to drive sustainable, long-term changes in response to market needs. The programme supports climate adaptation for smallholders and MSME by crowding in international and local financing, including from regional commercial banks and local financial institutions. The programme model can serve as proof-of-concept to be replicated in other regions, offering potential to make a significant impact on private sector financing for rural CCA projects on a broader scale.",2023-10-25T00:00:00+00:00,https://app.climatepolicyradar.org/document/africa-rural-climate-adaptation-finance-mechanism-arcafim-for-east-africa-region_b798,Gender assessment for FP220: Africa Rural Climate Adaptation Finance Mechanism (ARCAFIM) for East Africa region,https://app.climatepolicyradar.org/documents/gender-assessment-for-fp220-africa-rural-climate-adaptation-finance-mechanism-arcafim-for-east-africa-region_2419,https://cdn.climatepolicyradar.org/navigator/RWA/2023/africa-rural-climate-adaptation-finance-mechanism-arcafim-for-east-africa-region_9f7ee75a0498d7d9e25411e85316fc51.pdf,Gender assessment,n/a,KEN;RWA;TZA;UGA,MCF,English,GCF
,,Africa Rural Climate Adaptation Finance Mechanism (ARCAFIM) for East Africa region,"In East Africa, climate models predict a continual rise in average temperatures and an increase in the frequency and intensity of heavy rainfall events. This places significant pressure on the region's farmers, as they will grapple with worsening conditions for crop production and livestock keeping. However, progress in developing more sustainable agricultural processes has been slow, as farmers in Kenya, Uganda, Tanzania, and Rwanda lack access to the necessary funding for Climate Change Adaptation (CCA) investments. There is an urgent need for private sector CCA finance to spearhead long-term, market-driven change.  

The ARCAFIM programme strives to introduce a practical and widely applicable financing model to mobilise private sector investments for rural CCA initiatives in East African micro, small, and medium-sized enterprises (MSMEs) and smallholders involved in the food systems. These MSMEs and smallholders have the potential to drive sustainable, long-term changes in response to market needs. The programme supports climate adaptation for smallholders and MSME by crowding in international and local financing, including from regional commercial banks and local financial institutions. The programme model can serve as proof-of-concept to be replicated in other regions, offering potential to make a significant impact on private sector financing for rural CCA projects on a broader scale.",2023-10-25T00:00:00+00:00,https://app.climatepolicyradar.org/document/africa-rural-climate-adaptation-finance-mechanism-arcafim-for-east-africa-region_b798,Africa Rural Climate Adaptation Finance Mechanism (ARCAFIM) for East Africa region,https://app.climatepolicyradar.org/documents/africa-rural-climate-adaptation-finance-mechanism-arcafim-for-east-africa-region_b8ce,https://cdn.climatepolicyradar.org/navigator/RWA/2023/africa-rural-climate-adaptation-finance-mechanism-arcafim-for-east-africa-region_f07157d6ec1a4edb376dab6527e25832.pdf,Approved funding proposal,n/a,KEN;RWA;TZA;UGA,MCF,English,GCF
,,Africa Rural Climate Adaptation Finance Mechanism (ARCAFIM) for East Africa region,"In East Africa, climate models predict a continual rise in average temperatures and an increase in the frequency and intensity of heavy rainfall events. This places significant pressure on the region's farmers, as they will grapple with worsening conditions for crop production and livestock keeping. However, progress in developing more sustainable agricultural processes has been slow, as farmers in Kenya, Uganda, Tanzania, and Rwanda lack access to the necessary funding for Climate Change Adaptation (CCA) investments. There is an urgent need for private sector CCA finance to spearhead long-term, market-driven change.  

The ARCAFIM programme strives to introduce a practical and widely applicable financing model to mobilise private sector investments for rural CCA initiatives in East African micro, small, and medium-sized enterprises (MSMEs) and smallholders involved in the food systems. These MSMEs and smallholders have the potential to drive sustainable, long-term changes in response to market needs. The programme supports climate adaptation for smallholders and MSME by crowding in international and local financing, including from regional commercial banks and local financial institutions. The programme model can serve as proof-of-concept to be replicated in other regions, offering potential to make a significant impact on private sector financing for rural CCA projects on a broader scale.",2023-10-25T00:00:00+00:00,https://app.climatepolicyradar.org/document/africa-rural-climate-adaptation-finance-mechanism-arcafim-for-east-africa-region_b798,Gender action plan for FP220: Africa Rural Climate Adaptation Finance Mechanism (ARCAFIM) for East Africa region,https://app.climatepolicyradar.org/documents/gender-action-plan-for-fp220-africa-rural-climate-adaptation-finance-mechanism-arcafim-for-east-africa-region_20aa,https://cdn.climatepolicyradar.org/navigator/RWA/2023/africa-rural-climate-adaptation-finance-mechanism-arcafim-for-east-africa-region_0995dd119888b33cd633f33936978a22.pdf,Gender action plan,n/a,KEN;RWA;TZA;UGA,MCF,English,GCF
,,The Status of Wind In Africa,"The Global Wind Energy Council (GWEC) has produced “The Status of Wind in Africa” report to take stock of wind energy’s footprint, the role wind currently plays and its bright future prospects across the Continent. The report maps out the Africa’s current installed wind power plants of capacity greater than 1MW, provides readers a better understanding of the current state of project activity in Africa’s wind space and points to the future by highlighting the pipeline of announced projects and various drivers of new wind capacity installations.",2023-10-01T00:00:00+00:00,https://app.climatepolicyradar.org/document/the-status-of-wind-in-africa_e7d2,The Status of Wind In Africa,https://app.climatepolicyradar.org/documents/the-status-of-wind-in-africa_9b6f,https://cdn.climatepolicyradar.org/navigator/AGO/2023/the-status-of-wind-in-africa_de5515241ae19c0ee6b99ad048f1bf75.pdf,Other,n/a,AGO;BWA;CMR;CPV;DJI;DZA;EGY;ERI;ETH;GHA;KEN;LBY;MAR;MDG;MLI;MRT;MUS;MWI;NAM;NER;NGA;SDN;SEN;SOM;SSD;SYC;TCD;TUN;TZA;UGA;ZAF;ZMB;ZWE,Reports,English,OEP
,,BDRP: Promoting Climate Resilient Urban Infrastructure in Lake Victoria Water and Sanitation Project – Phase III,BDRP: Promoting Climate Resilient Urban Infrastructure in Lake Victoria Water and Sanitation Project – Phase III implemented by African Development Bank (AFDB),2023-08-22T00:00:00+00:00,https://app.climatepolicyradar.org/document/bdrp-promoting-climate-resilient-urban-infrastructure-in-lake-victoria-water-and-sanitation-project-phase-iii_d179,BDRP: Promoting Climate Resilient Urban Infrastructure in Lake Victoria Water and Sanitation Project – Phase III,https://app.climatepolicyradar.org/documents/bdrp-promoting-climate-resilient-urban-infrastructure-in-lake-victoria-water-and-sanitation-project-phase-iii_6827,https://cdn.climatepolicyradar.org/navigator/UGA/2023/bdrp-promoting-climate-resilient-urban-infrastructure-in-lake-victoria-water-and-sanitation-project-phase-iii_95d8c28a5df174dfd9dc57f3f235fecb.pdf,,n/a,UGA,MCF,English,CIF
,,KawiSafi II,"The African continent collectively contributes only about 3% of the yearly global human-induced greenhouse gas (GHG) emissions. However, the region is projected to experience more severe impacts from human-induced climate change than almost anywhere else on the planet. Sub-Saharan countries face temperature increases above that of the global average potentially impacting health, agriculture, food security, economic development and human welfare in a region that is already challenged on most of these issues. Solving the problem of climate change will require substantial investments in Africa’s infrastructure, manufacturing capacity and economy to bolster overall adaptation and mitigation levels on the continent.  

The KawiSafi II project will create a USD 200 million venture equity fund aimed at closing the investment gap in three key areas where sub-Saharan countries struggle to find investors:  energy transition, productivity, and mobility & logistics. Standing on the shoulders of the first KawiSafi project, the fund will invest in local enterprises developing scalable climate action projects to the benefit of climate-endangered African communities. Beyond funding, KawiSafi II will establish a USD 10 million technical assistance facility to enable these entities to maximise their climate impact while ensuring the implementation of robust management systems to address any potential environmental, social and governance risks that may arise.",2023-07-13T00:00:00+00:00,https://app.climatepolicyradar.org/document/kawisafi-ii_82af,KawiSafi II,https://app.climatepolicyradar.org/documents/kawisafi-ii_817f,https://cdn.climatepolicyradar.org/navigator/COD/2023/kawisafi-ii_16f69cab417eaf67eb9efe987d035fa4.pdf,Approved funding proposal,n/a,CIV;COD;KEN;NGA;RWA;UGA;ZMB,MCF,English,GCF
,,KawiSafi II,"The African continent collectively contributes only about 3% of the yearly global human-induced greenhouse gas (GHG) emissions. However, the region is projected to experience more severe impacts from human-induced climate change than almost anywhere else on the planet. Sub-Saharan countries face temperature increases above that of the global average potentially impacting health, agriculture, food security, economic development and human welfare in a region that is already challenged on most of these issues. Solving the problem of climate change will require substantial investments in Africa’s infrastructure, manufacturing capacity and economy to bolster overall adaptation and mitigation levels on the continent.  

The KawiSafi II project will create a USD 200 million venture equity fund aimed at closing the investment gap in three key areas where sub-Saharan countries struggle to find investors:  energy transition, productivity, and mobility & logistics. Standing on the shoulders of the first KawiSafi project, the fund will invest in local enterprises developing scalable climate action projects to the benefit of climate-endangered African communities. Beyond funding, KawiSafi II will establish a USD 10 million technical assistance facility to enable these entities to maximise their climate impact while ensuring the implementation of robust management systems to address any potential environmental, social and governance risks that may arise.",2023-07-13T00:00:00+00:00,https://app.climatepolicyradar.org/document/kawisafi-ii_82af,Gender assessment for FP210: KawiSafi II,https://app.climatepolicyradar.org/documents/gender-assessment-for-fp210-kawisafi-ii_e134,https://cdn.climatepolicyradar.org/navigator/COD/2023/kawisafi-ii_820045fcab9ed35d47ee21524b7d3dca.pdf,Gender assessment,n/a,CIV;COD;KEN;NGA;RWA;UGA;ZMB,MCF,English,GCF
,,KawiSafi II,"The African continent collectively contributes only about 3% of the yearly global human-induced greenhouse gas (GHG) emissions. However, the region is projected to experience more severe impacts from human-induced climate change than almost anywhere else on the planet. Sub-Saharan countries face temperature increases above that of the global average potentially impacting health, agriculture, food security, economic development and human welfare in a region that is already challenged on most of these issues. Solving the problem of climate change will require substantial investments in Africa’s infrastructure, manufacturing capacity and economy to bolster overall adaptation and mitigation levels on the continent.  

The KawiSafi II project will create a USD 200 million venture equity fund aimed at closing the investment gap in three key areas where sub-Saharan countries struggle to find investors:  energy transition, productivity, and mobility & logistics. Standing on the shoulders of the first KawiSafi project, the fund will invest in local enterprises developing scalable climate action projects to the benefit of climate-endangered African communities. Beyond funding, KawiSafi II will establish a USD 10 million technical assistance facility to enable these entities to maximise their climate impact while ensuring the implementation of robust management systems to address any potential environmental, social and governance risks that may arise.",2023-07-13T00:00:00+00:00,https://app.climatepolicyradar.org/document/kawisafi-ii_82af,Gender action plan for FP210: KawiSafi II,https://app.climatepolicyradar.org/documents/gender-action-plan-for-fp210-kawisafi-ii_5c87,https://cdn.climatepolicyradar.org/navigator/COD/2023/kawisafi-ii_07f50f20dc41da0cca0f298b7e535f7e.pdf,Gender action plan,n/a,CIV;COD;KEN;NGA;RWA;UGA;ZMB,MCF,English,GCF
,,Hardest-to-Reach,"560 million people in the sub-Saharan region live without electricity and will continue to do so in the foreseeable future without adequate intervention. Investment barriers such as risky and nascent market, hard-to-reach locality, and lack of supporting infrastructure keep traditional off-grid solar companies from investing in projects that could benefit hard-to-reach communities. The unelectrified communities of these countries risk being trapped in energy poverty and climate vulnerability. Delivering clean, affordable, and climate-resilient energy to these vulnerable communities will be a crucial component of climate action not only in the sub-Saharan region, but for the African continent.

The H2R programme aims to provide affordable and green energy access to first-time users in low-income populations in 17 countries in Africa. The programme will support off-grid solar companies to enter and grow in these underserved markets by providing flexible financing that matches the needs of the companies. The programme seeks to mobilise a blend of donor and private finance to deliver off-grid solar solutions to least developed communities via pay-as-you-go financing methods. The goal is to close a historically persistent energy gap in sub-Saharan countries, thereby contributing to a more just and inclusive energy systems transition.

Technical assistance through the GCF Project Preparation Facility (PPF) was deployed to support the Accredited Entity in the development of this project's funding proposal (FP).",2023-07-13T00:00:00+00:00,https://app.climatepolicyradar.org/document/hardest-to-reach_2168,Gender assessment for FP211: Hardest-to-Reach,https://app.climatepolicyradar.org/documents/gender-assessment-for-fp211-hardest-to-reach_28cc,https://cdn.climatepolicyradar.org/navigator/BDI/2023/hardest-to-reach_c920acef9194ab1ccfac718b8f6be124.pdf,Gender assessment,n/a,BDI;BEN;BFA;COD;GIN;GNB;LBR;LSO;MOZ;MWI;NER;SLE;SOM;TCD;TGO;UGA;ZMB,MCF,English,GCF
,,Hardest-to-Reach,"560 million people in the sub-Saharan region live without electricity and will continue to do so in the foreseeable future without adequate intervention. Investment barriers such as risky and nascent market, hard-to-reach locality, and lack of supporting infrastructure keep traditional off-grid solar companies from investing in projects that could benefit hard-to-reach communities. The unelectrified communities of these countries risk being trapped in energy poverty and climate vulnerability. Delivering clean, affordable, and climate-resilient energy to these vulnerable communities will be a crucial component of climate action not only in the sub-Saharan region, but for the African continent.

The H2R programme aims to provide affordable and green energy access to first-time users in low-income populations in 17 countries in Africa. The programme will support off-grid solar companies to enter and grow in these underserved markets by providing flexible financing that matches the needs of the companies. The programme seeks to mobilise a blend of donor and private finance to deliver off-grid solar solutions to least developed communities via pay-as-you-go financing methods. The goal is to close a historically persistent energy gap in sub-Saharan countries, thereby contributing to a more just and inclusive energy systems transition.

Technical assistance through the GCF Project Preparation Facility (PPF) was deployed to support the Accredited Entity in the development of this project's funding proposal (FP).",2023-07-13T00:00:00+00:00,https://app.climatepolicyradar.org/document/hardest-to-reach_2168,Hardest-to-Reach,https://app.climatepolicyradar.org/documents/hardest-to-reach_0d99,https://cdn.climatepolicyradar.org/navigator/SLE/2023/hardest-to-reach_8428fe29902828688d71ed8a27fecf45.pdf,Approved funding proposal,n/a,BDI;BEN;BFA;COD;GIN;GNB;LBR;LSO;MOZ;MWI;NER;SLE;SOM;TCD;TGO;UGA;ZMB,MCF,English,GCF
,,Hardest-to-Reach,"560 million people in the sub-Saharan region live without electricity and will continue to do so in the foreseeable future without adequate intervention. Investment barriers such as risky and nascent market, hard-to-reach locality, and lack of supporting infrastructure keep traditional off-grid solar companies from investing in projects that could benefit hard-to-reach communities. The unelectrified communities of these countries risk being trapped in energy poverty and climate vulnerability. Delivering clean, affordable, and climate-resilient energy to these vulnerable communities will be a crucial component of climate action not only in the sub-Saharan region, but for the African continent.

The H2R programme aims to provide affordable and green energy access to first-time users in low-income populations in 17 countries in Africa. The programme will support off-grid solar companies to enter and grow in these underserved markets by providing flexible financing that matches the needs of the companies. The programme seeks to mobilise a blend of donor and private finance to deliver off-grid solar solutions to least developed communities via pay-as-you-go financing methods. The goal is to close a historically persistent energy gap in sub-Saharan countries, thereby contributing to a more just and inclusive energy systems transition.

Technical assistance through the GCF Project Preparation Facility (PPF) was deployed to support the Accredited Entity in the development of this project's funding proposal (FP).",2023-07-13T00:00:00+00:00,https://app.climatepolicyradar.org/document/hardest-to-reach_2168,Gender action plan for FP211: Hardest-to-Reach,https://app.climatepolicyradar.org/documents/gender-action-plan-for-fp211-hardest-to-reach_9038,https://cdn.climatepolicyradar.org/navigator/SLE/2023/hardest-to-reach_782d5e6a0ac9b238803d289a6ec60050.pdf,Gender action plan,n/a,BDI;BEN;BFA;COD;GIN;GNB;LBR;LSO;MOZ;MWI;NER;SLE;SOM;TCD;TGO;UGA;ZMB,MCF,English,GCF
,,Eighth Operational Phase of the GEF Small Grants Programme (Part 1),"SGP-OP8 builds on 30 years of successful experience in empowering local CSOs and CBOs in community driven initiatives that have enhanced wellbeing, increased awareness and resilience, and generated global environmental benefits. With economic development pressures intensifying in the developing world and the associated rising inequalities, local communities, particularly vulnerable and disadvantaged groups are becoming increasingly marginalized. The objective of Part 1 of SGP OP8 is to engage local CSOs/CBOs in landscape-seascape approaches across the 99 participating countries, providing them access to knowledge and information, capacitating them through learning-by-doing, skills development, and delivering technical and grant assistance for interventions that enhance socioeconomic conditions and generate global environmental benefits. In line with the GEF-8 SGP Implementation Arrangements Paper, core SGP resources are to be allocated equally among all eligible countries.

The proposed strategy, elaborated through four complementary outcomes, reflects the key features of GEF Small Grants Programme 2.0, including new approaches to support youth, women and Indigenous Peoples, linking up with complementary partnerships, cooperating with the two additional GEF agencies, and leveraging opportunities with other GEF programs. SGP-OP8 will facilitate opportunities for innovation and scaling up, catalyze multi-stakeholder alliances, and leverage dialogue platforms for greater impact.

An important comparative advantage of SGP is the focus on social inclusion and vulnerable groups, including women, Indigenous Peoples, persons with disabilities, the elderly and youth. Expected results under OP8-Part 1 include 225,000 ha of land and ecosystems under restoration, 3,800,000 ha of landscapes under improved practices, 90,000 ha of marine protected areas under improved management, 270,000 ha of marine habitat under improved practices, and 500,000 direct beneficiaries, of whom 250,000 are women.",2023-06-29T00:00:00+00:00,https://app.climatepolicyradar.org/document/eighth-operational-phase-of-the-gef-small-grants-programme-part-1_4199,Eighth Operational Phase of the GEF Small Grants Programme (Part 1),https://app.climatepolicyradar.org/documents/eighth-operational-phase-of-the-gef-small-grants-programme-part-1_2d54,https://cdn.climatepolicyradar.org/navigator/THA/2023/eighth-operational-phase-of-the-gef-small-grants-programme-part-1_762c3098c670e480ea375e4b5d51c47a.pdf,,n/a,ALB;ARG;ARM;ATG;BDI;BEN;BFA;BGD;BHS;BLZ;BRA;BRB;BTN;BWA;CAF;CIV;CMR;COG;COL;COM;CPV;CRI;CUB;DJI;DMA;DOM;DZA;ECU;EGY;ERI;ETH;FJI;FSM;GAB;GEO;GHA;GIN;GMB;GNB;GRD;GTM;HND;HTI;IND;JAM;JOR;KGZ;KHM;KIR;LAO;LBN;LBR;LCA;LSO;MAR;MDA;MDG;MDV;MKD;MLI;MNG;MOZ;MRT;MUS;NAM;NER;NGA;NPL;NRU;PAN;PHL;PLW;PRY;PSE;RWA;SEN;SLB;SLE;SLV;SUR;SYC;TGO;THA;TLS;TON;TTO;TUN;TUR;TZA;UGA;UKR;URY;VEN;VUT;WSM;XAB;ZAF;ZMB;ZWE,MCF,English,GEF
,,Uganda Energy Policy 2023,"<p>Uganda's Energy Policy from 2023 guides the long-term development of the energy sector, and acknowledges climate change as a major threat to mitigate and adapt to, balancing environmental sustainability with economic growth. It aims to achieve energy independence and net-exporter status within a decade, aided by renewables,nuclear and biomass electricity expansion, transport electrification and smart grid technology in combination with planned hydrocarbon exploitation.</p>",2023-04-01T00:00:00+00:00,https://app.climatepolicyradar.org/document/uganda-energy-policy-2023_43b7,Uganda Energy Policy 2023,https://app.climatepolicyradar.org/documents/uganda-energy-policy-2023_25a9,https://cdn.climatepolicyradar.org/navigator/UGA/2023/uganda-energy-policy-2023_9b5b270091a707f32ff9255d9e753619.pdf,Policy,n/a,UGA,Executive,English,CCLW
,,Infrastructure Climate Resilient Fund (ICRF),"Climate change, such as rising temperatures, infrequent precipitation patterns and flooding, is threatening existing, and crucial yet-to-be-built, infrastructure in sub-Saharan Africa – a region already challenged by infrastructure low in quantity, quality, and accessibility. It is also heightening pre-existent investment barriers thereby putting at risk an entire regions opportunity of economic growth and development. The problem of financing climate-resilient infrastructure (CRI) in sub-Saharan Africa amounts to a financial summit of investment barriers that too few private investors are currently willing to scale.

To address the investment barriers of CRI investments in sub-Saharan Africa, GCF will provide USD 240 million in junior equity to the Infrastructure Climate Resilient Fund (ICRF). By supplying the catalytic first loss equity to catalyze investments from private sector investors and pension funds, the ICRF will be supporting the development of CRI projects in a region struggling to unlock such funding by itself. The USD 240 million investment will unlock the financial potential that can benefit up to 50 million people directly and 144 million people indirectly by securing them reliable infrastructure services.",2023-03-16T00:00:00+00:00,https://app.climatepolicyradar.org/document/infrastructure-climate-resilient-fund-icrf_a884,Gender assessment for FP205: Infrastructure Climate Resilient Fund (ICRF),https://app.climatepolicyradar.org/documents/gender-assessment-for-fp205-infrastructure-climate-resilient-fund-icrf_71c2,https://cdn.climatepolicyradar.org/navigator/ZMB/2023/infrastructure-climate-resilient-fund-icrf_890e93b5021a8c943b885f3968810e44.pdf,Gender assessment,n/a,AGO;BEN;BFA;CIV;CMR;COD;DJI;GAB;GHA;GIN;GMB;KEN;MLI;MRT;NAM;NGA;RWA;SEN;SLE;TCD;TGO;UGA;ZMB,MCF,English,GCF
,,Infrastructure Climate Resilient Fund (ICRF),"Climate change, such as rising temperatures, infrequent precipitation patterns and flooding, is threatening existing, and crucial yet-to-be-built, infrastructure in sub-Saharan Africa – a region already challenged by infrastructure low in quantity, quality, and accessibility. It is also heightening pre-existent investment barriers thereby putting at risk an entire regions opportunity of economic growth and development. The problem of financing climate-resilient infrastructure (CRI) in sub-Saharan Africa amounts to a financial summit of investment barriers that too few private investors are currently willing to scale.

To address the investment barriers of CRI investments in sub-Saharan Africa, GCF will provide USD 240 million in junior equity to the Infrastructure Climate Resilient Fund (ICRF). By supplying the catalytic first loss equity to catalyze investments from private sector investors and pension funds, the ICRF will be supporting the development of CRI projects in a region struggling to unlock such funding by itself. The USD 240 million investment will unlock the financial potential that can benefit up to 50 million people directly and 144 million people indirectly by securing them reliable infrastructure services.",2023-03-16T00:00:00+00:00,https://app.climatepolicyradar.org/document/infrastructure-climate-resilient-fund-icrf_a884,Infrastructure Climate Resilient Fund (ICRF),https://app.climatepolicyradar.org/documents/infrastructure-climate-resilient-fund-icrf_c1e3,https://cdn.climatepolicyradar.org/navigator/GHA/2023/infrastructure-climate-resilient-fund-icrf_620e8794dd3ce1f58cf268d5999a06fd.pdf,Approved funding proposal,n/a,AGO;BEN;BFA;CIV;CMR;COD;DJI;GAB;GHA;GIN;GMB;KEN;MLI;MRT;NAM;NGA;RWA;SEN;SLE;TCD;TGO;UGA;ZMB,MCF,English,GCF
,,Infrastructure Climate Resilient Fund (ICRF),"Climate change, such as rising temperatures, infrequent precipitation patterns and flooding, is threatening existing, and crucial yet-to-be-built, infrastructure in sub-Saharan Africa – a region already challenged by infrastructure low in quantity, quality, and accessibility. It is also heightening pre-existent investment barriers thereby putting at risk an entire regions opportunity of economic growth and development. The problem of financing climate-resilient infrastructure (CRI) in sub-Saharan Africa amounts to a financial summit of investment barriers that too few private investors are currently willing to scale.

To address the investment barriers of CRI investments in sub-Saharan Africa, GCF will provide USD 240 million in junior equity to the Infrastructure Climate Resilient Fund (ICRF). By supplying the catalytic first loss equity to catalyze investments from private sector investors and pension funds, the ICRF will be supporting the development of CRI projects in a region struggling to unlock such funding by itself. The USD 240 million investment will unlock the financial potential that can benefit up to 50 million people directly and 144 million people indirectly by securing them reliable infrastructure services.",2023-03-16T00:00:00+00:00,https://app.climatepolicyradar.org/document/infrastructure-climate-resilient-fund-icrf_a884,Gender action plan for FP205: Infrastructure Climate Resilient Fund (ICRF),https://app.climatepolicyradar.org/documents/gender-action-plan-for-fp205-infrastructure-climate-resilient-fund-icrf_f306,https://cdn.climatepolicyradar.org/navigator/GHA/2023/infrastructure-climate-resilient-fund-icrf_3b03c5834fae663a3e5531c75349822e.pdf,Gender action plan,n/a,AGO;BEN;BFA;CIV;CMR;COD;DJI;GAB;GHA;GIN;GMB;KEN;MLI;MRT;NAM;NGA;RWA;SEN;SLE;TCD;TGO;UGA;ZMB,MCF,English,GCF
,,Uganda Country Report. CR (2022),<p>Uganda Country Report. CR (2022)</p>,2023-03-16T00:00:00+00:00,https://app.climatepolicyradar.org/document/uganda-country-report-cr-2022_88c2,Uganda Country Report. CR (2022),https://app.climatepolicyradar.org/documents/uganda-country-report-cr-2022_fa85,https://cdn.climatepolicyradar.org/navigator/UGA/2023/uganda-country-report-cr-2022_3047952c1147da0455f141734d8863fd.pdf,Country Report (CR),n/a,UGA,UN Submissions,English,UNCCD
,,"Enhancing Community Adaptation to Climate Change through Climate Resilient Flood Early Warning, Catchment Management and Wash Technologies in Mpologoma Catchment, Uganda","This project intends to build on the existing initiatives of Water Aid Uganda (WAU) in Eastern Uganda and undertake new interventions aimed at building the resilience of communities to climate change. The project will focus on strengthening institutional capacity for planning, designing, implementing and monitoring integrated Flood Early Warning systems (FEWS) and climate-smart WASH technologies. The project will be implemented in different sites upstream, midstream and downstream areas within Mpologoma catchment. These sites are considered to be most vulnerable and prone to floods and landslides and to climate change impacts. The overall goal of the project is to increase the resilience of communities to climate change risks of floods and landslides through timely response to climate hazards, sustainable community access to water, sanitation and hygiene services and integrated catchment management measures in Mpologoma catchment. The project aims to benefit 40,933 individuals and enhance 12 Early Warning Systems.",2022-10-14T00:00:00+00:00,https://app.climatepolicyradar.org/document/enhancing-community-adaptation-to-climate-change-through-climate-resilient-flood-early-warning-catchment-management-and-wash-technologies-in-mpologoma-catchment-uganda_9e62,Project concept,https://app.climatepolicyradar.org/documents/project-concept_26c0,https://cdn.climatepolicyradar.org/navigator/UGA/2022/enhancing-community-adaptation-to-climate-change-through-climate-resilient-flood-early-warning-catchment-management-and-wash-technologies-in-mpologoma-catchment-uganda_6b7a0bbdfd0bbfb981d6f4a24a59fd2c.pdf,,n/a,UGA,MCF,English,AF
,,"Enhancing Community Adaptation to Climate Change through Climate Resilient Flood Early Warning, Catchment Management and Wash Technologies in Mpologoma Catchment, Uganda","This project intends to build on the existing initiatives of Water Aid Uganda (WAU) in Eastern Uganda and undertake new interventions aimed at building the resilience of communities to climate change. The project will focus on strengthening institutional capacity for planning, designing, implementing and monitoring integrated Flood Early Warning systems (FEWS) and climate-smart WASH technologies. The project will be implemented in different sites upstream, midstream and downstream areas within Mpologoma catchment. These sites are considered to be most vulnerable and prone to floods and landslides and to climate change impacts. The overall goal of the project is to increase the resilience of communities to climate change risks of floods and landslides through timely response to climate hazards, sustainable community access to water, sanitation and hygiene services and integrated catchment management measures in Mpologoma catchment. The project aims to benefit 40,933 individuals and enhance 12 Early Warning Systems.",2022-10-14T00:00:00+00:00,https://app.climatepolicyradar.org/document/enhancing-community-adaptation-to-climate-change-through-climate-resilient-flood-early-warning-catchment-management-and-wash-technologies-in-mpologoma-catchment-uganda_9e62,Project document,https://app.climatepolicyradar.org/documents/project-document_e657,https://cdn.climatepolicyradar.org/navigator/UGA/2022/enhancing-community-adaptation-to-climate-change-through-climate-resilient-flood-early-warning-catchment-management-and-wash-technologies-in-mpologoma-catchment-uganda_ef4d38527e3b0a3793b148c3c6030d37.pdf,,n/a,UGA,MCF,English,AF
Uganda's Nationally Determined Contributions,,Uganda Nationally Determined Contribution. NDC1 (Updated 2022),"<p>Uganda's Updated NDC, Nationally Determined Contribution from Uganda in 2022</p>",2022-09-12T00:00:00+00:00,https://app.climatepolicyradar.org/document/uganda-nationally-determined-contribution-ndc1-updated-2022_a3a2,Uganda Nationally Determined Contribution. NDC1 (Updated 2022),https://app.climatepolicyradar.org/documents/uganda-s-updated-ndc_a637,https://cdn.climatepolicyradar.org/navigator/UGA/1900/uganda-s-updated-ndc_dea2781f97331b4f362864f759454d50.pdf,Nationally Determined Contribution,n/a,UGA,UN Submissions,English,UNFCCC
Uganda's National Communications,,Uganda National Communication. NC3,"<p>Uganda. National Communication (NC). NC 3., National Communication from Uganda in 2022</p>",2022-08-03T00:00:00+00:00,https://app.climatepolicyradar.org/document/uganda-national-communication-nc3_df5c,Uganda National Communication. NC3,https://app.climatepolicyradar.org/documents/uganda-national-communication-nc-nc-3_fa71,https://cdn.climatepolicyradar.org/navigator/UGA/1900/uganda-national-communication-nc-nc-3_4910592ce85461d57f36e630c911e8a7.pdf,National Communication,n/a,UGA,UN Submissions,English,UNFCCC
,,Climate Investor Two,"The water cycle is one of the most important parts of the global climate crisis – when managed improperly untreated wastewater can be a source of carbon emissions; while coastal ecosystems can act as powerful ‘carbon sinks’. The imbalance between the water cycle and the climate is threatening many livelihoods, as growing economies and populations are reducing freshwater availability.  The World Health Organization estimates that there are 750 million people with no access to clean water, and 2.5 billion people lacking access to proper sanitation. Inadequate water and sanitation infrastructure are estimated to be related to 80 per cent of all illnesses in the developing world. In total, the World Bank estimates that by 2050, water shortages caused by climate change could reduce the GDP of developing countries in Asia by USD 4.4 trillion and developing countries in Africa by USD 1.6 trillion.  

Climate Investor Two (CI2) is a fund that aims to support the private sector to develop and construct climate-resilient infrastructure projects in developing countries in the water, sanitation, and ocean sectors – areas which usually do not attract interest from the private sector. The targeted investments under the fund will reduce the effects and consequences of climate change by decreasing greenhouse gas emissions and by increasing the resilience of vulnerable communities. For instance, in the water sector, CI2 will help countries, undergoing, or expected to undergo water stress, adapt to climate change by building infrastructure which sources, transports, and treats the water necessary for both municipal and industrial users. This is GCF’s first at-scale private sector programme in the water sector.",2022-07-20T00:00:00+00:00,https://app.climatepolicyradar.org/document/climate-investor-two_3923,2024 Annual Performance Report for FP190: Climate Investor Two,https://app.climatepolicyradar.org/documents/2024-annual-performance-report-for-fp190-climate-investor-two_bb24,https://cdn.climatepolicyradar.org/navigator/BGD/2022/climate-investor-two_be7516fec251015fba3625e498f08cdf.pdf,Annual Performance Report,n/a,BGD;BRA;BWA;CIV;COL;DJI;ECU;IDN;IND;KEN;MAR;MDG;MDV;NAM;NGA;PHL;SLE;UGA;ZAF,MCF,English,GCF
,,Climate Investor Two,"The water cycle is one of the most important parts of the global climate crisis – when managed improperly untreated wastewater can be a source of carbon emissions; while coastal ecosystems can act as powerful ‘carbon sinks’. The imbalance between the water cycle and the climate is threatening many livelihoods, as growing economies and populations are reducing freshwater availability.  The World Health Organization estimates that there are 750 million people with no access to clean water, and 2.5 billion people lacking access to proper sanitation. Inadequate water and sanitation infrastructure are estimated to be related to 80 per cent of all illnesses in the developing world. In total, the World Bank estimates that by 2050, water shortages caused by climate change could reduce the GDP of developing countries in Asia by USD 4.4 trillion and developing countries in Africa by USD 1.6 trillion.  

Climate Investor Two (CI2) is a fund that aims to support the private sector to develop and construct climate-resilient infrastructure projects in developing countries in the water, sanitation, and ocean sectors – areas which usually do not attract interest from the private sector. The targeted investments under the fund will reduce the effects and consequences of climate change by decreasing greenhouse gas emissions and by increasing the resilience of vulnerable communities. For instance, in the water sector, CI2 will help countries, undergoing, or expected to undergo water stress, adapt to climate change by building infrastructure which sources, transports, and treats the water necessary for both municipal and industrial users. This is GCF’s first at-scale private sector programme in the water sector.",2022-07-20T00:00:00+00:00,https://app.climatepolicyradar.org/document/climate-investor-two_3923,2023 Annual Performance Report for FP190: Climate Investor Two,https://app.climatepolicyradar.org/documents/2023-annual-performance-report-for-fp190-climate-investor-two_41aa,https://cdn.climatepolicyradar.org/navigator/BGD/2022/climate-investor-two_e98fddda95a7901a6ec3158e9285a57e.pdf,Annual Performance Report,n/a,BGD;BRA;BWA;CIV;COL;DJI;ECU;IDN;IND;KEN;MAR;MDG;MDV;NAM;NGA;PHL;SLE;UGA;ZAF,MCF,English,GCF
,,Climate Investor Two,"The water cycle is one of the most important parts of the global climate crisis – when managed improperly untreated wastewater can be a source of carbon emissions; while coastal ecosystems can act as powerful ‘carbon sinks’. The imbalance between the water cycle and the climate is threatening many livelihoods, as growing economies and populations are reducing freshwater availability.  The World Health Organization estimates that there are 750 million people with no access to clean water, and 2.5 billion people lacking access to proper sanitation. Inadequate water and sanitation infrastructure are estimated to be related to 80 per cent of all illnesses in the developing world. In total, the World Bank estimates that by 2050, water shortages caused by climate change could reduce the GDP of developing countries in Asia by USD 4.4 trillion and developing countries in Africa by USD 1.6 trillion.  

Climate Investor Two (CI2) is a fund that aims to support the private sector to develop and construct climate-resilient infrastructure projects in developing countries in the water, sanitation, and ocean sectors – areas which usually do not attract interest from the private sector. The targeted investments under the fund will reduce the effects and consequences of climate change by decreasing greenhouse gas emissions and by increasing the resilience of vulnerable communities. For instance, in the water sector, CI2 will help countries, undergoing, or expected to undergo water stress, adapt to climate change by building infrastructure which sources, transports, and treats the water necessary for both municipal and industrial users. This is GCF’s first at-scale private sector programme in the water sector.",2022-07-20T00:00:00+00:00,https://app.climatepolicyradar.org/document/climate-investor-two_3923,Climate Investor Two,https://app.climatepolicyradar.org/documents/climate-investor-two_26a2,https://cdn.climatepolicyradar.org/navigator/COL/2022/climate-investor-two_04342f8161ac3c48f7cae71ff3c10e92.pdf,Approved funding proposal,n/a,BGD;BRA;BWA;CIV;COL;DJI;ECU;IDN;IND;KEN;MAR;MDG;MDV;NAM;NGA;PHL;SLE;UGA;ZAF,MCF,English,GCF
,,Climate Investor Two,"The water cycle is one of the most important parts of the global climate crisis – when managed improperly untreated wastewater can be a source of carbon emissions; while coastal ecosystems can act as powerful ‘carbon sinks’. The imbalance between the water cycle and the climate is threatening many livelihoods, as growing economies and populations are reducing freshwater availability.  The World Health Organization estimates that there are 750 million people with no access to clean water, and 2.5 billion people lacking access to proper sanitation. Inadequate water and sanitation infrastructure are estimated to be related to 80 per cent of all illnesses in the developing world. In total, the World Bank estimates that by 2050, water shortages caused by climate change could reduce the GDP of developing countries in Asia by USD 4.4 trillion and developing countries in Africa by USD 1.6 trillion.  

Climate Investor Two (CI2) is a fund that aims to support the private sector to develop and construct climate-resilient infrastructure projects in developing countries in the water, sanitation, and ocean sectors – areas which usually do not attract interest from the private sector. The targeted investments under the fund will reduce the effects and consequences of climate change by decreasing greenhouse gas emissions and by increasing the resilience of vulnerable communities. For instance, in the water sector, CI2 will help countries, undergoing, or expected to undergo water stress, adapt to climate change by building infrastructure which sources, transports, and treats the water necessary for both municipal and industrial users. This is GCF’s first at-scale private sector programme in the water sector.",2022-07-20T00:00:00+00:00,https://app.climatepolicyradar.org/document/climate-investor-two_3923,Gender assessment for FP190: Climate Investor Two,https://app.climatepolicyradar.org/documents/gender-assessment-for-fp190-climate-investor-two_2a34,https://cdn.climatepolicyradar.org/navigator/COL/2022/climate-investor-two_b37fa74893d40b9fd89b99476a96afd0.pdf,Gender assessment,n/a,BGD;BRA;BWA;CIV;COL;DJI;ECU;IDN;IND;KEN;MAR;MDG;MDV;NAM;NGA;PHL;SLE;UGA;ZAF,MCF,English,GCF
,,Climate Investor Two,"The water cycle is one of the most important parts of the global climate crisis – when managed improperly untreated wastewater can be a source of carbon emissions; while coastal ecosystems can act as powerful ‘carbon sinks’. The imbalance between the water cycle and the climate is threatening many livelihoods, as growing economies and populations are reducing freshwater availability.  The World Health Organization estimates that there are 750 million people with no access to clean water, and 2.5 billion people lacking access to proper sanitation. Inadequate water and sanitation infrastructure are estimated to be related to 80 per cent of all illnesses in the developing world. In total, the World Bank estimates that by 2050, water shortages caused by climate change could reduce the GDP of developing countries in Asia by USD 4.4 trillion and developing countries in Africa by USD 1.6 trillion.  

Climate Investor Two (CI2) is a fund that aims to support the private sector to develop and construct climate-resilient infrastructure projects in developing countries in the water, sanitation, and ocean sectors – areas which usually do not attract interest from the private sector. The targeted investments under the fund will reduce the effects and consequences of climate change by decreasing greenhouse gas emissions and by increasing the resilience of vulnerable communities. For instance, in the water sector, CI2 will help countries, undergoing, or expected to undergo water stress, adapt to climate change by building infrastructure which sources, transports, and treats the water necessary for both municipal and industrial users. This is GCF’s first at-scale private sector programme in the water sector.",2022-07-20T00:00:00+00:00,https://app.climatepolicyradar.org/document/climate-investor-two_3923,Gender action plan for FP190: Climate Investor Two,https://app.climatepolicyradar.org/documents/gender-action-plan-for-fp190-climate-investor-two_90ea,https://cdn.climatepolicyradar.org/navigator/COL/2022/climate-investor-two_f79b8bed172c55f4354d590a79878be2.pdf,Gender action plan,n/a,BGD;BRA;BWA;CIV;COL;DJI;ECU;IDN;IND;KEN;MAR;MDG;MDV;NAM;NGA;PHL;SLE;UGA;ZAF,MCF,English,GCF
,,Acceleration of financial technology-enabled climate resilience solutions,To accelerate the financial technology-enabled climate resilience solutions across the target markets.,2022-06-03T00:00:00+00:00,https://app.climatepolicyradar.org/document/acceleration-of-financial-technology-enabled-climate-resilience-solutions_3eda,Acceleration of financial technology-enabled climate resilience solutions,https://app.climatepolicyradar.org/documents/acceleration-of-financial-technology-enabled-climate-resilience-solutions_695b,https://cdn.climatepolicyradar.org/navigator/NGA/2022/acceleration-of-financial-technology-enabled-climate-resilience-solutions_6ad041dfc7cbbba0b5e2dd0292759c18.pdf,,n/a,KEN;NGA;RWA;UGA;XAB;ZAF,MCF,English,GEF
,,Scaling Financial and Information Services for Smallholder Adaptation,Increase smallholder farmers’ adaptive capacity through scaled agricultural and financial risk reduction services,2022-05-24T00:00:00+00:00,https://app.climatepolicyradar.org/document/scaling-financial-and-information-services-for-smallholder-adaptation_82c9,Scaling Financial and Information Services for Smallholder Adaptation,https://app.climatepolicyradar.org/documents/scaling-financial-and-information-services-for-smallholder-adaptation_7965,https://cdn.climatepolicyradar.org/navigator/UGA/2022/scaling-financial-and-information-services-for-smallholder-adaptation_58ef12da26efbde08d6beced88d57c8c.pdf,,n/a,UGA;XAB;ZMB,MCF,English,GEF
,,Enhancing Resilience to Climate-induced Flooding and Drought through the Deployment of a Water-filled Barrier,"<p>The overall goal of the project is to strengthen resilience and reduce vulnerability of communities to the risk of climate change-induced floods and droughts within the Obongi District through data-driven risk analyses and the deployment of a scalable water-filled barrier to prevent flooding and simultaneously store and harvest water that will be repurposed for a drought event. The specific objectives of the project are to: • Increase the resilience of people, ecosystems and agricultural landscapes by developing and implementing a flood and drought response strategy, based on a software analysis, which centers around the innovative SLAMDAM-technology. • Generate awareness and capacity building of stakeholders at different levels of society on techniques and processes to mitigate the risk of floods and drought. • Validate the flood intelligence software and the SLAMDAM-technology, being a waterfilled flood barrier, as innovative climate adaptation measures that can be scaled-up across Uganda.</p>",2022-04-08T00:00:00+00:00,https://app.climatepolicyradar.org/document/enhancing-resilience-to-climate-induced-flooding-and-drought-through-the-deployment-of-a-water-filled-barrier_b697,Project document,https://app.climatepolicyradar.org/documents/project-document_2ee1,https://cdn.climatepolicyradar.org/navigator/UGA/2022/enhancing-resilience-to-climate-induced-flooding-and-drought-through-the-deployment-of-a-water-filled-barrier_7c7e9d1358298ab36878ab4cce843f95.pdf,,n/a,UGA,MCF,English,AF
Uganda's Nationally Determined Contributions,,Uganda Nationally Determined Contribution. NDC1 (Interim-updated submission),"<p>Uganda First NDC (Interim-updated submission), Nationally Determined Contribution from Uganda in 2021</p>",2021-10-12T00:00:00+00:00,https://app.climatepolicyradar.org/document/uganda-nationally-determined-contribution-ndc1-interim-updated-submission_c1df,Uganda Nationally Determined Contribution. NDC1 (Interim-updated submission),https://app.climatepolicyradar.org/documents/uganda-first-ndc-interim-updated-submission_e5da,https://cdn.climatepolicyradar.org/navigator/UGA/1900/uganda-first-ndc-interim-updated-submission_aa64361c541ee26782d275ee5be5b3f8.pdf,Nationally Determined Contribution,n/a,UGA,UN Submissions,English,UNFCCC
Uganda's Nationally Determined Contributions,,Uganda Nationally Determined Contribution. NDC1 (Interim-updated submission),"<p>Uganda First NDC (Interim-updated submission), Nationally Determined Contribution from Uganda in 2021</p>",2021-10-12T00:00:00+00:00,https://app.climatepolicyradar.org/document/uganda-nationally-determined-contribution-ndc1-interim-updated-submission_c1df,Submission letter (Interim updated submission),https://app.climatepolicyradar.org/documents/submission-letter-interim-updated-submission_fdfa,https://cdn.climatepolicyradar.org/navigator/UGA/1900/uganda-first-ndc-interim-updated-submission_f4ca0e93915675703b7b98dbbc769aec.pdf,Nationally Determined Contribution,n/a,UGA,UN Submissions,English,UNFCCC
,,National Climate Change Act 2021,"The Climate Change Act governs Uganda's national response to climate change. One of the stated purposes of the Act is to give effect to the UN Framework Convention on Climate Change, the Kyoto Protocol, and the Paris Agreement and Section 4 gives these agreements the force of law in Uganda.<br><br>The Act mandates the creation of a Framework Strategy on Climate Change, as well as a National Climate Action Plan and District Climate Action Plans. It also contains a series of provisions establishing a transparency framework and MRV system.<br><br>Section 9 of the Act permits the Minister responsible for Climate Change matters to develop further regulations regarding participation in climate change mechanisms such as emissions trading mechanisms, and section 23 allows the Minister to make further regulations regarding the responsibilities of private entities.<br><br>Part V of the Act relates to the institutional arrangements for governing climate change, creating a National Climate Change Advisory Committee to provide independent technical advice and clarifying the responsibilities of District and local governments with respect to climate change.<br><br>Article 26 concerns climate change litigation, containing broad provisions on standing to bring cases before the High Court against the Government, an individual, or private entity ""whose action or omission threatens or is likely to threaten efforts towards adaptation to or mitigation of climate change"".",2021-08-26T00:00:00+00:00,https://app.climatepolicyradar.org/document/national-climate-change-act-2021_aeec,National Climate Change Act 2021,https://app.climatepolicyradar.org/documents/national-climate-change-act-2021_0dc4,https://cdn.climatepolicyradar.org/navigator/UGA/2021/national-climate-change-act-2021_54d82dea4d1d85dca314a17cba045210.pdf,Act,n/a,UGA,Legislative,English,CCLW
,,FSV1 record - Uganda,"<p>FSV1 record - Uganda, Facilitative Sharing of Views Report from UNFCCC Secretariat in 2021</p>
",2021-08-25T00:00:00+00:00,https://app.climatepolicyradar.org/document/fsv1-record-uganda_5d20,FSV1 record - Uganda,https://app.climatepolicyradar.org/documents/fsv1-record-uganda_e4c9,https://cdn.climatepolicyradar.org/navigator/XAA/1900/fsv1-record-uganda_c8b2eb0f57588dfa772666341f67cd59.pdf,Facilitative Sharing of Views Report,n/a,UGA,UN Submissions,English,UNFCCC
,,Technical analysis of the first biennial update report of Uganda submitted on 1 October 2019. Summary report by the team of technical experts,"<p>Technical analysis of the first biennial update report of Uganda submitted on 1 October 2019. Summary report by the team of technical experts, Technical Analysis Summary Report from UNFCCC Secretariat in 2021</p>
",2021-02-12T00:00:00+00:00,https://app.climatepolicyradar.org/document/technical-analysis-of-the-first-biennial-update-report-of-uganda-submitted-on-1-october-2019-summary-report-by-the-team-of-technical-experts_d556,Technical analysis of the first biennial update report of Uganda submitted on 1 October 2019. Summary report by the team of technical experts,https://app.climatepolicyradar.org/documents/technical-analysis-of-the-first-biennial-update-report-of-uganda-submitted-on-1-october-2019-summary-report-by-the-team-of-technical-experts_0ab0,https://cdn.climatepolicyradar.org/navigator/XAA/1900/technical-analysis-of-the-first-biennial-update-report-of-uganda-submitted-on-1-october-2019-summary-report-by-the-team-of-technical-experts_63e3da7a7102613bcc3f6a840756ffaa.pdf,Technical Analysis Summary Report,n/a,UGA,UN Submissions,English,UNFCCC
,,GEF SGP 7th Operational Phase - Strategic Implementation using STAR Resources mainly in LDCs and SIDs (Part 3),"To promote and support innovative and scalable initiatives, and foster multistakeholder partnerships at the local level to tackle global environmental issues in priority landscapes and seascapes",2020-12-11T00:00:00+00:00,https://app.climatepolicyradar.org/document/gef-sgp-7th-operational-phase-strategic-implementation-using-star-resources-mainly-in-ldcs-and-sids-part-3_28d9,GEF SGP 7th Operational Phase - Strategic Implementation using STAR Resources mainly in LDCs and SIDs (Part 3),https://app.climatepolicyradar.org/documents/gef-sgp-7th-operational-phase-strategic-implementation-using-star-resources-mainly-in-ldcs-and-sids-part-3_dce4,https://cdn.climatepolicyradar.org/navigator/COL/2020/gef-sgp-7th-operational-phase-strategic-implementation-using-star-resources-mainly-in-ldcs-and-sids-part-3_f99ca0adafbac4987164ebeabef0930b.pdf,,n/a,AFG;ALB;ARG;ARM;BFA;BHS;BLZ;BTN;BWA;CAF;CHN;CIV;CMR;COG;COL;CPV;CUB;DOM;ERI;ETH;FSM;GAB;GMB;GNB;GRD;JAM;KNA;LBR;LCA;LSO;MAR;MDG;MHL;MLI;MNG;NER;NGA;NPL;PAN;PLW;SEN;SLE;SOM;SWZ;SYC;TGO;TON;TUN;TUR;TZA;UGA;UZB;VEN;VUT;XAB;YEM;ZAF;ZWE,MCF,English,GEF
,,COVID-19 Off-Grid Recovery Platform,Unlock and catalyse private capital to mitigate the negative impacts of the COVID-19 pandemic on the energy access industry in Africa,2020-12-11T00:00:00+00:00,https://app.climatepolicyradar.org/document/covid-19-off-grid-recovery-platform_7176,COVID-19 Off-Grid Recovery Platform,https://app.climatepolicyradar.org/documents/covid-19-off-grid-recovery-platform_bf64,https://cdn.climatepolicyradar.org/navigator/ETH/2020/covid-19-off-grid-recovery-platform_7afe2cfd6f16f54a709bdda7c763f966.pdf,,n/a,BFA;CMR;ETH;GHA;KEN;MLI;MUS;MWI;NER;NGA;SEN;SLE;TZA;UGA;XAB;ZAF;ZMB,MCF,English,GEF
,,"Participation in Energy Access Relief Facility (""EARF"")","Sub-Saharan Africa faces unique and acute challenges in the global fight to mitigate and adapt to climate change. On one front, the impacts of climate change are predicted to be more severe. At the same time, 548 million people in sub-Saharan Africa do not have access to electricity and instead have to rely on kerosene and diesel generators for lighting, while another 900 million (85% of the population) lack access to clean cooking fuels and technologies, causing rapid deforestation. In this context, energy access companies in the region are playing a major role in providing clean energy access to vulnerable people, but they now find their continued existence in peril due to the economic effects of the ongoing COVID-19 pandemic. 

As the energy access sector has matured and scaled up over the years, it has shifted the development pathway of Africa towards a renewable future. This has entailed replacing gas generators with powerful solar home systems, fuelwood stoves with electric pressure cookers, and diesel water pumps with solar-powered irrigation. 

The Energy Access Relief Facility (“EARF”) is a concessional debt fund that is intended to provide energy access companies with vital liquidity during this crisis, in the form of low-interest, unsecured junior loans.  GCF will channel its investment into Climate CV, which, in turn, will participate in EARF loans to eligible companies operating in NOL countries. The aim of these loans is to help companies remain solvent, maintain staff and supply lines, be positioned to drive the post-COVID-19 recovery, and reduce 1.3 million tonnes of carbon dioxide equivalent (MtCO₂eq) in emissions.",2020-11-13T00:00:00+00:00,https://app.climatepolicyradar.org/document/participation-in-energy-access-relief-facility-earf_46ed,"2023 Annual Performance Report for FP148: Participation in Energy Access Relief Facility (""EARF"")",https://app.climatepolicyradar.org/documents/2023-annual-performance-report-for-fp148-participation-in-energy-access-relief-facility-earf_d40c,https://cdn.climatepolicyradar.org/navigator/COD/2020/participation-in-energy-access-relief-facility-earf_f9b599b4b11eab2f6750a742280c6389.pdf,Annual Performance Report,n/a,COD;KEN;MOZ;NGA;RWA;SEN;SLE;UGA;ZMB,MCF,English,GCF
,,"Participation in Energy Access Relief Facility (""EARF"")","Sub-Saharan Africa faces unique and acute challenges in the global fight to mitigate and adapt to climate change. On one front, the impacts of climate change are predicted to be more severe. At the same time, 548 million people in sub-Saharan Africa do not have access to electricity and instead have to rely on kerosene and diesel generators for lighting, while another 900 million (85% of the population) lack access to clean cooking fuels and technologies, causing rapid deforestation. In this context, energy access companies in the region are playing a major role in providing clean energy access to vulnerable people, but they now find their continued existence in peril due to the economic effects of the ongoing COVID-19 pandemic. 

As the energy access sector has matured and scaled up over the years, it has shifted the development pathway of Africa towards a renewable future. This has entailed replacing gas generators with powerful solar home systems, fuelwood stoves with electric pressure cookers, and diesel water pumps with solar-powered irrigation. 

The Energy Access Relief Facility (“EARF”) is a concessional debt fund that is intended to provide energy access companies with vital liquidity during this crisis, in the form of low-interest, unsecured junior loans.  GCF will channel its investment into Climate CV, which, in turn, will participate in EARF loans to eligible companies operating in NOL countries. The aim of these loans is to help companies remain solvent, maintain staff and supply lines, be positioned to drive the post-COVID-19 recovery, and reduce 1.3 million tonnes of carbon dioxide equivalent (MtCO₂eq) in emissions.",2020-11-13T00:00:00+00:00,https://app.climatepolicyradar.org/document/participation-in-energy-access-relief-facility-earf_46ed,"Participation in Energy Access Relief Facility (""EARF"")",https://app.climatepolicyradar.org/documents/participation-in-energy-access-relief-facility-earf_bdd5,https://cdn.climatepolicyradar.org/navigator/RWA/2020/participation-in-energy-access-relief-facility-earf_2cac0c231d316ab8feb759c497ed3e28.pdf,Approved funding proposal,n/a,COD;KEN;MOZ;NGA;RWA;SEN;SLE;UGA;ZMB,MCF,English,GCF
,,"Participation in Energy Access Relief Facility (""EARF"")","Sub-Saharan Africa faces unique and acute challenges in the global fight to mitigate and adapt to climate change. On one front, the impacts of climate change are predicted to be more severe. At the same time, 548 million people in sub-Saharan Africa do not have access to electricity and instead have to rely on kerosene and diesel generators for lighting, while another 900 million (85% of the population) lack access to clean cooking fuels and technologies, causing rapid deforestation. In this context, energy access companies in the region are playing a major role in providing clean energy access to vulnerable people, but they now find their continued existence in peril due to the economic effects of the ongoing COVID-19 pandemic. 

As the energy access sector has matured and scaled up over the years, it has shifted the development pathway of Africa towards a renewable future. This has entailed replacing gas generators with powerful solar home systems, fuelwood stoves with electric pressure cookers, and diesel water pumps with solar-powered irrigation. 

The Energy Access Relief Facility (“EARF”) is a concessional debt fund that is intended to provide energy access companies with vital liquidity during this crisis, in the form of low-interest, unsecured junior loans.  GCF will channel its investment into Climate CV, which, in turn, will participate in EARF loans to eligible companies operating in NOL countries. The aim of these loans is to help companies remain solvent, maintain staff and supply lines, be positioned to drive the post-COVID-19 recovery, and reduce 1.3 million tonnes of carbon dioxide equivalent (MtCO₂eq) in emissions.",2020-11-13T00:00:00+00:00,https://app.climatepolicyradar.org/document/participation-in-energy-access-relief-facility-earf_46ed,"Gender assessment for FP148: Participation in Energy Access Relief Facility (""EARF"")",https://app.climatepolicyradar.org/documents/gender-assessment-for-fp148-participation-in-energy-access-relief-facility-earf_a977,https://cdn.climatepolicyradar.org/navigator/RWA/2020/participation-in-energy-access-relief-facility-earf_58271a42dbcb83bb5ff6c0d696b33d61.pdf,Gender assessment,n/a,COD;KEN;MOZ;NGA;RWA;SEN;SLE;UGA;ZMB,MCF,English,GCF
,,"Participation in Energy Access Relief Facility (""EARF"")","Sub-Saharan Africa faces unique and acute challenges in the global fight to mitigate and adapt to climate change. On one front, the impacts of climate change are predicted to be more severe. At the same time, 548 million people in sub-Saharan Africa do not have access to electricity and instead have to rely on kerosene and diesel generators for lighting, while another 900 million (85% of the population) lack access to clean cooking fuels and technologies, causing rapid deforestation. In this context, energy access companies in the region are playing a major role in providing clean energy access to vulnerable people, but they now find their continued existence in peril due to the economic effects of the ongoing COVID-19 pandemic. 

As the energy access sector has matured and scaled up over the years, it has shifted the development pathway of Africa towards a renewable future. This has entailed replacing gas generators with powerful solar home systems, fuelwood stoves with electric pressure cookers, and diesel water pumps with solar-powered irrigation. 

The Energy Access Relief Facility (“EARF”) is a concessional debt fund that is intended to provide energy access companies with vital liquidity during this crisis, in the form of low-interest, unsecured junior loans.  GCF will channel its investment into Climate CV, which, in turn, will participate in EARF loans to eligible companies operating in NOL countries. The aim of these loans is to help companies remain solvent, maintain staff and supply lines, be positioned to drive the post-COVID-19 recovery, and reduce 1.3 million tonnes of carbon dioxide equivalent (MtCO₂eq) in emissions.",2020-11-13T00:00:00+00:00,https://app.climatepolicyradar.org/document/participation-in-energy-access-relief-facility-earf_46ed,"Gender action plan for FP148: Participation in Energy Access Relief Facility (""EARF"")",https://app.climatepolicyradar.org/documents/gender-action-plan-for-fp148-participation-in-energy-access-relief-facility-earf_84e7,https://cdn.climatepolicyradar.org/navigator/RWA/2020/participation-in-energy-access-relief-facility-earf_dd68abbbb304e666ecaf943efd408bd7.pdf,Gender action plan,n/a,COD;KEN;MOZ;NGA;RWA;SEN;SLE;UGA;ZMB,MCF,English,GCF
,,Global Subnational Climate Fund (SnCF Global) – Technical Assistance (TA) Facility,"The goal of the Sub-national Climate Fund Global (SnCF Global or the “Fund”) is to catalyze long-term climate investment at the sub-national level for mitigation and adaptation solutions through a transformative financing model. The SnCF Global’s business model is designed to attract primarily private institutional investment and to deliver certified climate and Sustainable Development impacts and Nature-based Solutions at global scale (SDGs, NbS). The subnational level is key: 70% of known climate solutions are located within the boundaries of subnational authorities. Significant additional investment is needed in this sector to achieve the climate goals of the Paris Agreement. The SnCF Global presents a positive disruptive solution on how subnational climate projects should be structured, de-risked, and funded by both private and public investors, while monitored and benchmarked at the highest level of rigor and quality. 
	
	The Fund is designed to overcome project-level barriers and limitations in attracting private investment that leads to chronic underfunding of bankable mitigation and adaptation projects at the sub-national level, specifically at the deal size of USD 5 million to 75 million. Thousands of high merit sub-national projects are bypassed by commercial financing because investors prefer perceived safer and larger investments. The Fund firmly believes that GCF anchor funding and first-loss coverage will unlock both public investors and more importantly, private institutional investors. With GCF support, these investors have expressed willingness to co-invest. This is the first time an impact equity fund mobilizes public (20 %) and private sector (80%) funding at scale to de-risk sub-national middle scale infrastructure projects.",2020-11-13T00:00:00+00:00,https://app.climatepolicyradar.org/document/global-subnational-climate-fund-sncf-global-technical-assistance-ta-facility_85bd,2024 Annual Performance Report for FP151: Global Subnational Climate Fund (SnCF Global) – Technical Assistance (TA) Facility,https://app.climatepolicyradar.org/documents/2024-annual-performance-report-for-fp151-global-subnational-climate-fund-sncf-global-technical-assistance-ta-facility_a911,https://cdn.climatepolicyradar.org/navigator/ALB/2020/global-subnational-climate-fund-sncf-global-technical-assistance-ta-facility_ec4119cb47dc7be882f407624cf6a79e.pdf,Annual Performance Report,n/a,ALB;BFA;BHS;BRA;CHL;CIV;CMR;COD;CRI;DMA;DOM;ECU;FJI;GAB;GIN;GTM;HND;HTI;IDN;JAM;JOR;KEN;KHM;LBN;MAR;MEX;MKD;MLI;MMR;MNE;MOZ;MRT;NGA;PAN;RWA;SEN;SLV;TGO;TUN;UGA;URY;ZAF,MCF,English,GCF
,,Global Subnational Climate Fund (SnCF Global) – Technical Assistance (TA) Facility,"The goal of the Sub-national Climate Fund Global (SnCF Global or the “Fund”) is to catalyze long-term climate investment at the sub-national level for mitigation and adaptation solutions through a transformative financing model. The SnCF Global’s business model is designed to attract primarily private institutional investment and to deliver certified climate and Sustainable Development impacts and Nature-based Solutions at global scale (SDGs, NbS). The subnational level is key: 70% of known climate solutions are located within the boundaries of subnational authorities. Significant additional investment is needed in this sector to achieve the climate goals of the Paris Agreement. The SnCF Global presents a positive disruptive solution on how subnational climate projects should be structured, de-risked, and funded by both private and public investors, while monitored and benchmarked at the highest level of rigor and quality. 
	
	The Fund is designed to overcome project-level barriers and limitations in attracting private investment that leads to chronic underfunding of bankable mitigation and adaptation projects at the sub-national level, specifically at the deal size of USD 5 million to 75 million. Thousands of high merit sub-national projects are bypassed by commercial financing because investors prefer perceived safer and larger investments. The Fund firmly believes that GCF anchor funding and first-loss coverage will unlock both public investors and more importantly, private institutional investors. With GCF support, these investors have expressed willingness to co-invest. This is the first time an impact equity fund mobilizes public (20 %) and private sector (80%) funding at scale to de-risk sub-national middle scale infrastructure projects.",2020-11-13T00:00:00+00:00,https://app.climatepolicyradar.org/document/global-subnational-climate-fund-sncf-global-technical-assistance-ta-facility_85bd,2023 Annual Performance Report for FP151: Global Subnational Climate Fund (SnCF Global) – Technical Assistance (TA) Facility,https://app.climatepolicyradar.org/documents/2023-annual-performance-report-for-fp151-global-subnational-climate-fund-sncf-global-technical-assistance-ta-facility_c9e0,https://cdn.climatepolicyradar.org/navigator/ALB/2020/global-subnational-climate-fund-sncf-global-technical-assistance-ta-facility_6adf0fad29397152f19e9ae96da48157.pdf,Annual Performance Report,n/a,ALB;BFA;BHS;BRA;CHL;CIV;CMR;COD;CRI;DMA;DOM;ECU;FJI;GAB;GIN;GTM;HND;HTI;IDN;JAM;JOR;KEN;KHM;LBN;MAR;MEX;MKD;MLI;MMR;MNE;MOZ;MRT;NGA;PAN;RWA;SEN;SLV;TGO;TUN;UGA;URY;ZAF,MCF,English,GCF
,,Global Subnational Climate Fund (SnCF Global) – Technical Assistance (TA) Facility,"The goal of the Sub-national Climate Fund Global (SnCF Global or the “Fund”) is to catalyze long-term climate investment at the sub-national level for mitigation and adaptation solutions through a transformative financing model. The SnCF Global’s business model is designed to attract primarily private institutional investment and to deliver certified climate and Sustainable Development impacts and Nature-based Solutions at global scale (SDGs, NbS). The subnational level is key: 70% of known climate solutions are located within the boundaries of subnational authorities. Significant additional investment is needed in this sector to achieve the climate goals of the Paris Agreement. The SnCF Global presents a positive disruptive solution on how subnational climate projects should be structured, de-risked, and funded by both private and public investors, while monitored and benchmarked at the highest level of rigor and quality. 
	
	The Fund is designed to overcome project-level barriers and limitations in attracting private investment that leads to chronic underfunding of bankable mitigation and adaptation projects at the sub-national level, specifically at the deal size of USD 5 million to 75 million. Thousands of high merit sub-national projects are bypassed by commercial financing because investors prefer perceived safer and larger investments. The Fund firmly believes that GCF anchor funding and first-loss coverage will unlock both public investors and more importantly, private institutional investors. With GCF support, these investors have expressed willingness to co-invest. This is the first time an impact equity fund mobilizes public (20 %) and private sector (80%) funding at scale to de-risk sub-national middle scale infrastructure projects.",2020-11-13T00:00:00+00:00,https://app.climatepolicyradar.org/document/global-subnational-climate-fund-sncf-global-technical-assistance-ta-facility_85bd,2022 Annual Performance Report for FP151: Global Subnational Climate Fund (SnCF Global) – Technical Assistance (TA) Facility,https://app.climatepolicyradar.org/documents/2022-annual-performance-report-for-fp151-global-subnational-climate-fund-sncf-global-technical-assistance-ta-facility_2712,https://cdn.climatepolicyradar.org/navigator/TGO/2020/global-subnational-climate-fund-sncf-global-technical-assistance-ta-facility_35961d79dcbfae0bcff3d4b900760166.pdf,Annual Performance Report,n/a,ALB;BFA;BHS;BRA;CHL;CIV;CMR;COD;CRI;DMA;DOM;ECU;FJI;GAB;GIN;GTM;HND;HTI;IDN;JAM;JOR;KEN;KHM;LBN;MAR;MEX;MKD;MLI;MMR;MNE;MOZ;MRT;NGA;PAN;RWA;SEN;SLV;TGO;TUN;UGA;URY;ZAF,MCF,English,GCF
,,Global Subnational Climate Fund (SnCF Global) – Technical Assistance (TA) Facility,"The goal of the Sub-national Climate Fund Global (SnCF Global or the “Fund”) is to catalyze long-term climate investment at the sub-national level for mitigation and adaptation solutions through a transformative financing model. The SnCF Global’s business model is designed to attract primarily private institutional investment and to deliver certified climate and Sustainable Development impacts and Nature-based Solutions at global scale (SDGs, NbS). The subnational level is key: 70% of known climate solutions are located within the boundaries of subnational authorities. Significant additional investment is needed in this sector to achieve the climate goals of the Paris Agreement. The SnCF Global presents a positive disruptive solution on how subnational climate projects should be structured, de-risked, and funded by both private and public investors, while monitored and benchmarked at the highest level of rigor and quality. 
	
	The Fund is designed to overcome project-level barriers and limitations in attracting private investment that leads to chronic underfunding of bankable mitigation and adaptation projects at the sub-national level, specifically at the deal size of USD 5 million to 75 million. Thousands of high merit sub-national projects are bypassed by commercial financing because investors prefer perceived safer and larger investments. The Fund firmly believes that GCF anchor funding and first-loss coverage will unlock both public investors and more importantly, private institutional investors. With GCF support, these investors have expressed willingness to co-invest. This is the first time an impact equity fund mobilizes public (20 %) and private sector (80%) funding at scale to de-risk sub-national middle scale infrastructure projects.",2020-11-13T00:00:00+00:00,https://app.climatepolicyradar.org/document/global-subnational-climate-fund-sncf-global-technical-assistance-ta-facility_85bd,2021 Annual Performance Report for FP151: Global Subnational Climate Fund (SnCF Global) – Technical Assistance (TA) Facility,https://app.climatepolicyradar.org/documents/2021-annual-performance-report-for-fp151-global-subnational-climate-fund-sncf-global-technical-assistance-ta-facility_f4c7,https://cdn.climatepolicyradar.org/navigator/CRI/2020/global-subnational-climate-fund-sncf-global-technical-assistance-ta-facility_d0c673ea8c50630a69245b0ca8f52fa7.pdf,Annual Performance Report,n/a,ALB;BFA;BHS;BRA;CHL;CIV;CMR;COD;CRI;DMA;DOM;ECU;FJI;GAB;GIN;GTM;HND;HTI;IDN;JAM;JOR;KEN;KHM;LBN;MAR;MEX;MKD;MLI;MMR;MNE;MOZ;MRT;NGA;PAN;RWA;SEN;SLV;TGO;TUN;UGA;URY;ZAF,MCF,English,GCF
,,Global Subnational Climate Fund (SnCF Global) – Technical Assistance (TA) Facility,"The goal of the Sub-national Climate Fund Global (SnCF Global or the “Fund”) is to catalyze long-term climate investment at the sub-national level for mitigation and adaptation solutions through a transformative financing model. The SnCF Global’s business model is designed to attract primarily private institutional investment and to deliver certified climate and Sustainable Development impacts and Nature-based Solutions at global scale (SDGs, NbS). The subnational level is key: 70% of known climate solutions are located within the boundaries of subnational authorities. Significant additional investment is needed in this sector to achieve the climate goals of the Paris Agreement. The SnCF Global presents a positive disruptive solution on how subnational climate projects should be structured, de-risked, and funded by both private and public investors, while monitored and benchmarked at the highest level of rigor and quality. 
	
	The Fund is designed to overcome project-level barriers and limitations in attracting private investment that leads to chronic underfunding of bankable mitigation and adaptation projects at the sub-national level, specifically at the deal size of USD 5 million to 75 million. Thousands of high merit sub-national projects are bypassed by commercial financing because investors prefer perceived safer and larger investments. The Fund firmly believes that GCF anchor funding and first-loss coverage will unlock both public investors and more importantly, private institutional investors. With GCF support, these investors have expressed willingness to co-invest. This is the first time an impact equity fund mobilizes public (20 %) and private sector (80%) funding at scale to de-risk sub-national middle scale infrastructure projects.",2020-11-13T00:00:00+00:00,https://app.climatepolicyradar.org/document/global-subnational-climate-fund-sncf-global-technical-assistance-ta-facility_85bd,Technical Assistance (TA) Facility for the Global Subnational Climate Fund,https://app.climatepolicyradar.org/documents/technical-assistance-ta-facility-for-the-global-subnational-climate-fund_c961,https://cdn.climatepolicyradar.org/navigator/CRI/2020/global-subnational-climate-fund-sncf-global-technical-assistance-ta-facility_cac9f69ea7f5250789748fd520b80f01.pdf,Approved funding proposal,n/a,ALB;BFA;BHS;BRA;CHL;CIV;CMR;COD;CRI;DMA;DOM;ECU;FJI;GAB;GIN;GTM;HND;HTI;IDN;JAM;JOR;KEN;KHM;LBN;MAR;MEX;MKD;MLI;MMR;MNE;MOZ;MRT;NGA;PAN;RWA;SEN;SLV;TGO;TUN;UGA;URY;ZAF,MCF,English,GCF
,,Global Subnational Climate Fund (SnCF Global) – Technical Assistance (TA) Facility,"The goal of the Sub-national Climate Fund Global (SnCF Global or the “Fund”) is to catalyze long-term climate investment at the sub-national level for mitigation and adaptation solutions through a transformative financing model. The SnCF Global’s business model is designed to attract primarily private institutional investment and to deliver certified climate and Sustainable Development impacts and Nature-based Solutions at global scale (SDGs, NbS). The subnational level is key: 70% of known climate solutions are located within the boundaries of subnational authorities. Significant additional investment is needed in this sector to achieve the climate goals of the Paris Agreement. The SnCF Global presents a positive disruptive solution on how subnational climate projects should be structured, de-risked, and funded by both private and public investors, while monitored and benchmarked at the highest level of rigor and quality. 
	
	The Fund is designed to overcome project-level barriers and limitations in attracting private investment that leads to chronic underfunding of bankable mitigation and adaptation projects at the sub-national level, specifically at the deal size of USD 5 million to 75 million. Thousands of high merit sub-national projects are bypassed by commercial financing because investors prefer perceived safer and larger investments. The Fund firmly believes that GCF anchor funding and first-loss coverage will unlock both public investors and more importantly, private institutional investors. With GCF support, these investors have expressed willingness to co-invest. This is the first time an impact equity fund mobilizes public (20 %) and private sector (80%) funding at scale to de-risk sub-national middle scale infrastructure projects.",2020-11-13T00:00:00+00:00,https://app.climatepolicyradar.org/document/global-subnational-climate-fund-sncf-global-technical-assistance-ta-facility_85bd,Gender assessment for FP151: Global Subnational Climate Fund (SnCF Global) – Technical Assistance (TA) Facility,https://app.climatepolicyradar.org/documents/gender-assessment-for-fp151-global-subnational-climate-fund-sncf-global-technical-assistance-ta-facility_1349,https://cdn.climatepolicyradar.org/navigator/PAN/2020/global-subnational-climate-fund-sncf-global-technical-assistance-ta-facility_64c921f30ac53b2af2cf0a6b585cf486.pdf,Gender assessment,n/a,ALB;BFA;BHS;BRA;CHL;CIV;CMR;COD;CRI;DMA;DOM;ECU;FJI;GAB;GIN;GTM;HND;HTI;IDN;JAM;JOR;KEN;KHM;LBN;MAR;MEX;MKD;MLI;MMR;MNE;MOZ;MRT;NGA;PAN;RWA;SEN;SLV;TGO;TUN;UGA;URY;ZAF,MCF,English,GCF
,,Global Subnational Climate Fund (SnCF Global) – Technical Assistance (TA) Facility,"The goal of the Sub-national Climate Fund Global (SnCF Global or the “Fund”) is to catalyze long-term climate investment at the sub-national level for mitigation and adaptation solutions through a transformative financing model. The SnCF Global’s business model is designed to attract primarily private institutional investment and to deliver certified climate and Sustainable Development impacts and Nature-based Solutions at global scale (SDGs, NbS). The subnational level is key: 70% of known climate solutions are located within the boundaries of subnational authorities. Significant additional investment is needed in this sector to achieve the climate goals of the Paris Agreement. The SnCF Global presents a positive disruptive solution on how subnational climate projects should be structured, de-risked, and funded by both private and public investors, while monitored and benchmarked at the highest level of rigor and quality. 
	
	The Fund is designed to overcome project-level barriers and limitations in attracting private investment that leads to chronic underfunding of bankable mitigation and adaptation projects at the sub-national level, specifically at the deal size of USD 5 million to 75 million. Thousands of high merit sub-national projects are bypassed by commercial financing because investors prefer perceived safer and larger investments. The Fund firmly believes that GCF anchor funding and first-loss coverage will unlock both public investors and more importantly, private institutional investors. With GCF support, these investors have expressed willingness to co-invest. This is the first time an impact equity fund mobilizes public (20 %) and private sector (80%) funding at scale to de-risk sub-national middle scale infrastructure projects.",2020-11-13T00:00:00+00:00,https://app.climatepolicyradar.org/document/global-subnational-climate-fund-sncf-global-technical-assistance-ta-facility_85bd,Gender action plan for FP151: Global Subnational Climate Fund (SnCF Global) – Technical Assistance (TA) Facility,https://app.climatepolicyradar.org/documents/gender-action-plan-for-fp151-global-subnational-climate-fund-sncf-global-technical-assistance-ta-facility_1a12,https://cdn.climatepolicyradar.org/navigator/TUN/2020/global-subnational-climate-fund-sncf-global-technical-assistance-ta-facility_89b9efdd9534a97904ebbb37a371eb92.pdf,Gender action plan,n/a,ALB;BFA;BHS;BRA;CHL;CIV;CMR;COD;CRI;DMA;DOM;ECU;FJI;GAB;GIN;GTM;HND;HTI;IDN;JAM;JOR;KEN;KHM;LBN;MAR;MEX;MKD;MLI;MMR;MNE;MOZ;MRT;NGA;PAN;RWA;SEN;SLV;TGO;TUN;UGA;URY;ZAF,MCF,English,GCF
,,Global Subnational Climate Fund (SnCF Global) – Equity,"The goal of the Sub-national Climate Fund Global (SnCF Global or the “Fund”) is to catalyze long-term climate investment at the sub-national level for mitigation and adaptation solutions through a transformative financing model. The SnCF Global’s business model is designed to attract primarily private institutional investment and to deliver certified climate and Sustainable Development impacts and Nature-based Solutions at global scale (SDGs, NbS). The subnational level is key: 70% of known climate solutions are located within the boundaries of subnational authorities. Significant additional investment is needed in this sector to achieve the climate goals of the Paris Agreement. The SnCF Global presents a positive disruptive solution on how subnational climate projects should be structured, de-risked, and funded by both private and public investors, while monitored and benchmarked at the highest level of rigor and quality.

The Fund is designed to overcome project-level barriers and limitations in attracting private investment that leads to chronic underfunding of bankable mitigation and adaptation projects at the sub-national level, specifically at the deal size of USD 5 million to 75 million. Thousands of high merit sub-national projects are bypassed by commercial financing because investors prefer perceived safer and larger investments. The Fund firmly believes that GCF anchor funding and first-loss coverage will unlock both public investors and more importantly, private institutional investors. With GCF support, these investors have expressed willingness to co-invest. This is the first time an impact equity fund mobilizes public (20 %) and private sector (80%) funding at scale to de-risk sub-national middle scale infrastructure projects.",2020-11-13T00:00:00+00:00,https://app.climatepolicyradar.org/document/global-subnational-climate-fund-sncf-global-equity_1f5d,2024 Annual Performance Report for FP152: Global Subnational Climate Fund (SnCF Global) – Equity,https://app.climatepolicyradar.org/documents/2024-annual-performance-report-for-fp152-global-subnational-climate-fund-sncf-global-equity_247a,https://cdn.climatepolicyradar.org/navigator/ALB/2020/global-subnational-climate-fund-sncf-global-equity_501ed2ea7f4796a8e8fbb9e443a260c9.pdf,Annual Performance Report,n/a,ALB;BFA;BHS;BRA;CHL;CIV;CMR;COD;CRI;DMA;DOM;ECU;FJI;GAB;GIN;GTM;HND;HTI;IDN;JAM;JOR;KEN;KHM;LBN;MAR;MEX;MKD;MLI;MMR;MNE;MOZ;MRT;NGA;PAN;RWA;SEN;SLV;TGO;TUN;UGA;URY;ZAF,MCF,English,GCF
,,Global Subnational Climate Fund (SnCF Global) – Equity,"The goal of the Sub-national Climate Fund Global (SnCF Global or the “Fund”) is to catalyze long-term climate investment at the sub-national level for mitigation and adaptation solutions through a transformative financing model. The SnCF Global’s business model is designed to attract primarily private institutional investment and to deliver certified climate and Sustainable Development impacts and Nature-based Solutions at global scale (SDGs, NbS). The subnational level is key: 70% of known climate solutions are located within the boundaries of subnational authorities. Significant additional investment is needed in this sector to achieve the climate goals of the Paris Agreement. The SnCF Global presents a positive disruptive solution on how subnational climate projects should be structured, de-risked, and funded by both private and public investors, while monitored and benchmarked at the highest level of rigor and quality.

The Fund is designed to overcome project-level barriers and limitations in attracting private investment that leads to chronic underfunding of bankable mitigation and adaptation projects at the sub-national level, specifically at the deal size of USD 5 million to 75 million. Thousands of high merit sub-national projects are bypassed by commercial financing because investors prefer perceived safer and larger investments. The Fund firmly believes that GCF anchor funding and first-loss coverage will unlock both public investors and more importantly, private institutional investors. With GCF support, these investors have expressed willingness to co-invest. This is the first time an impact equity fund mobilizes public (20 %) and private sector (80%) funding at scale to de-risk sub-national middle scale infrastructure projects.",2020-11-13T00:00:00+00:00,https://app.climatepolicyradar.org/document/global-subnational-climate-fund-sncf-global-equity_1f5d,2023 Annual Performance Report for FP152: Global Subnational Climate Fund (SnCF Global) – Equity,https://app.climatepolicyradar.org/documents/2023-annual-performance-report-for-fp152-global-subnational-climate-fund-sncf-global-equity_6a3b,https://cdn.climatepolicyradar.org/navigator/ALB/2020/global-subnational-climate-fund-sncf-global-equity_30b245f5ed64f6b5a8047d78dbcb7f27.pdf,Annual Performance Report,n/a,ALB;BFA;BHS;BRA;CHL;CIV;CMR;COD;CRI;DMA;DOM;ECU;FJI;GAB;GIN;GTM;HND;HTI;IDN;JAM;JOR;KEN;KHM;LBN;MAR;MEX;MKD;MLI;MMR;MNE;MOZ;MRT;NGA;PAN;RWA;SEN;SLV;TGO;TUN;UGA;URY;ZAF,MCF,English,GCF
,,Global Subnational Climate Fund (SnCF Global) – Equity,"The goal of the Sub-national Climate Fund Global (SnCF Global or the “Fund”) is to catalyze long-term climate investment at the sub-national level for mitigation and adaptation solutions through a transformative financing model. The SnCF Global’s business model is designed to attract primarily private institutional investment and to deliver certified climate and Sustainable Development impacts and Nature-based Solutions at global scale (SDGs, NbS). The subnational level is key: 70% of known climate solutions are located within the boundaries of subnational authorities. Significant additional investment is needed in this sector to achieve the climate goals of the Paris Agreement. The SnCF Global presents a positive disruptive solution on how subnational climate projects should be structured, de-risked, and funded by both private and public investors, while monitored and benchmarked at the highest level of rigor and quality.

The Fund is designed to overcome project-level barriers and limitations in attracting private investment that leads to chronic underfunding of bankable mitigation and adaptation projects at the sub-national level, specifically at the deal size of USD 5 million to 75 million. Thousands of high merit sub-national projects are bypassed by commercial financing because investors prefer perceived safer and larger investments. The Fund firmly believes that GCF anchor funding and first-loss coverage will unlock both public investors and more importantly, private institutional investors. With GCF support, these investors have expressed willingness to co-invest. This is the first time an impact equity fund mobilizes public (20 %) and private sector (80%) funding at scale to de-risk sub-national middle scale infrastructure projects.",2020-11-13T00:00:00+00:00,https://app.climatepolicyradar.org/document/global-subnational-climate-fund-sncf-global-equity_1f5d,2022 Annual Performance Report for FP152: Global Subnational Climate Fund (SnCF Global) – Equity,https://app.climatepolicyradar.org/documents/2022-annual-performance-report-for-fp152-global-subnational-climate-fund-sncf-global-equity_3c04,https://cdn.climatepolicyradar.org/navigator/MMR/2020/global-subnational-climate-fund-sncf-global-equity_674bb04fc0812a56688250916a9ba444.pdf,Annual Performance Report,n/a,ALB;BFA;BHS;BRA;CHL;CIV;CMR;COD;CRI;DMA;DOM;ECU;FJI;GAB;GIN;GTM;HND;HTI;IDN;JAM;JOR;KEN;KHM;LBN;MAR;MEX;MKD;MLI;MMR;MNE;MOZ;MRT;NGA;PAN;RWA;SEN;SLV;TGO;TUN;UGA;URY;ZAF,MCF,English,GCF
,,Global Subnational Climate Fund (SnCF Global) – Equity,"The goal of the Sub-national Climate Fund Global (SnCF Global or the “Fund”) is to catalyze long-term climate investment at the sub-national level for mitigation and adaptation solutions through a transformative financing model. The SnCF Global’s business model is designed to attract primarily private institutional investment and to deliver certified climate and Sustainable Development impacts and Nature-based Solutions at global scale (SDGs, NbS). The subnational level is key: 70% of known climate solutions are located within the boundaries of subnational authorities. Significant additional investment is needed in this sector to achieve the climate goals of the Paris Agreement. The SnCF Global presents a positive disruptive solution on how subnational climate projects should be structured, de-risked, and funded by both private and public investors, while monitored and benchmarked at the highest level of rigor and quality.

The Fund is designed to overcome project-level barriers and limitations in attracting private investment that leads to chronic underfunding of bankable mitigation and adaptation projects at the sub-national level, specifically at the deal size of USD 5 million to 75 million. Thousands of high merit sub-national projects are bypassed by commercial financing because investors prefer perceived safer and larger investments. The Fund firmly believes that GCF anchor funding and first-loss coverage will unlock both public investors and more importantly, private institutional investors. With GCF support, these investors have expressed willingness to co-invest. This is the first time an impact equity fund mobilizes public (20 %) and private sector (80%) funding at scale to de-risk sub-national middle scale infrastructure projects.",2020-11-13T00:00:00+00:00,https://app.climatepolicyradar.org/document/global-subnational-climate-fund-sncf-global-equity_1f5d,Global Subnational Climate Fund (SnCF Global) – Equity,https://app.climatepolicyradar.org/documents/global-subnational-climate-fund-sncf-global-equity_8603,https://cdn.climatepolicyradar.org/navigator/CIV/2020/global-subnational-climate-fund-sncf-global-equity_602406e27526f1036d26b46bd1acfaa0.pdf,Approved funding proposal,n/a,ALB;BFA;BHS;BRA;CHL;CIV;CMR;COD;CRI;DMA;DOM;ECU;FJI;GAB;GIN;GTM;HND;HTI;IDN;JAM;JOR;KEN;KHM;LBN;MAR;MEX;MKD;MLI;MMR;MNE;MOZ;MRT;NGA;PAN;RWA;SEN;SLV;TGO;TUN;UGA;URY;ZAF,MCF,English,GCF
,,Global Subnational Climate Fund (SnCF Global) – Equity,"The goal of the Sub-national Climate Fund Global (SnCF Global or the “Fund”) is to catalyze long-term climate investment at the sub-national level for mitigation and adaptation solutions through a transformative financing model. The SnCF Global’s business model is designed to attract primarily private institutional investment and to deliver certified climate and Sustainable Development impacts and Nature-based Solutions at global scale (SDGs, NbS). The subnational level is key: 70% of known climate solutions are located within the boundaries of subnational authorities. Significant additional investment is needed in this sector to achieve the climate goals of the Paris Agreement. The SnCF Global presents a positive disruptive solution on how subnational climate projects should be structured, de-risked, and funded by both private and public investors, while monitored and benchmarked at the highest level of rigor and quality.

The Fund is designed to overcome project-level barriers and limitations in attracting private investment that leads to chronic underfunding of bankable mitigation and adaptation projects at the sub-national level, specifically at the deal size of USD 5 million to 75 million. Thousands of high merit sub-national projects are bypassed by commercial financing because investors prefer perceived safer and larger investments. The Fund firmly believes that GCF anchor funding and first-loss coverage will unlock both public investors and more importantly, private institutional investors. With GCF support, these investors have expressed willingness to co-invest. This is the first time an impact equity fund mobilizes public (20 %) and private sector (80%) funding at scale to de-risk sub-national middle scale infrastructure projects.",2020-11-13T00:00:00+00:00,https://app.climatepolicyradar.org/document/global-subnational-climate-fund-sncf-global-equity_1f5d,Gender assessment for FP152: Global Subnational Climate Fund (SnCF Global) – Equity,https://app.climatepolicyradar.org/documents/gender-assessment-for-fp152-global-subnational-climate-fund-sncf-global-equity_7f89,https://cdn.climatepolicyradar.org/navigator/ALB/2020/global-subnational-climate-fund-sncf-global-equity_7ea124eda91a478c7554b5896ee2aeb3.pdf,Gender assessment,n/a,ALB;BFA;BHS;BRA;CHL;CIV;CMR;COD;CRI;DMA;DOM;ECU;FJI;GAB;GIN;GTM;HND;HTI;IDN;JAM;JOR;KEN;KHM;LBN;MAR;MEX;MKD;MLI;MMR;MNE;MOZ;MRT;NGA;PAN;RWA;SEN;SLV;TGO;TUN;UGA;URY;ZAF,MCF,English,GCF
,,Global Subnational Climate Fund (SnCF Global) – Equity,"The goal of the Sub-national Climate Fund Global (SnCF Global or the “Fund”) is to catalyze long-term climate investment at the sub-national level for mitigation and adaptation solutions through a transformative financing model. The SnCF Global’s business model is designed to attract primarily private institutional investment and to deliver certified climate and Sustainable Development impacts and Nature-based Solutions at global scale (SDGs, NbS). The subnational level is key: 70% of known climate solutions are located within the boundaries of subnational authorities. Significant additional investment is needed in this sector to achieve the climate goals of the Paris Agreement. The SnCF Global presents a positive disruptive solution on how subnational climate projects should be structured, de-risked, and funded by both private and public investors, while monitored and benchmarked at the highest level of rigor and quality.

The Fund is designed to overcome project-level barriers and limitations in attracting private investment that leads to chronic underfunding of bankable mitigation and adaptation projects at the sub-national level, specifically at the deal size of USD 5 million to 75 million. Thousands of high merit sub-national projects are bypassed by commercial financing because investors prefer perceived safer and larger investments. The Fund firmly believes that GCF anchor funding and first-loss coverage will unlock both public investors and more importantly, private institutional investors. With GCF support, these investors have expressed willingness to co-invest. This is the first time an impact equity fund mobilizes public (20 %) and private sector (80%) funding at scale to de-risk sub-national middle scale infrastructure projects.",2020-11-13T00:00:00+00:00,https://app.climatepolicyradar.org/document/global-subnational-climate-fund-sncf-global-equity_1f5d,Gender action plan for FP152: Global Subnational Climate Fund (SnCF Global) – Equity,https://app.climatepolicyradar.org/documents/gender-action-plan-for-fp152-global-subnational-climate-fund-sncf-global-equity_2175,https://cdn.climatepolicyradar.org/navigator/UGA/2020/global-subnational-climate-fund-sncf-global-equity_def8403d734e6f7e963f7aaaac98ef8c.pdf,Gender action plan,n/a,ALB;BFA;BHS;BRA;CHL;CIV;CMR;COD;CRI;DMA;DOM;ECU;FJI;GAB;GIN;GTM;HND;HTI;IDN;JAM;JOR;KEN;KHM;LBN;MAR;MEX;MKD;MLI;MMR;MNE;MOZ;MRT;NGA;PAN;RWA;SEN;SLV;TGO;TUN;UGA;URY;ZAF,MCF,English,GCF
,,Reviving high quality coffee to stimulate climate adaptation in smallholder farming communities,"To enable climate adaptation and resilience among smallholder coffee farming communities, and in particular for rural women, in the Democratic Republic of Congo (DRC) and Uganda through business-led approaches",2020-07-02T00:00:00+00:00,https://app.climatepolicyradar.org/document/reviving-high-quality-coffee-to-stimulate-climate-adaptation-in-smallholder-farming-communities_b98e,Reviving high quality coffee to stimulate climate adaptation in smallholder farming communities,https://app.climatepolicyradar.org/documents/reviving-high-quality-coffee-to-stimulate-climate-adaptation-in-smallholder-farming-communities_5090,https://cdn.climatepolicyradar.org/navigator/UGA/2020/reviving-high-quality-coffee-to-stimulate-climate-adaptation-in-smallholder-farming-communities_cebc733013908d2b93bc02bcdf622c14.pdf,,n/a,COG;UGA;XAB,MCF,English,GEF
,,Third National Development Plan (NDPIII) 2020/21 - 2024/25,"<p>This document lays out the country's development vision for the period 2020-2025. Chapter 9 states that natural resource and climate change management are critical to the reduction of disaster losses, achievement of increased household incomes and improvement of quality of life of the population.</p>",2020-07-01T00:00:00+00:00,https://app.climatepolicyradar.org/document/third-national-development-plan-ndpiii-2020-21-2024-25_1fda,Third National Development Plan (NDPIII) 2020/21 - 2024/25,https://app.climatepolicyradar.org/documents/third-national-development-plan-ndpiii-2020-21-2024-25_63be,https://cdn.climatepolicyradar.org/navigator/UGA/2020/third-national-development-plan-ndpiii-2020-21-2024-25_c77c1d2ee1a53af359232fe22299362f.pdf,Plan,n/a,UGA,Executive,English,CCLW
,,DPSP III: Electricity Access Scale up Project (EASP),DPSP III: Electricity Access Scale up Project (EASP) implemented by International Bank for Reconstruction and Development (IBRD),2020-03-17T00:00:00+00:00,https://app.climatepolicyradar.org/document/dpsp-iii-electricity-access-scale-up-project-easp_1474,DPSP III: Electricity Access Scale up Project (EASP),https://app.climatepolicyradar.org/documents/dpsp-iii-electricity-access-scale-up-project-easp_4609,https://cdn.climatepolicyradar.org/navigator/UGA/2020/dpsp-iii-electricity-access-scale-up-project-easp_f69126278d711f5e960577d072b51278.pdf,,n/a,UGA,MCF,English,CIF
,,Arbaro Fund – Sustainable Forestry Fund,"The Programme will provide effective climate change mitigation outcome through investing in sustainable plantation forestry projects in emerging forestry markets of Latin America and Sub Saharan Africa, while also bringing adaptation co-benefits. This investment approach provides developing countries and their rural communities with a solution to increase carbon sinks by producing wood in a sustainable manner and conserving natural forests, whilst contributing to reduction of illegal logging.

Besides direct mitigation achieved in forest plantations, the Programme operations will lead to additional green house gas emission reduction benefits: the protection of natural forests in project areas, as well as the provision of alternative wood resources, will support efforts to combat deforestation and degradation of natural forests in project regions, and part of the carbon contained in harvested trees will be stored in wood products.",2020-03-12T00:00:00+00:00,https://app.climatepolicyradar.org/document/arbaro-fund-sustainable-forestry-fund_ff8b,2023 Annual Performance Report for FP128: Arbaro Fund – Sustainable Forestry Fund,https://app.climatepolicyradar.org/documents/2023-annual-performance-report-for-fp128-arbaro-fund-sustainable-forestry-fund_04be,https://cdn.climatepolicyradar.org/navigator/COL/2020/arbaro-fund-sustainable-forestry-fund_8c0d41de6b42f1249149150fb0dd7345.pdf,Annual Performance Report,n/a,COL;ECU;ETH;GHA;GTM;PER;PRY;SLE;UGA,MCF,English,GCF
,,Arbaro Fund – Sustainable Forestry Fund,"The Programme will provide effective climate change mitigation outcome through investing in sustainable plantation forestry projects in emerging forestry markets of Latin America and Sub Saharan Africa, while also bringing adaptation co-benefits. This investment approach provides developing countries and their rural communities with a solution to increase carbon sinks by producing wood in a sustainable manner and conserving natural forests, whilst contributing to reduction of illegal logging.

Besides direct mitigation achieved in forest plantations, the Programme operations will lead to additional green house gas emission reduction benefits: the protection of natural forests in project areas, as well as the provision of alternative wood resources, will support efforts to combat deforestation and degradation of natural forests in project regions, and part of the carbon contained in harvested trees will be stored in wood products.",2020-03-12T00:00:00+00:00,https://app.climatepolicyradar.org/document/arbaro-fund-sustainable-forestry-fund_ff8b,2024 Annual Performance Report for FP128: Arbaro Fund – Sustainable Forestry Fund,https://app.climatepolicyradar.org/documents/2024-annual-performance-report-for-fp128-arbaro-fund-sustainable-forestry-fund_1eb4,https://cdn.climatepolicyradar.org/navigator/COL/2020/arbaro-fund-sustainable-forestry-fund_85954f9a6729e2f2260d968a7b526176.pdf,Annual Performance Report,n/a,COL;ECU;ETH;GHA;GTM;PER;PRY;SLE;UGA,MCF,English,GCF
,,Arbaro Fund – Sustainable Forestry Fund,"The Programme will provide effective climate change mitigation outcome through investing in sustainable plantation forestry projects in emerging forestry markets of Latin America and Sub Saharan Africa, while also bringing adaptation co-benefits. This investment approach provides developing countries and their rural communities with a solution to increase carbon sinks by producing wood in a sustainable manner and conserving natural forests, whilst contributing to reduction of illegal logging.

Besides direct mitigation achieved in forest plantations, the Programme operations will lead to additional green house gas emission reduction benefits: the protection of natural forests in project areas, as well as the provision of alternative wood resources, will support efforts to combat deforestation and degradation of natural forests in project regions, and part of the carbon contained in harvested trees will be stored in wood products.",2020-03-12T00:00:00+00:00,https://app.climatepolicyradar.org/document/arbaro-fund-sustainable-forestry-fund_ff8b,2022 Annual Performance Report for FP128: Arbaro Fund – Sustainable Forestry Fund,https://app.climatepolicyradar.org/documents/2022-annual-performance-report-for-fp128-arbaro-fund-sustainable-forestry-fund_c465,https://cdn.climatepolicyradar.org/navigator/GTM/2018/arbaro-fund-sustainable-forestry-fund_e473bc15e3c9b01a2916660a5af063f8.pdf,Annual Performance Report,n/a,COL;ECU;ETH;GHA;GTM;PER;PRY;SLE;UGA,MCF,English,GCF
,,Arbaro Fund – Sustainable Forestry Fund,"The Programme will provide effective climate change mitigation outcome through investing in sustainable plantation forestry projects in emerging forestry markets of Latin America and Sub Saharan Africa, while also bringing adaptation co-benefits. This investment approach provides developing countries and their rural communities with a solution to increase carbon sinks by producing wood in a sustainable manner and conserving natural forests, whilst contributing to reduction of illegal logging.

Besides direct mitigation achieved in forest plantations, the Programme operations will lead to additional green house gas emission reduction benefits: the protection of natural forests in project areas, as well as the provision of alternative wood resources, will support efforts to combat deforestation and degradation of natural forests in project regions, and part of the carbon contained in harvested trees will be stored in wood products.",2020-03-12T00:00:00+00:00,https://app.climatepolicyradar.org/document/arbaro-fund-sustainable-forestry-fund_ff8b,Gender assessment for FP128: Arbaro Fund – Sustainable Forestry Fund,https://app.climatepolicyradar.org/documents/gender-assessment-for-fp128-arbaro-fund-sustainable-forestry-fund_5a0e,https://cdn.climatepolicyradar.org/navigator/ETH/2018/arbaro-fund-sustainable-forestry-fund_1f442b317f9abe8e866b8e40bfe3b6ef.pdf,Gender assessment,n/a,COL;ECU;ETH;GHA;GTM;PER;PRY;SLE;UGA,MCF,English,GCF
,,Arbaro Fund – Sustainable Forestry Fund,"The Programme will provide effective climate change mitigation outcome through investing in sustainable plantation forestry projects in emerging forestry markets of Latin America and Sub Saharan Africa, while also bringing adaptation co-benefits. This investment approach provides developing countries and their rural communities with a solution to increase carbon sinks by producing wood in a sustainable manner and conserving natural forests, whilst contributing to reduction of illegal logging.

Besides direct mitigation achieved in forest plantations, the Programme operations will lead to additional green house gas emission reduction benefits: the protection of natural forests in project areas, as well as the provision of alternative wood resources, will support efforts to combat deforestation and degradation of natural forests in project regions, and part of the carbon contained in harvested trees will be stored in wood products.",2020-03-12T00:00:00+00:00,https://app.climatepolicyradar.org/document/arbaro-fund-sustainable-forestry-fund_ff8b,Gender action plan for FP128: Arbaro Fund – Sustainable Forestry Fund,https://app.climatepolicyradar.org/documents/gender-action-plan-for-fp128-arbaro-fund-sustainable-forestry-fund_c397,https://cdn.climatepolicyradar.org/navigator/ECU/2018/arbaro-fund-sustainable-forestry-fund_9283c13d45b6398a05b292d986adb35f.pdf,Gender action plan,n/a,COL;ECU;ETH;GHA;GTM;PER;PRY;SLE;UGA,MCF,English,GCF
,,Arbaro Fund – Sustainable Forestry Fund,"The Programme will provide effective climate change mitigation outcome through investing in sustainable plantation forestry projects in emerging forestry markets of Latin America and Sub Saharan Africa, while also bringing adaptation co-benefits. This investment approach provides developing countries and their rural communities with a solution to increase carbon sinks by producing wood in a sustainable manner and conserving natural forests, whilst contributing to reduction of illegal logging.

Besides direct mitigation achieved in forest plantations, the Programme operations will lead to additional green house gas emission reduction benefits: the protection of natural forests in project areas, as well as the provision of alternative wood resources, will support efforts to combat deforestation and degradation of natural forests in project regions, and part of the carbon contained in harvested trees will be stored in wood products.",2020-03-12T00:00:00+00:00,https://app.climatepolicyradar.org/document/arbaro-fund-sustainable-forestry-fund_ff8b,2020 Annual Performance Report for FP128: Arbaro Fund – Sustainable Forestry Fund,https://app.climatepolicyradar.org/documents/2020-annual-performance-report-for-fp128-arbaro-fund-sustainable-forestry-fund_a0dc,https://cdn.climatepolicyradar.org/navigator/PER/2018/arbaro-fund-sustainable-forestry-fund_f09204d378bac8623edb95b3d8d6afb1.pdf,Annual Performance Report,n/a,COL;ECU;ETH;GHA;GTM;PER;PRY;SLE;UGA,MCF,English,GCF
,,Arbaro Fund – Sustainable Forestry Fund,"The Programme will provide effective climate change mitigation outcome through investing in sustainable plantation forestry projects in emerging forestry markets of Latin America and Sub Saharan Africa, while also bringing adaptation co-benefits. This investment approach provides developing countries and their rural communities with a solution to increase carbon sinks by producing wood in a sustainable manner and conserving natural forests, whilst contributing to reduction of illegal logging.

Besides direct mitigation achieved in forest plantations, the Programme operations will lead to additional green house gas emission reduction benefits: the protection of natural forests in project areas, as well as the provision of alternative wood resources, will support efforts to combat deforestation and degradation of natural forests in project regions, and part of the carbon contained in harvested trees will be stored in wood products.",2020-03-12T00:00:00+00:00,https://app.climatepolicyradar.org/document/arbaro-fund-sustainable-forestry-fund_ff8b,Arbaro Fund – Sustainable Forestry Fund,https://app.climatepolicyradar.org/documents/arbaro-fund-sustainable-forestry-fund_4ef6,https://cdn.climatepolicyradar.org/navigator/ECU/2018/arbaro-fund-sustainable-forestry-fund_d6502ad5daeec8bf2630bba0330b0913.pdf,Approved funding proposal,n/a,COL;ECU;ETH;GHA;GTM;PER;PRY;SLE;UGA,MCF,English,GCF
,,Promoting integrated landscape management approach for conservation of the Mount Elgon ecosystem in Eastern Uganda,"To transition the Mt. Elgon region to a sustainable, biodiverse, climate-resilient, integrated landscape with efficient coffee and staple crops (maize, banana and Irish potato) value and supply chain.",2020-01-24T00:00:00+00:00,https://app.climatepolicyradar.org/document/promoting-integrated-landscape-management-approach-for-conservation-of-the-mount-elgon-ecosystem-in-eastern-uganda_ec0a,Promoting integrated landscape management approach for conservation of the Mount Elgon ecosystem in Eastern Uganda,https://app.climatepolicyradar.org/documents/promoting-integrated-landscape-management-approach-for-conservation-of-the-mount-elgon-ecosystem-in-eastern-uganda_6ccf,https://cdn.climatepolicyradar.org/navigator/UGA/2020/promoting-integrated-landscape-management-approach-for-conservation-of-the-mount-elgon-ecosystem-in-eastern-uganda_5648464ed9a0b6a39034a9beed3737b6.pdf,,n/a,UGA,MCF,English,GEF
,,Technical Assistance Grant for ESP and Gender (TA-ESGP),"<p>The Ministry of Water and Environment (MoWE) of Uganda technical assistance grant for the Environmental and Social Policy and Gender Policy (TA-ESGP) seeks to enhance the capacity of MoWE to assess and manage environmental, social and gender related issues and its compliance with the Adaptation Fund’s Environmental and Social Policy and Gender Policy.</p>",2019-12-02T00:00:00+00:00,https://app.climatepolicyradar.org/document/technical-assistance-grant-for-esp-and-gender-ta-esgp_3a5f,Project document,https://app.climatepolicyradar.org/documents/project-document_7b9b,https://cdn.climatepolicyradar.org/navigator/UGA/2019/technical-assistance-grant-for-esp-and-gender-ta-esgp_e05a09d408e4c56d603d120c5effb99d.pdf,,n/a,UGA,MCF,English,AF
,,Financial Year 2020/21 Ugandan National Budget,"<p>This budget law notably aims to provide relief aid in response to disasters, including climate-induced floods and landslides. The budget framework paper also sets targets of forest cover, integration of the climate change issue into development plans, and change in direct and indirect GHG emissions.</p>",2019-12-01T00:00:00+00:00,https://app.climatepolicyradar.org/document/financial-year-2020-21-ugandan-national-budget_5175,2020-2021 Budget Speech,https://app.climatepolicyradar.org/documents/budget-speech-financial-year-2020-21_194b,https://cdn.climatepolicyradar.org/navigator/UGA/2020/budget-speech-financial-year-2020-21_4318b164ad29f787fb9ae670b238e0eb.pdf,Policy,n/a,UGA,Executive,English,CCLW
,,Financial Year 2020/21 Ugandan National Budget,"<p>This budget law notably aims to provide relief aid in response to disasters, including climate-induced floods and landslides. The budget framework paper also sets targets of forest cover, integration of the climate change issue into development plans, and change in direct and indirect GHG emissions.</p>",2019-12-01T00:00:00+00:00,https://app.climatepolicyradar.org/document/financial-year-2020-21-ugandan-national-budget_5175,National Budget Framework Paper FY 2020/21 - FY 2024/25,https://app.climatepolicyradar.org/documents/national-budget-framework-paper-fy-2020-21-fy-2024-25_9f92,https://cdn.climatepolicyradar.org/navigator/UGA/2019/financial-year-2020-21-ugandan-national-budget_3dc2f2b3dee82b1eb810575bc9347b55.pdf,Policy,n/a,UGA,Executive,English,CCLW
,,"Strengthening Drought Resilience for Small Holder Farmers and Pastoralists in the IGAD Region (Djibouti, Kenya, Sudan, Uganda)","The overall objective of the project is to increase the resilience of smallholder farmers and pastoralists to climate change risks mainly those related to drought, through the establishment of appropriate early warning systems and implementation of drought adaptation actions in the IGAD region. The anticipated impact of the project will directly benefit a total of 613,530 people. The project targets to consolidate synergies and adopt innovative and resilient drought management actions from selected IGAD region countries including Djibouti, Kenya, Sudan and Uganda.",2019-10-11T00:00:00+00:00,https://app.climatepolicyradar.org/document/strengthening-drought-resilience-for-small-holder-farmers-and-pastoralists-in-the-igad-region-djibouti-kenya-sudan-uganda_03c2,Project concept,https://app.climatepolicyradar.org/documents/project-concept_b4b8,https://cdn.climatepolicyradar.org/navigator/DJI/2019/strengthening-drought-resilience-for-small-holder-farmers-and-pastoralists-in-the-igad-region-djibouti-kenya-sudan-uganda_20ebe56a50212ad066cc9283819d1bf8.pdf,,n/a,DJI;KEN;SDN;UGA,MCF,English,AF
,,"Strengthening Drought Resilience for Small Holder Farmers and Pastoralists in the IGAD Region (Djibouti, Kenya, Sudan, Uganda)","The overall objective of the project is to increase the resilience of smallholder farmers and pastoralists to climate change risks mainly those related to drought, through the establishment of appropriate early warning systems and implementation of drought adaptation actions in the IGAD region. The anticipated impact of the project will directly benefit a total of 613,530 people. The project targets to consolidate synergies and adopt innovative and resilient drought management actions from selected IGAD region countries including Djibouti, Kenya, Sudan and Uganda.",2019-10-11T00:00:00+00:00,https://app.climatepolicyradar.org/document/strengthening-drought-resilience-for-small-holder-farmers-and-pastoralists-in-the-igad-region-djibouti-kenya-sudan-uganda_03c2,projects documents,https://app.climatepolicyradar.org/documents/projects-documents_d0e0,https://cdn.climatepolicyradar.org/navigator/DJI/2019/strengthening-drought-resilience-for-small-holder-farmers-and-pastoralists-in-the-igad-region-djibouti-kenya-sudan-uganda_6e3d76f243c225e74f1cc9cd91afe56e.pdf,,n/a,DJI;KEN;SDN;UGA,MCF,English,AF
,,"Strengthening Drought Resilience for Small Holder Farmers and Pastoralists in the IGAD Region (Djibouti, Kenya, Sudan, Uganda)","The overall objective of the project is to increase the resilience of smallholder farmers and pastoralists to climate change risks mainly those related to drought, through the establishment of appropriate early warning systems and implementation of drought adaptation actions in the IGAD region. The anticipated impact of the project will directly benefit a total of 613,530 people. The project targets to consolidate synergies and adopt innovative and resilient drought management actions from selected IGAD region countries including Djibouti, Kenya, Sudan and Uganda.",2019-10-11T00:00:00+00:00,https://app.climatepolicyradar.org/document/strengthening-drought-resilience-for-small-holder-farmers-and-pastoralists-in-the-igad-region-djibouti-kenya-sudan-uganda_03c2,Inception report,https://app.climatepolicyradar.org/documents/inception-report_febe,https://cdn.climatepolicyradar.org/navigator/DJI/2019/strengthening-drought-resilience-for-small-holder-farmers-and-pastoralists-in-the-igad-region-djibouti-kenya-sudan-uganda_ec48bded4d0f4d200b84d1365ae417f1.pdf,,n/a,DJI;KEN;SDN;UGA,MCF,English,AF
Uganda's Biennial Update Reports,,Uganda Biennial update report. BUR1,"<p>Uganda. Biennial update report (BUR). BUR 1., Biennial Update Report from Uganda in 2019</p>",2019-10-01T00:00:00+00:00,https://app.climatepolicyradar.org/document/uganda-biennial-update-report-bur1_c423,Uganda Biennial update report. BUR1,https://app.climatepolicyradar.org/documents/uganda-biennial-update-report-bur-bur-1_b662,https://cdn.climatepolicyradar.org/navigator/UGA/1900/uganda-biennial-update-report-bur-bur-1_67ac454c7d93c22c0c2cd64c917e5ad4.pdf,Biennial Update Report,n/a,UGA,UN Submissions,English,UNFCCC
Uganda's Biennial Update Reports,,Uganda Biennial update report. BUR1,"<p>Uganda. Biennial update report (BUR). BUR 1., Biennial Update Report from Uganda in 2019</p>",2019-10-01T00:00:00+00:00,https://app.climatepolicyradar.org/document/uganda-biennial-update-report-bur1_c423,Uganda Biennial update report. BUR1 - Technical Annex,https://app.climatepolicyradar.org/documents/uganda-biennial-update-report-bur-bur-1-technical-annex_ecd9,https://cdn.climatepolicyradar.org/navigator/UGA/1900/uganda-biennial-update-report-bur-bur-1_4b229ec5084999b05510d65a0423ae1b.pdf,Biennial Update Report,n/a,UGA,UN Submissions,English,UNFCCC
,,Uganda National Report. NR6 (2019),<p>Uganda National Report. NR6 (2019)</p>,2019-07-02T00:00:00+00:00,https://app.climatepolicyradar.org/document/uganda-national-report-nr6-2019_25fb,Uganda National Report. NR6 (2019),https://app.climatepolicyradar.org/documents/uganda-national-report-nr6-2019_d819,https://cdn.climatepolicyradar.org/navigator/UGA/2019/uganda-national-report-nr6-2019_391168e8736a8eb212def2dff884a87f.pdf,National Report (NR),n/a,UGA,UN Submissions,English,CBD
,,"Food Systems, Land Use and Restoration (FOLUR) Impact Program","To Promote sustainable, integrated landscapes and efficient food value & supply chains at scale.",2019-06-13T00:00:00+00:00,https://app.climatepolicyradar.org/document/food-systems-land-use-and-restoration-folur-impact-program_aa1c,"Food Systems, Land Use and Restoration (FOLUR) Impact Program",https://app.climatepolicyradar.org/documents/food-systems-land-use-and-restoration-folur-impact-program_edf4,https://cdn.climatepolicyradar.org/navigator/IDN/2019/food-systems-land-use-and-restoration-folur-impact-program_47c634bb8f5e811ca54f2064fd63ab1d.pdf,,n/a,BDI;BRA;CHN;CIV;ETH;GHA;GIN;GTM;IDN;IND;KAZ;KEN;LBR;MDG;MEX;MYS;NGA;NIC;PER;PNG;PRY;THA;TZA;UGA;UKR;UZB;VNM;XAB,MCF,English,GEF
,,Strengthening the Adaptive Capacity and Resilience of Communities in Uganda's watersheds,"To build adaptive capacity of rural communities and reduce their vulnerability to climate change and variability through integrated watershed management, climate-resilient infrastructure and sustainable agriculture",2019-06-13T00:00:00+00:00,https://app.climatepolicyradar.org/document/strengthening-the-adaptive-capacity-and-resilience-of-communities-in-uganda-s-watersheds_05bd,Strengthening the Adaptive Capacity and Resilience of Communities in Uganda's watersheds,https://app.climatepolicyradar.org/documents/strengthening-the-adaptive-capacity-and-resilience-of-communities-in-uganda-s-watersheds_4b29,https://cdn.climatepolicyradar.org/navigator/UGA/2019/strengthening-the-adaptive-capacity-and-resilience-of-communities-in-uganda-s-watersheds_06943428dd3b01148c57679cc393807c.pdf,,n/a,UGA,MCF,English,GEF
,,Rural Energy for Development,The project (which GEF would help co-finance) is being prepared as an WB/GEFR Strategic Partnership Adaptable Program Loan (APL) to be implemented over a ten year period through an anticipated 3 tranches.  It will consist of the investment components described below and will also include significant capacity building and technical assistance.,2019-03-18T00:00:00+00:00,https://app.climatepolicyradar.org/document/rural-energy-for-development_2de8,Rural Energy for Development,https://app.climatepolicyradar.org/documents/rural-energy-for-development_5df7,https://cdn.climatepolicyradar.org/navigator/UGA/2019/rural-energy-for-development_6340f535b5d45074b5eb44f3c7b42a1a.pdf,,n/a,UGA,MCF,English,GEF
,,The National Environment Act,"<p>This document repeals, replaces and reforms the law relating to environmental management in Uganda. It aims to provide a legal framework to environmental issues including climate change. The document creates a Policy Committee on Environment responsible for strategic policy guidance on environment. This Committee notably has to provide guidance 1)  in the formulation and implementation of environmental and climate change policies, plans and programmes, in accordance with the National Environment Management Authority, and 2)  on harmonisation of policies of Government with respect to the environment, natural resources, water and climate change.</p>
<p>Art. 69 on the Management of climate change impacts on ecosystems states that a lead agency may, put in place guidelines and prescribe measures to 1) address the impacts of climate change on ecosystems, including by improving the resilience of ecosystems, promoting low carbon development and reducing emissions from deforestation and forest degradation, sustainable management of forests and conservation of forest carbon stock, and 2) advise institutions, firms, sectors or individuals on strategies to address the impacts of climate change, including those related to the use of natural resources, 3) take measures and issue guidelines to address the impacts of climate change, including measures for mitigating and adaptation to the effects of climate change, and 4) liaise with other lead agencies to put in place strategies and action plans to address climate change and its effects.</p>",2019-02-24T00:00:00+00:00,https://app.climatepolicyradar.org/document/the-national-environment-act_4ad3,The National Environment Act,https://app.climatepolicyradar.org/documents/the-national-environment-act_6120,https://cdn.climatepolicyradar.org/navigator/UGA/2019/the-national-environment-act_fd5ba746611bc9d54e40acb4a56cd8ed.pdf,Act,n/a,UGA,Legislative,English,CCLW
,,National Adaptation Plan for the Agricultural Sector,"<p>Uganda's National Adaptation Plan for the Agricultural Sector aims to address growing threats of drought and extreme weather due to climate change, and ensure a sustainable and resilient agrifood system and economy over the long term. The plan seeks to promote a wide range of improvements including to public awareness (of resilient agricultural techniques), research and innovation, and improvements using existing technology, implemented across animal agriculture, crops and fisheries. More specific interventions include connecting weather early warning systems to farmers, introducing resilient crop varieties and field trials, training on rainwater harvesting technology, river basin level planning, among numerous others. </p>",2018-11-01T00:00:00+00:00,https://app.climatepolicyradar.org/document/national-adaptation-plan-for-the-agricultural-sector_6d99,National Adaptation Plan for the Agricultural Sector,https://app.climatepolicyradar.org/documents/national-adaptation-plan-for-the-agricultural-sector_00ba,https://cdn.climatepolicyradar.org/navigator/UGA/2018/national-adaptation-plan-for-the-agricultural-sector_df86ea952bd41f61822638e2e650b9c8.pdf,Plan,n/a,UGA,Executive,English,CCLW
,,Transforming Financial Systems for Climate,"Providing loans and technical assistance in 17 developing countries across Africa and Latin America and the Caribbean to create self-sustaining markets in energy efficiency, renewable energy and climate resilience.

The private sector in these two regions still perceives sustainable energy and climate resilience as expensive and complex, as the environmental advantage of more resilient investments and practices is not well understood. Efforts to demonstrate the benefits of financing these areas are required to reach a critical mass and upscale the commercial viability of climate projects.

The main objectives of this programme are to scale up climate finance in the targeted countries, to redirect financial flows, and reinforce the capacity of local partners in climate-related sectors. It will do this by providing loans through local partner financial institutions to borrowers in sustainable energy, energy efficiency, housing, agriculture, forestry and water and waste management. It will also include a technical support component.

The programme has an estimated lifespan of 20 years.",2018-10-20T00:00:00+00:00,https://app.climatepolicyradar.org/document/transforming-financial-systems-for-climate_e4f8,2024 Annual Performance Report for FP095: Transforming Financial Systems for Climate,https://app.climatepolicyradar.org/documents/2024-annual-performance-report-for-fp095-transforming-financial-systems-for-climate_3831,https://cdn.climatepolicyradar.org/navigator/BEN/2018/transforming-financial-systems-for-climate_70ec876b41e14d5cbec5d80281d7d3af.pdf,Annual Performance Report,n/a,BEN;BFA;CIV;CMR;ECU;EGY;KEN;MAR;MDG;MUS;NAM;NGA;SEN;TGO;TZA;UGA;ZAF,MCF,English,GCF
,,Transforming Financial Systems for Climate,"Providing loans and technical assistance in 17 developing countries across Africa and Latin America and the Caribbean to create self-sustaining markets in energy efficiency, renewable energy and climate resilience.

The private sector in these two regions still perceives sustainable energy and climate resilience as expensive and complex, as the environmental advantage of more resilient investments and practices is not well understood. Efforts to demonstrate the benefits of financing these areas are required to reach a critical mass and upscale the commercial viability of climate projects.

The main objectives of this programme are to scale up climate finance in the targeted countries, to redirect financial flows, and reinforce the capacity of local partners in climate-related sectors. It will do this by providing loans through local partner financial institutions to borrowers in sustainable energy, energy efficiency, housing, agriculture, forestry and water and waste management. It will also include a technical support component.

The programme has an estimated lifespan of 20 years.",2018-10-20T00:00:00+00:00,https://app.climatepolicyradar.org/document/transforming-financial-systems-for-climate_e4f8,2023 Annual Performance Report for FP095: Transforming Financial Systems for Climate,https://app.climatepolicyradar.org/documents/2023-annual-performance-report-for-fp095-transforming-financial-systems-for-climate_b8ba,https://cdn.climatepolicyradar.org/navigator/BEN/2018/transforming-financial-systems-for-climate_71e8b58f3931726245128347bfc73d93.pdf,Annual Performance Report,n/a,BEN;BFA;CIV;CMR;ECU;EGY;KEN;MAR;MDG;MUS;NAM;NGA;SEN;TGO;TZA;UGA;ZAF,MCF,English,GCF
,,Transforming Financial Systems for Climate,"Providing loans and technical assistance in 17 developing countries across Africa and Latin America and the Caribbean to create self-sustaining markets in energy efficiency, renewable energy and climate resilience.

The private sector in these two regions still perceives sustainable energy and climate resilience as expensive and complex, as the environmental advantage of more resilient investments and practices is not well understood. Efforts to demonstrate the benefits of financing these areas are required to reach a critical mass and upscale the commercial viability of climate projects.

The main objectives of this programme are to scale up climate finance in the targeted countries, to redirect financial flows, and reinforce the capacity of local partners in climate-related sectors. It will do this by providing loans through local partner financial institutions to borrowers in sustainable energy, energy efficiency, housing, agriculture, forestry and water and waste management. It will also include a technical support component.

The programme has an estimated lifespan of 20 years.",2018-10-20T00:00:00+00:00,https://app.climatepolicyradar.org/document/transforming-financial-systems-for-climate_e4f8,2022 Annual Performance Report for FP095: Transforming Financial Systems for Climate,https://app.climatepolicyradar.org/documents/2022-annual-performance-report-for-fp095-transforming-financial-systems-for-climate_94fa,https://cdn.climatepolicyradar.org/navigator/UGA/2018/transforming-financial-systems-for-climate_f7a06ca3a238d6bbc1647416287dd981.pdf,Annual Performance Report,n/a,BEN;BFA;CIV;CMR;ECU;EGY;KEN;MAR;MDG;MUS;NAM;NGA;SEN;TGO;TZA;UGA;ZAF,MCF,English,GCF
,,Transforming Financial Systems for Climate,"Providing loans and technical assistance in 17 developing countries across Africa and Latin America and the Caribbean to create self-sustaining markets in energy efficiency, renewable energy and climate resilience.

The private sector in these two regions still perceives sustainable energy and climate resilience as expensive and complex, as the environmental advantage of more resilient investments and practices is not well understood. Efforts to demonstrate the benefits of financing these areas are required to reach a critical mass and upscale the commercial viability of climate projects.

The main objectives of this programme are to scale up climate finance in the targeted countries, to redirect financial flows, and reinforce the capacity of local partners in climate-related sectors. It will do this by providing loans through local partner financial institutions to borrowers in sustainable energy, energy efficiency, housing, agriculture, forestry and water and waste management. It will also include a technical support component.

The programme has an estimated lifespan of 20 years.",2018-10-20T00:00:00+00:00,https://app.climatepolicyradar.org/document/transforming-financial-systems-for-climate_e4f8,2021 Annual Performance Report for FP095: Transforming Financial Systems for Climate,https://app.climatepolicyradar.org/documents/2021-annual-performance-report-for-fp095-transforming-financial-systems-for-climate_fb78,https://cdn.climatepolicyradar.org/navigator/UGA/2018/transforming-financial-systems-for-climate_0b714d5425ef5a8bd0f0eae6a7e4e60a.pdf,Annual Performance Report,n/a,BEN;BFA;CIV;CMR;ECU;EGY;KEN;MAR;MDG;MUS;NAM;NGA;SEN;TGO;TZA;UGA;ZAF,MCF,English,GCF
,,Transforming Financial Systems for Climate,"Providing loans and technical assistance in 17 developing countries across Africa and Latin America and the Caribbean to create self-sustaining markets in energy efficiency, renewable energy and climate resilience.

The private sector in these two regions still perceives sustainable energy and climate resilience as expensive and complex, as the environmental advantage of more resilient investments and practices is not well understood. Efforts to demonstrate the benefits of financing these areas are required to reach a critical mass and upscale the commercial viability of climate projects.

The main objectives of this programme are to scale up climate finance in the targeted countries, to redirect financial flows, and reinforce the capacity of local partners in climate-related sectors. It will do this by providing loans through local partner financial institutions to borrowers in sustainable energy, energy efficiency, housing, agriculture, forestry and water and waste management. It will also include a technical support component.

The programme has an estimated lifespan of 20 years.",2018-10-20T00:00:00+00:00,https://app.climatepolicyradar.org/document/transforming-financial-systems-for-climate_e4f8,2020 Annual Performance Report for FP095: Transforming Financial Systems for Climate,https://app.climatepolicyradar.org/documents/2020-annual-performance-report-for-fp095-transforming-financial-systems-for-climate_16d2,https://cdn.climatepolicyradar.org/navigator/TZA/2018/transforming-financial-systems-for-climate_58962dcf1b3530fc21115cd2b9d6c3b9.pdf,Annual Performance Report,n/a,BEN;BFA;CIV;CMR;ECU;EGY;KEN;MAR;MDG;MUS;NAM;NGA;SEN;TGO;TZA;UGA;ZAF,MCF,English,GCF
,,Transforming Financial Systems for Climate,"Providing loans and technical assistance in 17 developing countries across Africa and Latin America and the Caribbean to create self-sustaining markets in energy efficiency, renewable energy and climate resilience.

The private sector in these two regions still perceives sustainable energy and climate resilience as expensive and complex, as the environmental advantage of more resilient investments and practices is not well understood. Efforts to demonstrate the benefits of financing these areas are required to reach a critical mass and upscale the commercial viability of climate projects.

The main objectives of this programme are to scale up climate finance in the targeted countries, to redirect financial flows, and reinforce the capacity of local partners in climate-related sectors. It will do this by providing loans through local partner financial institutions to borrowers in sustainable energy, energy efficiency, housing, agriculture, forestry and water and waste management. It will also include a technical support component.

The programme has an estimated lifespan of 20 years.",2018-10-20T00:00:00+00:00,https://app.climatepolicyradar.org/document/transforming-financial-systems-for-climate_e4f8,2019 Annual Performance Report for FP095: Transforming Financial Systems for Climate,https://app.climatepolicyradar.org/documents/2019-annual-performance-report-for-fp095-transforming-financial-systems-for-climate_e8aa,https://cdn.climatepolicyradar.org/navigator/CMR/2018/transforming-financial-systems-for-climate_754af2acf72b4008d2040f2d5ce7fbde.pdf,Annual Performance Report,n/a,BEN;BFA;CIV;CMR;ECU;EGY;KEN;MAR;MDG;MUS;NAM;NGA;SEN;TGO;TZA;UGA;ZAF,MCF,English,GCF
,,Transforming Financial Systems for Climate,"Providing loans and technical assistance in 17 developing countries across Africa and Latin America and the Caribbean to create self-sustaining markets in energy efficiency, renewable energy and climate resilience.

The private sector in these two regions still perceives sustainable energy and climate resilience as expensive and complex, as the environmental advantage of more resilient investments and practices is not well understood. Efforts to demonstrate the benefits of financing these areas are required to reach a critical mass and upscale the commercial viability of climate projects.

The main objectives of this programme are to scale up climate finance in the targeted countries, to redirect financial flows, and reinforce the capacity of local partners in climate-related sectors. It will do this by providing loans through local partner financial institutions to borrowers in sustainable energy, energy efficiency, housing, agriculture, forestry and water and waste management. It will also include a technical support component.

The programme has an estimated lifespan of 20 years.",2018-10-20T00:00:00+00:00,https://app.climatepolicyradar.org/document/transforming-financial-systems-for-climate_e4f8,Gender action plan for FP095: Transforming Financial Systems for Climate,https://app.climatepolicyradar.org/documents/gender-action-plan-for-fp095-transforming-financial-systems-for-climate_cb81,https://cdn.climatepolicyradar.org/navigator/TGO/2018/transforming-financial-systems-for-climate_55b670d5a6302bb43ed8ad14a560e689.pdf,Gender action plan,n/a,BEN;BFA;CIV;CMR;ECU;EGY;KEN;MAR;MDG;MUS;NAM;NGA;SEN;TGO;TZA;UGA;ZAF,MCF,English,GCF
,,Transforming Financial Systems for Climate,"Providing loans and technical assistance in 17 developing countries across Africa and Latin America and the Caribbean to create self-sustaining markets in energy efficiency, renewable energy and climate resilience.

The private sector in these two regions still perceives sustainable energy and climate resilience as expensive and complex, as the environmental advantage of more resilient investments and practices is not well understood. Efforts to demonstrate the benefits of financing these areas are required to reach a critical mass and upscale the commercial viability of climate projects.

The main objectives of this programme are to scale up climate finance in the targeted countries, to redirect financial flows, and reinforce the capacity of local partners in climate-related sectors. It will do this by providing loans through local partner financial institutions to borrowers in sustainable energy, energy efficiency, housing, agriculture, forestry and water and waste management. It will also include a technical support component.

The programme has an estimated lifespan of 20 years.",2018-10-20T00:00:00+00:00,https://app.climatepolicyradar.org/document/transforming-financial-systems-for-climate_e4f8,Gender assessment for FP095: Transforming Financial Systems for Climate,https://app.climatepolicyradar.org/documents/gender-assessment-for-fp095-transforming-financial-systems-for-climate_a3b5,https://cdn.climatepolicyradar.org/navigator/TZA/2018/transforming-financial-systems-for-climate_2966f438a3fdb501fd9c8f21a5fe92b4.pdf,Gender assessment,n/a,BEN;BFA;CIV;CMR;ECU;EGY;KEN;MAR;MDG;MUS;NAM;NGA;SEN;TGO;TZA;UGA;ZAF,MCF,English,GCF
,,Transforming Financial Systems for Climate,"Providing loans and technical assistance in 17 developing countries across Africa and Latin America and the Caribbean to create self-sustaining markets in energy efficiency, renewable energy and climate resilience.

The private sector in these two regions still perceives sustainable energy and climate resilience as expensive and complex, as the environmental advantage of more resilient investments and practices is not well understood. Efforts to demonstrate the benefits of financing these areas are required to reach a critical mass and upscale the commercial viability of climate projects.

The main objectives of this programme are to scale up climate finance in the targeted countries, to redirect financial flows, and reinforce the capacity of local partners in climate-related sectors. It will do this by providing loans through local partner financial institutions to borrowers in sustainable energy, energy efficiency, housing, agriculture, forestry and water and waste management. It will also include a technical support component.

The programme has an estimated lifespan of 20 years.",2018-10-20T00:00:00+00:00,https://app.climatepolicyradar.org/document/transforming-financial-systems-for-climate_e4f8,Transforming financial systems for climate,https://app.climatepolicyradar.org/documents/transforming-financial-systems-for-climate_8ce7,https://cdn.climatepolicyradar.org/navigator/TZA/2018/transforming-financial-systems-for-climate_73d0b3e3d1ede007815603f5381f8e63.pdf,Approved funding proposal,n/a,BEN;BFA;CIV;CMR;ECU;EGY;KEN;MAR;MDG;MUS;NAM;NGA;SEN;TGO;TZA;UGA;ZAF,MCF,English,GCF
,,Climate Investor One,"Providing financing to develop renewable energy projects in regions with power deficits to reduce energy costs and CO2 emissions.

The 18 countries in this initiative are identified as experiencing sizable energy deficits while also being overly reliant on fossil fuels. A major constraint in clean energy investment is a lack of early-stage project financing, combined with insufficient domestic and overseas financing to support the creation of domestic renewable energy markets at scale.

Climate Investor One (CIO) is a blended finance facility. The first component of this programme is a development fund, which provides loans in the early stage of a project life cycle. The second component, a construction equity fund, will meet up to 75 percent of total construction costs in tandem with the project sponsor. Compared with conventional project financing, CIO removes the need for complex multi-party financing structures, with the potential to thereby reduce the time and cost associated with delivering renewable energy projects.

The programme / project has an estimated lifespan of 20 years.",2018-10-20T00:00:00+00:00,https://app.climatepolicyradar.org/document/climate-investor-one_9f53,2023 Annual Performance Report for FP099: Climate Investor One,https://app.climatepolicyradar.org/documents/2023-annual-performance-report-for-fp099-climate-investor-one_08bd,https://cdn.climatepolicyradar.org/navigator/BDI/2018/climate-investor-one_d7c0ef97a0d25d6d903957873dd3bbe7.pdf,Annual Performance Report,n/a,BDI;CMR;DJI;ECU;ETH;IDN;IND;KEN;MAR;MDG;MNG;MUS;MWI;NGA;PHL;SEN;TUN;UGA;ZMB,MCF,English,GCF
,,Climate Investor One,"Providing financing to develop renewable energy projects in regions with power deficits to reduce energy costs and CO2 emissions.

The 18 countries in this initiative are identified as experiencing sizable energy deficits while also being overly reliant on fossil fuels. A major constraint in clean energy investment is a lack of early-stage project financing, combined with insufficient domestic and overseas financing to support the creation of domestic renewable energy markets at scale.

Climate Investor One (CIO) is a blended finance facility. The first component of this programme is a development fund, which provides loans in the early stage of a project life cycle. The second component, a construction equity fund, will meet up to 75 percent of total construction costs in tandem with the project sponsor. Compared with conventional project financing, CIO removes the need for complex multi-party financing structures, with the potential to thereby reduce the time and cost associated with delivering renewable energy projects.

The programme / project has an estimated lifespan of 20 years.",2018-10-20T00:00:00+00:00,https://app.climatepolicyradar.org/document/climate-investor-one_9f53,2022 Annual Performance Report for FP099: Climate Investor One,https://app.climatepolicyradar.org/documents/2022-annual-performance-report-for-fp099-climate-investor-one_7a77,https://cdn.climatepolicyradar.org/navigator/MWI/2017/climate-investor-one_00fc605e0a5758492eafa6b4f10ef594.pdf,Annual Performance Report,n/a,BDI;CMR;DJI;ECU;ETH;IDN;IND;KEN;MAR;MDG;MNG;MUS;MWI;NGA;PHL;SEN;TUN;UGA;ZMB,MCF,English,GCF
,,Climate Investor One,"Providing financing to develop renewable energy projects in regions with power deficits to reduce energy costs and CO2 emissions.

The 18 countries in this initiative are identified as experiencing sizable energy deficits while also being overly reliant on fossil fuels. A major constraint in clean energy investment is a lack of early-stage project financing, combined with insufficient domestic and overseas financing to support the creation of domestic renewable energy markets at scale.

Climate Investor One (CIO) is a blended finance facility. The first component of this programme is a development fund, which provides loans in the early stage of a project life cycle. The second component, a construction equity fund, will meet up to 75 percent of total construction costs in tandem with the project sponsor. Compared with conventional project financing, CIO removes the need for complex multi-party financing structures, with the potential to thereby reduce the time and cost associated with delivering renewable energy projects.

The programme / project has an estimated lifespan of 20 years.",2018-10-20T00:00:00+00:00,https://app.climatepolicyradar.org/document/climate-investor-one_9f53,2019 Annual Performance Report for FP099: Climate Investor One,https://app.climatepolicyradar.org/documents/2019-annual-performance-report-for-fp099-climate-investor-one_cc94,https://cdn.climatepolicyradar.org/navigator/IND/2017/climate-investor-one_556e8a3283a52a86f4706e98d7db07dd.pdf,Annual Performance Report,n/a,BDI;CMR;DJI;ECU;ETH;IDN;IND;KEN;MAR;MDG;MNG;MUS;MWI;NGA;PHL;SEN;TUN;UGA;ZMB,MCF,English,GCF
,,Climate Investor One,"Providing financing to develop renewable energy projects in regions with power deficits to reduce energy costs and CO2 emissions.

The 18 countries in this initiative are identified as experiencing sizable energy deficits while also being overly reliant on fossil fuels. A major constraint in clean energy investment is a lack of early-stage project financing, combined with insufficient domestic and overseas financing to support the creation of domestic renewable energy markets at scale.

Climate Investor One (CIO) is a blended finance facility. The first component of this programme is a development fund, which provides loans in the early stage of a project life cycle. The second component, a construction equity fund, will meet up to 75 percent of total construction costs in tandem with the project sponsor. Compared with conventional project financing, CIO removes the need for complex multi-party financing structures, with the potential to thereby reduce the time and cost associated with delivering renewable energy projects.

The programme / project has an estimated lifespan of 20 years.",2018-10-20T00:00:00+00:00,https://app.climatepolicyradar.org/document/climate-investor-one_9f53,Gender action plan for FP099: Climate Investor One,https://app.climatepolicyradar.org/documents/gender-action-plan-for-fp099-climate-investor-one_7d84,https://cdn.climatepolicyradar.org/navigator/DJI/2017/climate-investor-one_5f18b29c24079d6908c74370d272397f.pdf,Gender action plan,n/a,BDI;CMR;DJI;ECU;ETH;IDN;IND;KEN;MAR;MDG;MNG;MUS;MWI;NGA;PHL;SEN;TUN;UGA;ZMB,MCF,English,GCF
,,Climate Investor One,"Providing financing to develop renewable energy projects in regions with power deficits to reduce energy costs and CO2 emissions.

The 18 countries in this initiative are identified as experiencing sizable energy deficits while also being overly reliant on fossil fuels. A major constraint in clean energy investment is a lack of early-stage project financing, combined with insufficient domestic and overseas financing to support the creation of domestic renewable energy markets at scale.

Climate Investor One (CIO) is a blended finance facility. The first component of this programme is a development fund, which provides loans in the early stage of a project life cycle. The second component, a construction equity fund, will meet up to 75 percent of total construction costs in tandem with the project sponsor. Compared with conventional project financing, CIO removes the need for complex multi-party financing structures, with the potential to thereby reduce the time and cost associated with delivering renewable energy projects.

The programme / project has an estimated lifespan of 20 years.",2018-10-20T00:00:00+00:00,https://app.climatepolicyradar.org/document/climate-investor-one_9f53,Gender assessment for FP099: Climate Investor One,https://app.climatepolicyradar.org/documents/gender-assessment-for-fp099-climate-investor-one_d9bd,https://cdn.climatepolicyradar.org/navigator/MWI/2017/climate-investor-one_30a6a413942aab0aa709d1623feed590.pdf,Gender assessment,n/a,BDI;CMR;DJI;ECU;ETH;IDN;IND;KEN;MAR;MDG;MNG;MUS;MWI;NGA;PHL;SEN;TUN;UGA;ZMB,MCF,English,GCF
,,Climate Investor One,"Providing financing to develop renewable energy projects in regions with power deficits to reduce energy costs and CO2 emissions.

The 18 countries in this initiative are identified as experiencing sizable energy deficits while also being overly reliant on fossil fuels. A major constraint in clean energy investment is a lack of early-stage project financing, combined with insufficient domestic and overseas financing to support the creation of domestic renewable energy markets at scale.

Climate Investor One (CIO) is a blended finance facility. The first component of this programme is a development fund, which provides loans in the early stage of a project life cycle. The second component, a construction equity fund, will meet up to 75 percent of total construction costs in tandem with the project sponsor. Compared with conventional project financing, CIO removes the need for complex multi-party financing structures, with the potential to thereby reduce the time and cost associated with delivering renewable energy projects.

The programme / project has an estimated lifespan of 20 years.",2018-10-20T00:00:00+00:00,https://app.climatepolicyradar.org/document/climate-investor-one_9f53,Climate Investor One,https://app.climatepolicyradar.org/documents/climate-investor-one_4cdf,https://cdn.climatepolicyradar.org/navigator/DJI/2017/climate-investor-one_260a05db75806224e4c7b13a7893e7ef.pdf,Approved funding proposal,n/a,BDI;CMR;DJI;ECU;ETH;IDN;IND;KEN;MAR;MDG;MNG;MUS;MWI;NGA;PHL;SEN;TUN;UGA;ZMB,MCF,English,GCF
,,Climate Investor One,"Providing financing to develop renewable energy projects in regions with power deficits to reduce energy costs and CO2 emissions.

The 18 countries in this initiative are identified as experiencing sizable energy deficits while also being overly reliant on fossil fuels. A major constraint in clean energy investment is a lack of early-stage project financing, combined with insufficient domestic and overseas financing to support the creation of domestic renewable energy markets at scale.

Climate Investor One (CIO) is a blended finance facility. The first component of this programme is a development fund, which provides loans in the early stage of a project life cycle. The second component, a construction equity fund, will meet up to 75 percent of total construction costs in tandem with the project sponsor. Compared with conventional project financing, CIO removes the need for complex multi-party financing structures, with the potential to thereby reduce the time and cost associated with delivering renewable energy projects.

The programme / project has an estimated lifespan of 20 years.",2018-10-20T00:00:00+00:00,https://app.climatepolicyradar.org/document/climate-investor-one_9f53,2020 Annual Performance Report for FP099: Climate Investor One,https://app.climatepolicyradar.org/documents/2020-annual-performance-report-for-fp099-climate-investor-one_dae7,https://cdn.climatepolicyradar.org/navigator/SEN/2017/climate-investor-one_c03358abf30a3e1b1932be7b7e63b485.pdf,Annual Performance Report,n/a,BDI;CMR;DJI;ECU;ETH;IDN;IND;KEN;MAR;MDG;MNG;MUS;MWI;NGA;PHL;SEN;TUN;UGA;ZMB,MCF,English,GCF
,,Uganda National Climate Change Communication Strategy (UNCCCS) 2017,"<p>The UNCCCS 2017-2021 derives its mandate from and is intended to communicate the objectives of the National Climate Change Policy (NCCP) framework.&nbsp;</p><p><br></p><p>The strategy seeks to provide comprehensive action plan on how to communicate about climate change and how to respond to it through the UNCCCS. The implementation of this strategy will help to improve livelihoods throughout Uganda.&nbsp;It aims to mobilize action towards common climate change interests among the public, vulnerable communities and other stakeholders in Uganda.&nbsp;</p>",2018-09-01T00:00:00+00:00,https://app.climatepolicyradar.org/document/uganda-national-climate-change-communication-strategy-uncccs-2017-afb6,Climate Change Communication Strategy,https://app.climatepolicyradar.org/documents/climate-change-communication-strategy-fd47,https://cdn.climatepolicyradar.org/navigator/UGA/2018/uganda-national-climate-change-communication-strategy-uncccs-2017_2e768b8ff247262bacb51beab3195c81.pdf,Strategy,n/a,UGA,Executive,English,CCLW
,,Uganda Land Degradation Neutrality Targets. LDN-T (2018),<p>Uganda Land Degradation Neutrality Targets. LDN-T (2018)</p>,2018-04-01T00:00:00+00:00,https://app.climatepolicyradar.org/document/uganda-land-degradation-neutrality-targets-ldn-t-2018_889f,Uganda Land Degradation Neutrality Target. LDN-T (2018 Country Report),https://app.climatepolicyradar.org/documents/uganda-land-degradation-neutrality-target-ldn-t-2018-country-report_27e5,https://cdn.climatepolicyradar.org/navigator/UGA/2018/uganda-land-degradation-neutrality-targets-ldn-t-2018_648f3d461956e544301b2090a2977209.pdf,Voluntary Land Degradation Neutrality Targets (LDN-T),n/a,UGA,UN Submissions,English,UNCCD
,,Uganda Land Degradation Neutrality Targets. LDN-T (2018),<p>Uganda Land Degradation Neutrality Targets. LDN-T (2018)</p>,2018-04-01T00:00:00+00:00,https://app.climatepolicyradar.org/document/uganda-land-degradation-neutrality-targets-ldn-t-2018_889f,Uganda Land Degradation Neutrality Target. LDN-T (2018 Country Commitments),https://app.climatepolicyradar.org/documents/uganda-land-degradation-neutrality-target-ldn-t-2018-country-commitments_5aef,https://cdn.climatepolicyradar.org/navigator/UGA/2018/uganda-land-degradation-neutrality-targets-ldn-t-2018_424da5694069d4399f48490bcf4bcb82.pdf,Voluntary Land Degradation Neutrality Targets (LDN-T),n/a,UGA,UN Submissions,English,UNCCD
,,Water and Environment Strategic Investment Plan 2018-2030,"<p>The plan, developed in partnership between the Ministry of Water and Environment (MWE) and a US team at Industrial Economics (IEc), establishes long term investment priorities in the water and environment sectors, aiming to facilitate sustainable socioeconomic development while adapting to climate change and maintaining ecosystems valuable to emissions mitigation. A key focus is physical and human capital investment, such as enhancing water storage, wastewater disposal, community training. It also provides for improved weather stations, for weather information distribution, and significant funding for the rehabilitation of wetlands and forests.</p>",2018-03-31T00:00:00+00:00,https://app.climatepolicyradar.org/document/water-and-environment-strategic-investment-plan-2018-2030_4522,Water and Environment Strategic Investment Plan 2018-2030,https://app.climatepolicyradar.org/documents/water-and-environment-strategic-investment-plan-2018-2030_1ff8,https://cdn.climatepolicyradar.org/navigator/UGA/2018/water-and-environment-strategic-investment-plan-2018-2030_1b4fb49bd43c0b8ea8af43a0912058a2.pdf,Plan,n/a,UGA,Executive,English,CCLW
,,Acumen Resilient Agriculture Fund (ARAF),"Supporting pioneering and early-growth innovative agribusinesses that enhance the climate resilience of smallholder farmers.

Agriculture is a major industry in the target countries, and up to 80 percent of farmland is managed by smallholder farmers who are highly vulnerable to the impacts of climate change. Climate resilience is key to ensuring a long term sustainable increase in agriculture productivity and incomes for smallholder farmers.

The Acumen Resilient Agriculture Fund (ARAF) will improve climate resilience to ensure long-term sustainable increases in agriculture productivity and incomes for smallholder farmers. It will shift the pattern of investment in climate change adaptation activities in Africa from grants to a long-term capital approach, enabling smallholder farmers to respond to climate change more efficiently and effectively. It will support innovative private social entrepreneurs in micro-, small, and medium-sized enterprises (MSMEs) by providing aggregator and digital platform and innovative financial services to smallholder farmers.

The project has an estimated lifespan of 12 years.",2018-03-01T00:00:00+00:00,https://app.climatepolicyradar.org/document/acumen-resilient-agriculture-fund-araf_0fc7,2022 Annual Performance Report for FP078: Acumen Resilient Agriculture Fund (ARAF),https://app.climatepolicyradar.org/documents/2022-annual-performance-report-for-fp078-acumen-resilient-agriculture-fund-araf_5db0,https://cdn.climatepolicyradar.org/navigator/KEN/2018/acumen-resilient-agriculture-fund-araf_7e7aa31ce0d3bb6014255de038adbc0a.pdf,Annual Performance Report,n/a,GHA;KEN;NGA;TZA;UGA,MCF,English,GCF
,,Acumen Resilient Agriculture Fund (ARAF),"Supporting pioneering and early-growth innovative agribusinesses that enhance the climate resilience of smallholder farmers.

Agriculture is a major industry in the target countries, and up to 80 percent of farmland is managed by smallholder farmers who are highly vulnerable to the impacts of climate change. Climate resilience is key to ensuring a long term sustainable increase in agriculture productivity and incomes for smallholder farmers.

The Acumen Resilient Agriculture Fund (ARAF) will improve climate resilience to ensure long-term sustainable increases in agriculture productivity and incomes for smallholder farmers. It will shift the pattern of investment in climate change adaptation activities in Africa from grants to a long-term capital approach, enabling smallholder farmers to respond to climate change more efficiently and effectively. It will support innovative private social entrepreneurs in micro-, small, and medium-sized enterprises (MSMEs) by providing aggregator and digital platform and innovative financial services to smallholder farmers.

The project has an estimated lifespan of 12 years.",2018-03-01T00:00:00+00:00,https://app.climatepolicyradar.org/document/acumen-resilient-agriculture-fund-araf_0fc7,2024 Annual Performance Report for FP078: Acumen Resilient Agriculture Fund (ARAF),https://app.climatepolicyradar.org/documents/2024-annual-performance-report-for-fp078-acumen-resilient-agriculture-fund-araf_cd3b,https://cdn.climatepolicyradar.org/navigator/GHA/2018/acumen-resilient-agriculture-fund-araf_b8bdc368a36a52d00f2df321cc7b554b.pdf,Annual Performance Report,n/a,GHA;KEN;NGA;TZA;UGA,MCF,English,GCF
,,Acumen Resilient Agriculture Fund (ARAF),"Supporting pioneering and early-growth innovative agribusinesses that enhance the climate resilience of smallholder farmers.

Agriculture is a major industry in the target countries, and up to 80 percent of farmland is managed by smallholder farmers who are highly vulnerable to the impacts of climate change. Climate resilience is key to ensuring a long term sustainable increase in agriculture productivity and incomes for smallholder farmers.

The Acumen Resilient Agriculture Fund (ARAF) will improve climate resilience to ensure long-term sustainable increases in agriculture productivity and incomes for smallholder farmers. It will shift the pattern of investment in climate change adaptation activities in Africa from grants to a long-term capital approach, enabling smallholder farmers to respond to climate change more efficiently and effectively. It will support innovative private social entrepreneurs in micro-, small, and medium-sized enterprises (MSMEs) by providing aggregator and digital platform and innovative financial services to smallholder farmers.

The project has an estimated lifespan of 12 years.",2018-03-01T00:00:00+00:00,https://app.climatepolicyradar.org/document/acumen-resilient-agriculture-fund-araf_0fc7,2023 Annual Performance Report for FP078: Acumen Resilient Agriculture Fund (ARAF),https://app.climatepolicyradar.org/documents/2023-annual-performance-report-for-fp078-acumen-resilient-agriculture-fund-araf_fd70,https://cdn.climatepolicyradar.org/navigator/KEN/2018/acumen-resilient-agriculture-fund-araf_bee4da191aaf570876b454141df9e61e.pdf,Annual Performance Report,n/a,GHA;KEN;NGA;TZA;UGA,MCF,English,GCF
,,Acumen Resilient Agriculture Fund (ARAF),"Supporting pioneering and early-growth innovative agribusinesses that enhance the climate resilience of smallholder farmers.

Agriculture is a major industry in the target countries, and up to 80 percent of farmland is managed by smallholder farmers who are highly vulnerable to the impacts of climate change. Climate resilience is key to ensuring a long term sustainable increase in agriculture productivity and incomes for smallholder farmers.

The Acumen Resilient Agriculture Fund (ARAF) will improve climate resilience to ensure long-term sustainable increases in agriculture productivity and incomes for smallholder farmers. It will shift the pattern of investment in climate change adaptation activities in Africa from grants to a long-term capital approach, enabling smallholder farmers to respond to climate change more efficiently and effectively. It will support innovative private social entrepreneurs in micro-, small, and medium-sized enterprises (MSMEs) by providing aggregator and digital platform and innovative financial services to smallholder farmers.

The project has an estimated lifespan of 12 years.",2018-03-01T00:00:00+00:00,https://app.climatepolicyradar.org/document/acumen-resilient-agriculture-fund-araf_0fc7,Acumen Resilient Agriculture Fund (ARAF),https://app.climatepolicyradar.org/documents/acumen-resilient-agriculture-fund-araf_0ada,https://cdn.climatepolicyradar.org/navigator/GHA/2018/acumen-resilient-agriculture-fund-araf_ab12fd1a6c734c8a6cebb8681f56b201.pdf,Approved funding proposal,n/a,GHA;KEN;NGA;TZA;UGA,MCF,English,GCF
,,Acumen Resilient Agriculture Fund (ARAF),"Supporting pioneering and early-growth innovative agribusinesses that enhance the climate resilience of smallholder farmers.

Agriculture is a major industry in the target countries, and up to 80 percent of farmland is managed by smallholder farmers who are highly vulnerable to the impacts of climate change. Climate resilience is key to ensuring a long term sustainable increase in agriculture productivity and incomes for smallholder farmers.

The Acumen Resilient Agriculture Fund (ARAF) will improve climate resilience to ensure long-term sustainable increases in agriculture productivity and incomes for smallholder farmers. It will shift the pattern of investment in climate change adaptation activities in Africa from grants to a long-term capital approach, enabling smallholder farmers to respond to climate change more efficiently and effectively. It will support innovative private social entrepreneurs in micro-, small, and medium-sized enterprises (MSMEs) by providing aggregator and digital platform and innovative financial services to smallholder farmers.

The project has an estimated lifespan of 12 years.",2018-03-01T00:00:00+00:00,https://app.climatepolicyradar.org/document/acumen-resilient-agriculture-fund-araf_0fc7,2019 Annual Performance Report for FP078: Acumen Resilient Agriculture Fund (ARAF),https://app.climatepolicyradar.org/documents/2019-annual-performance-report-for-fp078-acumen-resilient-agriculture-fund-araf_a033,https://cdn.climatepolicyradar.org/navigator/KEN/2018/acumen-resilient-agriculture-fund-araf_b92786fb72a78744e6182507420e9f20.pdf,Annual Performance Report,n/a,GHA;KEN;NGA;TZA;UGA,MCF,English,GCF
,,Acumen Resilient Agriculture Fund (ARAF),"Supporting pioneering and early-growth innovative agribusinesses that enhance the climate resilience of smallholder farmers.

Agriculture is a major industry in the target countries, and up to 80 percent of farmland is managed by smallholder farmers who are highly vulnerable to the impacts of climate change. Climate resilience is key to ensuring a long term sustainable increase in agriculture productivity and incomes for smallholder farmers.

The Acumen Resilient Agriculture Fund (ARAF) will improve climate resilience to ensure long-term sustainable increases in agriculture productivity and incomes for smallholder farmers. It will shift the pattern of investment in climate change adaptation activities in Africa from grants to a long-term capital approach, enabling smallholder farmers to respond to climate change more efficiently and effectively. It will support innovative private social entrepreneurs in micro-, small, and medium-sized enterprises (MSMEs) by providing aggregator and digital platform and innovative financial services to smallholder farmers.

The project has an estimated lifespan of 12 years.",2018-03-01T00:00:00+00:00,https://app.climatepolicyradar.org/document/acumen-resilient-agriculture-fund-araf_0fc7,2020 Annual Performance Report for FP078: Acumen Resilient Agriculture Fund (ARAF),https://app.climatepolicyradar.org/documents/2020-annual-performance-report-for-fp078-acumen-resilient-agriculture-fund-araf_a2a0,https://cdn.climatepolicyradar.org/navigator/KEN/2018/acumen-resilient-agriculture-fund-araf_cb36ac8e23d60c8eea10d204ce80fafb.pdf,Annual Performance Report,n/a,GHA;KEN;NGA;TZA;UGA,MCF,English,GCF
,,Acumen Resilient Agriculture Fund (ARAF),"Supporting pioneering and early-growth innovative agribusinesses that enhance the climate resilience of smallholder farmers.

Agriculture is a major industry in the target countries, and up to 80 percent of farmland is managed by smallholder farmers who are highly vulnerable to the impacts of climate change. Climate resilience is key to ensuring a long term sustainable increase in agriculture productivity and incomes for smallholder farmers.

The Acumen Resilient Agriculture Fund (ARAF) will improve climate resilience to ensure long-term sustainable increases in agriculture productivity and incomes for smallholder farmers. It will shift the pattern of investment in climate change adaptation activities in Africa from grants to a long-term capital approach, enabling smallholder farmers to respond to climate change more efficiently and effectively. It will support innovative private social entrepreneurs in micro-, small, and medium-sized enterprises (MSMEs) by providing aggregator and digital platform and innovative financial services to smallholder farmers.

The project has an estimated lifespan of 12 years.",2018-03-01T00:00:00+00:00,https://app.climatepolicyradar.org/document/acumen-resilient-agriculture-fund-araf_0fc7,Gender action plan for FP078: Acumen Resilient Agriculture Fund (ARAF),https://app.climatepolicyradar.org/documents/gender-action-plan-for-fp078-acumen-resilient-agriculture-fund-araf_65fe,https://cdn.climatepolicyradar.org/navigator/KEN/2018/acumen-resilient-agriculture-fund-araf_f73de97dd0a1ee9c390e832ba21ea58e.pdf,Gender action plan,n/a,GHA;KEN;NGA;TZA;UGA,MCF,English,GCF
,,Acumen Resilient Agriculture Fund (ARAF),"Supporting pioneering and early-growth innovative agribusinesses that enhance the climate resilience of smallholder farmers.

Agriculture is a major industry in the target countries, and up to 80 percent of farmland is managed by smallholder farmers who are highly vulnerable to the impacts of climate change. Climate resilience is key to ensuring a long term sustainable increase in agriculture productivity and incomes for smallholder farmers.

The Acumen Resilient Agriculture Fund (ARAF) will improve climate resilience to ensure long-term sustainable increases in agriculture productivity and incomes for smallholder farmers. It will shift the pattern of investment in climate change adaptation activities in Africa from grants to a long-term capital approach, enabling smallholder farmers to respond to climate change more efficiently and effectively. It will support innovative private social entrepreneurs in micro-, small, and medium-sized enterprises (MSMEs) by providing aggregator and digital platform and innovative financial services to smallholder farmers.

The project has an estimated lifespan of 12 years.",2018-03-01T00:00:00+00:00,https://app.climatepolicyradar.org/document/acumen-resilient-agriculture-fund-araf_0fc7,Gender assessment for FP078: Acumen Resilient Agriculture Fund (ARAF),https://app.climatepolicyradar.org/documents/gender-assessment-for-fp078-acumen-resilient-agriculture-fund-araf_1b89,https://cdn.climatepolicyradar.org/navigator/NGA/2018/acumen-resilient-agriculture-fund-araf_76d8c860670105f8d9dc2ea27b426f67.pdf,Gender assessment,n/a,GHA;KEN;NGA;TZA;UGA,MCF,English,GCF
,,Forest Investment Program for Uganda,"<p>The program guides investments into conserving and developing Uganda's forest resources over the long term, aiming to support sustainable socioeconomic development, landscape-level climate resilience and broader benefits in carbon storage for climate mitigation. It encourages watershed-level planning, and expects to result in reduced deforestation/degradation, efficient governance, resilient livelihoods and economic returns, and attract increased investment in ecotourism and high value-added wood products. It emphasises the need to upscale effective existing projects in forest land management, and to work across the value chain, for instance at the demand side, in promoting more efficient biomass cooking.</p>",2017-12-01T00:00:00+00:00,https://app.climatepolicyradar.org/document/forest-investment-program-for-uganda_3a99,Forest Investment Program for Uganda,https://app.climatepolicyradar.org/documents/forest-investment-program-for-uganda_4acf,https://cdn.climatepolicyradar.org/navigator/UGA/2017/forest-investment-program-for-uganda_2e28fb1eb5bc57910c47685f7c6f14a7.pdf,Programme,n/a,UGA,Executive,English,CCLW
,,Uganda Green Growth Development Strategy 2017/2018 - 2030-2031,"<p>This strategy aims to enable the green economy goal developed in the country's Vision 2040. The strategy's stated objectives are as following: 1) Enhance Uganda’s economic growth while creating new opportunities for decent employment, 2) Support a low-emissions economic growth pathway integrating resource use efficiency, climate resilience, disaster risk reduction and optimal use of natural capital, 3) Undertake a socially inclusive growth that improves food and nutritional security, and 4) Put in place an enabling institutional, governance, financing framework to operationalise an optimal green growth development strategy.</p>
",2017-11-30T00:00:00+00:00,https://app.climatepolicyradar.org/document/uganda-green-growth-development-strategy-2017-2018-2030-2031_7e67,The Uganda Green Growth Development Strategy 2017/18 - 2030/31,https://app.climatepolicyradar.org/documents/the-uganda-green-growth-development-strategy-2017-18-2030-31_86ee,https://cdn.climatepolicyradar.org/navigator/UGA/2017/uganda-green-growth-development-strategy-2017-2018-2030-2031_f89c7d844640511088420fe3e8a915a4.pdf,Strategy,n/a,UGA,Executive,English,CCLW
,,Uganda Green Growth Development Strategy 2017/2018 - 2030-2031,"<p>This strategy aims to enable the green economy goal developed in the country's Vision 2040. The strategy's stated objectives are as following: 1) Enhance Uganda’s economic growth while creating new opportunities for decent employment, 2) Support a low-emissions economic growth pathway integrating resource use efficiency, climate resilience, disaster risk reduction and optimal use of natural capital, 3) Undertake a socially inclusive growth that improves food and nutritional security, and 4) Put in place an enabling institutional, governance, financing framework to operationalise an optimal green growth development strategy.</p>
",2017-11-30T00:00:00+00:00,https://app.climatepolicyradar.org/document/uganda-green-growth-development-strategy-2017-2018-2030-2031_7e67,Information on the Uganda Green Growth Development Strategy,https://app.climatepolicyradar.org/documents/information-on-the-uganda-green-growth-development-strategy_fe38,https://cdn.climatepolicyradar.org/navigator/UGA/2017/uganda-green-growth-development-strategy-2017-2018-2030-2031_adf53c831c33c89b3a59a3119748f0f3.pdf,Strategy,n/a,UGA,Executive,English,CCLW
,,"GEF SGP Sixth Operational Phase- Strategic Implementation using STAR Resources, Tranche 2 (Part IV)",To support the creation of global environmental benefits and the safeguarding of the global environment through community and local solutions that complement and add value to national and global level action,2017-11-30T00:00:00+00:00,https://app.climatepolicyradar.org/document/gef-sgp-sixth-operational-phase-strategic-implementation-using-star-resources-tranche-2-part-iv_1a46,"GEF SGP Sixth Operational Phase- Strategic Implementation using STAR Resources, Tranche 2 (Part IV)",https://app.climatepolicyradar.org/documents/gef-sgp-sixth-operational-phase-strategic-implementation-using-star-resources-tranche-2-part-iv_12f4,https://cdn.climatepolicyradar.org/navigator/AFG/2017/gef-sgp-sixth-operational-phase-strategic-implementation-using-star-resources-tranche-2-part-iv_23fcf19e8977939c191d4cf570a0e8e6.pdf,,n/a,AFG;ALB;ARM;BHS;CHN;CUB;ETH;GEO;JOR;KNA;LAO;LCA;MHL;MLI;NER;NGA;PLW;PNG;SLE;TUR;TUV;TZA;UGA;UKR;XAB,MCF,English,GEF
,,Uganda REDD+ Strategy 2017,"<p>Uganda's REDD+ strategy from 2017 supports and guides the sustainable development of the agricultural and forestry sectors with a view to enhancing carbon storage and landscape-level climate resilience. Actions it promotes include climate smart agriculture, sustainable fuel-wood production, energy-efficient cooking stoves, and further strengthening the national policy framework around forest protection.</p>",2017-10-01T00:00:00+00:00,https://app.climatepolicyradar.org/document/uganda-redd-strategy-2017_b968,Uganda REDD+ Strategy 2017,https://app.climatepolicyradar.org/documents/uganda-redd-strategy-2017_a8a3,https://cdn.climatepolicyradar.org/navigator/UGA/2017/uganda-redd-strategy-2017_b453ad83fb48bca3ed7f248cfbec8304.pdf,Strategy,n/a,UGA,Executive,English,CCLW
,,"Adapting to Climate Change in Lake Victoria Basin (Burundi, Kenya, Rwanda, Tanzania, Uganda)","The overall objective of this regional project is to reduce vulnerability to the negative effects of climate change in the five Lake Victoria Basin countries by building climate resilience. To achieve this objective, there are five project outcomes: 1. Strengthened institutional and technical capacity to integrate climate resilience into transboundary water catchment management. 2. Improved delivery of accurate and timely climate information to regional and national policymakers, technical officers and local communities. 3. Climate change adaptation technologies transferred to communities to reduce their vulnerability to climate change. 4. Regional resilience to climate change promoted through innovative, community-based projects. 5. Improved knowledge management frameworks for the collection and maintenance of regional knowledge in transboundary water catchment management and climate change adaptation practices.",2017-07-05T00:00:00+00:00,https://app.climatepolicyradar.org/document/adapting-to-climate-change-in-lake-victoria-basin-burundi-kenya-rwanda-tanzania-uganda_7adc,Project pre-concept,https://app.climatepolicyradar.org/documents/project-pre-concept_3466,https://cdn.climatepolicyradar.org/navigator/BDI/2017/adapting-to-climate-change-in-lake-victoria-basin-burundi-kenya-rwanda-tanzania-uganda_ab800065f31910129d679600bafe4fb2.pdf,,n/a,BDI;KEN;RWA;TZA;UGA,MCF,English,AF
,,"Adapting to Climate Change in Lake Victoria Basin (Burundi, Kenya, Rwanda, Tanzania, Uganda)","The overall objective of this regional project is to reduce vulnerability to the negative effects of climate change in the five Lake Victoria Basin countries by building climate resilience. To achieve this objective, there are five project outcomes: 1. Strengthened institutional and technical capacity to integrate climate resilience into transboundary water catchment management. 2. Improved delivery of accurate and timely climate information to regional and national policymakers, technical officers and local communities. 3. Climate change adaptation technologies transferred to communities to reduce their vulnerability to climate change. 4. Regional resilience to climate change promoted through innovative, community-based projects. 5. Improved knowledge management frameworks for the collection and maintenance of regional knowledge in transboundary water catchment management and climate change adaptation practices.",2017-07-05T00:00:00+00:00,https://app.climatepolicyradar.org/document/adapting-to-climate-change-in-lake-victoria-basin-burundi-kenya-rwanda-tanzania-uganda_7adc,Inception report,https://app.climatepolicyradar.org/documents/inception-report_7831,https://cdn.climatepolicyradar.org/navigator/BDI/2017/adapting-to-climate-change-in-lake-victoria-basin-burundi-kenya-rwanda-tanzania-uganda_10d07eb02154f1840b7a158f5e68189f.pdf,,n/a,BDI;KEN;RWA;TZA;UGA,MCF,English,AF
,,"Adapting to Climate Change in Lake Victoria Basin (Burundi, Kenya, Rwanda, Tanzania, Uganda)","The overall objective of this regional project is to reduce vulnerability to the negative effects of climate change in the five Lake Victoria Basin countries by building climate resilience. To achieve this objective, there are five project outcomes: 1. Strengthened institutional and technical capacity to integrate climate resilience into transboundary water catchment management. 2. Improved delivery of accurate and timely climate information to regional and national policymakers, technical officers and local communities. 3. Climate change adaptation technologies transferred to communities to reduce their vulnerability to climate change. 4. Regional resilience to climate change promoted through innovative, community-based projects. 5. Improved knowledge management frameworks for the collection and maintenance of regional knowledge in transboundary water catchment management and climate change adaptation practices.",2017-07-05T00:00:00+00:00,https://app.climatepolicyradar.org/document/adapting-to-climate-change-in-lake-victoria-basin-burundi-kenya-rwanda-tanzania-uganda_7adc,Project document,https://app.climatepolicyradar.org/documents/project-document_401e,https://cdn.climatepolicyradar.org/navigator/BDI/2017/adapting-to-climate-change-in-lake-victoria-basin-burundi-kenya-rwanda-tanzania-uganda_d768863ad509c60cbd5598006d8ae0d5.pdf,,n/a,BDI;KEN;RWA;TZA;UGA,MCF,English,AF
,,Strengthening the Capacity of Institutions in Uganda to Comply with the Transparency Requirements of the Paris Agreement,To support Institutions in Uganda to respond to the Transparency Requirements of the Paris Agreement,2017-05-09T00:00:00+00:00,https://app.climatepolicyradar.org/document/strengthening-the-capacity-of-institutions-in-uganda-to-comply-with-the-transparency-requirements-of-the-paris-agreement_7316,Strengthening the Capacity of Institutions in Uganda to Comply with the Transparency Requirements of the Paris Agreement,https://app.climatepolicyradar.org/documents/strengthening-the-capacity-of-institutions-in-uganda-to-comply-with-the-transparency-requirements-of-the-paris-agreement_a48c,https://cdn.climatepolicyradar.org/navigator/UGA/2017/strengthening-the-capacity-of-institutions-in-uganda-to-comply-with-the-transparency-requirements-of-the-paris-agreement_886d91b77127e209a0ea4388db661e37.pdf,,n/a,UGA,MCF,English,GEF
,,Reducing the Climate Change Vulnerability of Local Communities in Uganda through EbA in Forest and Wetland Ecosystems,The objective of the project is to increase the capacity of government and local communities in Uganda to implement EbA in wetland and forest ecosystems to reduce vulnerability to climate change.,2017-03-27T00:00:00+00:00,https://app.climatepolicyradar.org/document/reducing-the-climate-change-vulnerability-of-local-communities-in-uganda-through-eba-in-forest-and-wetland-ecosystems_aa83,Reducing the Climate Change Vulnerability of Local Communities in Uganda through EbA in Forest and Wetland Ecosystems,https://app.climatepolicyradar.org/documents/reducing-the-climate-change-vulnerability-of-local-communities-in-uganda-through-eba-in-forest-and-wetland-ecosystems_bef0,https://cdn.climatepolicyradar.org/navigator/UGA/2017/reducing-the-climate-change-vulnerability-of-local-communities-in-uganda-through-eba-in-forest-and-wetland-ecosystems_ed91c1469980c73a0ef4633293183d9d.pdf,,n/a,UGA,MCF,English,GEF
,,"Integrating Climate Resilience into Agricultural and Pastoral Production in Uganda, through a Farmer/Agro-Pastoralist Field School Approach","Build climate resilience into the agricultural sector, as an effective means of reducing vulnerability and disseminating community-level adaptation measures.",2017-03-24T00:00:00+00:00,https://app.climatepolicyradar.org/document/integrating-climate-resilience-into-agricultural-and-pastoral-production-in-uganda-through-a-farmer-agro-pastoralist-field-school-approach_4110,"Integrating Climate Resilience into Agricultural and Pastoral Production in Uganda, through a Farmer/Agro-Pastoralist Field School Approach",https://app.climatepolicyradar.org/documents/integrating-climate-resilience-into-agricultural-and-pastoral-production-in-uganda-through-a-farmer-agro-pastoralist-field-school-approach_5420,https://cdn.climatepolicyradar.org/navigator/UGA/2017/integrating-climate-resilience-into-agricultural-and-pastoral-production-in-uganda-through-a-farmer-agro-pastoralist-field-school-approach_01c9c2f3cb72d2ef7713ded9dd3611e0.pdf,,n/a,UGA,MCF,English,GEF
,,"Agricultural Climate Resilience Enhancement Initiative (ACREI) (Ethiopia, Kenya, Uganda)","The goal of this initiative is to develop and implement adaptation strategies and measures that will strengthen the resilience of vulnerable smallholder farmers, agro-pastoralists and pastoralists in the Horn of Africa to climate variability and change. The overall objective is improved adaptive capacity and resilience to current climate variability and change among targeted farmers, agro-pastoralists and pastoralist communities. The target project sites are Golaoda and Mieso in East and West Haraghe in Ethiopia, Taita Taveta County in Kenya, and Sembabule and Isingiro Districts in Uganda.",2017-03-17T00:00:00+00:00,https://app.climatepolicyradar.org/document/agricultural-climate-resilience-enhancement-initiative-acrei-ethiopia-kenya-uganda_4863,Project document,https://app.climatepolicyradar.org/documents/project-document_97fb,https://cdn.climatepolicyradar.org/navigator/ETH/2017/agricultural-climate-resilience-enhancement-initiative-acrei-ethiopia-kenya-uganda_c101f27b57f01ae62658d1e6dc9e96ce.pdf,,n/a,ETH;KEN;UGA,MCF,English,AF
,,"Agricultural Climate Resilience Enhancement Initiative (ACREI) (Ethiopia, Kenya, Uganda)","The goal of this initiative is to develop and implement adaptation strategies and measures that will strengthen the resilience of vulnerable smallholder farmers, agro-pastoralists and pastoralists in the Horn of Africa to climate variability and change. The overall objective is improved adaptive capacity and resilience to current climate variability and change among targeted farmers, agro-pastoralists and pastoralist communities. The target project sites are Golaoda and Mieso in East and West Haraghe in Ethiopia, Taita Taveta County in Kenya, and Sembabule and Isingiro Districts in Uganda.",2017-03-17T00:00:00+00:00,https://app.climatepolicyradar.org/document/agricultural-climate-resilience-enhancement-initiative-acrei-ethiopia-kenya-uganda_4863,Inception report,https://app.climatepolicyradar.org/documents/inception-report_725e,https://cdn.climatepolicyradar.org/navigator/ETH/2017/agricultural-climate-resilience-enhancement-initiative-acrei-ethiopia-kenya-uganda_47c3c838fe584c39162ff83e14f7e890.pdf,,n/a,ETH;KEN;UGA,MCF,English,AF
,,"Building Resilient Communities, Wetland Ecosystems and Associated Catchments in Uganda","Enhancing Ugandan subsistence farmers’ ability to deal with climate impacts.

An estimated 4 million people who live in and around Uganda’s wetlands rely on them for food security. The impact of climate change, coupled with other environmental stresses, is increasing the degradation of wetlands and associated ecosystems.

This grant-based project will assist the Government of Uganda take climate change effects into account in managing wetlands. Climate effects include increased climate variability and extreme weather events, such as droughts, floods, high temperatures and violent storms.

This project will help Uganda


	restore critical wetlands to improve ecosystem services - such as replenishing ground water, improving flood control, and enhancing the livelihoods of subsistence farming communities through fishing and agriculture;
	Enhancing the skills of people to diversify their livelihoods and become more resilient to climate shocks; and
	Improve the ability of communities in sensitive wetland areas to reduce climate risks and prepare them for climate-related disasters (including through decentralized early warning systems).


This project will target south-western and eastern regions in Uganda, home to some of this Least Developed Country’s most vulnerable people - more than half of them women. While this climate initiative is based on grant financing, positive spillover effects are envisaged in the private sector as new revenue opportunities open up for people in rural areas.

The project has an estimated lifespan of 8 years.",2016-12-15T00:00:00+00:00,https://app.climatepolicyradar.org/document/building-resilient-communities-wetland-ecosystems-and-associated-catchments-in-uganda_efe7,"Interim evaluation report for FP034: Building Resilient Communities, Wetland Ecosystems and Associated Catchments in Uganda",https://app.climatepolicyradar.org/documents/interim-evaluation-report-for-fp034-building-resilient-communities-wetland-ecosystems-and-associated-catchments-in-uganda_8c9d,https://cdn.climatepolicyradar.org/navigator/UGA/2016/building-resilient-communities-wetland-ecosystems-and-associated-catchments-in-uganda_3876a4aba650325bbc9392460f9d0623.pdf,Evaluation report,n/a,UGA,MCF,English,GCF
,,"Building Resilient Communities, Wetland Ecosystems and Associated Catchments in Uganda","Enhancing Ugandan subsistence farmers’ ability to deal with climate impacts.

An estimated 4 million people who live in and around Uganda’s wetlands rely on them for food security. The impact of climate change, coupled with other environmental stresses, is increasing the degradation of wetlands and associated ecosystems.

This grant-based project will assist the Government of Uganda take climate change effects into account in managing wetlands. Climate effects include increased climate variability and extreme weather events, such as droughts, floods, high temperatures and violent storms.

This project will help Uganda


	restore critical wetlands to improve ecosystem services - such as replenishing ground water, improving flood control, and enhancing the livelihoods of subsistence farming communities through fishing and agriculture;
	Enhancing the skills of people to diversify their livelihoods and become more resilient to climate shocks; and
	Improve the ability of communities in sensitive wetland areas to reduce climate risks and prepare them for climate-related disasters (including through decentralized early warning systems).


This project will target south-western and eastern regions in Uganda, home to some of this Least Developed Country’s most vulnerable people - more than half of them women. While this climate initiative is based on grant financing, positive spillover effects are envisaged in the private sector as new revenue opportunities open up for people in rural areas.

The project has an estimated lifespan of 8 years.",2016-12-15T00:00:00+00:00,https://app.climatepolicyradar.org/document/building-resilient-communities-wetland-ecosystems-and-associated-catchments-in-uganda_efe7,"2023 Annual Performance Report for FP034: Building Resilient Communities, Wetland Ecosystems and Associated Catchments in Uganda",https://app.climatepolicyradar.org/documents/2023-annual-performance-report-for-fp034-building-resilient-communities-wetland-ecosystems-and-associated-catchments-in-uganda_8d2c,https://cdn.climatepolicyradar.org/navigator/UGA/2016/building-resilient-communities-wetland-ecosystems-and-associated-catchments-in-uganda_6b82f907573d5001229a0818a9f182f4.pdf,Annual Performance Report,n/a,UGA,MCF,English,GCF
,,"Building Resilient Communities, Wetland Ecosystems and Associated Catchments in Uganda","Enhancing Ugandan subsistence farmers’ ability to deal with climate impacts.

An estimated 4 million people who live in and around Uganda’s wetlands rely on them for food security. The impact of climate change, coupled with other environmental stresses, is increasing the degradation of wetlands and associated ecosystems.

This grant-based project will assist the Government of Uganda take climate change effects into account in managing wetlands. Climate effects include increased climate variability and extreme weather events, such as droughts, floods, high temperatures and violent storms.

This project will help Uganda


	restore critical wetlands to improve ecosystem services - such as replenishing ground water, improving flood control, and enhancing the livelihoods of subsistence farming communities through fishing and agriculture;
	Enhancing the skills of people to diversify their livelihoods and become more resilient to climate shocks; and
	Improve the ability of communities in sensitive wetland areas to reduce climate risks and prepare them for climate-related disasters (including through decentralized early warning systems).


This project will target south-western and eastern regions in Uganda, home to some of this Least Developed Country’s most vulnerable people - more than half of them women. While this climate initiative is based on grant financing, positive spillover effects are envisaged in the private sector as new revenue opportunities open up for people in rural areas.

The project has an estimated lifespan of 8 years.",2016-12-15T00:00:00+00:00,https://app.climatepolicyradar.org/document/building-resilient-communities-wetland-ecosystems-and-associated-catchments-in-uganda_efe7,"2022 Annual Performance Report for FP034: Building Resilient Communities, Wetland Ecosystems and Associated Catchments in Uganda",https://app.climatepolicyradar.org/documents/2022-annual-performance-report-for-fp034-building-resilient-communities-wetland-ecosystems-and-associated-catchments-in-uganda_5543,https://cdn.climatepolicyradar.org/navigator/UGA/2016/building-resilient-communities-wetland-ecosystems-and-associated-catchments-in-uganda_5c992b1bdd16b62d531aee696e1e9f1b.pdf,Annual Performance Report,n/a,UGA,MCF,English,GCF
,,"Building Resilient Communities, Wetland Ecosystems and Associated Catchments in Uganda","Enhancing Ugandan subsistence farmers’ ability to deal with climate impacts.

An estimated 4 million people who live in and around Uganda’s wetlands rely on them for food security. The impact of climate change, coupled with other environmental stresses, is increasing the degradation of wetlands and associated ecosystems.

This grant-based project will assist the Government of Uganda take climate change effects into account in managing wetlands. Climate effects include increased climate variability and extreme weather events, such as droughts, floods, high temperatures and violent storms.

This project will help Uganda


	restore critical wetlands to improve ecosystem services - such as replenishing ground water, improving flood control, and enhancing the livelihoods of subsistence farming communities through fishing and agriculture;
	Enhancing the skills of people to diversify their livelihoods and become more resilient to climate shocks; and
	Improve the ability of communities in sensitive wetland areas to reduce climate risks and prepare them for climate-related disasters (including through decentralized early warning systems).


This project will target south-western and eastern regions in Uganda, home to some of this Least Developed Country’s most vulnerable people - more than half of them women. While this climate initiative is based on grant financing, positive spillover effects are envisaged in the private sector as new revenue opportunities open up for people in rural areas.

The project has an estimated lifespan of 8 years.",2016-12-15T00:00:00+00:00,https://app.climatepolicyradar.org/document/building-resilient-communities-wetland-ecosystems-and-associated-catchments-in-uganda_efe7,"2021 Annual Performance Report for FP034: Building Resilient Communities, Wetland Ecosystems and Associated Catchments in Uganda",https://app.climatepolicyradar.org/documents/2021-annual-performance-report-for-fp034-building-resilient-communities-wetland-ecosystems-and-associated-catchments-in-uganda_31be,https://cdn.climatepolicyradar.org/navigator/UGA/2016/building-resilient-communities-wetland-ecosystems-and-associated-catchments-in-uganda_23b19ece6d85407d22d3ac0c39f63585.pdf,Annual Performance Report,n/a,UGA,MCF,English,GCF
,,"Building Resilient Communities, Wetland Ecosystems and Associated Catchments in Uganda","Enhancing Ugandan subsistence farmers’ ability to deal with climate impacts.

An estimated 4 million people who live in and around Uganda’s wetlands rely on them for food security. The impact of climate change, coupled with other environmental stresses, is increasing the degradation of wetlands and associated ecosystems.

This grant-based project will assist the Government of Uganda take climate change effects into account in managing wetlands. Climate effects include increased climate variability and extreme weather events, such as droughts, floods, high temperatures and violent storms.

This project will help Uganda


	restore critical wetlands to improve ecosystem services - such as replenishing ground water, improving flood control, and enhancing the livelihoods of subsistence farming communities through fishing and agriculture;
	Enhancing the skills of people to diversify their livelihoods and become more resilient to climate shocks; and
	Improve the ability of communities in sensitive wetland areas to reduce climate risks and prepare them for climate-related disasters (including through decentralized early warning systems).


This project will target south-western and eastern regions in Uganda, home to some of this Least Developed Country’s most vulnerable people - more than half of them women. While this climate initiative is based on grant financing, positive spillover effects are envisaged in the private sector as new revenue opportunities open up for people in rural areas.

The project has an estimated lifespan of 8 years.",2016-12-15T00:00:00+00:00,https://app.climatepolicyradar.org/document/building-resilient-communities-wetland-ecosystems-and-associated-catchments-in-uganda_efe7,"2017 Annual Performance Report for FP034: Building Resilient Communities, Wetland Ecosystems and Associated Catchments in Uganda",https://app.climatepolicyradar.org/documents/2017-annual-performance-report-for-fp034-building-resilient-communities-wetland-ecosystems-and-associated-catchments-in-uganda_f2cc,https://cdn.climatepolicyradar.org/navigator/UGA/2016/building-resilient-communities-wetland-ecosystems-and-associated-catchments-in-uganda_c12c1cabfdd404b211d726f32124a07b.pdf,Annual Performance Report,n/a,UGA,MCF,English,GCF
,,"Building Resilient Communities, Wetland Ecosystems and Associated Catchments in Uganda","Enhancing Ugandan subsistence farmers’ ability to deal with climate impacts.

An estimated 4 million people who live in and around Uganda’s wetlands rely on them for food security. The impact of climate change, coupled with other environmental stresses, is increasing the degradation of wetlands and associated ecosystems.

This grant-based project will assist the Government of Uganda take climate change effects into account in managing wetlands. Climate effects include increased climate variability and extreme weather events, such as droughts, floods, high temperatures and violent storms.

This project will help Uganda


	restore critical wetlands to improve ecosystem services - such as replenishing ground water, improving flood control, and enhancing the livelihoods of subsistence farming communities through fishing and agriculture;
	Enhancing the skills of people to diversify their livelihoods and become more resilient to climate shocks; and
	Improve the ability of communities in sensitive wetland areas to reduce climate risks and prepare them for climate-related disasters (including through decentralized early warning systems).


This project will target south-western and eastern regions in Uganda, home to some of this Least Developed Country’s most vulnerable people - more than half of them women. While this climate initiative is based on grant financing, positive spillover effects are envisaged in the private sector as new revenue opportunities open up for people in rural areas.

The project has an estimated lifespan of 8 years.",2016-12-15T00:00:00+00:00,https://app.climatepolicyradar.org/document/building-resilient-communities-wetland-ecosystems-and-associated-catchments-in-uganda_efe7,"2018 Annual Performance Report for FP034: Building Resilient Communities, Wetland Ecosystems and Associated Catchments in Uganda",https://app.climatepolicyradar.org/documents/2018-annual-performance-report-for-fp034-building-resilient-communities-wetland-ecosystems-and-associated-catchments-in-uganda_0aae,https://cdn.climatepolicyradar.org/navigator/UGA/2016/building-resilient-communities-wetland-ecosystems-and-associated-catchments-in-uganda_36697c59d2e1e1f0343abad52f50841f.pdf,Annual Performance Report,n/a,UGA,MCF,English,GCF
,,"Building Resilient Communities, Wetland Ecosystems and Associated Catchments in Uganda","Enhancing Ugandan subsistence farmers’ ability to deal with climate impacts.

An estimated 4 million people who live in and around Uganda’s wetlands rely on them for food security. The impact of climate change, coupled with other environmental stresses, is increasing the degradation of wetlands and associated ecosystems.

This grant-based project will assist the Government of Uganda take climate change effects into account in managing wetlands. Climate effects include increased climate variability and extreme weather events, such as droughts, floods, high temperatures and violent storms.

This project will help Uganda


	restore critical wetlands to improve ecosystem services - such as replenishing ground water, improving flood control, and enhancing the livelihoods of subsistence farming communities through fishing and agriculture;
	Enhancing the skills of people to diversify their livelihoods and become more resilient to climate shocks; and
	Improve the ability of communities in sensitive wetland areas to reduce climate risks and prepare them for climate-related disasters (including through decentralized early warning systems).


This project will target south-western and eastern regions in Uganda, home to some of this Least Developed Country’s most vulnerable people - more than half of them women. While this climate initiative is based on grant financing, positive spillover effects are envisaged in the private sector as new revenue opportunities open up for people in rural areas.

The project has an estimated lifespan of 8 years.",2016-12-15T00:00:00+00:00,https://app.climatepolicyradar.org/document/building-resilient-communities-wetland-ecosystems-and-associated-catchments-in-uganda_efe7,"2020 Annual Performance Report for FP034: Building Resilient Communities, Wetland Ecosystems and Associated Catchments in Uganda",https://app.climatepolicyradar.org/documents/2020-annual-performance-report-for-fp034-building-resilient-communities-wetland-ecosystems-and-associated-catchments-in-uganda_e3b9,https://cdn.climatepolicyradar.org/navigator/UGA/2016/building-resilient-communities-wetland-ecosystems-and-associated-catchments-in-uganda_28b101fabfe19550ff3a8495d04e0f29.pdf,Annual Performance Report,n/a,UGA,MCF,English,GCF
,,"Building Resilient Communities, Wetland Ecosystems and Associated Catchments in Uganda","Enhancing Ugandan subsistence farmers’ ability to deal with climate impacts.

An estimated 4 million people who live in and around Uganda’s wetlands rely on them for food security. The impact of climate change, coupled with other environmental stresses, is increasing the degradation of wetlands and associated ecosystems.

This grant-based project will assist the Government of Uganda take climate change effects into account in managing wetlands. Climate effects include increased climate variability and extreme weather events, such as droughts, floods, high temperatures and violent storms.

This project will help Uganda


	restore critical wetlands to improve ecosystem services - such as replenishing ground water, improving flood control, and enhancing the livelihoods of subsistence farming communities through fishing and agriculture;
	Enhancing the skills of people to diversify their livelihoods and become more resilient to climate shocks; and
	Improve the ability of communities in sensitive wetland areas to reduce climate risks and prepare them for climate-related disasters (including through decentralized early warning systems).


This project will target south-western and eastern regions in Uganda, home to some of this Least Developed Country’s most vulnerable people - more than half of them women. While this climate initiative is based on grant financing, positive spillover effects are envisaged in the private sector as new revenue opportunities open up for people in rural areas.

The project has an estimated lifespan of 8 years.",2016-12-15T00:00:00+00:00,https://app.climatepolicyradar.org/document/building-resilient-communities-wetland-ecosystems-and-associated-catchments-in-uganda_efe7,"2019 Annual Performance Report for FP034: Building Resilient Communities, Wetland Ecosystems and Associated Catchments in Uganda",https://app.climatepolicyradar.org/documents/2019-annual-performance-report-for-fp034-building-resilient-communities-wetland-ecosystems-and-associated-catchments-in-uganda_d642,https://cdn.climatepolicyradar.org/navigator/UGA/2016/building-resilient-communities-wetland-ecosystems-and-associated-catchments-in-uganda_ae7539a039b11f72ca65a5e0d3ec771d.pdf,Annual Performance Report,n/a,UGA,MCF,English,GCF
,,"Building Resilient Communities, Wetland Ecosystems and Associated Catchments in Uganda","Enhancing Ugandan subsistence farmers’ ability to deal with climate impacts.

An estimated 4 million people who live in and around Uganda’s wetlands rely on them for food security. The impact of climate change, coupled with other environmental stresses, is increasing the degradation of wetlands and associated ecosystems.

This grant-based project will assist the Government of Uganda take climate change effects into account in managing wetlands. Climate effects include increased climate variability and extreme weather events, such as droughts, floods, high temperatures and violent storms.

This project will help Uganda


	restore critical wetlands to improve ecosystem services - such as replenishing ground water, improving flood control, and enhancing the livelihoods of subsistence farming communities through fishing and agriculture;
	Enhancing the skills of people to diversify their livelihoods and become more resilient to climate shocks; and
	Improve the ability of communities in sensitive wetland areas to reduce climate risks and prepare them for climate-related disasters (including through decentralized early warning systems).


This project will target south-western and eastern regions in Uganda, home to some of this Least Developed Country’s most vulnerable people - more than half of them women. While this climate initiative is based on grant financing, positive spillover effects are envisaged in the private sector as new revenue opportunities open up for people in rural areas.

The project has an estimated lifespan of 8 years.",2016-12-15T00:00:00+00:00,https://app.climatepolicyradar.org/document/building-resilient-communities-wetland-ecosystems-and-associated-catchments-in-uganda_efe7,"Gender action plan for FP034: Building Resilient Communities, Wetland Ecosystems and Associated Catchments in Uganda",https://app.climatepolicyradar.org/documents/gender-action-plan-for-fp034-building-resilient-communities-wetland-ecosystems-and-associated-catchments-in-uganda_1b67,https://cdn.climatepolicyradar.org/navigator/UGA/2016/building-resilient-communities-wetland-ecosystems-and-associated-catchments-in-uganda_d56ec8c54c2c7b7f35729cae4754d5aa.pdf,Gender action plan,n/a,UGA,MCF,English,GCF
,,"Building Resilient Communities, Wetland Ecosystems and Associated Catchments in Uganda","Enhancing Ugandan subsistence farmers’ ability to deal with climate impacts.

An estimated 4 million people who live in and around Uganda’s wetlands rely on them for food security. The impact of climate change, coupled with other environmental stresses, is increasing the degradation of wetlands and associated ecosystems.

This grant-based project will assist the Government of Uganda take climate change effects into account in managing wetlands. Climate effects include increased climate variability and extreme weather events, such as droughts, floods, high temperatures and violent storms.

This project will help Uganda


	restore critical wetlands to improve ecosystem services - such as replenishing ground water, improving flood control, and enhancing the livelihoods of subsistence farming communities through fishing and agriculture;
	Enhancing the skills of people to diversify their livelihoods and become more resilient to climate shocks; and
	Improve the ability of communities in sensitive wetland areas to reduce climate risks and prepare them for climate-related disasters (including through decentralized early warning systems).


This project will target south-western and eastern regions in Uganda, home to some of this Least Developed Country’s most vulnerable people - more than half of them women. While this climate initiative is based on grant financing, positive spillover effects are envisaged in the private sector as new revenue opportunities open up for people in rural areas.

The project has an estimated lifespan of 8 years.",2016-12-15T00:00:00+00:00,https://app.climatepolicyradar.org/document/building-resilient-communities-wetland-ecosystems-and-associated-catchments-in-uganda_efe7,"Gender assessment for FP034: Building Resilient Communities, Wetland Ecosystems and Associated Catchments in Uganda",https://app.climatepolicyradar.org/documents/gender-assessment-for-fp034-building-resilient-communities-wetland-ecosystems-and-associated-catchments-in-uganda_6239,https://cdn.climatepolicyradar.org/navigator/UGA/2016/building-resilient-communities-wetland-ecosystems-and-associated-catchments-in-uganda_0afa5be6da94c667d089146ac1387e97.pdf,Gender assessment,n/a,UGA,MCF,English,GCF
,,"Building Resilient Communities, Wetland Ecosystems and Associated Catchments in Uganda","Enhancing Ugandan subsistence farmers’ ability to deal with climate impacts.

An estimated 4 million people who live in and around Uganda’s wetlands rely on them for food security. The impact of climate change, coupled with other environmental stresses, is increasing the degradation of wetlands and associated ecosystems.

This grant-based project will assist the Government of Uganda take climate change effects into account in managing wetlands. Climate effects include increased climate variability and extreme weather events, such as droughts, floods, high temperatures and violent storms.

This project will help Uganda


	restore critical wetlands to improve ecosystem services - such as replenishing ground water, improving flood control, and enhancing the livelihoods of subsistence farming communities through fishing and agriculture;
	Enhancing the skills of people to diversify their livelihoods and become more resilient to climate shocks; and
	Improve the ability of communities in sensitive wetland areas to reduce climate risks and prepare them for climate-related disasters (including through decentralized early warning systems).


This project will target south-western and eastern regions in Uganda, home to some of this Least Developed Country’s most vulnerable people - more than half of them women. While this climate initiative is based on grant financing, positive spillover effects are envisaged in the private sector as new revenue opportunities open up for people in rural areas.

The project has an estimated lifespan of 8 years.",2016-12-15T00:00:00+00:00,https://app.climatepolicyradar.org/document/building-resilient-communities-wetland-ecosystems-and-associated-catchments-in-uganda_efe7,"Building resilient communities, wetlands ecosystems and associated catchments in Uganda",https://app.climatepolicyradar.org/documents/building-resilient-communities-wetlands-ecosystems-and-associated-catchments-in-uganda_6945,https://cdn.climatepolicyradar.org/navigator/UGA/2016/building-resilient-communities-wetland-ecosystems-and-associated-catchments-in-uganda_de8eaf2445e0a5b0714a6d7e8b17bda2.pdf,Approved funding proposal,n/a,UGA,MCF,English,GCF
,,Universal Green Energy Access Programme (UGEAP),"Contributing to universal access to electricity in Sub-Saharan Africa by scaling up investments in renewable energy from local financial markets and the international private sector.

This programme is an investment fund that will reduce GHG emissions by increasing access to clean electrical energy for mainly rural populations in Sub-Saharan Africa. It aims to provide financing for decentralized energy service companies for off‑grid and mini-grid systems for rural households and communities and renewable energy for industrial players.

Fossil fuel based energy production will be replaced with renewable, clean energy solutions that can meet increasing energy demand. Investments will target three types of projects. Off-grid renewable electricity energy in the form of solar home systems will be provided via an affordable payment plan. Green mini-grid projects will also be supported via companies that install, operate and maintain photovoltaic based mini-grids to sell energy services in rural communities. Finally, industrial renewable electrical energy and selected on-grid installations will be targeted, by investing in companies that provide modular, transportable, and often rented photovoltaic farms, offering SMEs and communities competitively-priced solar power. Around 50 investments will be made, totalling a volume of USD 500M over the course of five years, and via two phases.

At a later stage, the programme will work with local financial institutions to enable banks to provide long-term loans to businesses that provide clean electricity solutions. A public-private partnership instrument will leverage at least two-fold the impact of public capital through private investment.

The project has an estimated lifespan of 15 years.",2016-10-14T00:00:00+00:00,https://app.climatepolicyradar.org/document/universal-green-energy-access-programme-ugeap_6b84,2023 Annual Performance Report for FP027: Universal Green Energy Access Programme (UGEAP),https://app.climatepolicyradar.org/documents/2023-annual-performance-report-for-fp027-universal-green-energy-access-programme-ugeap_055e,https://cdn.climatepolicyradar.org/navigator/BEN/2016/universal-green-energy-access-programme-ugeap_88c839130df66bb99f4cd3c42b2e8c86.pdf,Annual Performance Report,n/a,BEN;ETH;KEN;NAM;NGA;TZA;UGA,MCF,English,GCF
,,Universal Green Energy Access Programme (UGEAP),"Contributing to universal access to electricity in Sub-Saharan Africa by scaling up investments in renewable energy from local financial markets and the international private sector.

This programme is an investment fund that will reduce GHG emissions by increasing access to clean electrical energy for mainly rural populations in Sub-Saharan Africa. It aims to provide financing for decentralized energy service companies for off‑grid and mini-grid systems for rural households and communities and renewable energy for industrial players.

Fossil fuel based energy production will be replaced with renewable, clean energy solutions that can meet increasing energy demand. Investments will target three types of projects. Off-grid renewable electricity energy in the form of solar home systems will be provided via an affordable payment plan. Green mini-grid projects will also be supported via companies that install, operate and maintain photovoltaic based mini-grids to sell energy services in rural communities. Finally, industrial renewable electrical energy and selected on-grid installations will be targeted, by investing in companies that provide modular, transportable, and often rented photovoltaic farms, offering SMEs and communities competitively-priced solar power. Around 50 investments will be made, totalling a volume of USD 500M over the course of five years, and via two phases.

At a later stage, the programme will work with local financial institutions to enable banks to provide long-term loans to businesses that provide clean electricity solutions. A public-private partnership instrument will leverage at least two-fold the impact of public capital through private investment.

The project has an estimated lifespan of 15 years.",2016-10-14T00:00:00+00:00,https://app.climatepolicyradar.org/document/universal-green-energy-access-programme-ugeap_6b84,Universal green energy access programme,https://app.climatepolicyradar.org/documents/universal-green-energy-access-programme_9f05,https://cdn.climatepolicyradar.org/navigator/UGA/2016/universal-green-energy-access-programme-ugeap_1e2a7479e2b7aab6368e00105dfee2df.pdf,Approved funding proposal,n/a,BEN;ETH;KEN;NAM;NGA;TZA;UGA,MCF,English,GCF
Uganda's Nationally Determined Contributions,,Uganda Nationally Determined Contribution. NDC1 (Archived),"<p>Uganda First NDC (Archived), Nationally Determined Contribution from Uganda in 2016</p>",2016-09-21T00:00:00+00:00,https://app.climatepolicyradar.org/document/uganda-nationally-determined-contribution-ndc1-archived_e20d,Uganda Nationally Determined Contribution. NDC1 (Archived),https://app.climatepolicyradar.org/documents/uganda-first-ndc-archived_ad82,https://cdn.climatepolicyradar.org/navigator/UGA/1900/uganda-first-ndc-archived_b56410d379b466d2aff1e1381807bbea.pdf,Nationally Determined Contribution,n/a,UGA,UN Submissions,English,UNFCCC
,,National Forestry and Tree Planting Regulations 2016,"<p>Uganda's National Forestry and Tree Planting Regulations from 2016 provide a regulatory framework promoting the sustainable management of forestry resources, and note that carbon storage is a key function of these systems which must be considered in their valuation. It also provides a legal framework for carbon credit trading based on forestry resources, defining the process and establishing certification protocols.</p>",2016-09-02T00:00:00+00:00,https://app.climatepolicyradar.org/document/national-forestry-and-tree-planting-regulations-2016_afb2,National Forestry and Tree Planting Regulations 2016,https://app.climatepolicyradar.org/documents/national-forestry-and-tree-planting-regulations-2016_cb4f,https://cdn.climatepolicyradar.org/navigator/UGA/2016/national-forestry-and-tree-planting-regulations-2016_efe4ee16a792963e7b270ea69293ec74.pdf,Regulation,n/a,UGA,Executive,English,CCLW
,,Enhancing resilience of communities to climate change through catchment-based integrated management of water and related resources in Uganda,"The overall goal of the project is to increase the resilience of communities to the risk of floods and landslides in Awoja, Maziba and Aswa catchments through promoting catchment based integrated, equitable and sustainable management of water and related resources. The specific objectives of the project are to: - Increase the resilience of ecosystems by supporting sustainable management of forests, wetlands and riverbanks; -  Increase the resilience of agricultural landscapes by supporting communities to develop and implement sustainable water harvesting, soil bio-physical and flood control structures; - Increase resilience of other community livelihood systems by supporting income generating activities with credit and market access; - ",2016-07-05T00:00:00+00:00,https://app.climatepolicyradar.org/document/enhancing-resilience-of-communities-to-climate-change-through-catchment-based-integrated-management-of-water-and-related-resources-in-uganda_d36a,Project document,https://app.climatepolicyradar.org/documents/project-document_87aa,https://cdn.climatepolicyradar.org/navigator/UGA/2016/enhancing-resilience-of-communities-to-climate-change-through-catchment-based-integrated-management-of-water-and-related-resources-in-uganda_a202d5006930e5fcb483f923137317c4.pdf,,n/a,UGA,MCF,English,AF
,,Enhancing resilience of communities to climate change through catchment-based integrated management of water and related resources in Uganda,"The overall goal of the project is to increase the resilience of communities to the risk of floods and landslides in Awoja, Maziba and Aswa catchments through promoting catchment based integrated, equitable and sustainable management of water and related resources. The specific objectives of the project are to: - Increase the resilience of ecosystems by supporting sustainable management of forests, wetlands and riverbanks; -  Increase the resilience of agricultural landscapes by supporting communities to develop and implement sustainable water harvesting, soil bio-physical and flood control structures; - Increase resilience of other community livelihood systems by supporting income generating activities with credit and market access; - ",2016-07-05T00:00:00+00:00,https://app.climatepolicyradar.org/document/enhancing-resilience-of-communities-to-climate-change-through-catchment-based-integrated-management-of-water-and-related-resources-in-uganda_d36a,Inception report,https://app.climatepolicyradar.org/documents/inception-report_5f50,https://cdn.climatepolicyradar.org/navigator/UGA/2016/enhancing-resilience-of-communities-to-climate-change-through-catchment-based-integrated-management-of-water-and-related-resources-in-uganda_971a0797612d047de876b41fa64bc981.pdf,,n/a,UGA,MCF,English,AF
,,Enhancing resilience of communities to climate change through catchment-based integrated management of water and related resources in Uganda,"The overall goal of the project is to increase the resilience of communities to the risk of floods and landslides in Awoja, Maziba and Aswa catchments through promoting catchment based integrated, equitable and sustainable management of water and related resources. The specific objectives of the project are to: - Increase the resilience of ecosystems by supporting sustainable management of forests, wetlands and riverbanks; -  Increase the resilience of agricultural landscapes by supporting communities to develop and implement sustainable water harvesting, soil bio-physical and flood control structures; - Increase resilience of other community livelihood systems by supporting income generating activities with credit and market access; - ",2016-07-05T00:00:00+00:00,https://app.climatepolicyradar.org/document/enhancing-resilience-of-communities-to-climate-change-through-catchment-based-integrated-management-of-water-and-related-resources-in-uganda_d36a,Mid-term evaluation report,https://app.climatepolicyradar.org/documents/mid-term-evaluation-report_6eba,https://cdn.climatepolicyradar.org/navigator/UGA/2016/enhancing-resilience-of-communities-to-climate-change-through-catchment-based-integrated-management-of-water-and-related-resources-in-uganda_b9c5ba8942821de7617ded4b22cf9254.pdf,,n/a,UGA,MCF,English,AF
,,Umbrella Programme for Preparation of National Communications and Biennial Update Reports to the UNFCCC,To support eighteen (18) developing countries prepare and submit National Communications (NCs) and Biennial Update Reports (BURs) that comply with the UNFCCC reporting requirements while responding to national development goals,2016-06-09T00:00:00+00:00,https://app.climatepolicyradar.org/document/umbrella-programme-for-preparation-of-national-communications-and-biennial-update-reports-to-the-unfccc_2d86,Umbrella Programme for Preparation of National Communications and Biennial Update Reports to the UNFCCC,https://app.climatepolicyradar.org/documents/umbrella-programme-for-preparation-of-national-communications-and-biennial-update-reports-to-the-unfccc_471c,https://cdn.climatepolicyradar.org/navigator/ATG/2016/umbrella-programme-for-preparation-of-national-communications-and-biennial-update-reports-to-the-unfccc_9fc4017305673618e24c2a55ea872dd4.pdf,,n/a,ATG;BDI;BHS;CAF;CMR;COG;DJI;IRQ;KGZ;KNA;MDV;MRT;NER;NPL;NRU;PAK;SAU;SWZ;TCD;TKM;TZA;UGA;UZB;XAB;ZWE,MCF,English,GEF
,,Technology Needs Assessments - Phase III (TNA Phase III),"Provide participating countries targeted financial and technical support to prepare new or updated and improved TNAs, including Technology Action Plans (TAPs), for prioritized technologies that reduce greenhouse gas emissions, support adaptation to climate change, and are consistent with Nationally Determined Contributions and national sustainable development objectives",2016-06-09T00:00:00+00:00,https://app.climatepolicyradar.org/document/technology-needs-assessments-phase-iii-tna-phase-iii_a7a7,Technology Needs Assessments - Phase III (TNA Phase III),https://app.climatepolicyradar.org/documents/technology-needs-assessments-phase-iii-tna-phase-iii_2a7f,https://cdn.climatepolicyradar.org/navigator/XAB/2016/technology-needs-assessments-phase-iii-tna-phase-iii_6c5d75d28ec00091b9a3088ad0df94f1.pdf,,n/a,AFG;ATG;CAF;DJI;DMA;ERI;FJI;GIN;HTI;JAM;LBR;MMR;MWI;NER;NRU;STP;SUR;TCD;TTO;UGA;UKR;XAB,MCF,English,GEF
,,NAMA on Integrated Waste Management and Biogas in Uganda,Improved waste management practices in towns and municipalities through the introduction of integrated wastewater treatment plants and biogas digesters,2015-10-21T00:00:00+00:00,https://app.climatepolicyradar.org/document/nama-on-integrated-waste-management-and-biogas-in-uganda_b656,NAMA on Integrated Waste Management and Biogas in Uganda,https://app.climatepolicyradar.org/documents/nama-on-integrated-waste-management-and-biogas-in-uganda_d36a,https://cdn.climatepolicyradar.org/navigator/UGA/2015/nama-on-integrated-waste-management-and-biogas-in-uganda_a7834edfba0ea042df8aa9cf1b379bb8.pdf,,n/a,UGA,MCF,English,GEF
,,Food-IAP: Fostering Sustainability and Resilience for Food Security in Sub-Saharan Africa - An Integrated Approach (IAP-PROGRAM),"Support countries in target geographies for integrating priorities to safeguard and maintain ecosystem services into investments improving smallholder agriculture and food value chains
(Target 10-12 countries; 10 million ha of production landscapes; 2-3 million beneficiary households)",2015-06-04T00:00:00+00:00,https://app.climatepolicyradar.org/document/food-iap-fostering-sustainability-and-resilience-for-food-security-in-sub-saharan-africa-an-integrated-approach-iap-program_57b6,Food-IAP: Fostering Sustainability and Resilience for Food Security in Sub-Saharan Africa - An Integrated Approach (IAP-PROGRAM),https://app.climatepolicyradar.org/documents/food-iap-fostering-sustainability-and-resilience-for-food-security-in-sub-saharan-africa-an-integrated-approach-iap-program_440c,https://cdn.climatepolicyradar.org/navigator/KEN/2015/food-iap-fostering-sustainability-and-resilience-for-food-security-in-sub-saharan-africa-an-integrated-approach-iap-program_94e3b5bbb0c91be732e05446d0e0968c.pdf,,n/a,BDI;BFA;ETH;GHA;KEN;MWI;NER;NGA;SEN;SWZ;TZA;UGA;XAB,MCF,English,GEF
,,Food-IAP: Fostering Sustainability and Resilience for Food Security in Karamoja Sub Region,"To contribute to enhancing long-term environmental sustainability and resilience of food production systems in the Karamoja Sub-Region (Kaabong, Kotido, Moroto, and Nakapiriprit Districts)",2015-06-04T00:00:00+00:00,https://app.climatepolicyradar.org/document/food-iap-fostering-sustainability-and-resilience-for-food-security-in-karamoja-sub-region_49f1,Food-IAP: Fostering Sustainability and Resilience for Food Security in Karamoja Sub Region,https://app.climatepolicyradar.org/documents/food-iap-fostering-sustainability-and-resilience-for-food-security-in-karamoja-sub-region_773c,https://cdn.climatepolicyradar.org/navigator/UGA/2015/food-iap-fostering-sustainability-and-resilience-for-food-security-in-karamoja-sub-region_084df836d97bb0adba68c35ddf5a2db0.pdf,,n/a,UGA,MCF,English,GEF
,,Second National Development Plan (NDPI) 2015/16 - 2019/20,"<p>The plan aims to promote socioeconomic development nationally, prioritising investment in agriculture, tourism, natural geological resources, infrastructure and human capital development. It emphasises the importance of the National Climate Change Policy (2015), acting across industries to increase energy efficiency, renewable generation, transport electrification, nature restoration and adaptation measures in rural and urban environments. As part of an aim to develop green industry, the plan promotes private sector carbon trading, green innovation centres and decentralised rural low-carbon energy systems such as biogas digesters.</p>",2015-06-01T00:00:00+00:00,https://app.climatepolicyradar.org/document/second-national-development-plan-ndpi-2015-16-2019-20_fe02,Second National Development Plan (NDPI) 2015/16 - 2019/20,https://app.climatepolicyradar.org/documents/second-national-development-plan-ndpi-2015-16-2019-20_17ab,https://cdn.climatepolicyradar.org/navigator/UGA/2015/second-national-development-plan-ndpi-2015-16-2019-20_7f4268b26b4c8e9805e242c8bd5bcd25.pdf,Plan,n/a,UGA,Executive,English,CCLW
,,National Climate Change Policy,"As the document outlines, 'the goal of the policy is to ensure a harmonised and co-ordinated approach towards a climate- resilient and low-carbon development path for sustainable development in Uganda'. The policy notes that the level of knowledge on climate change and its impacts remains low in Uganda. Therefore, it seeks to raise awareness of climate change, targeting sectorial weaknesses (to be determined by different governmental agencies and ministries) in the short term but providing information for a wide variety of stakeholders in the long term.<br />
To this end, the Policy adopts a comprehensive approach to address climate change, identifying as priority concerns: adaptation, mitigation, monitoring, and research. To address these concerns, the Policy promotes the implementation of activities relating to: education and increased awareness; gender issues; promoting and diffusing research; monitoring and transferring knowledge; and institutional capacity building.<br />
The policy calls for the adoption and implementation of a Transport Policy with emphasis on reducing GHG emissions from this sector, especially through the promotion of the use of less carbon intensive fuels. It also stresses the importance of the implementation of the 2007 Renewable Energy Policy and other measures that promote the use and the production of renewables.<br />
The adoption of climate change strategies that address the impact of climate change and promote sustainable activities in the sectors of agriculture and livestock, fishery production, water management, forestry, wetland, biodiversity and ecosystem services and tourism are identified are important needs to develop Uganda's approach to adaption to climate change.<br />
Moreover, the Policy also seeks to implement the basic institutional structure required to finance this awareness raising campaign and to develop a performance measurement framework for each ministry and agency involved. The policy also strengthens the Climate Change Unit, upgrading it to a National Climate Change Commission with a more advanced legal and institutional framework that can co-ordinate climate change policy across sectors and regions. The Policy Committee on Environment is also strengthened to help guide climate change policy implementation.<br />
As annex to the Climate Change Policy, the Cost Implementation Strategy provides a more detailed account on the implementation of the Policy, including an indicative costing for the programmes and activities to be developed. Thus, according to the document, the total cost for the implementation of the Climate Change Policy is estimated in approximately 3.9 billion dollars over a 15-year period.",2015-04-01T00:00:00+00:00,https://app.climatepolicyradar.org/document/national-climate-change-policy_be5e,National Climate Change Policy,https://app.climatepolicyradar.org/documents/national-climate-change-policy_0bd7,https://cdn.climatepolicyradar.org/navigator/UGA/2015/national-climate-change-policy_373e580a3872236dc63c4403f759f7e3.pdf,Policy,n/a,UGA,Executive,English,CCLW
Uganda's National Communications,,Uganda National Communication. NC2,"<p>Uganda. National Communication (NC). NC 2., National Communication from Uganda in 2014</p>",2014-12-02T00:00:00+00:00,https://app.climatepolicyradar.org/document/uganda-national-communication-nc2_ee10,Uganda National Communication. NC2,https://app.climatepolicyradar.org/documents/uganda-national-communication-nc-nc-2_a1b7,https://cdn.climatepolicyradar.org/navigator/UGA/1900/uganda-national-communication-nc-nc-2_b0fc3c30b62970bbd39939434d2ea0ca.pdf,National Communication,n/a,UGA,UN Submissions,English,UNFCCC
,,Umbrella Programme for Biennial Update Report to the United National Framework Convention on Climate Change (UNFCCC),To support thirty nine (39) Least Developed Countries (LDCs) and Small Islands Developing States (SIDS) prepare and submit good quality initial biennial update reports to the UNFCCC that comply with the convention's reporting obligation,2014-10-30T00:00:00+00:00,https://app.climatepolicyradar.org/document/umbrella-programme-for-biennial-update-report-to-the-united-national-framework-convention-on-climate-change-unfccc_bcef,Umbrella Programme for Biennial Update Report to the United National Framework Convention on Climate Change (UNFCCC),https://app.climatepolicyradar.org/documents/umbrella-programme-for-biennial-update-report-to-the-united-national-framework-convention-on-climate-change-unfccc_f674,https://cdn.climatepolicyradar.org/navigator/GNQ/2014/umbrella-programme-for-biennial-update-report-to-the-united-national-framework-convention-on-climate-change-unfccc_66b8dce1ff299daa0919831de1cd6dff.pdf,,n/a,AFG;AGO;ATG;BFA;BHR;BTN;COG;COM;DMA;ERI;FJI;GIN;GMB;GNB;GNQ;GUY;HTI;KHM;KIR;LAO;LBR;LCA;LSO;MDG;MDV;MLI;MMR;MOZ;MUS;MWI;RWA;SEN;SLE;SOM;SSD;STP;SYC;UGA;XAB;ZMB,MCF,English,GEF
,,Integrated Landscape Management for Improved Livelihoods and Ecosystem Resilience in Mount Elgon,To Empower Communities in Mount Elgon to Manage their Production landscapes in an Integrated Manner for Improved Livelihoods and Ecosystem Resilience,2014-05-22T00:00:00+00:00,https://app.climatepolicyradar.org/document/integrated-landscape-management-for-improved-livelihoods-and-ecosystem-resilience-in-mount-elgon_bfa6,Integrated Landscape Management for Improved Livelihoods and Ecosystem Resilience in Mount Elgon,https://app.climatepolicyradar.org/documents/integrated-landscape-management-for-improved-livelihoods-and-ecosystem-resilience-in-mount-elgon_ca4c,https://cdn.climatepolicyradar.org/navigator/UGA/2014/integrated-landscape-management-for-improved-livelihoods-and-ecosystem-resilience-in-mount-elgon_9cbb63b378977bba37ebf15c596d2f3a.pdf,,n/a,UGA,MCF,English,GEF
,,Reducing Vulnerability of Banana Producing Communities to Climate Change Through Banana Value Added Activities - Enhancing Food Security And Employment Generation,"To support vulnerable communities in Western Uganda  to better adapt to the effects of climate change (CC)  by providing greater opportunities for income generation, poverty reduction and food security, through banana value addition activities",2014-01-30T00:00:00+00:00,https://app.climatepolicyradar.org/document/reducing-vulnerability-of-banana-producing-communities-to-climate-change-through-banana-value-added-activities-enhancing-food-security-and-employment-generation_9e64,Reducing Vulnerability of Banana Producing Communities to Climate Change Through Banana Value Added Activities - Enhancing Food Security And Employment Generation,https://app.climatepolicyradar.org/documents/reducing-vulnerability-of-banana-producing-communities-to-climate-change-through-banana-value-added-activities-enhancing-food-security-and-employment-generation_66d5,https://cdn.climatepolicyradar.org/navigator/UGA/2014/reducing-vulnerability-of-banana-producing-communities-to-climate-change-through-banana-value-added-activities-enhancing-food-security-and-employment-generation_23faec7e1bfa41c440761a334d1e1cd9.pdf,,n/a,UGA,MCF,English,GEF
,,Rural Electrification Strategy and Plan (RESP). 2013-2022,"<p>Uganda's Rural Electrification Strategy and Plan (RESP) aims to increase rural electricity access from less than 7% in 2013 to 26% by 2022, allowing the provision of cleaner and cheaper energy sources. The strategy emphasises a greater role of government in funding and planning energy infrastructure, combined with private management and operation in rural areas.</p>",2013-07-03T00:00:00+00:00,https://app.climatepolicyradar.org/document/rural-electrification-strategy-and-plan-resp-2013-2022_1d7c,Rural Electrification Strategy and Plan (RESP). 2013-2022,https://app.climatepolicyradar.org/documents/rural-electrification-strategy-and-plan-resp-2013-2022_b6d5,https://cdn.climatepolicyradar.org/navigator/UGA/2013/rural-electrification-strategy-and-plan-resp-2013-2022_2bf2e47bbd02cea1e19ab7cc9a4e5725.pdf,Strategy,n/a,UGA,Executive,English,CCLW
,,GEF SGP Fifth Operational Phase - Implementing the Program Using STAR Resources II,Global Environmental Benefits secured through community-based initiatives and actions,2013-04-12T00:00:00+00:00,https://app.climatepolicyradar.org/document/gef-sgp-fifth-operational-phase-implementing-the-program-using-star-resources-ii_d42b,GEF SGP Fifth Operational Phase - Implementing the Program Using STAR Resources II,https://app.climatepolicyradar.org/documents/gef-sgp-fifth-operational-phase-implementing-the-program-using-star-resources-ii_8b40,https://cdn.climatepolicyradar.org/navigator/ALB/2013/gef-sgp-fifth-operational-phase-implementing-the-program-using-star-resources-ii_9f22f4a533498c351d52b6f10cc162a3.pdf,,n/a,ALB;ARM;BDI;BFA;BLR;BRB;BTN;BWA;CHN;CIV;CMR;COG;COL;CPV;DOM;FJI;FSM;GHA;GIN;GMB;GRD;HND;JAM;JOR;KIR;LAO;LBN;LBR;LCA;LKA;MDA;MHL;MKD;MLI;MNG;MOZ;MRT;MUS;NAM;NER;NGA;NIC;NPL;NRU;PAN;PLW;PRY;SEN;SLB;SLE;SLV;SUR;SYC;SYR;TGO;TLS;TON;TTO;TUN;UGA;UKR;URY;UZB;VCT;VEN;VNM;VUT;XAB;YEM;ZWE,MCF,English,GEF
,,Building Resilience to Climate Change in the Water and Sanitation Sector,Enhancing the resilience of poor communities to urban flooding in Yaounde,2013-03-07T00:00:00+00:00,https://app.climatepolicyradar.org/document/building-resilience-to-climate-change-in-the-water-and-sanitation-sector_9720,Building Resilience to Climate Change in the Water and Sanitation Sector,https://app.climatepolicyradar.org/documents/building-resilience-to-climate-change-in-the-water-and-sanitation-sector_01a0,https://cdn.climatepolicyradar.org/navigator/UGA/2013/building-resilience-to-climate-change-in-the-water-and-sanitation-sector_2c4802405cf4083bca78fea2b890b253.pdf,,n/a,UGA,MCF,English,GEF
,,Biomass Energy Strategy (BEST),"<p>Uganda's Biomass Energy Strategy (BEST) aims to address the inefficient usage of biomass energy sources (charcoal or directly burnt material), in order to reduce particulate pollution, energy costs and greenhouse gas emissions. This would contribute to mitigation of climate change and sustainable development of the Ugandan economy. The strategy contains measures for institutional capacity building, consumer awareness and promoting the use of smaller faster-regenerating biomass sources such as shrubs. It also contains a measure to initiate carbon financing models for the funding of more efficient cooking devices and ethanol biofuels.</p>",2013-01-01T00:00:00+00:00,https://app.climatepolicyradar.org/document/biomass-energy-strategy-best_5db4,Biomass Energy Strategy (BEST),https://app.climatepolicyradar.org/documents/biomass-energy-strategy-best_eea4,https://cdn.climatepolicyradar.org/navigator/UGA/2013/biomass-energy-strategy-best_3eaf83d8b01209c39d20dac338814d7e.pdf,Strategy,n/a,UGA,Executive,English,CCLW
,,"Uganda National Meteorological Authority Act, 2012","This Act establishes the Uganda National Meteorological Authority as a body corporate and provides with respect to its administration, internal organizations, functions and powers, etc. The Authority shall, among other things, establish and maintain systems for the rapid exchange of meteorological and related information, establish networks of stations for taking, recording and transmitting meteorological observations as well as hydrological and other geophysical observations related to meteorology.

Among the Authority's functions, it should interprete, review and recommend appropriate changes in the climate policies, as well as international instruments.",2012-10-15T00:00:00+00:00,https://app.climatepolicyradar.org/document/uganda-national-meteorological-authority-act-2012_48c4,"Uganda National Meteorological Authority Act, 2012",https://app.climatepolicyradar.org/documents/uganda-national-meteorological-authority-act-2012_eeec,https://cdn.climatepolicyradar.org/navigator/UGA/2012/uganda-national-meteorological-authority-act-2012_ab9a4ecd3279c7ca2719ca59d10ab3f7.pdf,Act,n/a,UGA,Legislative,English,CCLW
,,Strengthening Climate Information and Early Warning Systems in Africa to Support Climate Resilient Development and Adaptation to Climate Change,"To strengthen the weather, climate and hydrological monitoring capabilities, early warning systems and available information for responding to extreme weather and planning adaptation to climate change in Uganda.",2012-06-29T00:00:00+00:00,https://app.climatepolicyradar.org/document/strengthening-climate-information-and-early-warning-systems-in-africa-to-support-climate-resilient-development-and-adaptation-to-climate-change_8675,Strengthening Climate Information and Early Warning Systems in Africa to Support Climate Resilient Development and Adaptation to Climate Change,https://app.climatepolicyradar.org/documents/strengthening-climate-information-and-early-warning-systems-in-africa-to-support-climate-resilient-development-and-adaptation-to-climate-change_05e5,https://cdn.climatepolicyradar.org/navigator/UGA/2012/strengthening-climate-information-and-early-warning-systems-in-africa-to-support-climate-resilient-development-and-adaptation-to-climate-change_d5c70f65934d02e77cc453e394b00f14.pdf,,n/a,UGA,MCF,English,GEF
,,Uganda's Vision 2040,"<p>This document lays out the country's overall vision to 2040, with the stated ambition to support the development of a green economy. It notably seeks to enhance the share of renewable sources in the energy mix, and calls for local governments and all economic sectors to plan their adaptation to the adverse effects of climate change.</p>",2012-01-01T00:00:00+00:00,https://app.climatepolicyradar.org/document/uganda-s-vision-2040_1ecd,Uganda's Vision 2040,https://app.climatepolicyradar.org/documents/uganda-s-vision-2040_ecb2,https://cdn.climatepolicyradar.org/navigator/UGA/2017/uganda-s-vision-2040_7e788b42ff42666cd0ed41ee218773bd.pdf,Vision,n/a,UGA,Executive,English,CCLW
,,Addressing Barriers to the Adoption of Improved Charcoal Production Technologies and Sustainable Land Management Practices through an Integrated Approach,To secure multiple environmental benefits by addressing the twin challenges of unsustainable utilisation of biomass for charcoal and poor land management practices common in Uganda’s Woodlands.,2011-11-09T00:00:00+00:00,https://app.climatepolicyradar.org/document/addressing-barriers-to-the-adoption-of-improved-charcoal-production-technologies-and-sustainable-land-management-practices-through-an-integrated-approach_07ed,Addressing Barriers to the Adoption of Improved Charcoal Production Technologies and Sustainable Land Management Practices through an Integrated Approach,https://app.climatepolicyradar.org/documents/addressing-barriers-to-the-adoption-of-improved-charcoal-production-technologies-and-sustainable-land-management-practices-through-an-integrated-approach_371f,https://cdn.climatepolicyradar.org/navigator/UGA/2011/addressing-barriers-to-the-adoption-of-improved-charcoal-production-technologies-and-sustainable-land-management-practices-through-an-integrated-approach_d098c4c572925b3fff8d0f4038f9ed0e.pdf,,n/a,UGA,MCF,English,GEF
,,National Policy for Disaster Preparedness and Management,"<p>Serves as the framework policy for disaster and risk management and preparedness in Uganda, including disasters caused by climate change.<br> Details the mechanisms and structures aimed at effective management of disasters including: vulnerability assessments, mitigation, preparedness, and response and recovery. Explicitly sites climate variability, climate change, and environmental degradation among the increasing vulnerabilities Uganda faces and needs to prepare for.<br> <br> Outlines the Aims of the Policy:<br> 1. to set policy objectives for disaster risk management<br> 2. provide a broad policy framework for cross-sectoral collaboration on objectives, principles, and strategies<br> 3. establish an integrated approach to disaster management that streamlines response across sectors<br> 4. promote behavioural change towards disaster management<br> 5. establish an institutional framework<br> 6. establish a monitoring and evaluation system<br> 7. provide for effective information management to facilitate the collection, storage and analysis of disaster management information.</p>
",2011-04-01T00:00:00+00:00,https://app.climatepolicyradar.org/document/national-policy-for-disaster-preparedness-and-management_41bb,National Policy for Disaster Preparedness and Management,https://app.climatepolicyradar.org/documents/national-policy-for-disaster-preparedness-and-management_c228,https://cdn.climatepolicyradar.org/navigator/UGA/2010/national-policy-for-disaster-preparedness-and-management_85c030b73f61c509a10452a1e1a14a97.pdf,Policy,n/a,UGA,Executive,English,CCLW
,,First National Development Plan (NDPI) 2010/11 - 2014/15,"<p>The plan aims to promote socioeconomic development nationally, prioritising physical infrastructure, education/training, maintaining critical resource inputs, and science/innovation. The plan acknowledges climate change both as a threat to development and as a driver of growth in 'enabling sectors'. Key climate measures in the plan include habitat preservation, to maintain carbon sinks and landscape-level resilience, and significant investment in efficient water storage and irrigation systems, to safeguard agricultural production and drinking water supply.</p>",2010-04-01T00:00:00+00:00,https://app.climatepolicyradar.org/document/first-national-development-plan-ndpi-2010-11-2014-15_4930,First National Development Plan (NDPI) 2010/11 - 2014/15,https://app.climatepolicyradar.org/documents/first-national-development-plan-ndpi-2010-11-2014-15_a549,https://cdn.climatepolicyradar.org/navigator/UGA/2010/first-national-development-plan-ndpi-2010-11-2014-15_c5d4927fa7573e83d817b9b67862180b.pdf,Plan,n/a,UGA,Executive,English,CCLW
,,Promoting Sustainable Transport Solutions for East Africa,"Increase awareness of and support for the implementation of sustainable transport solutions, amongst policy makers, stakeholders and the general public in East Africa and beyond, by providing technical assistance and institutional support for the design and implementation of inter-related sustainable transport system in the three capital cities of Kenya, Uganda and Ethiopia.",2010-03-17T00:00:00+00:00,https://app.climatepolicyradar.org/document/promoting-sustainable-transport-solutions-for-east-africa_3ef3,Promoting Sustainable Transport Solutions for East Africa,https://app.climatepolicyradar.org/documents/promoting-sustainable-transport-solutions-for-east-africa_e477,https://cdn.climatepolicyradar.org/navigator/KEN/2010/promoting-sustainable-transport-solutions-for-east-africa_7b84e01e0fa84d0a11981c555a758263.pdf,,n/a,ETH;KEN;UGA;XAB,MCF,English,GEF
,,LGGE Promoting Energy Efficiency in Buildings in Eastern Africa,"To mainstream energy efficiency (EE) measures into housing policies, building codes, and building practices in East Africa and to achieve considerable avoidance of CO2 emissions as a result of improved building practices.",2009-06-24T00:00:00+00:00,https://app.climatepolicyradar.org/document/lgge-promoting-energy-efficiency-in-buildings-in-eastern-africa_a8d8,LGGE Promoting Energy Efficiency in Buildings in Eastern Africa,https://app.climatepolicyradar.org/documents/lgge-promoting-energy-efficiency-in-buildings-in-eastern-africa_563d,https://cdn.climatepolicyradar.org/navigator/BDI/2009/lgge-promoting-energy-efficiency-in-buildings-in-eastern-africa_3a64270a10b24896950b91ccca227785.pdf,,n/a,BDI;KEN;RWA;TZA;UGA;XAB,MCF,English,GEF
,,4th Operational Phase of the GEF Small Grants Programme (RAF2),Global enviornmental benefits  in biodiveristy and climate change focal areas secured through community-based initiatives and actions.,2009-04-21T00:00:00+00:00,https://app.climatepolicyradar.org/document/4th-operational-phase-of-the-gef-small-grants-programme-raf2_8451,4th Operational Phase of the GEF Small Grants Programme (RAF2),https://app.climatepolicyradar.org/documents/4th-operational-phase-of-the-gef-small-grants-programme-raf2_c88e,https://cdn.climatepolicyradar.org/navigator/AFG/2009/4th-operational-phase-of-the-gef-small-grants-programme-raf2_a9b07ef2213a2c87787d7e5f70442422.pdf,,n/a,AFG;ARG;BGR;BLR;BOL;BRA;CHL;CHN;CIV;CMR;COG;CPV;CRI;CUB;DOM;ECU;EGY;ETH;FJI;GTM;HND;HTI;IDN;IND;IRN;JAM;KAZ;KEN;LAO;LKA;MAR;MDG;MEX;MNG;MOZ;MUS;MWI;MYS;NAM;NGA;NIC;PAK;PAN;PER;PHL;PNG;ROU;SUR;SVK;SYC;SYR;THA;TUR;TZA;UGA;UKR;UZB;VEN;VNM;XAB;ZAF,MCF,English,GEF
,,The Renewable Energy Policy for Uganda,"<p>The Renewable Energy Policy follows the commitment in the National Energy Policy 2002 to develop the use of renewable energy resources in Uganda. The Government's overarching policy vision for renewable energy is to make modern renewable energy a substantial part of national energy consumption, where modern renewable energy is understood to mean renewable energy resources that are transformed into modern energy services like electricity.To achieve its goal, a number of supporting objectives are identified. These include: maintaining and improving the responsiveness of the legal and institutional framework to promote renewable energy investments; establishing an financing and fiscal policy framework for investments in renewable energy; increasing public awareness in renewable energy and promoting investment in this area; promoting research and development as well as international co-operation in renewable energy technologies (RETs); utilizing biomass energy efficiently and sustainably; and promoting the conversion of municipal and industrial waste to energy.Various strategies and policy actions are elaborated in order to achieve these objectives. A power generation programme will support public and private sector investments in renewable energy, focussing on large hydropower schemes (hydropower being the most well developed RET) as well as small and more diverse schemes. A rural and urban-poor electricity access programme will support the development of RETs in dispersed and remote settlements. A modern energy services programme will support RETs such as solar PV and solar water heaters, a biofuels programme will support improvements in biofuel technology, and a waste for energy programmes will support the conversion of waste to energy. An energy efficiency programmes will implement the Uganda Energy Efficiency Strategy.The responsibility for the policy lies with the Ministry of Energy and Mineral Development and a Renewable Energy Department is to be developed within the Ministry. Moreover, a special financial mechanism, a credit support facility known as the Uganda Energy Capitalisation Trust, is instituted to help realise the policy. The ultimate goal of the Renewable Energy Policy is to increase the use of modern renewable energy, from the current 4% to 61% of the total energy consumption by the year 2017.</p>",2007-03-29T00:00:00+00:00,https://app.climatepolicyradar.org/document/the-renewable-energy-policy-for-uganda_87ef,The Renewable Energy Policy for Uganda,https://app.climatepolicyradar.org/documents/the-renewable-energy-policy-for-uganda_36b0,https://cdn.climatepolicyradar.org/navigator/UGA/2007/the-renewable-energy-policy-for-uganda_8979bcb3099210db7e27bbbfb27698f7.pdf,Policy,n/a,UGA,Executive,English,CCLW
,,Cogen for Africa,The overall objective of the Cogen for Africa project is to help transform the cogeneration industry in Eastern and Southern Africa into a profitable cogeneration market and promote widespread implementation of more efficient cogeneration systems by removing barriers to their application.,2006-08-28T00:00:00+00:00,https://app.climatepolicyradar.org/document/cogen-for-africa_f609,Cogen for Africa,https://app.climatepolicyradar.org/documents/cogen-for-africa_e13a,https://cdn.climatepolicyradar.org/navigator/UGA/2006/cogen-for-africa_8369e1090ffdb209afc104946127505d.pdf,,n/a,ETH;KEN;MWI;SDN;SWZ;TZA;UGA;XAB,MCF,English,GEF
,,Greening the Tea Industry in East Africa,The objective of the proposed Micro Hydro/ Program is to reduce the electrical energy costs in the tea processing industries in countries covered by the East African Tea Trade Association and meanwhile increasing power supply reliability and reducing Greenhouse Gas emissions through removal of barriers.,2006-08-28T00:00:00+00:00,https://app.climatepolicyradar.org/document/greening-the-tea-industry-in-east-africa_3a0c,Greening the Tea Industry in East Africa,https://app.climatepolicyradar.org/documents/greening-the-tea-industry-in-east-africa_20b5,https://cdn.climatepolicyradar.org/navigator/BDI/2006/greening-the-tea-industry-in-east-africa_4519421a439b5340c83d7a5c40a9accb.pdf,,n/a,BDI;KEN;MOZ;MWI;RWA;TZA;UGA;XAB;ZMB,MCF,English,GEF
,,African Rift Geothermal Development Facility (ARGeo),The Project’s development objective is to accelerate the development and utilization of geothermal resources in the Rift Valley as a pathway to low carbon development in the region. The Program’s global objective is to facilitate reduction of the growth rate of GHG emissions in the region through geothermal energy development to produce electricity.,2006-06-09T00:00:00+00:00,https://app.climatepolicyradar.org/document/african-rift-geothermal-development-facility-argeo_7988,African Rift Geothermal Development Facility (ARGeo),https://app.climatepolicyradar.org/documents/african-rift-geothermal-development-facility-argeo_b706,https://cdn.climatepolicyradar.org/navigator/ERI/2006/african-rift-geothermal-development-facility-argeo_e06804371f44b35f039d180b75a11aa3.pdf,,n/a,ERI;ETH;KEN;RWA;TZA;UGA;XAB,MCF,English,GEF
,,Building Sustainable Commercial Dissemination Networks for Household PV Systems in Eastern Africa,"The overall objective of this project is to stimulate increased rural sales of PV by increasing consumer awareness and by sharing experiences between commercial markets and projects in region.  Specific objectives are to:    1)To create awareness and to put in place the required technical capacity to market, design, install, maintain PV systems for small needs in one rural district of each country.  To assist to develop market linkages between the major commercial center (Addis, Asmara, Dar, Kampala) and a selected rural district.  The project will create a sustainable “commercial corridor” of PV supply between importers, dealers and rural consumers in a high potential district.  If there is an interested micro-finance group, the project will also attempt to catalyze microfinance in each of the countries.  This demonstration will assist stakeholders to further develop the market in other localities.   2)To raise awareness among policymakers and development partners about the role for PV as a part of rural electrification in all countries, and to share policy experiences between the countries  3)To build linkages between East African country PV sector stakeholders, including companies, dealers, NGOs, rural energy projects and international companies. To assist commercial companies to develop viable PV businesses in each of the countries, to share successful models, and to enhance trade and information links between neighboring countries  4)To encourage international PV companies to participate in the development of the business in East Africa by building awareness of potential markets and by linking them with local stakeholders  5)To identify and assist companies that are eligible for SDF finance.  To stimulate interest of local finance players in supporting PV projects.",2004-08-18T00:00:00+00:00,https://app.climatepolicyradar.org/document/building-sustainable-commercial-dissemination-networks-for-household-pv-systems-in-eastern-africa_3b2d,Building Sustainable Commercial Dissemination Networks for Household PV Systems in Eastern Africa,https://app.climatepolicyradar.org/documents/building-sustainable-commercial-dissemination-networks-for-household-pv-systems-in-eastern-africa_3ad1,https://cdn.climatepolicyradar.org/navigator/ERI/2004/building-sustainable-commercial-dissemination-networks-for-household-pv-systems-in-eastern-africa_1a49ea7239bc5fe806ae0af802c5cc1e.pdf,,n/a,ERI;ETH;KEN;TZA;UGA;XAB,MCF,English,GEF
,,National Adaptation Programme of Action  (NAPA),"The objectives o NAPA are:  -To serve as simplified and direct channels of communication for information relating to the urgent and immediate needs for adaptation;  -To facilitate capacity building for the preparation of the initial national communication, and addressing urgent and immediate adaptation needs.",2003-07-25T00:00:00+00:00,https://app.climatepolicyradar.org/document/national-adaptation-programme-of-action-napa_9cd1,National Adaptation Programme of Action  (NAPA),https://app.climatepolicyradar.org/documents/national-adaptation-programme-of-action-napa_bfa7,https://cdn.climatepolicyradar.org/navigator/UGA/2003/national-adaptation-programme-of-action-napa_ec7ab81e187292f7f689c9a63a04c899.pdf,,n/a,UGA,MCF,English,GEF
,,Climate Change Enabling Activity (Additional Financing for Capacity Building in Priority Areas),"the activities proposed for will allow for improvement on what has been done in phase I, hence the continuity and complementarity of climate change enabling activities in Uganda.",2001-02-01T00:00:00+00:00,https://app.climatepolicyradar.org/document/climate-change-enabling-activity-additional-financing-for-capacity-building-in-priority-areas_019f,Climate Change Enabling Activity (Additional Financing for Capacity Building in Priority Areas),https://app.climatepolicyradar.org/documents/climate-change-enabling-activity-additional-financing-for-capacity-building-in-priority-areas_c522,https://cdn.climatepolicyradar.org/navigator/UGA/2001/climate-change-enabling-activity-additional-financing-for-capacity-building-in-priority-areas_624c02cd844cd57bc2eb8f6c45211c2a.pdf,,n/a,UGA,MCF,English,GEF
,,Energy for Rural Transformation Project (APL),The project (which GEF would help co-finance) is being prepared as an WB/GEFR Strategic Partnership Adaptable Program Loan (APL) to be implemented over a ten year period through an anticipated 3 tranches.  It will consist of the investment components described below and will also include significant capacity building and technical assistance.,2000-05-01T00:00:00+00:00,https://app.climatepolicyradar.org/document/energy-for-rural-transformation-project-apl_62b9,Energy for Rural Transformation Project (APL),https://app.climatepolicyradar.org/documents/energy-for-rural-transformation-project-apl_6675,https://cdn.climatepolicyradar.org/navigator/UGA/2000/energy-for-rural-transformation-project-apl_e11f033a97bdb1cf2ccc790bdb083a14.pdf,,n/a,UGA,MCF,English,GEF
,,Energy for Rural Transformation Project (Phase III),The Project Development Objective (PDO) is to increase access to electricity in rural areas of Uganda. The Global Environmental Objective (GEO) is to increase access to electricity in rural areas of Uganda and reduce greenhouse gas emissions.,2000-05-01T00:00:00+00:00,https://app.climatepolicyradar.org/document/energy-for-rural-transformation-project-phase-iii_e2cb,Energy for Rural Transformation Project (Phase III),https://app.climatepolicyradar.org/documents/energy-for-rural-transformation-project-phase-iii_f7b0,https://cdn.climatepolicyradar.org/navigator/UGA/2000/energy-for-rural-transformation-project-phase-iii_16f3dcfdb7a09d4defefe9d337835d0c.pdf,,n/a,UGA,MCF,English,GEF
,,Enabling Uganda to Prepare its First National Communication in Response to its Commitments to UNFCCC,"The project will be located within the Ministry of Natural Resources in the Department of Meteorology.  At the inception of the project proposal and design, it was felt that in order for the objectives to be realized, an Interdisciplinary and Interministerial Committee (IIC) should be established to ensure the effective implementation of the project.",1996-06-28T00:00:00+00:00,https://app.climatepolicyradar.org/document/enabling-uganda-to-prepare-its-first-national-communication-in-response-to-its-commitments-to-unfccc_a8a3,Enabling Uganda to Prepare its First National Communication in Response to its Commitments to UNFCCC,https://app.climatepolicyradar.org/documents/enabling-uganda-to-prepare-its-first-national-communication-in-response-to-its-commitments-to-unfccc_ed56,https://cdn.climatepolicyradar.org/navigator/UGA/1996/enabling-uganda-to-prepare-its-first-national-communication-in-response-to-its-commitments-to-unfccc_1c3b1c962ec296d47c203b814e5a3137.pdf,,n/a,UGA,MCF,English,GEF
,,Uganda photovoltaic pilot project for rural electrification,"The Government of Uganda is committed to addressing the energy needs of the majority of its citizens who live in the rural areas.  To achieve the objectives, the project strategy will be to establish programmatic and/or commercial linkages between local industry/importers, banking institutions, NGOs/cooperatives, training institutions, and Government agencies through the financing, design, installation and maintenance of at least 840 household and 4 community-based PV systems in 4 trading centers on a pilot basis.  The project will test the effectiveness of several models of financing mechanisms which have succeeded in other countries to induce demand for PV technology.",1995-10-01T00:00:00+00:00,https://app.climatepolicyradar.org/document/uganda-photovoltaic-pilot-project-for-rural-electrification_49cd,Uganda photovoltaic pilot project for rural electrification,https://app.climatepolicyradar.org/documents/uganda-photovoltaic-pilot-project-for-rural-electrification_661d,https://cdn.climatepolicyradar.org/navigator/UGA/1995/uganda-photovoltaic-pilot-project-for-rural-electrification_5e2ffdf7d57b191d4a838e5e383ea16c.pdf,,n/a,UGA,MCF,English,GEF
,,National Environment Management Policy (NEMP),"<p>The NEMP recognises that Uganda faces a number of environmental issues including: soil degradation, deforestation, loss of biodiversity, increasing pollution and environmentally related diseases. These problems are compounded by poverty, low amounts of environmental awareness and low levels of technology. The NEMP aims to address these issues by establishing a more comprehensive and integrated approach to environmental issues.The NEMP, therefore, creates a National Environment Management Authority, a legal framework for climate issues, an effective monitoring and evaluation system to track the effects of different policies on the environment, population and economy, attempts to promote a new sustainable conservation culture and, finally, to harmonise local and national policy efforts on environmental issues.Specifically, the NEMP recognizes climate as a 'vital natural resource' that needs to be monitored in order to better direct land use, encourage sustainable economic development, and manage air pollution, and GHG emissions.</p>",1995-03-01T00:00:00+00:00,https://app.climatepolicyradar.org/document/national-environment-management-policy-nemp_a562,National Environment Management Policy (NEMP),https://app.climatepolicyradar.org/documents/national-environment-management-policy-nemp_7a69,https://cdn.climatepolicyradar.org/navigator/UGA/1995/national-environment-management-policy-nemp_d64bb5adef08341f394a00849490f6c9.pdf,Policy,n/a,UGA,Executive,English,CCLW
,,Country Case Studies on Sources and Sinks of Greenhouse Gases,"The project provides direct operational and financial support for development of a standard methodology that Parties to the UNFCCC may use to develop national GHG inventories.  Development of national GHG inventories in 11 countries, and support for 4 regional GHG inventory methodology workshops.",1991-12-01T00:00:00+00:00,https://app.climatepolicyradar.org/document/country-case-studies-on-sources-and-sinks-of-greenhouse-gases_f166,Country Case Studies on Sources and Sinks of Greenhouse Gases,https://app.climatepolicyradar.org/documents/country-case-studies-on-sources-and-sinks-of-greenhouse-gases_33eb,https://cdn.climatepolicyradar.org/navigator/UGA/1991/country-case-studies-on-sources-and-sinks-of-greenhouse-gases_fe3db41360d3ca89e2cdc146295fc67f.pdf,,n/a,CRI;GMB;MAR;MEX;POL;SEN;TZA;UGA;VEN;XAB,MCF,English,GEF