{
"type": "FeatureCollection",
"crs": { "type": "name", "properties": { "name": "urn:ogc:def:crs:OGC:1.3:CRS84" } },
"features": [
{ "type": "Feature", "properties": { "shapeName": "Buikwe", "shapeISO": "", "shapeID": "80733802B20509582927517", "shapeGroup": "UGA", "shapeType": "ADM2" }, "geometry": { "type": "Polygon", "coordinates": [ [ [ 32.873850699, 0.11306669 ], [ 32.874799177, 0.110694629 ], [ 32.877076235, 0.104851026 ], [ 32.878415799, 0.101763497 ], [ 32.879173712, 0.099616422 ], [ 32.884532014, 0.069344406 ], [ 32.888691675, 0.069060505 ], [ 32.894984064, 0.059460767 ], [ 32.901664205, 0.054652031 ], [ 32.916452163, 0.049452926 ], [ 32.932050899, 0.049009333 ], [ 32.945146789, 0.051511317 ], [ 32.971091817, 0.06240645 ], [ 33.005197568, 0.086698663 ], [ 33.019333403, 0.101213649 ], [ 33.028692671, 0.108293692 ], [ 33.03903898, 0.113634769 ], [ 33.059608221, 0.120643803 ], [ 33.077374986, 0.131361418 ], [ 33.09038894, 0.142882533 ], [ 33.104513567, 0.16349114 ], [ 33.126973643, 0.1849167 ], [ 33.142086554, 0.19712441 ], [ 33.149033557, 0.209948865 ], [ 33.154758538, 0.217414329 ], [ 33.180654869, 0.24469769 ], [ 33.176492545, 0.279236583 ], [ 33.176955, 0.285785032 ], [ 33.179893086, 0.290779252 ], [ 33.208310186, 0.307991977 ], [ 33.228563474, 0.322319725 ], [ 33.251658428, 0.334513855 ], [ 33.289090145, 0.358500428 ], [ 33.291160652, 0.376125304 ], [ 33.288883625, 0.381806828 ], [ 33.282177607, 0.388869507 ], [ 33.272558455, 0.394551494 ], [ 33.246373676, 0.403047701 ], [ 33.221769211, 0.405590708 ], [ 33.199925983, 0.410096836 ], [ 33.195825519, 0.414864863 ], [ 33.194485472, 0.420320416 ], [ 33.195611129, 0.421831286 ], [ 33.193314097, 0.429377845 ], [ 33.184783707, 0.441744663 ], [ 33.182452096, 0.451217246 ], [ 33.174813518, 0.455722994 ], [ 33.167604241, 0.467837514 ], [ 33.16042119, 0.47333845 ], [ 33.158947114, 0.476984551 ], [ 33.159751257, 0.480485841 ], [ 33.154712552, 0.47822413 ], [ 33.152782937, 0.481680248 ], [ 33.153774678, 0.484946306 ], [ 33.150290325, 0.489632894 ], [ 33.14476922, 0.492066746 ], [ 33.141659952, 0.491306839 ], [ 33.136969645, 0.496681046 ], [ 33.137291632, 0.503213205 ], [ 33.129116833, 0.508144165 ], [ 33.128741663, 0.510252198 ], [ 33.123461811, 0.514432168 ], [ 33.11938786, 0.515834582 ], [ 33.116385986, 0.52160683 ], [ 33.105209445, 0.527198283 ], [ 33.105102199, 0.529460117 ], [ 33.096606066, 0.53569387 ], [ 33.089155031, 0.547030294 ], [ 33.084729393, 0.546170865 ], [ 33.084032275, 0.542913831 ], [ 33.080330905, 0.538471641 ], [ 33.077043661, 0.523706428 ], [ 33.077829702, 0.519200845 ], [ 33.075742975, 0.517445688 ], [ 33.075085473, 0.513881041 ], [ 33.069983536, 0.509809799 ], [ 33.061823238, 0.511121742 ], [ 33.058307546, 0.507086669 ], [ 33.053291297, 0.504598691 ], [ 33.046660198, 0.503712104 ], [ 33.040986518, 0.5046983 ], [ 33.036413486, 0.507692997 ], [ 33.033197806, 0.512949524 ], [ 33.03324079, 0.515898954 ], [ 33.02197938, 0.530257146 ], [ 33.013561786, 0.536545076 ], [ 33.006959021, 0.538933586 ], [ 32.995168672, 0.550088965 ], [ 32.983664202, 0.554983559 ], [ 32.976637141, 0.531342822 ], [ 32.961407965, 0.507674892 ], [ 32.956092172, 0.493018161 ], [ 32.953371226, 0.477850086 ], [ 32.954029305, 0.470133576 ], [ 32.949565438, 0.464207406 ], [ 32.951575129, 0.45774417 ], [ 32.949850083, 0.450776068 ], [ 32.953407016, 0.447093823 ], [ 32.962690452, 0.429442504 ], [ 32.968221431, 0.424475537 ], [ 32.970053411, 0.416731015 ], [ 32.973808325, 0.409239825 ], [ 32.960511784, 0.411162097 ], [ 32.949664867, 0.411041278 ], [ 32.947358169, 0.405629803 ], [ 32.939623178, 0.403965037 ], [ 32.932378012, 0.398726568 ], [ 32.923316406, 0.399050975 ], [ 32.920316242, 0.402399961 ], [ 32.912683284, 0.399812061 ], [ 32.910152598, 0.400300589 ], [ 32.908928124, 0.399893445 ], [ 32.908907803, 0.383391102 ], [ 32.891658567, 0.378003629 ], [ 32.891805196, 0.370245006 ], [ 32.884168603, 0.369816828 ], [ 32.880172197, 0.366381765 ], [ 32.864457017, 0.372995131 ], [ 32.865049225, 0.360193178 ], [ 32.863416471, 0.356167094 ], [ 32.86486561, 0.353848872 ], [ 32.865763652, 0.343120888 ], [ 32.868192368, 0.343066638 ], [ 32.87190684, 0.338253512 ], [ 32.874723399, 0.33804546 ], [ 32.878376633, 0.333919926 ], [ 32.873050043, 0.324284454 ], [ 32.872845959, 0.318448106 ], [ 32.875560394, 0.307990248 ], [ 32.884152825, 0.296916413 ], [ 32.886846172, 0.288176719 ], [ 32.908004544, 0.26792897 ], [ 32.908247242, 0.26545846 ], [ 32.906195953, 0.258121741 ], [ 32.902795082, 0.253172723 ], [ 32.906007102, 0.244722533 ], [ 32.899853125, 0.240214704 ], [ 32.895126962, 0.228784974 ], [ 32.894860008, 0.201656226 ], [ 32.89267378, 0.192281539 ], [ 32.891324234, 0.18989031 ], [ 32.889369965, 0.189933067 ], [ 32.869074078, 0.125328079 ], [ 32.873850699, 0.11306669 ] ] ] } },
{ "type": "Feature", "properties": { "shapeName": "Bukomansimbi", "shapeISO": "", "shapeID": "80733802B58014684209538", "shapeGroup": "UGA", "shapeType": "ADM2" }, "geometry": { "type": "Polygon", "coordinates": [ [ [ 31.71228183, -0.304366638 ], [ 31.711272812, -0.294147588 ], [ 31.708410392, -0.288157645 ], [ 31.708219222, -0.281392883 ], [ 31.714091432, -0.264795927 ], [ 31.720961877, -0.254781337 ], [ 31.722518052, -0.243420368 ], [ 31.720921282, -0.234417871 ], [ 31.706195433, -0.210704787 ], [ 31.704650088, -0.181487624 ], [ 31.697748055, -0.16496335 ], [ 31.692498875, -0.146563148 ], [ 31.692253472, -0.141295469 ], [ 31.696320418, -0.120911101 ], [ 31.70231057, -0.1006672 ], [ 31.705183816, -0.071283437 ], [ 31.700164222, -0.03196466 ], [ 31.694603826, -0.015529858 ], [ 31.688881335, -0.009505887 ], [ 31.687063406, -0.000370467 ], [ 31.68283119, 0.001302834 ], [ 31.672734398, 0.010492447 ], [ 31.670890882, 0.017068069 ], [ 31.666617392, 0.020785489 ], [ 31.662994902, 0.031738791 ], [ 31.655615889, 0.036948525 ], [ 31.646436446, 0.039435689 ], [ 31.639712328, 0.037708018 ], [ 31.631871045, 0.039100777 ], [ 31.618314976, 0.042600837 ], [ 31.600927457, 0.050008057 ], [ 31.589856239, 0.037770478 ], [ 31.567107505, 0.027414117 ], [ 31.5576178, 0.013630228 ], [ 31.550041876, 0.008583379 ], [ 31.542527736, 0.000407201 ], [ 31.536653682, -0.013530195 ], [ 31.537760625, -0.019173896 ], [ 31.534944677, -0.027648452 ], [ 31.53476911, -0.035634629 ], [ 31.538163237, -0.040527683 ], [ 31.538587829, -0.049689665 ], [ 31.543989078, -0.062107748 ], [ 31.542509443, -0.083796187 ], [ 31.549989299, -0.112286409 ], [ 31.549724032, -0.117306064 ], [ 31.553114692, -0.126612971 ], [ 31.549254617, -0.133070474 ], [ 31.550823888, -0.148735533 ], [ 31.549318803, -0.151453128 ], [ 31.54970744, -0.155845048 ], [ 31.548217158, -0.156449165 ], [ 31.546570858, -0.172739808 ], [ 31.547874255, -0.177132194 ], [ 31.551595015, -0.179806151 ], [ 31.551699805, -0.186811607 ], [ 31.556074474, -0.203640185 ], [ 31.554727506, -0.209221805 ], [ 31.55898859, -0.214256487 ], [ 31.560232365, -0.21883536 ], [ 31.56510009, -0.222949956 ], [ 31.567197638, -0.229537503 ], [ 31.580517146, -0.242574065 ], [ 31.582070984, -0.245694813 ], [ 31.582404393, -0.252809112 ], [ 31.595954982, -0.284790007 ], [ 31.597248535, -0.29570447 ], [ 31.621627192, -0.302776932 ], [ 31.630240833, -0.303768166 ], [ 31.640270913, -0.302356378 ], [ 31.651062318, -0.296151432 ], [ 31.6564728, -0.297456429 ], [ 31.666643265, -0.295045765 ], [ 31.670897118, -0.297422318 ], [ 31.672160451, -0.301999397 ], [ 31.689172472, -0.301655748 ], [ 31.692296515, -0.306732831 ], [ 31.704509217, -0.306271459 ], [ 31.71228183, -0.304366638 ] ] ] } },
{ "type": "Feature", "properties": { "shapeName": "Butambala", "shapeISO": "", "shapeID": "80733802B91042685562512", "shapeGroup": "UGA", "shapeType": "ADM2" }, "geometry": { "type": "Polygon", "coordinates": [ [ [ 32.155996421, 0.249833327 ], [ 32.154882974, 0.24501537 ], [ 32.149968474, 0.245389093 ], [ 32.147909953, 0.244231019 ], [ 32.143904595, 0.238558437 ], [ 32.140453953, 0.229796174 ], [ 32.132009448, 0.235682091 ], [ 32.12136506, 0.225593145 ], [ 32.117651493, 0.220438336 ], [ 32.118109434, 0.209762815 ], [ 32.116586777, 0.199714983 ], [ 32.103494419, 0.201064772 ], [ 32.093221848, 0.204934445 ], [ 32.086895123, 0.20171131 ], [ 32.080916362, 0.202478596 ], [ 32.076796933, 0.190655037 ], [ 32.08103828, 0.174784192 ], [ 32.076808027, 0.168241364 ], [ 32.074187791, 0.169842407 ], [ 32.067073131, 0.164061572 ], [ 32.061951404, 0.150076011 ], [ 32.056682613, 0.146873453 ], [ 32.051843842, 0.141065645 ], [ 32.049404607, 0.132417474 ], [ 32.047323015, 0.13318631 ], [ 32.035852253, 0.130019731 ], [ 32.030732602, 0.133846007 ], [ 32.020551538, 0.132117802 ], [ 32.015273024, 0.134749976 ], [ 32.008375765, 0.129638706 ], [ 32.000663303, 0.126191882 ], [ 31.994988687, 0.127268125 ], [ 31.980377416, 0.109492326 ], [ 31.966949338, 0.110514035 ], [ 31.959555149, 0.113661723 ], [ 31.948610527, 0.104986377 ], [ 31.939100863, 0.10974413 ], [ 31.930812418, 0.120399736 ], [ 31.921612857, 0.122977397 ], [ 31.916091739, 0.122922893 ], [ 31.908001065, 0.118155472 ], [ 31.887627252, 0.096282296 ], [ 31.880465371, 0.094156335 ], [ 31.867986543, 0.094128781 ], [ 31.860516677, 0.092518421 ], [ 31.840558027, 0.081427985 ], [ 31.830168328, 0.069463001 ], [ 31.823552713, 0.067281967 ], [ 31.822813979, 0.064797564 ], [ 31.82520879, 0.061402672 ], [ 31.82493216, 0.058021866 ], [ 31.81202486, 0.043147024 ], [ 31.827774979, 0.028276567 ], [ 31.838844177, 0.020298587 ], [ 31.871539467, 0.005807819 ], [ 31.878437949, 0.017883731 ], [ 31.886532586, 0.026133394 ], [ 31.887786212, 0.032781953 ], [ 31.901183005, 0.031597128 ], [ 31.908138043, 0.033388261 ], [ 31.92240665, 0.041511505 ], [ 31.938048242, 0.056799104 ], [ 31.953610005, 0.063710421 ], [ 31.960924205, 0.068911937 ], [ 31.978714786, 0.072630214 ], [ 31.995012415, 0.079161769 ], [ 32.003291591, 0.080817382 ], [ 32.018958932, 0.087900814 ], [ 32.029790157, 0.095879717 ], [ 32.038510073, 0.094233592 ], [ 32.044883764, 0.099209115 ], [ 32.053500859, 0.109639539 ], [ 32.054222443, 0.127976023 ], [ 32.056926449, 0.130364306 ], [ 32.061335241, 0.1313505 ], [ 32.078559917, 0.129180078 ], [ 32.080015922, 0.135250113 ], [ 32.083551807, 0.14138356 ], [ 32.088491369, 0.14203509 ], [ 32.091301545, 0.144369133 ], [ 32.099687935, 0.146133483 ], [ 32.10269079, 0.138349543 ], [ 32.117333927, 0.131254478 ], [ 32.123865288, 0.134676316 ], [ 32.132485623, 0.143499835 ], [ 32.148445599, 0.142741411 ], [ 32.156061365, 0.137103421 ], [ 32.157831408, 0.134281995 ], [ 32.165861546, 0.090706616 ], [ 32.16931947, 0.087933723 ], [ 32.173156558, 0.087333693 ], [ 32.184559242, 0.093500043 ], [ 32.188282852, 0.097564006 ], [ 32.192486586, 0.105723427 ], [ 32.194857561, 0.118305627 ], [ 32.195266365, 0.131696477 ], [ 32.20123677, 0.143282217 ], [ 32.202271267, 0.15170928 ], [ 32.208188536, 0.168440919 ], [ 32.207874, 0.18382129 ], [ 32.205665602, 0.185818726 ], [ 32.200784361, 0.185077711 ], [ 32.196866933, 0.190026167 ], [ 32.198649135, 0.191875502 ], [ 32.201674777, 0.19060219 ], [ 32.208329376, 0.191568512 ], [ 32.210654144, 0.1968249 ], [ 32.207968925, 0.201496105 ], [ 32.216911564, 0.206212765 ], [ 32.21327423, 0.217773647 ], [ 32.222089428, 0.247836916 ], [ 32.225394052, 0.250996615 ], [ 32.231207079, 0.252851981 ], [ 32.234321745, 0.252062285 ], [ 32.238268706, 0.248639717 ], [ 32.248029099, 0.247675262 ], [ 32.250242522, 0.246197972 ], [ 32.281758829, 0.246729739 ], [ 32.280089791, 0.249289844 ], [ 32.281259847, 0.251298262 ], [ 32.28724755, 0.254419688 ], [ 32.287603246, 0.263386915 ], [ 32.291072532, 0.264125245 ], [ 32.293617462, 0.271621206 ], [ 32.298175959, 0.27863922 ], [ 32.30464517, 0.277246103 ], [ 32.305955448, 0.279089446 ], [ 32.3040271, 0.287033894 ], [ 32.295731333, 0.292805148 ], [ 32.285643075, 0.294613828 ], [ 32.268118049, 0.317499642 ], [ 32.266077924, 0.314566535 ], [ 32.243915027, 0.303666542 ], [ 32.233537464, 0.295515703 ], [ 32.23539211, 0.293481293 ], [ 32.234405682, 0.289543811 ], [ 32.225941726, 0.286623078 ], [ 32.223302597, 0.287005864 ], [ 32.221329564, 0.281811706 ], [ 32.214612957, 0.281655665 ], [ 32.211236693, 0.283570276 ], [ 32.203639379, 0.29789514 ], [ 32.198324916, 0.303623713 ], [ 32.195840888, 0.294547296 ], [ 32.193083078, 0.292440782 ], [ 32.187722308, 0.283955284 ], [ 32.188519542, 0.272980951 ], [ 32.190802379, 0.267188735 ], [ 32.187034712, 0.255735394 ], [ 32.184681094, 0.253413511 ], [ 32.175919517, 0.258930041 ], [ 32.171093291, 0.256344711 ], [ 32.168062283, 0.251162516 ], [ 32.158766086, 0.252167193 ], [ 32.155996421, 0.249833327 ] ] ] } },
{ "type": "Feature", "properties": { "shapeName": "Buvuma", "shapeISO": "", "shapeID": "80733802B29448992428758", "shapeGroup": "UGA", "shapeType": "ADM2" }, "geometry": { "type": "Polygon", "coordinates": [ [ [ 32.874799177, 0.110694629 ], [ 32.860960234, 0.109350306 ], [ 32.844469902, 0.106643465 ], [ 32.845364097, 0.066104746 ], [ 32.85251887, 0.035046462 ], [ 32.860093941, 0.008660605 ], [ 32.872128988, -0.016600755 ], [ 32.875599835, -0.020798726 ], [ 32.876183235, -0.149678314 ], [ 32.875639395, -0.615784753 ], [ 32.875133705, -0.99941964 ], [ 33.520127889, -0.999186088 ], [ 33.523575137, -0.999184498 ], [ 33.521118241, -0.395823424 ], [ 33.522165833, -0.026934335 ], [ 33.53715339, 0.016426296 ], [ 33.543487108, 0.044674295 ], [ 33.556068614, 0.085972084 ], [ 33.545215675, 0.097698662 ], [ 33.542074467, 0.104995326 ], [ 33.541979924, 0.10914849 ], [ 33.533805208, 0.126066133 ], [ 33.538650002, 0.140440108 ], [ 33.538240852, 0.151951685 ], [ 33.529788878, 0.148181381 ], [ 33.52731221, 0.139952166 ], [ 33.495428272, 0.150928919 ], [ 33.476347779, 0.159888908 ], [ 33.426224433, 0.210017077 ], [ 33.426224404, 0.216063813 ], [ 33.420926878, 0.221289849 ], [ 33.417595986, 0.229924231 ], [ 33.41852266, 0.240862418 ], [ 33.422421251, 0.248570161 ], [ 33.422049492, 0.250461021 ], [ 33.396192943, 0.27894081 ], [ 33.392285376, 0.300746592 ], [ 33.387044574, 0.309426859 ], [ 33.366286874, 0.321690941 ], [ 33.344341614, 0.331794816 ], [ 33.303960145, 0.333886231 ], [ 33.300562578, 0.335243362 ], [ 33.296407992, 0.338496636 ], [ 33.292645871, 0.344422124 ], [ 33.289090145, 0.358500428 ], [ 33.251658428, 0.334513855 ], [ 33.228563474, 0.322319725 ], [ 33.208310186, 0.307991977 ], [ 33.179893086, 0.290779252 ], [ 33.176955, 0.285785032 ], [ 33.176492545, 0.279236583 ], [ 33.180654869, 0.24469769 ], [ 33.154758538, 0.217414329 ], [ 33.149033557, 0.209948865 ], [ 33.142086554, 0.19712441 ], [ 33.126973643, 0.1849167 ], [ 33.104513567, 0.16349114 ], [ 33.09038894, 0.142882533 ], [ 33.077374986, 0.131361418 ], [ 33.059608221, 0.120643803 ], [ 33.03903898, 0.113634769 ], [ 33.028692671, 0.108293692 ], [ 33.019333403, 0.101213649 ], [ 33.005197568, 0.086698663 ], [ 32.971091817, 0.06240645 ], [ 32.945146789, 0.051511317 ], [ 32.932050899, 0.049009333 ], [ 32.916452163, 0.049452926 ], [ 32.901664205, 0.054652031 ], [ 32.894984064, 0.059460767 ], [ 32.888691675, 0.069060505 ], [ 32.884532014, 0.069344406 ], [ 32.879173712, 0.099616422 ], [ 32.878415799, 0.101763497 ], [ 32.877076235, 0.104851026 ], [ 32.874799177, 0.110694629 ] ] ] } },
{ "type": "Feature", "properties": { "shapeName": "Gomba", "shapeISO": "", "shapeID": "80733802B54976132941895", "shapeGroup": "UGA", "shapeType": "ADM2" }, "geometry": { "type": "Polygon", "coordinates": [ [ [ 31.646436446, 0.039435689 ], [ 31.663011902, 0.064797793 ], [ 31.673986661, 0.071156671 ], [ 31.694988107, 0.076439572 ], [ 31.719264596, 0.070335196 ], [ 31.750589154, 0.069603134 ], [ 31.780544848, 0.062838073 ], [ 31.806376968, 0.048185201 ], [ 31.81202486, 0.043147024 ], [ 31.82493216, 0.058021866 ], [ 31.82520879, 0.061402672 ], [ 31.822813979, 0.064797564 ], [ 31.823552713, 0.067281967 ], [ 31.830168328, 0.069463001 ], [ 31.840558027, 0.081427985 ], [ 31.860516677, 0.092518421 ], [ 31.867986543, 0.094128781 ], [ 31.880465371, 0.094156335 ], [ 31.887627252, 0.096282296 ], [ 31.908001065, 0.118155472 ], [ 31.916091739, 0.122922893 ], [ 31.921612857, 0.122977397 ], [ 31.930812418, 0.120399736 ], [ 31.939100863, 0.10974413 ], [ 31.948610527, 0.104986377 ], [ 31.959555149, 0.113661723 ], [ 31.966949338, 0.110514035 ], [ 31.980377416, 0.109492326 ], [ 31.994988687, 0.127268125 ], [ 32.000663303, 0.126191882 ], [ 32.008375765, 0.129638706 ], [ 32.015273024, 0.134749976 ], [ 32.020551538, 0.132117802 ], [ 32.030732602, 0.133846007 ], [ 32.035852253, 0.130019731 ], [ 32.047323015, 0.13318631 ], [ 32.049404607, 0.132417474 ], [ 32.051843842, 0.141065645 ], [ 32.056682613, 0.146873453 ], [ 32.061951404, 0.150076011 ], [ 32.067073131, 0.164061572 ], [ 32.074187791, 0.169842407 ], [ 32.076808027, 0.168241364 ], [ 32.08103828, 0.174784192 ], [ 32.076796933, 0.190655037 ], [ 32.080916362, 0.202478596 ], [ 32.086895123, 0.20171131 ], [ 32.093221848, 0.204934445 ], [ 32.103494419, 0.201064772 ], [ 32.116586777, 0.199714983 ], [ 32.118109434, 0.209762815 ], [ 32.117651493, 0.220438336 ], [ 32.12136506, 0.225593145 ], [ 32.132009448, 0.235682091 ], [ 32.140453953, 0.229796174 ], [ 32.143904595, 0.238558437 ], [ 32.147909953, 0.244231019 ], [ 32.149968474, 0.245389093 ], [ 32.154882974, 0.24501537 ], [ 32.155996421, 0.249833327 ], [ 32.153262241, 0.250359722 ], [ 32.152072939, 0.258617281 ], [ 32.148732321, 0.261620927 ], [ 32.146235514, 0.267652408 ], [ 32.136832196, 0.271038549 ], [ 32.132647523, 0.274604577 ], [ 32.128783486, 0.282443015 ], [ 32.113661895, 0.290866953 ], [ 32.100585736, 0.289836697 ], [ 32.089504217, 0.297451006 ], [ 32.079828104, 0.294530154 ], [ 32.076297825, 0.291071294 ], [ 32.080981991, 0.284489635 ], [ 32.07664398, 0.273275875 ], [ 32.070926215, 0.272593291 ], [ 32.067526629, 0.269984149 ], [ 32.061547397, 0.268822851 ], [ 32.057149433, 0.264394609 ], [ 32.049470195, 0.265088115 ], [ 32.049671988, 0.268762075 ], [ 32.047032928, 0.269958597 ], [ 32.028984236, 0.263900884 ], [ 32.028152179, 0.260933715 ], [ 32.026464484, 0.258509247 ], [ 32.025337859, 0.255614429 ], [ 32.02506204, 0.257002067 ], [ 32.025335385, 0.255604062 ], [ 32.025834801, 0.253665418 ], [ 32.026453078, 0.251678911 ], [ 32.027285499, 0.247394726 ], [ 32.027592053, 0.247192524 ], [ 32.028164383, 0.244102566 ], [ 32.020983894, 0.24238457 ], [ 32.013734734, 0.246950272 ], [ 31.999587313, 0.246535347 ], [ 31.992812574, 0.241105306 ], [ 31.983085271, 0.226608048 ], [ 31.973434814, 0.229566391 ], [ 31.970453048, 0.228122963 ], [ 31.967984115, 0.22893726 ], [ 31.958943422, 0.224176941 ], [ 31.956318595, 0.220839703 ], [ 31.931349034, 0.231599358 ], [ 31.926892367, 0.227483197 ], [ 31.923509115, 0.216230037 ], [ 31.918732299, 0.212792314 ], [ 31.912664508, 0.212140588 ], [ 31.910836538, 0.212737473 ], [ 31.909584476, 0.217034091 ], [ 31.90102063, 0.226051997 ], [ 31.890073326, 0.225960692 ], [ 31.867731766, 0.230183217 ], [ 31.864540686, 0.233303677 ], [ 31.858081151, 0.244718617 ], [ 31.846008456, 0.246526666 ], [ 31.843821013, 0.248227026 ], [ 31.84279855, 0.252921545 ], [ 31.847588222, 0.25819551 ], [ 31.850713589, 0.267612181 ], [ 31.849417398, 0.271573993 ], [ 31.844591001, 0.277561644 ], [ 31.840073935, 0.278755198 ], [ 31.823647403, 0.272747376 ], [ 31.812188605, 0.277223701 ], [ 31.802779905, 0.283445947 ], [ 31.79596638, 0.276760721 ], [ 31.779741891, 0.271955993 ], [ 31.753582115, 0.258105078 ], [ 31.750013171, 0.255644436 ], [ 31.740577588, 0.243522996 ], [ 31.733240845, 0.239641935 ], [ 31.728827259, 0.244381156 ], [ 31.725281602, 0.251146547 ], [ 31.720509867, 0.265000702 ], [ 31.714990025, 0.27165607 ], [ 31.710505511, 0.273739182 ], [ 31.699695968, 0.285174591 ], [ 31.694463884, 0.288936008 ], [ 31.685354783, 0.292239695 ], [ 31.671215395, 0.29400454 ], [ 31.667239988, 0.292509865 ], [ 31.655863731, 0.295413975 ], [ 31.64310899, 0.306600812 ], [ 31.641241996, 0.314795147 ], [ 31.62823672, 0.332430659 ], [ 31.623779664, 0.332303403 ], [ 31.617075933, 0.334527451 ], [ 31.611740079, 0.330727923 ], [ 31.605986928, 0.333648529 ], [ 31.590462685, 0.347430243 ], [ 31.58153468, 0.360027953 ], [ 31.574545541, 0.363689883 ], [ 31.570250755, 0.367704958 ], [ 31.548291528, 0.348843734 ], [ 31.536324317, 0.341099866 ], [ 31.520158956, 0.334594497 ], [ 31.507254748, 0.321216054 ], [ 31.499990507, 0.317136027 ], [ 31.456673111, 0.306267661 ], [ 31.437032104, 0.306780275 ], [ 31.423247742, 0.302925519 ], [ 31.417898957, 0.302716718 ], [ 31.413535357, 0.300030044 ], [ 31.406034738, 0.298256347 ], [ 31.362210231, 0.292552323 ], [ 31.348470045, 0.283868452 ], [ 31.341484067, 0.283288649 ], [ 31.336997772, 0.275971793 ], [ 31.333708874, 0.275763325 ], [ 31.333901467, 0.273620043 ], [ 31.323390696, 0.259655466 ], [ 31.322721539, 0.256960429 ], [ 31.317960125, 0.253830767 ], [ 31.316691659, 0.246532559 ], [ 31.313047006, 0.238365897 ], [ 31.313438853, 0.234034158 ], [ 31.311076198, 0.225795335 ], [ 31.311004957, 0.210340168 ], [ 31.303276338, 0.207391179 ], [ 31.302277859, 0.201892711 ], [ 31.312650378, 0.201088951 ], [ 31.318360736, 0.203558408 ], [ 31.321732359, 0.206904842 ], [ 31.328250186, 0.208470063 ], [ 31.333806216, 0.208036576 ], [ 31.337949615, 0.20561336 ], [ 31.348361704, 0.206762996 ], [ 31.357871345, 0.205000498 ], [ 31.371298927, 0.207642647 ], [ 31.391707593, 0.203249513 ], [ 31.397928868, 0.199732109 ], [ 31.406488978, 0.198421606 ], [ 31.410418472, 0.194225648 ], [ 31.408507036, 0.184575689 ], [ 31.41418177, 0.174239073 ], [ 31.415190858, 0.169138418 ], [ 31.419642865, 0.163404967 ], [ 31.42484303, 0.161008752 ], [ 31.437441226, 0.160241006 ], [ 31.44196183, 0.157139272 ], [ 31.446471298, 0.15658793 ], [ 31.457195177, 0.14759896 ], [ 31.469601888, 0.145709623 ], [ 31.473470353, 0.142942391 ], [ 31.479044411, 0.142834241 ], [ 31.483439304, 0.139623862 ], [ 31.487502495, 0.138783023 ], [ 31.493579577, 0.131294821 ], [ 31.500561258, 0.127514764 ], [ 31.500807274, 0.126022481 ], [ 31.53221774, 0.108170752 ], [ 31.578995487, 0.059287265 ], [ 31.600927457, 0.050008057 ], [ 31.618314976, 0.042600837 ], [ 31.631871045, 0.039100777 ], [ 31.639712328, 0.037708018 ], [ 31.646436446, 0.039435689 ] ] ] } },
{ "type": "Feature", "properties": { "shapeName": "Kalangala", "shapeISO": "", "shapeID": "80733802B14394846464839", "shapeGroup": "UGA", "shapeType": "ADM2" }, "geometry": { "type": "Polygon", "coordinates": [ [ [ 32.876183235, -0.149678314 ], [ 32.843915632, -0.15246506 ], [ 32.500986982, -0.152486254 ], [ 32.250147885, -0.152868059 ], [ 32.000423417, -0.153735467 ], [ 32.000274048, -0.219119665 ], [ 32.053238758, -0.275154646 ], [ 32.059094117, -0.288434801 ], [ 32.061377771, -0.306445822 ], [ 32.059149157, -0.324130787 ], [ 32.057433203, -0.329829683 ], [ 32.052005292, -0.338486273 ], [ 32.044501957, -0.34716074 ], [ 32.000663056, -0.38536633 ], [ 32.000506994, -0.818685385 ], [ 31.999898977, -0.999912568 ], [ 32.401925309, -1.000010809 ], [ 32.875133705, -0.99941964 ], [ 32.875639395, -0.615784753 ], [ 32.876183235, -0.149678314 ] ] ] } },
{ "type": "Feature", "properties": { "shapeName": "Kalungu", "shapeISO": "", "shapeID": "80733802B53321403607749", "shapeGroup": "UGA", "shapeType": "ADM2" }, "geometry": { "type": "Polygon", "coordinates": [ [ [ 31.720961877, -0.254781337 ], [ 31.724251488, -0.256319356 ], [ 31.734396262, -0.270448845 ], [ 31.741274545, -0.276464582 ], [ 31.750827714, -0.274927903 ], [ 31.764780047, -0.276421824 ], [ 31.775840387, -0.273067159 ], [ 31.781316797, -0.274343106 ], [ 31.7869352, -0.259165653 ], [ 31.790868011, -0.253440341 ], [ 31.793105486, -0.24435 ], [ 31.785416086, -0.241943257 ], [ 31.785761966, -0.235928163 ], [ 31.789234694, -0.2324883 ], [ 31.805510244, -0.242914856 ], [ 31.807042333, -0.242003618 ], [ 31.80847039, -0.236114876 ], [ 31.812981304, -0.232990746 ], [ 31.814381744, -0.23746834 ], [ 31.820059425, -0.243420705 ], [ 31.824456371, -0.24422613 ], [ 31.826667, -0.247012315 ], [ 31.833960602, -0.246415956 ], [ 31.836625383, -0.247691595 ], [ 31.847582129, -0.262680957 ], [ 31.855863174, -0.257390071 ], [ 31.86628162, -0.257978964 ], [ 31.870962385, -0.256884863 ], [ 31.877128782, -0.252733477 ], [ 31.87840959, -0.247631872 ], [ 31.876814073, -0.245424605 ], [ 31.883005599, -0.239400738 ], [ 31.884999657, -0.233349382 ], [ 31.884813614, -0.231730206 ], [ 31.882772247, -0.232562236 ], [ 31.88339524, -0.229821466 ], [ 31.882118935, -0.227903701 ], [ 31.887807963, -0.223869786 ], [ 31.887504005, -0.222024453 ], [ 31.890962309, -0.223725293 ], [ 31.894320894, -0.222386782 ], [ 31.896072333, -0.223870407 ], [ 31.896914234, -0.218732532 ], [ 31.920211474, -0.214546048 ], [ 31.930619537, -0.205392458 ], [ 31.937924407, -0.194655603 ], [ 31.96290813, -0.168596034 ], [ 31.978329951, -0.16030175 ], [ 32.000423417, -0.153735467 ], [ 31.94759248, -0.130394765 ], [ 31.931500264, -0.105138327 ], [ 31.917864863, -0.089253568 ], [ 31.902076437, -0.039492836 ], [ 31.915370414, -0.017439552 ], [ 31.908063534, -0.016706811 ], [ 31.900281845, -0.018271673 ], [ 31.892545124, -0.015576025 ], [ 31.888227504, -0.016399157 ], [ 31.876963636, -0.005643893 ], [ 31.871539467, 0.005807819 ], [ 31.838844177, 0.020298587 ], [ 31.827774979, 0.028276567 ], [ 31.81202486, 0.043147024 ], [ 31.806376968, 0.048185201 ], [ 31.780544848, 0.062838073 ], [ 31.750589154, 0.069603134 ], [ 31.719264596, 0.070335196 ], [ 31.694988107, 0.076439572 ], [ 31.673986661, 0.071156671 ], [ 31.663011902, 0.064797793 ], [ 31.646436446, 0.039435689 ], [ 31.655615889, 0.036948525 ], [ 31.662994902, 0.031738791 ], [ 31.666617392, 0.020785489 ], [ 31.670890882, 0.017068069 ], [ 31.672734398, 0.010492447 ], [ 31.68283119, 0.001302834 ], [ 31.687063406, -0.000370467 ], [ 31.688881335, -0.009505887 ], [ 31.694603826, -0.015529858 ], [ 31.700164222, -0.03196466 ], [ 31.705183816, -0.071283437 ], [ 31.70231057, -0.1006672 ], [ 31.696320418, -0.120911101 ], [ 31.692253472, -0.141295469 ], [ 31.692498875, -0.146563148 ], [ 31.697748055, -0.16496335 ], [ 31.704650088, -0.181487624 ], [ 31.706195433, -0.210704787 ], [ 31.720921282, -0.234417871 ], [ 31.722518052, -0.243420368 ], [ 31.720961877, -0.254781337 ] ] ] } },
{ "type": "Feature", "properties": { "shapeName": "Kampala", "shapeISO": "", "shapeID": "80733802B66771424137637", "shapeGroup": "UGA", "shapeType": "ADM2" }, "geometry": { "type": "Polygon", "coordinates": [ [ [ 32.634250308, 0.21431932 ], [ 32.639501395, 0.234331787 ], [ 32.643637859, 0.242772908 ], [ 32.650055774, 0.252869732 ], [ 32.668758788, 0.274592553 ], [ 32.662721457, 0.282020125 ], [ 32.66750731, 0.287059553 ], [ 32.66765211, 0.290850332 ], [ 32.663380132, 0.296975154 ], [ 32.664399382, 0.302973474 ], [ 32.661502939, 0.308673113 ], [ 32.66678527, 0.315006318 ], [ 32.665414779, 0.323899668 ], [ 32.654918792, 0.328483526 ], [ 32.65076225, 0.328340349 ], [ 32.646019321, 0.325916954 ], [ 32.639075355, 0.331831228 ], [ 32.643779132, 0.334602118 ], [ 32.640509519, 0.335276055 ], [ 32.637301051, 0.340596392 ], [ 32.639777897, 0.345548535 ], [ 32.639607572, 0.350544153 ], [ 32.634617184, 0.364846498 ], [ 32.634259593, 0.37827532 ], [ 32.628073331, 0.376183999 ], [ 32.619284729, 0.377339516 ], [ 32.617616376, 0.38771652 ], [ 32.610716943, 0.384997632 ], [ 32.605072933, 0.390710536 ], [ 32.606531188, 0.399404901 ], [ 32.602913758, 0.405222056 ], [ 32.598946216, 0.405746585 ], [ 32.585632755, 0.403433342 ], [ 32.575803187, 0.400403244 ], [ 32.564950712, 0.402546568 ], [ 32.563724467, 0.387463404 ], [ 32.558583985, 0.385070212 ], [ 32.557611289, 0.382263171 ], [ 32.554669296, 0.380443702 ], [ 32.555121174, 0.378777615 ], [ 32.549697801, 0.375924798 ], [ 32.554206859, 0.368052739 ], [ 32.556353302, 0.35831118 ], [ 32.553544877, 0.348551438 ], [ 32.548170086, 0.349146903 ], [ 32.543944131, 0.347949318 ], [ 32.533950702, 0.34361764 ], [ 32.52902854, 0.339491825 ], [ 32.525288934, 0.334884271 ], [ 32.5230427, 0.32649211 ], [ 32.517598348, 0.317278646 ], [ 32.513002534, 0.312651495 ], [ 32.510588739, 0.306622349 ], [ 32.512933316, 0.303514468 ], [ 32.519953317, 0.301004767 ], [ 32.521134851, 0.298483931 ], [ 32.527537595, 0.297496661 ], [ 32.52668129, 0.297055028 ], [ 32.531561918, 0.283413164 ], [ 32.535336686, 0.277380262 ], [ 32.541748477, 0.271292313 ], [ 32.565130741, 0.274309271 ], [ 32.576500902, 0.279318321 ], [ 32.584582364, 0.269400985 ], [ 32.603483438, 0.256562199 ], [ 32.607172762, 0.248711452 ], [ 32.606534276, 0.247621124 ], [ 32.610454268, 0.243414323 ], [ 32.61592284, 0.226315377 ], [ 32.634250308, 0.21431932 ] ] ] } },
{ "type": "Feature", "properties": { "shapeName": "Kassanda", "shapeISO": "", "shapeID": "80733802B95517923733586", "shapeGroup": "UGA", "shapeType": "ADM2" }, "geometry": { "type": "Polygon", "coordinates": [ [ [ 31.802779905, 0.283445947 ], [ 31.806246479, 0.29064643 ], [ 31.830806876, 0.32437049 ], [ 31.840307843, 0.335398039 ], [ 31.846816454, 0.339822079 ], [ 31.854193396, 0.340908429 ], [ 31.8676245, 0.333908765 ], [ 31.884775442, 0.329894504 ], [ 31.924700676, 0.335199776 ], [ 31.927552806, 0.341640666 ], [ 31.929785387, 0.358845955 ], [ 31.935596689, 0.370678522 ], [ 31.939515994, 0.382912969 ], [ 31.938910303, 0.394484448 ], [ 31.940799369, 0.402011846 ], [ 31.946087725, 0.412603219 ], [ 31.958305598, 0.428090047 ], [ 31.954536295, 0.435903912 ], [ 31.952132714, 0.452729026 ], [ 31.938876317, 0.467769406 ], [ 31.935463775, 0.473907861 ], [ 31.934393295, 0.478048216 ], [ 31.934926698, 0.487753399 ], [ 31.933297415, 0.492432165 ], [ 31.9294251, 0.49722651 ], [ 31.929657678, 0.508746845 ], [ 31.918360032, 0.517054234 ], [ 31.919083867, 0.528365089 ], [ 31.914372687, 0.533504811 ], [ 31.91957669, 0.542093099 ], [ 31.918013568, 0.543601271 ], [ 31.918383708, 0.552143084 ], [ 31.914246897, 0.558106658 ], [ 31.915718611, 0.564339704 ], [ 31.914832735, 0.568838864 ], [ 31.904896493, 0.572567193 ], [ 31.896732287, 0.582718125 ], [ 31.886923027, 0.5897017 ], [ 31.880345211, 0.591996672 ], [ 31.898727035, 0.609578989 ], [ 31.901594935, 0.613306397 ], [ 31.903230479, 0.62072419 ], [ 31.909553169, 0.622618597 ], [ 31.909405184, 0.624081434 ], [ 31.907397562, 0.628929502 ], [ 31.908699772, 0.637676961 ], [ 31.914674976, 0.644372063 ], [ 31.917369207, 0.651355937 ], [ 31.92058239, 0.651673234 ], [ 31.92283793, 0.655074918 ], [ 31.914667308, 0.673200736 ], [ 31.904321851, 0.685753798 ], [ 31.902818168, 0.690520519 ], [ 31.905562221, 0.696518444 ], [ 31.895811644, 0.698406686 ], [ 31.892151897, 0.702033117 ], [ 31.889284434, 0.708617649 ], [ 31.88963925, 0.711467109 ], [ 31.892360878, 0.714733246 ], [ 31.913422569, 0.735670088 ], [ 31.912397966, 0.738844876 ], [ 31.913383529, 0.740319569 ], [ 31.9094476, 0.744163012 ], [ 31.904414747, 0.747192053 ], [ 31.896815397, 0.748718846 ], [ 31.883306167, 0.745875069 ], [ 31.871950248, 0.755008174 ], [ 31.867626383, 0.75504322 ], [ 31.865777452, 0.75327885 ], [ 31.862446895, 0.755132309 ], [ 31.85668263, 0.766410553 ], [ 31.846911848, 0.769094419 ], [ 31.838075118, 0.773551413 ], [ 31.823297169, 0.773881979 ], [ 31.818324079, 0.777173108 ], [ 31.8036211, 0.780814204 ], [ 31.79745642, 0.780721974 ], [ 31.787320261, 0.777191366 ], [ 31.786107932, 0.782482512 ], [ 31.780919532, 0.791390591 ], [ 31.77420233, 0.798706202 ], [ 31.765081901, 0.802692387 ], [ 31.756246923, 0.801559033 ], [ 31.747552834, 0.803528202 ], [ 31.731542466, 0.797842884 ], [ 31.722056967, 0.798690156 ], [ 31.716651104, 0.796056343 ], [ 31.700906295, 0.794079553 ], [ 31.698471097, 0.795535022 ], [ 31.697464164, 0.803575693 ], [ 31.68931722, 0.809045259 ], [ 31.684762003, 0.80975832 ], [ 31.683067178, 0.807939733 ], [ 31.678639179, 0.814658653 ], [ 31.672648063, 0.815217448 ], [ 31.664960339, 0.821139267 ], [ 31.654620397, 0.815817407 ], [ 31.654541831, 0.813122022 ], [ 31.658636392, 0.805100623 ], [ 31.656718085, 0.794680334 ], [ 31.653607374, 0.791721653 ], [ 31.651544819, 0.787080985 ], [ 31.644906794, 0.782710177 ], [ 31.637506014, 0.774504153 ], [ 31.638243375, 0.767377115 ], [ 31.635948698, 0.76067421 ], [ 31.630420302, 0.762743686 ], [ 31.622996728, 0.762786516 ], [ 31.620730817, 0.761076334 ], [ 31.619222008, 0.762513953 ], [ 31.610629507, 0.757554684 ], [ 31.608987626, 0.753692084 ], [ 31.60526538, 0.750091113 ], [ 31.598514075, 0.749283963 ], [ 31.594015702, 0.750340724 ], [ 31.58762195, 0.745753044 ], [ 31.586965519, 0.74040749 ], [ 31.582154966, 0.732591444 ], [ 31.582243547, 0.722298771 ], [ 31.585839369, 0.717886155 ], [ 31.591595315, 0.714830879 ], [ 31.601091932, 0.712988709 ], [ 31.604243659, 0.711026989 ], [ 31.606653914, 0.705130614 ], [ 31.605986635, 0.699052409 ], [ 31.600694762, 0.694745577 ], [ 31.594749799, 0.697158702 ], [ 31.581643805, 0.697561735 ], [ 31.577786136, 0.685875017 ], [ 31.578525782, 0.676957322 ], [ 31.57641694, 0.666266061 ], [ 31.578159987, 0.661255895 ], [ 31.577797389, 0.657755554 ], [ 31.573975446, 0.648284836 ], [ 31.577851302, 0.646784545 ], [ 31.57894767, 0.644876457 ], [ 31.577216482, 0.642768591 ], [ 31.566622835, 0.639871358 ], [ 31.563241523, 0.63702139 ], [ 31.564342974, 0.631929656 ], [ 31.571541897, 0.63262809 ], [ 31.577764859, 0.620003643 ], [ 31.577606697, 0.615083372 ], [ 31.572332256, 0.600086138 ], [ 31.57205687, 0.586844893 ], [ 31.57685582, 0.583011247 ], [ 31.579594777, 0.57925846 ], [ 31.580874726, 0.573850143 ], [ 31.589599603, 0.564201753 ], [ 31.594641432, 0.554281054 ], [ 31.603012318, 0.54284159 ], [ 31.608235918, 0.538148631 ], [ 31.608214649, 0.529140146 ], [ 31.611735383, 0.519309384 ], [ 31.611885071, 0.507478984 ], [ 31.614920665, 0.501057916 ], [ 31.614419018, 0.496671137 ], [ 31.616975915, 0.490060008 ], [ 31.617726552, 0.481069737 ], [ 31.627510849, 0.468788988 ], [ 31.62925949, 0.461381692 ], [ 31.624153458, 0.436200188 ], [ 31.615656482, 0.428293553 ], [ 31.611593715, 0.41651664 ], [ 31.600305969, 0.397303824 ], [ 31.591476807, 0.386466871 ], [ 31.570250755, 0.367704958 ], [ 31.574545541, 0.363689883 ], [ 31.58153468, 0.360027953 ], [ 31.590462685, 0.347430243 ], [ 31.605986928, 0.333648529 ], [ 31.611740079, 0.330727923 ], [ 31.617075933, 0.334527451 ], [ 31.623779664, 0.332303403 ], [ 31.62823672, 0.332430659 ], [ 31.641241996, 0.314795147 ], [ 31.64310899, 0.306600812 ], [ 31.655863731, 0.295413975 ], [ 31.667239988, 0.292509865 ], [ 31.671215395, 0.29400454 ], [ 31.685354783, 0.292239695 ], [ 31.694463884, 0.288936008 ], [ 31.699695968, 0.285174591 ], [ 31.710505511, 0.273739182 ], [ 31.714990025, 0.27165607 ], [ 31.720509867, 0.265000702 ], [ 31.725281602, 0.251146547 ], [ 31.728827259, 0.244381156 ], [ 31.733240845, 0.239641935 ], [ 31.740577588, 0.243522996 ], [ 31.750013171, 0.255644436 ], [ 31.753582115, 0.258105078 ], [ 31.779741891, 0.271955993 ], [ 31.79596638, 0.276760721 ], [ 31.802779905, 0.283445947 ] ] ] } },
{ "type": "Feature", "properties": { "shapeName": "Kayunga", "shapeISO": "", "shapeID": "80733802B34185143164850", "shapeGroup": "UGA", "shapeType": "ADM2" }, "geometry": { "type": "Polygon", "coordinates": [ [ [ 33.084729393, 0.546170865 ], [ 33.082673863, 0.546614209 ], [ 33.08078353, 0.55155408 ], [ 33.081525558, 0.553562579 ], [ 33.075262367, 0.556448769 ], [ 33.076611075, 0.561840962 ], [ 33.073101072, 0.56665419 ], [ 33.071831416, 0.572164037 ], [ 33.072167423, 0.580786145 ], [ 33.056889503, 0.591534561 ], [ 33.055496508, 0.594420673 ], [ 33.050672317, 0.595316409 ], [ 33.05146358, 0.606118929 ], [ 33.053775073, 0.613709625 ], [ 33.051395445, 0.618079511 ], [ 33.054489386, 0.623915014 ], [ 33.049818563, 0.629642027 ], [ 33.048661209, 0.634446178 ], [ 33.04414483, 0.638517522 ], [ 33.044782705, 0.644344002 ], [ 33.043286615, 0.647754861 ], [ 33.046586756, 0.657734052 ], [ 33.047544768, 0.659443988 ], [ 33.049163895, 0.65881066 ], [ 33.051226529, 0.665160627 ], [ 33.056594653, 0.673668671 ], [ 33.058422386, 0.696893791 ], [ 33.053815281, 0.709042277 ], [ 33.052121116, 0.719335548 ], [ 33.047276178, 0.731274577 ], [ 33.052240206, 0.73606208 ], [ 33.053280593, 0.738844836 ], [ 33.050724345, 0.743452891 ], [ 33.048970755, 0.757217142 ], [ 33.046611379, 0.760737997 ], [ 33.048459496, 0.764818328 ], [ 33.040958877, 0.77291577 ], [ 33.041023458, 0.77634037 ], [ 33.044333963, 0.780406929 ], [ 33.038151301, 0.789174207 ], [ 33.037408291, 0.801322644 ], [ 33.030571778, 0.828881084 ], [ 33.027747925, 0.833040297 ], [ 33.014104132, 0.842376108 ], [ 33.010774923, 0.846565233 ], [ 33.010566878, 0.85814514 ], [ 33.005364961, 0.866164311 ], [ 33.004148883, 0.87548856 ], [ 32.99520114, 0.883913446 ], [ 32.976116078, 0.910297336 ], [ 32.96887778, 0.916253375 ], [ 32.964052067, 0.936723792 ], [ 32.95451586, 0.939325856 ], [ 32.949288097, 0.946091443 ], [ 32.948139092, 0.95054404 ], [ 32.950264434, 0.964248868 ], [ 32.945611028, 0.975293587 ], [ 32.945208382, 1.006519691 ], [ 32.943829557, 1.010740975 ], [ 32.936935674, 1.016696936 ], [ 32.934350281, 1.027799497 ], [ 32.94371385, 1.056712734 ], [ 32.937336438, 1.085394355 ], [ 32.941587478, 1.096670529 ], [ 32.960170111, 1.115015456 ], [ 32.961867388, 1.123557971 ], [ 32.961188298, 1.133535592 ], [ 32.967298736, 1.150620652 ], [ 32.967773906, 1.159778208 ], [ 32.963903617, 1.174471243 ], [ 32.966347748, 1.187455858 ], [ 32.962477455, 1.198731893 ], [ 32.960033092, 1.202422213 ], [ 32.954397537, 1.205907459 ], [ 32.942160564, 1.207704001 ], [ 32.93939081, 1.209843372 ], [ 32.935976823, 1.216715406 ], [ 32.935375757, 1.222588643 ], [ 32.935032028, 1.236593001 ], [ 32.912923273, 1.269051717 ], [ 32.904976203, 1.286113853 ], [ 32.889347213, 1.306508126 ], [ 32.871599047, 1.323436369 ], [ 32.864711505, 1.332367093 ], [ 32.854595636, 1.352209412 ], [ 32.826367687, 1.440499782 ], [ 32.820264922, 1.475008012 ], [ 32.776378628, 1.466544839 ], [ 32.739882443, 1.45624514 ], [ 32.696372272, 1.450675641 ], [ 32.696967256, 1.383889454 ], [ 32.716847885, 1.374446658 ], [ 32.743273678, 1.367582832 ], [ 32.750450737, 1.362281923 ], [ 32.754966146, 1.353877517 ], [ 32.77260706, 1.306281723 ], [ 32.777243283, 1.288848102 ], [ 32.787231027, 1.270166389 ], [ 32.791458508, 1.25766343 ], [ 32.79428815, 1.208772271 ], [ 32.800678221, 1.154697248 ], [ 32.800003134, 1.144093803 ], [ 32.788011199, 1.075134704 ], [ 32.777940779, 1.013467863 ], [ 32.776950356, 0.997616993 ], [ 32.780874775, 0.980536026 ], [ 32.78532782, 0.944130112 ], [ 32.786613723, 0.905516443 ], [ 32.790348915, 0.887566872 ], [ 32.795659347, 0.876466163 ], [ 32.794649626, 0.855675464 ], [ 32.813170894, 0.830497817 ], [ 32.823263977, 0.813317475 ], [ 32.824115982, 0.796878577 ], [ 32.826507597, 0.78850993 ], [ 32.856340266, 0.74607919 ], [ 32.859096763, 0.732861156 ], [ 32.863109616, 0.722126948 ], [ 32.8685005, 0.713029727 ], [ 32.871013589, 0.703973433 ], [ 32.871540717, 0.695206596 ], [ 32.869440332, 0.684737239 ], [ 32.871468273, 0.677588966 ], [ 32.877268554, 0.671611336 ], [ 32.895159665, 0.669784197 ], [ 32.919570562, 0.650332896 ], [ 32.930322425, 0.63731394 ], [ 32.934832481, 0.629415674 ], [ 32.945584238, 0.61863137 ], [ 32.960931618, 0.597551199 ], [ 32.976642259, 0.586124494 ], [ 32.979784471, 0.574182012 ], [ 32.97865156, 0.562619501 ], [ 32.983664202, 0.554983559 ], [ 32.995168672, 0.550088965 ], [ 33.006959021, 0.538933586 ], [ 33.013561786, 0.536545076 ], [ 33.02197938, 0.530257146 ], [ 33.03324079, 0.515898954 ], [ 33.033197806, 0.512949524 ], [ 33.036413486, 0.507692997 ], [ 33.040986518, 0.5046983 ], [ 33.046660198, 0.503712104 ], [ 33.053291297, 0.504598691 ], [ 33.058307546, 0.507086669 ], [ 33.061823238, 0.511121742 ], [ 33.069983536, 0.509809799 ], [ 33.075085473, 0.513881041 ], [ 33.075742975, 0.517445688 ], [ 33.077829702, 0.519200845 ], [ 33.077043661, 0.523706428 ], [ 33.080330905, 0.538471641 ], [ 33.084032275, 0.542913831 ], [ 33.084729393, 0.546170865 ] ] ] } },
{ "type": "Feature", "properties": { "shapeName": "Kiboga", "shapeISO": "", "shapeID": "80733802B38234683109086", "shapeGroup": "UGA", "shapeType": "ADM2" }, "geometry": { "type": "Polygon", "coordinates": [ [ [ 31.909553169, 0.622618597 ], [ 31.913352416, 0.622770632 ], [ 31.91496252, 0.62559323 ], [ 31.931685069, 0.631254524 ], [ 31.937801864, 0.638525037 ], [ 31.959911383, 0.637723863 ], [ 31.966607151, 0.646581126 ], [ 31.977422763, 0.646791396 ], [ 31.976867547, 0.648975162 ], [ 31.97809338, 0.650631175 ], [ 31.985057453, 0.657691649 ], [ 31.988733362, 0.659414332 ], [ 31.997734011, 0.657597736 ], [ 32.000831662, 0.65420475 ], [ 32.007120248, 0.632151922 ], [ 32.005119855, 0.613679662 ], [ 32.007897463, 0.60851493 ], [ 32.013644202, 0.604164872 ], [ 32.015831598, 0.61254187 ], [ 32.015322769, 0.618629733 ], [ 32.013803178, 0.620782395 ], [ 32.015100113, 0.629005452 ], [ 32.019626612, 0.636007925 ], [ 32.027513422, 0.639582617 ], [ 32.033181833, 0.651949645 ], [ 32.037884355, 0.650512233 ], [ 32.039880903, 0.655207524 ], [ 32.052444873, 0.650867817 ], [ 32.070025679, 0.6646484 ], [ 32.071617957, 0.667443963 ], [ 32.086191658, 0.671924583 ], [ 32.093625308, 0.679217223 ], [ 32.100873899, 0.682113382 ], [ 32.107750087, 0.680748694 ], [ 32.116895373, 0.682243028 ], [ 32.121491441, 0.681637778 ], [ 32.132455314, 0.688189307 ], [ 32.13763543, 0.694296516 ], [ 32.143502118, 0.692985877 ], [ 32.149902009, 0.687459729 ], [ 32.160032841, 0.687362031 ], [ 32.162906218, 0.684395332 ], [ 32.171691717, 0.682180508 ], [ 32.173725259, 0.681764728 ], [ 32.175626068, 0.684062843 ], [ 32.179331818, 0.684380109 ], [ 32.189275649, 0.694432402 ], [ 32.191119354, 0.703895292 ], [ 32.189376568, 0.714886398 ], [ 32.193725309, 0.720830683 ], [ 32.19306136, 0.724367721 ], [ 32.19481991, 0.727624756 ], [ 32.195834836, 0.735486298 ], [ 32.201498664, 0.741765566 ], [ 32.199097327, 0.742950213 ], [ 32.200991249, 0.746153005 ], [ 32.202195871, 0.760826579 ], [ 32.204783834, 0.766517286 ], [ 32.206040202, 0.777545163 ], [ 32.211740404, 0.783164104 ], [ 32.212096381, 0.785317234 ], [ 32.211536175, 0.792409564 ], [ 32.208743233, 0.799845225 ], [ 32.209929675, 0.804721504 ], [ 32.209204513, 0.807824302 ], [ 32.202408844, 0.813332252 ], [ 32.197490723, 0.815203881 ], [ 32.193700441, 0.819907263 ], [ 32.188791103, 0.83514044 ], [ 32.175895881, 0.862819698 ], [ 32.155412428, 0.882500011 ], [ 32.131818492, 0.896172516 ], [ 32.096431393, 0.903672222 ], [ 32.064230153, 0.903998696 ], [ 32.033463034, 0.914158306 ], [ 32.020881895, 0.92190729 ], [ 32.012836975, 0.932787364 ], [ 32.005465269, 0.954993102 ], [ 32.005654365, 0.971094967 ], [ 31.999507255, 0.991573151 ], [ 32.00243728, 1.002528689 ], [ 32.001631339, 1.020656519 ], [ 31.981112831, 1.045101062 ], [ 31.958479238, 1.066206521 ], [ 31.928612407, 1.083211205 ], [ 31.917773529, 1.101904783 ], [ 31.911431719, 1.106316743 ], [ 31.906546692, 1.083483666 ], [ 31.896341913, 1.082132131 ], [ 31.892687126, 1.078286396 ], [ 31.891384705, 1.072614313 ], [ 31.885688318, 1.061639906 ], [ 31.879080372, 1.05613778 ], [ 31.876334043, 1.040259482 ], [ 31.869399102, 1.039647658 ], [ 31.861703164, 1.03277013 ], [ 31.857715651, 1.033192562 ], [ 31.853253589, 1.035866648 ], [ 31.845930418, 1.034841518 ], [ 31.844246869, 1.030191525 ], [ 31.835154438, 1.021396008 ], [ 31.826720297, 1.008720277 ], [ 31.822418591, 0.998008947 ], [ 31.806162212, 0.977741438 ], [ 31.781430305, 0.953228824 ], [ 31.76698808, 0.947217605 ], [ 31.764006461, 0.942413524 ], [ 31.760626647, 0.940024378 ], [ 31.753076755, 0.937887003 ], [ 31.756054802, 0.929693133 ], [ 31.751953162, 0.926191189 ], [ 31.754475331, 0.924690585 ], [ 31.750744061, 0.923640022 ], [ 31.748339324, 0.920183916 ], [ 31.746230807, 0.908741048 ], [ 31.75276081, 0.903352406 ], [ 31.745141496, 0.885946886 ], [ 31.748988547, 0.885120023 ], [ 31.746350931, 0.879208659 ], [ 31.738037749, 0.881828917 ], [ 31.734917032, 0.885635841 ], [ 31.723452595, 0.884510282 ], [ 31.717274741, 0.88606388 ], [ 31.699938506, 0.881236797 ], [ 31.68898254, 0.883168539 ], [ 31.682612681, 0.886350079 ], [ 31.6812212, 0.885155649 ], [ 31.678676945, 0.88822096 ], [ 31.67537714, 0.88241294 ], [ 31.675436185, 0.880613026 ], [ 31.680165492, 0.875368668 ], [ 31.681292895, 0.871316942 ], [ 31.677593456, 0.847645101 ], [ 31.663646993, 0.833964436 ], [ 31.660605357, 0.828509348 ], [ 31.659462823, 0.821833862 ], [ 31.654620397, 0.815817407 ], [ 31.664960339, 0.821139267 ], [ 31.672648063, 0.815217448 ], [ 31.678639179, 0.814658653 ], [ 31.683067178, 0.807939733 ], [ 31.684762003, 0.80975832 ], [ 31.68931722, 0.809045259 ], [ 31.697464164, 0.803575693 ], [ 31.698471097, 0.795535022 ], [ 31.700906295, 0.794079553 ], [ 31.716651104, 0.796056343 ], [ 31.722056967, 0.798690156 ], [ 31.731542466, 0.797842884 ], [ 31.747552834, 0.803528202 ], [ 31.756246923, 0.801559033 ], [ 31.765081901, 0.802692387 ], [ 31.77420233, 0.798706202 ], [ 31.780919532, 0.791390591 ], [ 31.786107932, 0.782482512 ], [ 31.787320261, 0.777191366 ], [ 31.79745642, 0.780721974 ], [ 31.8036211, 0.780814204 ], [ 31.818324079, 0.777173108 ], [ 31.823297169, 0.773881979 ], [ 31.838075118, 0.773551413 ], [ 31.846911848, 0.769094419 ], [ 31.85668263, 0.766410553 ], [ 31.862446895, 0.755132309 ], [ 31.865777452, 0.75327885 ], [ 31.867626383, 0.75504322 ], [ 31.871950248, 0.755008174 ], [ 31.883306167, 0.745875069 ], [ 31.896815397, 0.748718846 ], [ 31.904414747, 0.747192053 ], [ 31.9094476, 0.744163012 ], [ 31.913383529, 0.740319569 ], [ 31.912397966, 0.738844876 ], [ 31.913422569, 0.735670088 ], [ 31.892360878, 0.714733246 ], [ 31.88963925, 0.711467109 ], [ 31.889284434, 0.708617649 ], [ 31.892151897, 0.702033117 ], [ 31.895811644, 0.698406686 ], [ 31.905562221, 0.696518444 ], [ 31.902818168, 0.690520519 ], [ 31.904321851, 0.685753798 ], [ 31.914667308, 0.673200736 ], [ 31.92283793, 0.655074918 ], [ 31.92058239, 0.651673234 ], [ 31.917369207, 0.651355937 ], [ 31.914674976, 0.644372063 ], [ 31.908699772, 0.637676961 ], [ 31.907397562, 0.628929502 ], [ 31.909405184, 0.624081434 ], [ 31.909553169, 0.622618597 ] ] ] } },
{ "type": "Feature", "properties": { "shapeName": "Kyankwanzi", "shapeISO": "", "shapeID": "80733802B74846033314171", "shapeGroup": "UGA", "shapeType": "ADM2" }, "geometry": { "type": "Polygon", "coordinates": [ [ [ 31.911431719, 1.106316743 ], [ 31.908469121, 1.110241467 ], [ 31.909210879, 1.117686334 ], [ 31.908069499, 1.127636144 ], [ 31.914024884, 1.139967664 ], [ 31.912714693, 1.146100139 ], [ 31.913854984, 1.147394109 ], [ 31.913438408, 1.157235655 ], [ 31.903821875, 1.164278488 ], [ 31.899263198, 1.175149557 ], [ 31.905558176, 1.184830908 ], [ 31.905947581, 1.192275642 ], [ 31.908467335, 1.195822553 ], [ 31.910225594, 1.20533026 ], [ 31.906539996, 1.20751782 ], [ 31.903677508, 1.216100981 ], [ 31.893122944, 1.229149465 ], [ 31.891771257, 1.235833609 ], [ 31.876012974, 1.265170742 ], [ 31.870119154, 1.273309151 ], [ 31.860495228, 1.277158268 ], [ 31.857088873, 1.29148482 ], [ 31.851554134, 1.30018406 ], [ 31.84773697, 1.315152563 ], [ 31.84299583, 1.319519306 ], [ 31.841081182, 1.329920675 ], [ 31.831283864, 1.343556506 ], [ 31.825014131, 1.348673167 ], [ 31.821479303, 1.359091727 ], [ 31.814159676, 1.356148371 ], [ 31.810427381, 1.356182705 ], [ 31.807443186, 1.354127932 ], [ 31.805149514, 1.355718771 ], [ 31.801026817, 1.354097604 ], [ 31.79346766, 1.354663675 ], [ 31.792938887, 1.35281817 ], [ 31.787478596, 1.349920937 ], [ 31.784864887, 1.346744734 ], [ 31.780175634, 1.346525285 ], [ 31.775644472, 1.343004399 ], [ 31.772925314, 1.334500513 ], [ 31.76633589, 1.333719301 ], [ 31.753476998, 1.324305802 ], [ 31.748491971, 1.323814831 ], [ 31.744200585, 1.325657849 ], [ 31.738765852, 1.323131478 ], [ 31.729497535, 1.327423118 ], [ 31.72550659, 1.32721301 ], [ 31.722519617, 1.331996287 ], [ 31.717805203, 1.333459113 ], [ 31.714497409, 1.331910674 ], [ 31.711346802, 1.333772287 ], [ 31.704324754, 1.333578624 ], [ 31.700589936, 1.335566532 ], [ 31.695379451, 1.334080375 ], [ 31.688841447, 1.336844618 ], [ 31.685136895, 1.3347442 ], [ 31.679658932, 1.334614611 ], [ 31.666235106, 1.343073281 ], [ 31.664552837, 1.342656292 ], [ 31.654740422, 1.346721027 ], [ 31.649727695, 1.347378501 ], [ 31.640771798, 1.345118423 ], [ 31.636156609, 1.346277794 ], [ 31.623655547, 1.341545879 ], [ 31.616782314, 1.343586913 ], [ 31.613873657, 1.341529001 ], [ 31.610401371, 1.341650723 ], [ 31.606185526, 1.345876451 ], [ 31.600974951, 1.347122794 ], [ 31.583002543, 1.357096717 ], [ 31.577614212, 1.361898489 ], [ 31.572857566, 1.362074818 ], [ 31.56468403, 1.365375711 ], [ 31.557302815, 1.363592215 ], [ 31.549372621, 1.364673972 ], [ 31.540006275, 1.362014313 ], [ 31.530872318, 1.361556055 ], [ 31.514153625, 1.345979048 ], [ 31.51022952, 1.338045741 ], [ 31.500811651, 1.326166569 ], [ 31.481401562, 1.314182658 ], [ 31.464927062, 1.308129204 ], [ 31.459230763, 1.302630241 ], [ 31.455690411, 1.297309332 ], [ 31.456971579, 1.283381091 ], [ 31.44932721, 1.27419949 ], [ 31.440511077, 1.269797222 ], [ 31.418406658, 1.26896175 ], [ 31.402455072, 1.270566928 ], [ 31.392077611, 1.267147463 ], [ 31.378144474, 1.256852592 ], [ 31.368961068, 1.238891382 ], [ 31.358821116, 1.237791024 ], [ 31.349297275, 1.239264411 ], [ 31.323021516, 1.238640096 ], [ 31.318340756, 1.236704783 ], [ 31.304793814, 1.219356639 ], [ 31.299957653, 1.216854285 ], [ 31.29244254, 1.208158235 ], [ 31.297113412, 1.207174481 ], [ 31.297662175, 1.203358554 ], [ 31.30272693, 1.197673487 ], [ 31.319468651, 1.197801461 ], [ 31.333138891, 1.192664152 ], [ 31.342035074, 1.186113029 ], [ 31.345662176, 1.178545788 ], [ 31.351513747, 1.172101235 ], [ 31.360748443, 1.168959533 ], [ 31.367437061, 1.162859017 ], [ 31.37807305, 1.157918314 ], [ 31.383245842, 1.156510479 ], [ 31.392092743, 1.162439198 ], [ 31.397679465, 1.162994072 ], [ 31.409723461, 1.161490629 ], [ 31.41748799, 1.157551908 ], [ 31.420086012, 1.154686466 ], [ 31.422628056, 1.14791403 ], [ 31.422725772, 1.136609242 ], [ 31.423680668, 1.132051653 ], [ 31.426262857, 1.128761093 ], [ 31.426152951, 1.122719715 ], [ 31.431954028, 1.118906328 ], [ 31.439208719, 1.108677275 ], [ 31.450794543, 1.101284001 ], [ 31.453758699, 1.093560769 ], [ 31.457537283, 1.089237814 ], [ 31.462870444, 1.078809863 ], [ 31.466376379, 1.077560776 ], [ 31.467190316, 1.074144659 ], [ 31.476910782, 1.071698337 ], [ 31.480396122, 1.066546966 ], [ 31.480932536, 1.062725911 ], [ 31.486109625, 1.057552025 ], [ 31.492314618, 1.054787566 ], [ 31.499803699, 1.054059006 ], [ 31.506653465, 1.049467857 ], [ 31.513166579, 1.047209923 ], [ 31.514781421, 1.040590291 ], [ 31.522790423, 1.035022797 ], [ 31.527082849, 1.028160836 ], [ 31.528598543, 1.019731565 ], [ 31.526619838, 1.011057149 ], [ 31.519578945, 1.001485056 ], [ 31.517286522, 0.996066485 ], [ 31.510941912, 0.993585471 ], [ 31.509222181, 0.987796369 ], [ 31.49936102, 0.982980369 ], [ 31.490443982, 0.982361308 ], [ 31.487893554, 0.980750653 ], [ 31.486929653, 0.975073263 ], [ 31.485240079, 0.973460531 ], [ 31.475596101, 0.968260265 ], [ 31.469285458, 0.9677415 ], [ 31.459967207, 0.962286316 ], [ 31.455162, 0.957188702 ], [ 31.44666583, 0.956493592 ], [ 31.443351282, 0.952897653 ], [ 31.432580357, 0.949199569 ], [ 31.430309066, 0.938356078 ], [ 31.43484579, 0.929293112 ], [ 31.434358282, 0.92238057 ], [ 31.435675699, 0.916100811 ], [ 31.439508811, 0.909133209 ], [ 31.441761679, 0.908796149 ], [ 31.44588386, 0.905164016 ], [ 31.444256, 0.903366098 ], [ 31.446454019, 0.902537564 ], [ 31.446121125, 0.900937702 ], [ 31.448926503, 0.902281885 ], [ 31.452028218, 0.898906026 ], [ 31.454228289, 0.893199308 ], [ 31.453152427, 0.885180483 ], [ 31.449250786, 0.877634475 ], [ 31.450352756, 0.869991822 ], [ 31.449390426, 0.865005215 ], [ 31.462574181, 0.86452252 ], [ 31.470812054, 0.860645964 ], [ 31.491741808, 0.863991684 ], [ 31.501273973, 0.862638861 ], [ 31.504306603, 0.864765461 ], [ 31.509294527, 0.864785532 ], [ 31.523385366, 0.862855612 ], [ 31.543267808, 0.856640811 ], [ 31.563167662, 0.855951976 ], [ 31.566605727, 0.853909222 ], [ 31.5744266, 0.854608587 ], [ 31.586077373, 0.849159065 ], [ 31.595600129, 0.839738096 ], [ 31.599091351, 0.839811718 ], [ 31.603201924, 0.836900833 ], [ 31.60628024, 0.836648689 ], [ 31.609106441, 0.833936306 ], [ 31.617400962, 0.833468934 ], [ 31.620432693, 0.827527642 ], [ 31.622428229, 0.827528342 ], [ 31.626786794, 0.831753754 ], [ 31.628971563, 0.831817834 ], [ 31.635479542, 0.826329946 ], [ 31.639641257, 0.825797747 ], [ 31.654620397, 0.815817407 ], [ 31.659462823, 0.821833862 ], [ 31.660605357, 0.828509348 ], [ 31.663646993, 0.833964436 ], [ 31.677593456, 0.847645101 ], [ 31.681292895, 0.871316942 ], [ 31.680165492, 0.875368668 ], [ 31.675436185, 0.880613026 ], [ 31.67537714, 0.88241294 ], [ 31.678676945, 0.88822096 ], [ 31.6812212, 0.885155649 ], [ 31.682612681, 0.886350079 ], [ 31.68898254, 0.883168539 ], [ 31.699938506, 0.881236797 ], [ 31.717274741, 0.88606388 ], [ 31.723452595, 0.884510282 ], [ 31.734917032, 0.885635841 ], [ 31.738037749, 0.881828917 ], [ 31.746350931, 0.879208659 ], [ 31.748988547, 0.885120023 ], [ 31.745141496, 0.885946886 ], [ 31.75276081, 0.903352406 ], [ 31.746230807, 0.908741048 ], [ 31.748339324, 0.920183916 ], [ 31.750744061, 0.923640022 ], [ 31.754475331, 0.924690585 ], [ 31.751953162, 0.926191189 ], [ 31.756054802, 0.929693133 ], [ 31.753076755, 0.937887003 ], [ 31.760626647, 0.940024378 ], [ 31.764006461, 0.942413524 ], [ 31.76698808, 0.947217605 ], [ 31.781430305, 0.953228824 ], [ 31.806162212, 0.977741438 ], [ 31.822418591, 0.998008947 ], [ 31.826720297, 1.008720277 ], [ 31.835154438, 1.021396008 ], [ 31.844246869, 1.030191525 ], [ 31.845930418, 1.034841518 ], [ 31.853253589, 1.035866648 ], [ 31.857715651, 1.033192562 ], [ 31.861703164, 1.03277013 ], [ 31.869399102, 1.039647658 ], [ 31.876334043, 1.040259482 ], [ 31.879080372, 1.05613778 ], [ 31.885688318, 1.061639906 ], [ 31.891384705, 1.072614313 ], [ 31.892687126, 1.078286396 ], [ 31.896341913, 1.082132131 ], [ 31.906546692, 1.083483666 ], [ 31.911431719, 1.106316743 ] ] ] } },
{ "type": "Feature", "properties": { "shapeName": "Kyotera", "shapeISO": "", "shapeID": "80733802B82548809937194", "shapeGroup": "UGA", "shapeType": "ADM2" }, "geometry": { "type": "Polygon", "coordinates": [ [ [ 32.000506994, -0.818685385 ], [ 31.8921759, -0.796377443 ], [ 31.800992575, -0.752807606 ], [ 31.791913224, -0.752832222 ], [ 31.784964005, -0.748886554 ], [ 31.76512306, -0.741427731 ], [ 31.75130408, -0.734323392 ], [ 31.74676892, -0.730550278 ], [ 31.728539573, -0.710700228 ], [ 31.724832798, -0.702739537 ], [ 31.72053381, -0.699075106 ], [ 31.717358189, -0.689350806 ], [ 31.718124894, -0.683444588 ], [ 31.714802643, -0.681336213 ], [ 31.716621817, -0.678270425 ], [ 31.710290104, -0.668653874 ], [ 31.710427178, -0.665171572 ], [ 31.70721639, -0.659870356 ], [ 31.703445536, -0.659588981 ], [ 31.699972115, -0.656856476 ], [ 31.683604267, -0.631508287 ], [ 31.679782797, -0.625058299 ], [ 31.679933694, -0.621159973 ], [ 31.675978101, -0.610865872 ], [ 31.678917285, -0.593256151 ], [ 31.687364376, -0.583978062 ], [ 31.682679035, -0.581616226 ], [ 31.686832827, -0.56308411 ], [ 31.691313107, -0.557015954 ], [ 31.68423536, -0.551677861 ], [ 31.68347016, -0.548258703 ], [ 31.687534034, -0.54462353 ], [ 31.696440277, -0.540555226 ], [ 31.701148397, -0.536250815 ], [ 31.708161148, -0.533167946 ], [ 31.698910396, -0.526454616 ], [ 31.680970827, -0.522597708 ], [ 31.675986671, -0.515116513 ], [ 31.667570577, -0.514933862 ], [ 31.662544336, -0.507452701 ], [ 31.657912035, -0.498542583 ], [ 31.658899953, -0.492048585 ], [ 31.665068414, -0.485202857 ], [ 31.666687876, -0.475072918 ], [ 31.666795574, -0.459217274 ], [ 31.662469486, -0.457705982 ], [ 31.657257003, -0.443902576 ], [ 31.651352492, -0.44066346 ], [ 31.645091282, -0.439739748 ], [ 31.620377043, -0.443995273 ], [ 31.616302, -0.442764439 ], [ 31.601345945, -0.432884899 ], [ 31.596211131, -0.431310178 ], [ 31.593846437, -0.432060445 ], [ 31.590528906, -0.44302187 ], [ 31.585859308, -0.444594727 ], [ 31.574830316, -0.457408692 ], [ 31.571514001, -0.46311512 ], [ 31.569550111, -0.476898541 ], [ 31.563916984, -0.482324059 ], [ 31.548312419, -0.491971144 ], [ 31.545307428, -0.492214677 ], [ 31.536347412, -0.497340879 ], [ 31.525529565, -0.497772596 ], [ 31.522804742, -0.499553707 ], [ 31.500754642, -0.519563569 ], [ 31.481455992, -0.538786804 ], [ 31.478175615, -0.543687892 ], [ 31.466744788, -0.547546813 ], [ 31.461010122, -0.55456353 ], [ 31.445260196, -0.554667937 ], [ 31.441465678, -0.557778057 ], [ 31.438517442, -0.562498213 ], [ 31.440536412, -0.568350199 ], [ 31.440936794, -0.578624251 ], [ 31.444361917, -0.586810004 ], [ 31.439953579, -0.598086588 ], [ 31.475970302, -0.614520836 ], [ 31.479760487, -0.632139883 ], [ 31.489192564, -0.638573058 ], [ 31.489471409, -0.665814173 ], [ 31.502519622, -0.674220242 ], [ 31.499678444, -0.684855351 ], [ 31.519698458, -0.70279643 ], [ 31.503362922, -0.720933919 ], [ 31.510685578, -0.722455757 ], [ 31.506064038, -0.734944334 ], [ 31.480137265, -0.733542751 ], [ 31.478863783, -0.735884756 ], [ 31.479253682, -0.741112391 ], [ 31.47768099, -0.744819931 ], [ 31.480609798, -0.748375295 ], [ 31.4843082, -0.757556384 ], [ 31.489756222, -0.762939565 ], [ 31.487187834, -0.766845734 ], [ 31.486676267, -0.777255367 ], [ 31.482750015, -0.787600448 ], [ 31.484144561, -0.793054582 ], [ 31.482632443, -0.79593909 ], [ 31.483066786, -0.799023303 ], [ 31.487170188, -0.805093453 ], [ 31.487149406, -0.808910073 ], [ 31.482540481, -0.813864538 ], [ 31.482588441, -0.816279338 ], [ 31.480022137, -0.818051011 ], [ 31.476433198, -0.814829945 ], [ 31.474028121, -0.814937563 ], [ 31.467989539, -0.81093778 ], [ 31.466269033, -0.813143876 ], [ 31.459249142, -0.815275587 ], [ 31.45673924, -0.817951649 ], [ 31.450120973, -0.817578295 ], [ 31.448173402, -0.819585307 ], [ 31.447722714, -0.821927516 ], [ 31.449505922, -0.822434671 ], [ 31.446769442, -0.830871638 ], [ 31.442759161, -0.832696936 ], [ 31.430941494, -0.849314941 ], [ 31.412670288, -0.901942527 ], [ 31.38989639, -0.948019311 ], [ 31.35288337, -0.947549656 ], [ 31.305809926, -0.957353937 ], [ 31.299919256, -0.975434264 ], [ 31.293907475, -0.979807213 ], [ 31.287002051, -0.981412494 ], [ 31.294190238, -0.999326455 ], [ 31.562886666, -1.001629844 ], [ 31.766951169, -0.999415837 ], [ 31.999898977, -0.999912568 ], [ 32.000506994, -0.818685385 ] ] ] } },
{ "type": "Feature", "properties": { "shapeName": "Luwero", "shapeISO": "", "shapeID": "80733802B43712925047745", "shapeGroup": "UGA", "shapeType": "ADM2" }, "geometry": { "type": "Polygon", "coordinates": [ [ [ 32.788011199, 1.075134704 ], [ 32.765061115, 1.07354974 ], [ 32.735005163, 1.073692017 ], [ 32.726845507, 1.070551906 ], [ 32.7156699, 1.068931429 ], [ 32.706775253, 1.071364284 ], [ 32.701701252, 1.069952426 ], [ 32.698090733, 1.070585374 ], [ 32.685106763, 1.080798332 ], [ 32.680856247, 1.082724934 ], [ 32.671816819, 1.083339168 ], [ 32.667342533, 1.086903262 ], [ 32.657236077, 1.099450536 ], [ 32.650257303, 1.125152685 ], [ 32.632290911, 1.141598149 ], [ 32.626674305, 1.143732541 ], [ 32.622563314, 1.143216312 ], [ 32.61823158, 1.14033875 ], [ 32.614329722, 1.134520929 ], [ 32.612644953, 1.126197356 ], [ 32.613269898, 1.122117191 ], [ 32.611912974, 1.119782854 ], [ 32.598327992, 1.113855157 ], [ 32.585892945, 1.096265884 ], [ 32.574594714, 1.084892114 ], [ 32.573103481, 1.079192246 ], [ 32.569818786, 1.073899243 ], [ 32.569064489, 1.068868966 ], [ 32.57069393, 1.060274479 ], [ 32.576728091, 1.053499055 ], [ 32.576659013, 1.045040027 ], [ 32.570677158, 1.039149563 ], [ 32.558683589, 1.03255259 ], [ 32.555863642, 1.028291031 ], [ 32.555368584, 1.021324729 ], [ 32.562383203, 1.006018069 ], [ 32.561297253, 0.99410294 ], [ 32.563998036, 0.9796099 ], [ 32.56578172, 0.978361638 ], [ 32.568421487, 0.979366207 ], [ 32.576814663, 0.988776253 ], [ 32.581523078, 0.989636329 ], [ 32.584174922, 0.986280195 ], [ 32.582214523, 0.974319696 ], [ 32.576852897, 0.96836604 ], [ 32.571443096, 0.965967878 ], [ 32.566200156, 0.961235589 ], [ 32.554132132, 0.958791315 ], [ 32.540497667, 0.959060906 ], [ 32.514254661, 0.970537897 ], [ 32.508618623, 0.971658902 ], [ 32.500289376, 0.97642543 ], [ 32.499330168, 0.980523569 ], [ 32.495870821, 0.98550793 ], [ 32.488068741, 0.991939123 ], [ 32.477119414, 1.011306916 ], [ 32.467884166, 1.019899991 ], [ 32.465506269, 1.025327753 ], [ 32.434958241, 1.04994808 ], [ 32.431319412, 1.05543887 ], [ 32.43227317, 1.060496252 ], [ 32.426518705, 1.069478724 ], [ 32.419523297, 1.075547839 ], [ 32.411888244, 1.077618092 ], [ 32.405268175, 1.084447156 ], [ 32.396707903, 1.100621162 ], [ 32.396242468, 1.106311516 ], [ 32.383828015, 1.113745409 ], [ 32.378629412, 1.12134361 ], [ 32.373808353, 1.136396415 ], [ 32.364107886, 1.130749097 ], [ 32.35874945, 1.117548694 ], [ 32.358992286, 1.087974906 ], [ 32.355225285, 1.073245988 ], [ 32.350362078, 1.062461233 ], [ 32.349255051, 1.048257617 ], [ 32.345602685, 1.035989477 ], [ 32.347650209, 1.006714657 ], [ 32.350905558, 1.001649135 ], [ 32.354168344, 0.990069943 ], [ 32.353701811, 0.987292499 ], [ 32.35614791, 0.985402206 ], [ 32.357529319, 0.97735086 ], [ 32.356671657, 0.975432782 ], [ 32.358179554, 0.97415748 ], [ 32.360398633, 0.96066918 ], [ 32.36852704, 0.949579355 ], [ 32.378978328, 0.943411351 ], [ 32.388059762, 0.934492817 ], [ 32.392721874, 0.927102381 ], [ 32.394483623, 0.919259088 ], [ 32.394959847, 0.906512192 ], [ 32.398988516, 0.895864746 ], [ 32.416974863, 0.870491228 ], [ 32.422044301, 0.855609911 ], [ 32.441632244, 0.817742497 ], [ 32.444587787, 0.814721243 ], [ 32.450621702, 0.81201705 ], [ 32.461547622, 0.795553111 ], [ 32.4638854, 0.782679623 ], [ 32.462660057, 0.771533636 ], [ 32.468970694, 0.751486399 ], [ 32.469788758, 0.742566207 ], [ 32.476032719, 0.736650247 ], [ 32.485665264, 0.731756968 ], [ 32.486141635, 0.728834851 ], [ 32.491649283, 0.729468771 ], [ 32.491913616, 0.723968236 ], [ 32.495648792, 0.717319121 ], [ 32.500484443, 0.698954256 ], [ 32.498915996, 0.692856414 ], [ 32.489296155, 0.695515188 ], [ 32.481532443, 0.692917852 ], [ 32.476360055, 0.693378672 ], [ 32.4705259, 0.689659719 ], [ 32.466627827, 0.681553214 ], [ 32.45977974, 0.678820268 ], [ 32.461980306, 0.674912237 ], [ 32.464477369, 0.674197807 ], [ 32.466702139, 0.669756002 ], [ 32.461293545, 0.662970199 ], [ 32.451031255, 0.668071526 ], [ 32.447084782, 0.663647135 ], [ 32.442625843, 0.663655676 ], [ 32.439701414, 0.661312193 ], [ 32.434386824, 0.660741629 ], [ 32.432009644, 0.656986893 ], [ 32.427375877, 0.655955013 ], [ 32.416291529, 0.666511416 ], [ 32.412510542, 0.666700946 ], [ 32.404236046, 0.66268314 ], [ 32.396054455, 0.661623659 ], [ 32.390884181, 0.654810758 ], [ 32.377491781, 0.645916085 ], [ 32.355295997, 0.635265243 ], [ 32.350588828, 0.631347401 ], [ 32.344275562, 0.629745325 ], [ 32.343685644, 0.617523096 ], [ 32.340820974, 0.614229724 ], [ 32.333854383, 0.611451504 ], [ 32.334200836, 0.605390238 ], [ 32.331717752, 0.59812541 ], [ 32.331685662, 0.589431503 ], [ 32.323304898, 0.583812472 ], [ 32.319729085, 0.571915621 ], [ 32.320312989, 0.566668604 ], [ 32.323727241, 0.560173469 ], [ 32.332967425, 0.551987343 ], [ 32.339635706, 0.557115648 ], [ 32.358966419, 0.565094014 ], [ 32.367734281, 0.567050701 ], [ 32.377567305, 0.566399775 ], [ 32.387351358, 0.571608873 ], [ 32.393949807, 0.573299716 ], [ 32.403759656, 0.570400373 ], [ 32.413308586, 0.564750164 ], [ 32.421952852, 0.563404692 ], [ 32.447573171, 0.562887902 ], [ 32.459153106, 0.566746742 ], [ 32.470602835, 0.568177705 ], [ 32.47321874, 0.567725016 ], [ 32.484765142, 0.559538649 ], [ 32.494312016, 0.562497855 ], [ 32.500697281, 0.561394678 ], [ 32.511527546, 0.565322007 ], [ 32.51631477, 0.565123378 ], [ 32.521053826, 0.566716052 ], [ 32.524675275, 0.570072803 ], [ 32.531287972, 0.552431622 ], [ 32.536956269, 0.54765523 ], [ 32.543498787, 0.554323419 ], [ 32.546301496, 0.555445472 ], [ 32.548925067, 0.559770171 ], [ 32.558388782, 0.568419904 ], [ 32.568188752, 0.56886396 ], [ 32.569990888, 0.57680744 ], [ 32.580298416, 0.584244935 ], [ 32.587149442, 0.574954068 ], [ 32.596569858, 0.574013849 ], [ 32.609534323, 0.563773404 ], [ 32.618287382, 0.568234233 ], [ 32.622372968, 0.566108425 ], [ 32.63007098, 0.565186117 ], [ 32.639553257, 0.558844657 ], [ 32.647299335, 0.55725283 ], [ 32.659463278, 0.557615442 ], [ 32.665104405, 0.561406542 ], [ 32.68166583, 0.557272905 ], [ 32.686047041, 0.562285297 ], [ 32.701427172, 0.570582415 ], [ 32.717696255, 0.584362184 ], [ 32.723287483, 0.593663026 ], [ 32.731765576, 0.602964016 ], [ 32.734437158, 0.617204515 ], [ 32.750606138, 0.643686628 ], [ 32.751770714, 0.663165431 ], [ 32.755735285, 0.679124997 ], [ 32.754013533, 0.703136331 ], [ 32.761833471, 0.723456893 ], [ 32.758547699, 0.739669407 ], [ 32.761422716, 0.772692066 ], [ 32.758854035, 0.781422524 ], [ 32.761063386, 0.818389752 ], [ 32.771359065, 0.83667488 ], [ 32.778421172, 0.845822077 ], [ 32.789704138, 0.855530438 ], [ 32.794649626, 0.855675464 ], [ 32.795659347, 0.876466163 ], [ 32.790348915, 0.887566872 ], [ 32.786613723, 0.905516443 ], [ 32.78532782, 0.944130112 ], [ 32.780874775, 0.980536026 ], [ 32.776950356, 0.997616993 ], [ 32.777940779, 1.013467863 ], [ 32.788011199, 1.075134704 ] ] ] } },
{ "type": "Feature", "properties": { "shapeName": "Lwengo", "shapeISO": "", "shapeID": "80733802B82740556914213", "shapeGroup": "UGA", "shapeType": "ADM2" }, "geometry": { "type": "Polygon", "coordinates": [ [ [ 31.597248535, -0.29570447 ], [ 31.589590377, -0.325586816 ], [ 31.57110241, -0.331499329 ], [ 31.558023549, -0.321421904 ], [ 31.547224458, -0.319493923 ], [ 31.546770367, -0.332165083 ], [ 31.545439094, -0.335728379 ], [ 31.536729668, -0.339453366 ], [ 31.533712497, -0.337273223 ], [ 31.530647308, -0.337082819 ], [ 31.525164136, -0.340048534 ], [ 31.525545037, -0.33671124 ], [ 31.527743237, -0.335264478 ], [ 31.527244812, -0.332107925 ], [ 31.528944393, -0.328770819 ], [ 31.525537829, -0.312662357 ], [ 31.523600896, -0.315049791 ], [ 31.515106385, -0.314840577 ], [ 31.508096264, -0.318023156 ], [ 31.503938134, -0.318122031 ], [ 31.495424622, -0.315823575 ], [ 31.492003004, -0.317188745 ], [ 31.483885061, -0.317042854 ], [ 31.480162509, -0.31453709 ], [ 31.475434733, -0.317141108 ], [ 31.470228746, -0.316661012 ], [ 31.462381393, -0.313539641 ], [ 31.455703987, -0.315691142 ], [ 31.445209706, -0.315834285 ], [ 31.438021914, -0.318401695 ], [ 31.432504941, -0.31621222 ], [ 31.422795626, -0.316889042 ], [ 31.408400191, -0.326111553 ], [ 31.39743101, -0.33927756 ], [ 31.384039915, -0.345967688 ], [ 31.374722648, -0.340196238 ], [ 31.361910193, -0.335518519 ], [ 31.354008993, -0.322838093 ], [ 31.335800421, -0.315844504 ], [ 31.324049424, -0.314133411 ], [ 31.319065632, -0.315263027 ], [ 31.312548644, -0.312313832 ], [ 31.304835911, -0.312348764 ], [ 31.298084096, -0.310683707 ], [ 31.288057237, -0.301693063 ], [ 31.281257284, -0.311910866 ], [ 31.262063882, -0.32361861 ], [ 31.257073037, -0.324069909 ], [ 31.251448991, -0.320894807 ], [ 31.244864249, -0.321761825 ], [ 31.231802583, -0.318766339 ], [ 31.231053626, -0.322302016 ], [ 31.228433312, -0.323477159 ], [ 31.228376072, -0.331398802 ], [ 31.217515475, -0.34430113 ], [ 31.194827624, -0.360501596 ], [ 31.187441619, -0.368512052 ], [ 31.186867391, -0.373630147 ], [ 31.17895503, -0.38028397 ], [ 31.176408022, -0.400973198 ], [ 31.167588484, -0.412048516 ], [ 31.170165219, -0.417339085 ], [ 31.186538423, -0.420254645 ], [ 31.193929142, -0.416205185 ], [ 31.207731384, -0.435804269 ], [ 31.211536297, -0.438499954 ], [ 31.219237118, -0.456596722 ], [ 31.228040613, -0.457069133 ], [ 31.236172344, -0.455551912 ], [ 31.244062871, -0.457959291 ], [ 31.268037795, -0.484570174 ], [ 31.314090987, -0.493453373 ], [ 31.360792581, -0.527107293 ], [ 31.38900092, -0.575055529 ], [ 31.403564144, -0.581742993 ], [ 31.408838572, -0.588274135 ], [ 31.422864239, -0.587256163 ], [ 31.426824529, -0.589907147 ], [ 31.430199666, -0.596853822 ], [ 31.433213361, -0.595253913 ], [ 31.439953579, -0.598086588 ], [ 31.444361917, -0.586810004 ], [ 31.440936794, -0.578624251 ], [ 31.440536412, -0.568350199 ], [ 31.438517442, -0.562498213 ], [ 31.441465678, -0.557778057 ], [ 31.445260196, -0.554667937 ], [ 31.461010122, -0.55456353 ], [ 31.466744788, -0.547546813 ], [ 31.478175615, -0.543687892 ], [ 31.481455992, -0.538786804 ], [ 31.500754642, -0.519563569 ], [ 31.522804742, -0.499553707 ], [ 31.525529565, -0.497772596 ], [ 31.536347412, -0.497340879 ], [ 31.545307428, -0.492214677 ], [ 31.548312419, -0.491971144 ], [ 31.563916984, -0.482324059 ], [ 31.569550111, -0.476898541 ], [ 31.571514001, -0.46311512 ], [ 31.574830316, -0.457408692 ], [ 31.585859308, -0.444594727 ], [ 31.590528906, -0.44302187 ], [ 31.593846437, -0.432060445 ], [ 31.596211131, -0.431310178 ], [ 31.584412553, -0.382358821 ], [ 31.584768929, -0.367688599 ], [ 31.597031717, -0.370322519 ], [ 31.603126849, -0.369355698 ], [ 31.62009077, -0.381071231 ], [ 31.639087151, -0.388111089 ], [ 31.640679586, -0.386745593 ], [ 31.646334909, -0.387388668 ], [ 31.657350734, -0.380055055 ], [ 31.658682828, -0.375415261 ], [ 31.668390247, -0.372133444 ], [ 31.675660869, -0.37475757 ], [ 31.681517406, -0.380321077 ], [ 31.693577379, -0.379617402 ], [ 31.6987227, -0.376325797 ], [ 31.702525946, -0.370971718 ], [ 31.704202282, -0.366169068 ], [ 31.704585256, -0.352058903 ], [ 31.709303361, -0.345447631 ], [ 31.69675854, -0.335188903 ], [ 31.694775839, -0.328034058 ], [ 31.695560556, -0.321711719 ], [ 31.714607655, -0.31936243 ], [ 31.71228183, -0.304366638 ], [ 31.704509217, -0.306271459 ], [ 31.692296515, -0.306732831 ], [ 31.689172472, -0.301655748 ], [ 31.672160451, -0.301999397 ], [ 31.670897118, -0.297422318 ], [ 31.666643265, -0.295045765 ], [ 31.6564728, -0.297456429 ], [ 31.651062318, -0.296151432 ], [ 31.640270913, -0.302356378 ], [ 31.630240833, -0.303768166 ], [ 31.621627192, -0.302776932 ], [ 31.597248535, -0.29570447 ] ] ] } },
{ "type": "Feature", "properties": { "shapeName": "Lyantonde", "shapeISO": "", "shapeID": "80733802B55282834912839", "shapeGroup": "UGA", "shapeType": "ADM2" }, "geometry": { "type": "Polygon", "coordinates": [ [ [ 31.288057237, -0.301693063 ], [ 31.292807319, -0.291737144 ], [ 31.294664441, -0.28280263 ], [ 31.295228247, -0.275956914 ], [ 31.293485296, -0.267871958 ], [ 31.30398469, -0.250175562 ], [ 31.306030343, -0.238229548 ], [ 31.314480326, -0.212230781 ], [ 31.317697011, -0.210096889 ], [ 31.321636164, -0.203378025 ], [ 31.326984915, -0.198223807 ], [ 31.327907194, -0.191206164 ], [ 31.331629091, -0.183854173 ], [ 31.332836461, -0.167729737 ], [ 31.332126283, -0.153223913 ], [ 31.328965395, -0.133463681 ], [ 31.324331852, -0.115783423 ], [ 31.324263681, -0.109986564 ], [ 31.273878183, -0.0959223 ], [ 31.268410118, -0.096461785 ], [ 31.265869896, -0.094040173 ], [ 31.25070331, -0.088179497 ], [ 31.216622735, -0.071665518 ], [ 31.206740219, -0.069567189 ], [ 31.206512353, -0.049491979 ], [ 31.191472944, -0.04611862 ], [ 31.161017046, -0.036035318 ], [ 31.163479644, -0.030456036 ], [ 31.126714457, -0.030699602 ], [ 31.116518102, -0.04087217 ], [ 31.100970532, -0.039696318 ], [ 31.091447773, -0.043891743 ], [ 31.098553768, -0.054390053 ], [ 31.097699932, -0.063468539 ], [ 31.09894393, -0.077429943 ], [ 31.101522298, -0.08293685 ], [ 31.10259722, -0.090677161 ], [ 31.100013114, -0.098787994 ], [ 31.100829159, -0.101961908 ], [ 31.097908575, -0.117071481 ], [ 31.098458944, -0.125987243 ], [ 31.095192761, -0.135960687 ], [ 31.09474921, -0.143845544 ], [ 31.092934081, -0.146874571 ], [ 31.091352948, -0.157390624 ], [ 31.08306877, -0.174000484 ], [ 31.079663276, -0.192798946 ], [ 31.072173119, -0.20463433 ], [ 31.070653797, -0.209453634 ], [ 31.071615758, -0.21569286 ], [ 31.075151366, -0.221010127 ], [ 31.068433025, -0.242113686 ], [ 31.071586979, -0.252159995 ], [ 31.071377223, -0.258471423 ], [ 31.072146554, -0.264113856 ], [ 31.073477682, -0.265018289 ], [ 31.074019144, -0.273852597 ], [ 31.078947064, -0.28427003 ], [ 31.082179857, -0.304760292 ], [ 31.089659875, -0.318388342 ], [ 31.089870987, -0.322728668 ], [ 31.092305315, -0.327539623 ], [ 31.103237226, -0.33910687 ], [ 31.115364902, -0.375197523 ], [ 31.11800286, -0.377675715 ], [ 31.124676185, -0.391159466 ], [ 31.124179924, -0.403628921 ], [ 31.132337243, -0.420232828 ], [ 31.152944923, -0.440845839 ], [ 31.154740049, -0.469475222 ], [ 31.152820054, -0.477007201 ], [ 31.154665232, -0.490047149 ], [ 31.161373764, -0.487770245 ], [ 31.173831781, -0.493416296 ], [ 31.179849453, -0.492595059 ], [ 31.188881027, -0.484603699 ], [ 31.201774565, -0.464450614 ], [ 31.206391092, -0.461033577 ], [ 31.219237118, -0.456596722 ], [ 31.211536297, -0.438499954 ], [ 31.207731384, -0.435804269 ], [ 31.193929142, -0.416205185 ], [ 31.186538423, -0.420254645 ], [ 31.170165219, -0.417339085 ], [ 31.167588484, -0.412048516 ], [ 31.176408022, -0.400973198 ], [ 31.17895503, -0.38028397 ], [ 31.186867391, -0.373630147 ], [ 31.187441619, -0.368512052 ], [ 31.194827624, -0.360501596 ], [ 31.217515475, -0.34430113 ], [ 31.228376072, -0.331398802 ], [ 31.228433312, -0.323477159 ], [ 31.231053626, -0.322302016 ], [ 31.231802583, -0.318766339 ], [ 31.244864249, -0.321761825 ], [ 31.251448991, -0.320894807 ], [ 31.257073037, -0.324069909 ], [ 31.262063882, -0.32361861 ], [ 31.281257284, -0.311910866 ], [ 31.288057237, -0.301693063 ] ] ] } },
{ "type": "Feature", "properties": { "shapeName": "Masaka", "shapeISO": "", "shapeID": "80733802B22447037212244", "shapeGroup": "UGA", "shapeType": "ADM2" }, "geometry": { "type": "Polygon", "coordinates": [ [ [ 31.71228183, -0.304366638 ], [ 31.714607655, -0.31936243 ], [ 31.695560556, -0.321711719 ], [ 31.694775839, -0.328034058 ], [ 31.69675854, -0.335188903 ], [ 31.709303361, -0.345447631 ], [ 31.704585256, -0.352058903 ], [ 31.704202282, -0.366169068 ], [ 31.702525946, -0.370971718 ], [ 31.6987227, -0.376325797 ], [ 31.693577379, -0.379617402 ], [ 31.681517406, -0.380321077 ], [ 31.675660869, -0.37475757 ], [ 31.668390247, -0.372133444 ], [ 31.658682828, -0.375415261 ], [ 31.657350734, -0.380055055 ], [ 31.646334909, -0.387388668 ], [ 31.640679586, -0.386745593 ], [ 31.639087151, -0.388111089 ], [ 31.62009077, -0.381071231 ], [ 31.603126849, -0.369355698 ], [ 31.597031717, -0.370322519 ], [ 31.584768929, -0.367688599 ], [ 31.584412553, -0.382358821 ], [ 31.596211131, -0.431310178 ], [ 31.601345945, -0.432884899 ], [ 31.616302, -0.442764439 ], [ 31.620377043, -0.443995273 ], [ 31.645091282, -0.439739748 ], [ 31.651352492, -0.44066346 ], [ 31.657257003, -0.443902576 ], [ 31.662469486, -0.457705982 ], [ 31.666795574, -0.459217274 ], [ 31.666687876, -0.475072918 ], [ 31.665068414, -0.485202857 ], [ 31.658899953, -0.492048585 ], [ 31.657912035, -0.498542583 ], [ 31.662544336, -0.507452701 ], [ 31.667570577, -0.514933862 ], [ 31.675986671, -0.515116513 ], [ 31.680970827, -0.522597708 ], [ 31.698910396, -0.526454616 ], [ 31.708161148, -0.533167946 ], [ 31.701148397, -0.536250815 ], [ 31.696440277, -0.540555226 ], [ 31.687534034, -0.54462353 ], [ 31.68347016, -0.548258703 ], [ 31.68423536, -0.551677861 ], [ 31.691313107, -0.557015954 ], [ 31.686832827, -0.56308411 ], [ 31.682679035, -0.581616226 ], [ 31.687364376, -0.583978062 ], [ 31.678917285, -0.593256151 ], [ 31.675978101, -0.610865872 ], [ 31.679933694, -0.621159973 ], [ 31.679782797, -0.625058299 ], [ 31.683604267, -0.631508287 ], [ 31.699972115, -0.656856476 ], [ 31.703445536, -0.659588981 ], [ 31.70721639, -0.659870356 ], [ 31.710427178, -0.665171572 ], [ 31.710290104, -0.668653874 ], [ 31.716621817, -0.678270425 ], [ 31.714802643, -0.681336213 ], [ 31.718124894, -0.683444588 ], [ 31.717358189, -0.689350806 ], [ 31.72053381, -0.699075106 ], [ 31.724832798, -0.702739537 ], [ 31.728539573, -0.710700228 ], [ 31.74676892, -0.730550278 ], [ 31.75130408, -0.734323392 ], [ 31.76512306, -0.741427731 ], [ 31.784964005, -0.748886554 ], [ 31.791913224, -0.752832222 ], [ 31.800992575, -0.752807606 ], [ 31.8921759, -0.796377443 ], [ 32.000506994, -0.818685385 ], [ 32.000663056, -0.38536633 ], [ 32.044501957, -0.34716074 ], [ 32.052005292, -0.338486273 ], [ 32.057433203, -0.329829683 ], [ 32.059149157, -0.324130787 ], [ 32.061377771, -0.306445822 ], [ 32.059094117, -0.288434801 ], [ 32.053238758, -0.275154646 ], [ 32.000274048, -0.219119665 ], [ 32.000423417, -0.153735467 ], [ 31.978329951, -0.16030175 ], [ 31.96290813, -0.168596034 ], [ 31.937924407, -0.194655603 ], [ 31.930619537, -0.205392458 ], [ 31.920211474, -0.214546048 ], [ 31.896914234, -0.218732532 ], [ 31.896072333, -0.223870407 ], [ 31.894320894, -0.222386782 ], [ 31.890962309, -0.223725293 ], [ 31.887504005, -0.222024453 ], [ 31.887807963, -0.223869786 ], [ 31.882118935, -0.227903701 ], [ 31.88339524, -0.229821466 ], [ 31.882772247, -0.232562236 ], [ 31.884813614, -0.231730206 ], [ 31.884999657, -0.233349382 ], [ 31.883005599, -0.239400738 ], [ 31.876814073, -0.245424605 ], [ 31.87840959, -0.247631872 ], [ 31.877128782, -0.252733477 ], [ 31.870962385, -0.256884863 ], [ 31.86628162, -0.257978964 ], [ 31.855863174, -0.257390071 ], [ 31.847582129, -0.262680957 ], [ 31.836625383, -0.247691595 ], [ 31.833960602, -0.246415956 ], [ 31.826667, -0.247012315 ], [ 31.824456371, -0.24422613 ], [ 31.820059425, -0.243420705 ], [ 31.814381744, -0.23746834 ], [ 31.812981304, -0.232990746 ], [ 31.80847039, -0.236114876 ], [ 31.807042333, -0.242003618 ], [ 31.805510244, -0.242914856 ], [ 31.789234694, -0.2324883 ], [ 31.785761966, -0.235928163 ], [ 31.785416086, -0.241943257 ], [ 31.793105486, -0.24435 ], [ 31.790868011, -0.253440341 ], [ 31.7869352, -0.259165653 ], [ 31.781316797, -0.274343106 ], [ 31.775840387, -0.273067159 ], [ 31.764780047, -0.276421824 ], [ 31.750827714, -0.274927903 ], [ 31.741274545, -0.276464582 ], [ 31.734396262, -0.270448845 ], [ 31.724251488, -0.256319356 ], [ 31.720961877, -0.254781337 ], [ 31.714091432, -0.264795927 ], [ 31.708219222, -0.281392883 ], [ 31.708410392, -0.288157645 ], [ 31.711272812, -0.294147588 ], [ 31.71228183, -0.304366638 ] ] ] } },
{ "type": "Feature", "properties": { "shapeName": "Mityana", "shapeISO": "", "shapeID": "80733802B28389348562141", "shapeGroup": "UGA", "shapeType": "ADM2" }, "geometry": { "type": "Polygon", "coordinates": [ [ [ 32.268118049, 0.317499642 ], [ 32.260004169, 0.328079452 ], [ 32.256748456, 0.335608155 ], [ 32.256847079, 0.34274363 ], [ 32.260468763, 0.355247145 ], [ 32.26199533, 0.377575731 ], [ 32.259340485, 0.39476669 ], [ 32.254347961, 0.405922938 ], [ 32.23857676, 0.412847055 ], [ 32.236519708, 0.417215122 ], [ 32.229648046, 0.421044144 ], [ 32.224678293, 0.426620647 ], [ 32.221206804, 0.428439398 ], [ 32.220326436, 0.434877978 ], [ 32.215166964, 0.435523694 ], [ 32.212110902, 0.443601615 ], [ 32.20377636, 0.453210818 ], [ 32.202670169, 0.458679949 ], [ 32.197581258, 0.466147237 ], [ 32.192230043, 0.480029159 ], [ 32.193299428, 0.484624892 ], [ 32.196366067, 0.488550679 ], [ 32.198279115, 0.496270095 ], [ 32.202246011, 0.500292631 ], [ 32.201301385, 0.516420029 ], [ 32.197563486, 0.525903994 ], [ 32.198479956, 0.53180358 ], [ 32.205597339, 0.541777883 ], [ 32.216365296, 0.565168647 ], [ 32.22122483, 0.571168281 ], [ 32.231877984, 0.57935996 ], [ 32.234744838, 0.584296376 ], [ 32.23444987, 0.590242561 ], [ 32.223894549, 0.599838743 ], [ 32.221724941, 0.611765232 ], [ 32.218346615, 0.618824211 ], [ 32.215174481, 0.621058155 ], [ 32.212364006, 0.620233142 ], [ 32.204784834, 0.625283881 ], [ 32.196934884, 0.634510051 ], [ 32.18952509, 0.637539437 ], [ 32.185459987, 0.647290833 ], [ 32.183057938, 0.648176991 ], [ 32.180917959, 0.653893974 ], [ 32.171640363, 0.663716816 ], [ 32.171199636, 0.667724292 ], [ 32.166978537, 0.672680987 ], [ 32.16662281, 0.675503396 ], [ 32.167122535, 0.677991237 ], [ 32.171691717, 0.682180508 ], [ 32.162906218, 0.684395332 ], [ 32.160032841, 0.687362031 ], [ 32.149902009, 0.687459729 ], [ 32.143502118, 0.692985877 ], [ 32.13763543, 0.694296516 ], [ 32.132455314, 0.688189307 ], [ 32.121491441, 0.681637778 ], [ 32.116895373, 0.682243028 ], [ 32.107750087, 0.680748694 ], [ 32.100873899, 0.682113382 ], [ 32.093625308, 0.679217223 ], [ 32.086191658, 0.671924583 ], [ 32.071617957, 0.667443963 ], [ 32.070025679, 0.6646484 ], [ 32.052444873, 0.650867817 ], [ 32.039880903, 0.655207524 ], [ 32.037884355, 0.650512233 ], [ 32.033181833, 0.651949645 ], [ 32.027513422, 0.639582617 ], [ 32.019626612, 0.636007925 ], [ 32.015100113, 0.629005452 ], [ 32.013803178, 0.620782395 ], [ 32.015322769, 0.618629733 ], [ 32.015831598, 0.61254187 ], [ 32.013644202, 0.604164872 ], [ 32.007897463, 0.60851493 ], [ 32.005119855, 0.613679662 ], [ 32.007120248, 0.632151922 ], [ 32.000831662, 0.65420475 ], [ 31.997734011, 0.657597736 ], [ 31.988733362, 0.659414332 ], [ 31.985057453, 0.657691649 ], [ 31.97809338, 0.650631175 ], [ 31.976867547, 0.648975162 ], [ 31.977422763, 0.646791396 ], [ 31.966607151, 0.646581126 ], [ 31.959911383, 0.637723863 ], [ 31.937801864, 0.638525037 ], [ 31.931685069, 0.631254524 ], [ 31.91496252, 0.62559323 ], [ 31.913352416, 0.622770632 ], [ 31.909553169, 0.622618597 ], [ 31.903230479, 0.62072419 ], [ 31.901594935, 0.613306397 ], [ 31.898727035, 0.609578989 ], [ 31.880345211, 0.591996672 ], [ 31.886923027, 0.5897017 ], [ 31.896732287, 0.582718125 ], [ 31.904896493, 0.572567193 ], [ 31.914832735, 0.568838864 ], [ 31.915718611, 0.564339704 ], [ 31.914246897, 0.558106658 ], [ 31.918383708, 0.552143084 ], [ 31.918013568, 0.543601271 ], [ 31.91957669, 0.542093099 ], [ 31.914372687, 0.533504811 ], [ 31.919083867, 0.528365089 ], [ 31.918360032, 0.517054234 ], [ 31.929657678, 0.508746845 ], [ 31.9294251, 0.49722651 ], [ 31.933297415, 0.492432165 ], [ 31.934926698, 0.487753399 ], [ 31.934393295, 0.478048216 ], [ 31.935463775, 0.473907861 ], [ 31.938876317, 0.467769406 ], [ 31.952132714, 0.452729026 ], [ 31.954536295, 0.435903912 ], [ 31.958305598, 0.428090047 ], [ 31.946087725, 0.412603219 ], [ 31.940799369, 0.402011846 ], [ 31.938910303, 0.394484448 ], [ 31.939515994, 0.382912969 ], [ 31.935596689, 0.370678522 ], [ 31.929785387, 0.358845955 ], [ 31.927552806, 0.341640666 ], [ 31.924700676, 0.335199776 ], [ 31.884775442, 0.329894504 ], [ 31.8676245, 0.333908765 ], [ 31.854193396, 0.340908429 ], [ 31.846816454, 0.339822079 ], [ 31.840307843, 0.335398039 ], [ 31.830806876, 0.32437049 ], [ 31.806246479, 0.29064643 ], [ 31.802779905, 0.283445947 ], [ 31.812188605, 0.277223701 ], [ 31.823647403, 0.272747376 ], [ 31.840073935, 0.278755198 ], [ 31.844591001, 0.277561644 ], [ 31.849417398, 0.271573993 ], [ 31.850713589, 0.267612181 ], [ 31.847588222, 0.25819551 ], [ 31.84279855, 0.252921545 ], [ 31.843821013, 0.248227026 ], [ 31.846008456, 0.246526666 ], [ 31.858081151, 0.244718617 ], [ 31.864540686, 0.233303677 ], [ 31.867731766, 0.230183217 ], [ 31.890073326, 0.225960692 ], [ 31.90102063, 0.226051997 ], [ 31.909584476, 0.217034091 ], [ 31.910836538, 0.212737473 ], [ 31.912664508, 0.212140588 ], [ 31.918732299, 0.212792314 ], [ 31.923509115, 0.216230037 ], [ 31.926892367, 0.227483197 ], [ 31.931349034, 0.231599358 ], [ 31.956318595, 0.220839703 ], [ 31.958943422, 0.224176941 ], [ 31.967984115, 0.22893726 ], [ 31.970453048, 0.228122963 ], [ 31.973434814, 0.229566391 ], [ 31.983085271, 0.226608048 ], [ 31.992812574, 0.241105306 ], [ 31.999587313, 0.246535347 ], [ 32.013734734, 0.246950272 ], [ 32.020983894, 0.24238457 ], [ 32.028164383, 0.244102566 ], [ 32.027592053, 0.247192524 ], [ 32.027285499, 0.247394726 ], [ 32.026453078, 0.251678911 ], [ 32.025834801, 0.253665418 ], [ 32.025335385, 0.255604062 ], [ 32.02506204, 0.257002067 ], [ 32.025337859, 0.255614429 ], [ 32.026464484, 0.258509247 ], [ 32.028152179, 0.260933715 ], [ 32.028984236, 0.263900884 ], [ 32.047032928, 0.269958597 ], [ 32.049671988, 0.268762075 ], [ 32.049470195, 0.265088115 ], [ 32.057149433, 0.264394609 ], [ 32.061547397, 0.268822851 ], [ 32.067526629, 0.269984149 ], [ 32.070926215, 0.272593291 ], [ 32.07664398, 0.273275875 ], [ 32.080981991, 0.284489635 ], [ 32.076297825, 0.291071294 ], [ 32.079828104, 0.294530154 ], [ 32.089504217, 0.297451006 ], [ 32.100585736, 0.289836697 ], [ 32.113661895, 0.290866953 ], [ 32.128783486, 0.282443015 ], [ 32.132647523, 0.274604577 ], [ 32.136832196, 0.271038549 ], [ 32.146235514, 0.267652408 ], [ 32.148732321, 0.261620927 ], [ 32.152072939, 0.258617281 ], [ 32.153262241, 0.250359722 ], [ 32.155996421, 0.249833327 ], [ 32.158766086, 0.252167193 ], [ 32.168062283, 0.251162516 ], [ 32.171093291, 0.256344711 ], [ 32.175919517, 0.258930041 ], [ 32.184681094, 0.253413511 ], [ 32.187034712, 0.255735394 ], [ 32.190802379, 0.267188735 ], [ 32.188519542, 0.272980951 ], [ 32.187722308, 0.283955284 ], [ 32.193083078, 0.292440782 ], [ 32.195840888, 0.294547296 ], [ 32.198324916, 0.303623713 ], [ 32.203639379, 0.29789514 ], [ 32.211236693, 0.283570276 ], [ 32.214612957, 0.281655665 ], [ 32.221329564, 0.281811706 ], [ 32.223302597, 0.287005864 ], [ 32.225941726, 0.286623078 ], [ 32.234405682, 0.289543811 ], [ 32.23539211, 0.293481293 ], [ 32.233537464, 0.295515703 ], [ 32.243915027, 0.303666542 ], [ 32.266077924, 0.314566535 ], [ 32.268118049, 0.317499642 ] ] ] } },
{ "type": "Feature", "properties": { "shapeName": "Mpigi", "shapeISO": "", "shapeID": "80733802B38739884521320", "shapeGroup": "UGA", "shapeType": "ADM2" }, "geometry": { "type": "Polygon", "coordinates": [ [ [ 31.871539467, 0.005807819 ], [ 31.876963636, -0.005643893 ], [ 31.888227504, -0.016399157 ], [ 31.892545124, -0.015576025 ], [ 31.900281845, -0.018271673 ], [ 31.908063534, -0.016706811 ], [ 31.915370414, -0.017439552 ], [ 31.902076437, -0.039492836 ], [ 31.917864863, -0.089253568 ], [ 31.931500264, -0.105138327 ], [ 31.94759248, -0.130394765 ], [ 32.000423417, -0.153735467 ], [ 32.250147885, -0.152868059 ], [ 32.248941828, -0.052695395 ], [ 32.229448389, -0.020851406 ], [ 32.223012003, -0.003077266 ], [ 32.213172081, 0.007179215 ], [ 32.211969969, 0.012589426 ], [ 32.21382877, 0.030620019 ], [ 32.221585255, 0.040616876 ], [ 32.220602693, 0.043688666 ], [ 32.221540196, 0.04637912 ], [ 32.228273704, 0.047936908 ], [ 32.236776362, 0.05496003 ], [ 32.243206551, 0.055099266 ], [ 32.253717035, 0.062338271 ], [ 32.261222864, 0.069641374 ], [ 32.270706167, 0.084305626 ], [ 32.273293386, 0.099499418 ], [ 32.278756767, 0.10846874 ], [ 32.287009087, 0.114069554 ], [ 32.305629878, 0.118807393 ], [ 32.340862541, 0.151415835 ], [ 32.344853117, 0.166317619 ], [ 32.361309204, 0.19298645 ], [ 32.368191264, 0.189368197 ], [ 32.37391102, 0.191317828 ], [ 32.378267948, 0.202179512 ], [ 32.385071509, 0.201236743 ], [ 32.390257639, 0.205898667 ], [ 32.396565356, 0.218375738 ], [ 32.400144383, 0.219010262 ], [ 32.400647377, 0.226179943 ], [ 32.408480028, 0.221295396 ], [ 32.41066766, 0.221248341 ], [ 32.408226022, 0.2362318 ], [ 32.419993858, 0.258410564 ], [ 32.426931228, 0.283597532 ], [ 32.426042605, 0.288715968 ], [ 32.421733815, 0.29567741 ], [ 32.416830772, 0.315782074 ], [ 32.417404771, 0.320067857 ], [ 32.422469207, 0.328363645 ], [ 32.421857648, 0.33456265 ], [ 32.404003169, 0.353303507 ], [ 32.393283936, 0.358344011 ], [ 32.375728406, 0.363238497 ], [ 32.355575434, 0.377556469 ], [ 32.34079571, 0.380428803 ], [ 32.31936231, 0.387889277 ], [ 32.301352907, 0.390974503 ], [ 32.284470868, 0.402166238 ], [ 32.254347961, 0.405922938 ], [ 32.259340485, 0.39476669 ], [ 32.26199533, 0.377575731 ], [ 32.260468763, 0.355247145 ], [ 32.256847079, 0.34274363 ], [ 32.256748456, 0.335608155 ], [ 32.260004169, 0.328079452 ], [ 32.268118049, 0.317499642 ], [ 32.285643075, 0.294613828 ], [ 32.295731333, 0.292805148 ], [ 32.3040271, 0.287033894 ], [ 32.305955448, 0.279089446 ], [ 32.30464517, 0.277246103 ], [ 32.298175959, 0.27863922 ], [ 32.293617462, 0.271621206 ], [ 32.291072532, 0.264125245 ], [ 32.287603246, 0.263386915 ], [ 32.28724755, 0.254419688 ], [ 32.281259847, 0.251298262 ], [ 32.280089791, 0.249289844 ], [ 32.281758829, 0.246729739 ], [ 32.250242522, 0.246197972 ], [ 32.248029099, 0.247675262 ], [ 32.238268706, 0.248639717 ], [ 32.234321745, 0.252062285 ], [ 32.231207079, 0.252851981 ], [ 32.225394052, 0.250996615 ], [ 32.222089428, 0.247836916 ], [ 32.21327423, 0.217773647 ], [ 32.216911564, 0.206212765 ], [ 32.207968925, 0.201496105 ], [ 32.210654144, 0.1968249 ], [ 32.208329376, 0.191568512 ], [ 32.201674777, 0.19060219 ], [ 32.198649135, 0.191875502 ], [ 32.196866933, 0.190026167 ], [ 32.200784361, 0.185077711 ], [ 32.205665602, 0.185818726 ], [ 32.207874, 0.18382129 ], [ 32.208188536, 0.168440919 ], [ 32.202271267, 0.15170928 ], [ 32.20123677, 0.143282217 ], [ 32.195266365, 0.131696477 ], [ 32.194857561, 0.118305627 ], [ 32.192486586, 0.105723427 ], [ 32.188282852, 0.097564006 ], [ 32.184559242, 0.093500043 ], [ 32.173156558, 0.087333693 ], [ 32.16931947, 0.087933723 ], [ 32.165861546, 0.090706616 ], [ 32.157831408, 0.134281995 ], [ 32.156061365, 0.137103421 ], [ 32.148445599, 0.142741411 ], [ 32.132485623, 0.143499835 ], [ 32.123865288, 0.134676316 ], [ 32.117333927, 0.131254478 ], [ 32.10269079, 0.138349543 ], [ 32.099687935, 0.146133483 ], [ 32.091301545, 0.144369133 ], [ 32.088491369, 0.14203509 ], [ 32.083551807, 0.14138356 ], [ 32.080015922, 0.135250113 ], [ 32.078559917, 0.129180078 ], [ 32.061335241, 0.1313505 ], [ 32.056926449, 0.130364306 ], [ 32.054222443, 0.127976023 ], [ 32.053500859, 0.109639539 ], [ 32.044883764, 0.099209115 ], [ 32.038510073, 0.094233592 ], [ 32.029790157, 0.095879717 ], [ 32.018958932, 0.087900814 ], [ 32.003291591, 0.080817382 ], [ 31.995012415, 0.079161769 ], [ 31.978714786, 0.072630214 ], [ 31.960924205, 0.068911937 ], [ 31.953610005, 0.063710421 ], [ 31.938048242, 0.056799104 ], [ 31.92240665, 0.041511505 ], [ 31.908138043, 0.033388261 ], [ 31.901183005, 0.031597128 ], [ 31.887786212, 0.032781953 ], [ 31.886532586, 0.026133394 ], [ 31.878437949, 0.017883731 ], [ 31.871539467, 0.005807819 ] ] ] } },
{ "type": "Feature", "properties": { "shapeName": "Mubende", "shapeISO": "", "shapeID": "80733802B13653358507598", "shapeGroup": "UGA", "shapeType": "ADM2" }, "geometry": { "type": "Polygon", "coordinates": [ [ [ 31.570250755, 0.367704958 ], [ 31.591476807, 0.386466871 ], [ 31.600305969, 0.397303824 ], [ 31.611593715, 0.41651664 ], [ 31.615656482, 0.428293553 ], [ 31.624153458, 0.436200188 ], [ 31.62925949, 0.461381692 ], [ 31.627510849, 0.468788988 ], [ 31.617726552, 0.481069737 ], [ 31.616975915, 0.490060008 ], [ 31.614419018, 0.496671137 ], [ 31.614920665, 0.501057916 ], [ 31.611885071, 0.507478984 ], [ 31.611735383, 0.519309384 ], [ 31.608214649, 0.529140146 ], [ 31.608235918, 0.538148631 ], [ 31.603012318, 0.54284159 ], [ 31.594641432, 0.554281054 ], [ 31.589599603, 0.564201753 ], [ 31.580874726, 0.573850143 ], [ 31.579594777, 0.57925846 ], [ 31.57685582, 0.583011247 ], [ 31.57205687, 0.586844893 ], [ 31.572332256, 0.600086138 ], [ 31.577606697, 0.615083372 ], [ 31.577764859, 0.620003643 ], [ 31.571541897, 0.63262809 ], [ 31.564342974, 0.631929656 ], [ 31.563241523, 0.63702139 ], [ 31.566622835, 0.639871358 ], [ 31.577216482, 0.642768591 ], [ 31.57894767, 0.644876457 ], [ 31.577851302, 0.646784545 ], [ 31.573975446, 0.648284836 ], [ 31.577797389, 0.657755554 ], [ 31.578159987, 0.661255895 ], [ 31.57641694, 0.666266061 ], [ 31.578525782, 0.676957322 ], [ 31.577786136, 0.685875017 ], [ 31.581643805, 0.697561735 ], [ 31.594749799, 0.697158702 ], [ 31.600694762, 0.694745577 ], [ 31.605986635, 0.699052409 ], [ 31.606653914, 0.705130614 ], [ 31.604243659, 0.711026989 ], [ 31.601091932, 0.712988709 ], [ 31.591595315, 0.714830879 ], [ 31.585839369, 0.717886155 ], [ 31.582243547, 0.722298771 ], [ 31.582154966, 0.732591444 ], [ 31.586965519, 0.74040749 ], [ 31.58762195, 0.745753044 ], [ 31.594015702, 0.750340724 ], [ 31.598514075, 0.749283963 ], [ 31.60526538, 0.750091113 ], [ 31.608987626, 0.753692084 ], [ 31.610629507, 0.757554684 ], [ 31.619222008, 0.762513953 ], [ 31.620730817, 0.761076334 ], [ 31.622996728, 0.762786516 ], [ 31.630420302, 0.762743686 ], [ 31.635948698, 0.76067421 ], [ 31.638243375, 0.767377115 ], [ 31.637506014, 0.774504153 ], [ 31.644906794, 0.782710177 ], [ 31.651544819, 0.787080985 ], [ 31.653607374, 0.791721653 ], [ 31.656718085, 0.794680334 ], [ 31.658636392, 0.805100623 ], [ 31.654541831, 0.813122022 ], [ 31.654620397, 0.815817407 ], [ 31.639641257, 0.825797747 ], [ 31.635479542, 0.826329946 ], [ 31.628971563, 0.831817834 ], [ 31.626786794, 0.831753754 ], [ 31.622428229, 0.827528342 ], [ 31.620432693, 0.827527642 ], [ 31.617400962, 0.833468934 ], [ 31.609106441, 0.833936306 ], [ 31.60628024, 0.836648689 ], [ 31.603201924, 0.836900833 ], [ 31.599091351, 0.839811718 ], [ 31.595600129, 0.839738096 ], [ 31.586077373, 0.849159065 ], [ 31.5744266, 0.854608587 ], [ 31.566605727, 0.853909222 ], [ 31.563167662, 0.855951976 ], [ 31.543267808, 0.856640811 ], [ 31.523385366, 0.862855612 ], [ 31.509294527, 0.864785532 ], [ 31.504306603, 0.864765461 ], [ 31.501273973, 0.862638861 ], [ 31.491741808, 0.863991684 ], [ 31.470812054, 0.860645964 ], [ 31.462574181, 0.86452252 ], [ 31.449390426, 0.865005215 ], [ 31.44007632, 0.856775094 ], [ 31.437390826, 0.850157896 ], [ 31.437561512, 0.836973377 ], [ 31.44095957, 0.829875228 ], [ 31.444975953, 0.825354834 ], [ 31.434761508, 0.816894703 ], [ 31.429178267, 0.818475187 ], [ 31.421525641, 0.811237046 ], [ 31.409406357, 0.807967429 ], [ 31.40438737, 0.801282067 ], [ 31.407659959, 0.759338104 ], [ 31.409126356, 0.755431715 ], [ 31.408728894, 0.74513969 ], [ 31.40716425, 0.745073098 ], [ 31.40619141, 0.742163347 ], [ 31.402229301, 0.744142495 ], [ 31.392569678, 0.733051365 ], [ 31.384812384, 0.716281277 ], [ 31.382785857, 0.707422743 ], [ 31.374837168, 0.703398308 ], [ 31.369545514, 0.704718164 ], [ 31.354515274, 0.711386989 ], [ 31.351107912, 0.711385759 ], [ 31.317567812, 0.728870614 ], [ 31.288593584, 0.739807852 ], [ 31.286774291, 0.733527128 ], [ 31.289963077, 0.719158585 ], [ 31.289523031, 0.714012782 ], [ 31.286525664, 0.708667082 ], [ 31.282057779, 0.708014295 ], [ 31.273974929, 0.695947618 ], [ 31.273262626, 0.68222881 ], [ 31.270168832, 0.680346703 ], [ 31.264076027, 0.680832821 ], [ 31.262527614, 0.679285804 ], [ 31.242412828, 0.652158392 ], [ 31.236673951, 0.641874436 ], [ 31.215540951, 0.631838417 ], [ 31.222024289, 0.624732898 ], [ 31.235204344, 0.614491646 ], [ 31.25543177, 0.603746093 ], [ 31.255633361, 0.593030056 ], [ 31.258250003, 0.582079651 ], [ 31.256563439, 0.574736103 ], [ 31.256791587, 0.564770644 ], [ 31.251160924, 0.554378406 ], [ 31.250692381, 0.546791104 ], [ 31.243533066, 0.544510136 ], [ 31.241279991, 0.537871869 ], [ 31.243203561, 0.532609365 ], [ 31.246102121, 0.532040487 ], [ 31.246581577, 0.530087319 ], [ 31.248693827, 0.530594337 ], [ 31.248356724, 0.527474375 ], [ 31.24064138, 0.520970217 ], [ 31.21829511, 0.517192954 ], [ 31.208280958, 0.512433538 ], [ 31.201703159, 0.507159684 ], [ 31.199799479, 0.508868247 ], [ 31.194835652, 0.509101956 ], [ 31.19133617, 0.507744542 ], [ 31.170355322, 0.508000803 ], [ 31.159591576, 0.505691833 ], [ 31.154242739, 0.502950381 ], [ 31.14231318, 0.508146426 ], [ 31.141706671, 0.499980819 ], [ 31.144985795, 0.499005161 ], [ 31.145276008, 0.497115348 ], [ 31.138773579, 0.47586352 ], [ 31.141467642, 0.452642971 ], [ 31.117824824, 0.427634464 ], [ 31.118734748, 0.422209227 ], [ 31.115409164, 0.418491975 ], [ 31.113829045, 0.411881586 ], [ 31.117892263, 0.403780538 ], [ 31.117149569, 0.401284653 ], [ 31.120400046, 0.39108553 ], [ 31.124812067, 0.38427755 ], [ 31.123265843, 0.381220853 ], [ 31.125737832, 0.380217684 ], [ 31.130284333, 0.370443742 ], [ 31.133260951, 0.367035351 ], [ 31.135788109, 0.3666561 ], [ 31.138698864, 0.358645021 ], [ 31.141221965, 0.357524264 ], [ 31.143136808, 0.353600184 ], [ 31.142256012, 0.344982444 ], [ 31.139290279, 0.340288774 ], [ 31.13880883, 0.33610743 ], [ 31.136500189, 0.332972818 ], [ 31.131540809, 0.331895209 ], [ 31.116236669, 0.317144585 ], [ 31.115200371, 0.308074921 ], [ 31.107493246, 0.295251436 ], [ 31.087151983, 0.280418568 ], [ 31.078669513, 0.276836433 ], [ 31.072138811, 0.268742591 ], [ 31.068562604, 0.267394732 ], [ 31.062950128, 0.262149389 ], [ 31.061801654, 0.256262776 ], [ 31.059132493, 0.253857159 ], [ 31.034940523, 0.238590555 ], [ 31.023199255, 0.228000742 ], [ 31.028130013, 0.2116807 ], [ 31.025272541, 0.204672826 ], [ 31.019325179, 0.197438551 ], [ 31.02588068, 0.193668856 ], [ 31.028586909, 0.19367822 ], [ 31.038572177, 0.197784476 ], [ 31.044437476, 0.197233619 ], [ 31.063728328, 0.201829334 ], [ 31.080057999, 0.203621673 ], [ 31.104388875, 0.215533407 ], [ 31.109247046, 0.219349911 ], [ 31.112035515, 0.224802841 ], [ 31.126512996, 0.231740325 ], [ 31.130059607, 0.233006752 ], [ 31.144991782, 0.232773656 ], [ 31.158153949, 0.23528927 ], [ 31.167457288, 0.233038888 ], [ 31.170830178, 0.230425992 ], [ 31.191722293, 0.19865226 ], [ 31.206586529, 0.192522837 ], [ 31.221902113, 0.181908035 ], [ 31.233590015, 0.179223431 ], [ 31.24525335, 0.16669087 ], [ 31.262007185, 0.162062293 ], [ 31.266007746, 0.163147825 ], [ 31.27791277, 0.17116118 ], [ 31.28226975, 0.179544679 ], [ 31.294854053, 0.188553027 ], [ 31.293583781, 0.194611918 ], [ 31.294652328, 0.198582044 ], [ 31.297703402, 0.201295364 ], [ 31.302277859, 0.201892711 ], [ 31.303276338, 0.207391179 ], [ 31.311004957, 0.210340168 ], [ 31.311076198, 0.225795335 ], [ 31.313438853, 0.234034158 ], [ 31.313047006, 0.238365897 ], [ 31.316691659, 0.246532559 ], [ 31.317960125, 0.253830767 ], [ 31.322721539, 0.256960429 ], [ 31.323390696, 0.259655466 ], [ 31.333901467, 0.273620043 ], [ 31.333708874, 0.275763325 ], [ 31.336997772, 0.275971793 ], [ 31.341484067, 0.283288649 ], [ 31.348470045, 0.283868452 ], [ 31.362210231, 0.292552323 ], [ 31.406034738, 0.298256347 ], [ 31.413535357, 0.300030044 ], [ 31.417898957, 0.302716718 ], [ 31.423247742, 0.302925519 ], [ 31.437032104, 0.306780275 ], [ 31.456673111, 0.306267661 ], [ 31.499990507, 0.317136027 ], [ 31.507254748, 0.321216054 ], [ 31.520158956, 0.334594497 ], [ 31.536324317, 0.341099866 ], [ 31.548291528, 0.348843734 ], [ 31.570250755, 0.367704958 ] ] ] } },
{ "type": "Feature", "properties": { "shapeName": "Mukono", "shapeISO": "", "shapeID": "80733802B67916911896257", "shapeGroup": "UGA", "shapeType": "ADM2" }, "geometry": { "type": "Polygon", "coordinates": [ [ [ 32.983664202, 0.554983559 ], [ 32.97865156, 0.562619501 ], [ 32.979784471, 0.574182012 ], [ 32.976642259, 0.586124494 ], [ 32.960931618, 0.597551199 ], [ 32.945584238, 0.61863137 ], [ 32.934832481, 0.629415674 ], [ 32.930322425, 0.63731394 ], [ 32.919570562, 0.650332896 ], [ 32.895159665, 0.669784197 ], [ 32.877268554, 0.671611336 ], [ 32.871468273, 0.677588966 ], [ 32.869440332, 0.684737239 ], [ 32.871540717, 0.695206596 ], [ 32.871013589, 0.703973433 ], [ 32.8685005, 0.713029727 ], [ 32.863109616, 0.722126948 ], [ 32.859096763, 0.732861156 ], [ 32.856340266, 0.74607919 ], [ 32.826507597, 0.78850993 ], [ 32.824115982, 0.796878577 ], [ 32.823263977, 0.813317475 ], [ 32.813170894, 0.830497817 ], [ 32.794649626, 0.855675464 ], [ 32.789704138, 0.855530438 ], [ 32.778421172, 0.845822077 ], [ 32.771359065, 0.83667488 ], [ 32.761063386, 0.818389752 ], [ 32.758854035, 0.781422524 ], [ 32.761422716, 0.772692066 ], [ 32.758547699, 0.739669407 ], [ 32.761833471, 0.723456893 ], [ 32.754013533, 0.703136331 ], [ 32.755735285, 0.679124997 ], [ 32.751770714, 0.663165431 ], [ 32.750606138, 0.643686628 ], [ 32.734437158, 0.617204515 ], [ 32.731765576, 0.602964016 ], [ 32.723287483, 0.593663026 ], [ 32.717696255, 0.584362184 ], [ 32.701427172, 0.570582415 ], [ 32.686047041, 0.562285297 ], [ 32.68166583, 0.557272905 ], [ 32.676376035, 0.548116847 ], [ 32.668842741, 0.52442281 ], [ 32.665554008, 0.520128267 ], [ 32.663240387, 0.513370644 ], [ 32.663198756, 0.499139801 ], [ 32.664477754, 0.496875617 ], [ 32.675287289, 0.489569859 ], [ 32.677407735, 0.472452721 ], [ 32.662044246, 0.45840564 ], [ 32.665842405, 0.440757114 ], [ 32.665204421, 0.435544095 ], [ 32.661620998, 0.429463388 ], [ 32.666595514, 0.415872851 ], [ 32.667016269, 0.406489504 ], [ 32.67454451, 0.393562686 ], [ 32.674861091, 0.39108335 ], [ 32.672493125, 0.386527485 ], [ 32.675728969, 0.383203878 ], [ 32.678390693, 0.375699611 ], [ 32.6833654, 0.369859994 ], [ 32.68705483, 0.289783325 ], [ 32.674218894, 0.281133833 ], [ 32.668758788, 0.274592553 ], [ 32.650055774, 0.252869732 ], [ 32.643637859, 0.242772908 ], [ 32.639501395, 0.234331787 ], [ 32.634250308, 0.21431932 ], [ 32.619610392, 0.164693056 ], [ 32.620100438, -0.002106959 ], [ 32.500986982, -0.152486254 ], [ 32.843915632, -0.15246506 ], [ 32.876183235, -0.149678314 ], [ 32.875599835, -0.020798726 ], [ 32.872128988, -0.016600755 ], [ 32.860093941, 0.008660605 ], [ 32.85251887, 0.035046462 ], [ 32.845364097, 0.066104746 ], [ 32.844469902, 0.106643465 ], [ 32.860960234, 0.109350306 ], [ 32.874799177, 0.110694629 ], [ 32.873850699, 0.11306669 ], [ 32.869074078, 0.125328079 ], [ 32.889369965, 0.189933067 ], [ 32.891324234, 0.18989031 ], [ 32.89267378, 0.192281539 ], [ 32.894860008, 0.201656226 ], [ 32.895126962, 0.228784974 ], [ 32.899853125, 0.240214704 ], [ 32.906007102, 0.244722533 ], [ 32.902795082, 0.253172723 ], [ 32.906195953, 0.258121741 ], [ 32.908247242, 0.26545846 ], [ 32.908004544, 0.26792897 ], [ 32.886846172, 0.288176719 ], [ 32.884152825, 0.296916413 ], [ 32.875560394, 0.307990248 ], [ 32.872845959, 0.318448106 ], [ 32.873050043, 0.324284454 ], [ 32.878376633, 0.333919926 ], [ 32.874723399, 0.33804546 ], [ 32.87190684, 0.338253512 ], [ 32.868192368, 0.343066638 ], [ 32.865763652, 0.343120888 ], [ 32.86486561, 0.353848872 ], [ 32.863416471, 0.356167094 ], [ 32.865049225, 0.360193178 ], [ 32.864457017, 0.372995131 ], [ 32.880172197, 0.366381765 ], [ 32.884168603, 0.369816828 ], [ 32.891805196, 0.370245006 ], [ 32.891658567, 0.378003629 ], [ 32.908907803, 0.383391102 ], [ 32.908928124, 0.399893445 ], [ 32.910152598, 0.400300589 ], [ 32.912683284, 0.399812061 ], [ 32.920316242, 0.402399961 ], [ 32.923316406, 0.399050975 ], [ 32.932378012, 0.398726568 ], [ 32.939623178, 0.403965037 ], [ 32.947358169, 0.405629803 ], [ 32.949664867, 0.411041278 ], [ 32.960511784, 0.411162097 ], [ 32.973808325, 0.409239825 ], [ 32.970053411, 0.416731015 ], [ 32.968221431, 0.424475537 ], [ 32.962690452, 0.429442504 ], [ 32.953407016, 0.447093823 ], [ 32.949850083, 0.450776068 ], [ 32.951575129, 0.45774417 ], [ 32.949565438, 0.464207406 ], [ 32.954029305, 0.470133576 ], [ 32.953371226, 0.477850086 ], [ 32.956092172, 0.493018161 ], [ 32.961407965, 0.507674892 ], [ 32.976637141, 0.531342822 ], [ 32.983664202, 0.554983559 ] ] ] } },
{ "type": "Feature", "properties": { "shapeName": "Nakaseke", "shapeISO": "", "shapeID": "80733802B77898615714048", "shapeGroup": "UGA", "shapeType": "ADM2" }, "geometry": { "type": "Polygon", "coordinates": [ [ [ 32.171691717, 0.682180508 ], [ 32.167122535, 0.677991237 ], [ 32.16662281, 0.675503396 ], [ 32.166978537, 0.672680987 ], [ 32.171199636, 0.667724292 ], [ 32.171640363, 0.663716816 ], [ 32.180917959, 0.653893974 ], [ 32.183057938, 0.648176991 ], [ 32.185459987, 0.647290833 ], [ 32.18952509, 0.637539437 ], [ 32.196934884, 0.634510051 ], [ 32.204784834, 0.625283881 ], [ 32.212364006, 0.620233142 ], [ 32.215174481, 0.621058155 ], [ 32.218346615, 0.618824211 ], [ 32.221724941, 0.611765232 ], [ 32.223894549, 0.599838743 ], [ 32.23444987, 0.590242561 ], [ 32.234744838, 0.584296376 ], [ 32.231877984, 0.57935996 ], [ 32.241296713, 0.573974069 ], [ 32.250622842, 0.574383191 ], [ 32.259532869, 0.569132644 ], [ 32.28508016, 0.536095923 ], [ 32.290869792, 0.538360261 ], [ 32.294365371, 0.538147456 ], [ 32.306077634, 0.533981931 ], [ 32.309369229, 0.541243453 ], [ 32.313208416, 0.545802589 ], [ 32.329603239, 0.549748644 ], [ 32.332967425, 0.551987343 ], [ 32.323727241, 0.560173469 ], [ 32.320312989, 0.566668604 ], [ 32.319729085, 0.571915621 ], [ 32.323304898, 0.583812472 ], [ 32.331685662, 0.589431503 ], [ 32.331717752, 0.59812541 ], [ 32.334200836, 0.605390238 ], [ 32.333854383, 0.611451504 ], [ 32.340820974, 0.614229724 ], [ 32.343685644, 0.617523096 ], [ 32.344275562, 0.629745325 ], [ 32.350588828, 0.631347401 ], [ 32.355295997, 0.635265243 ], [ 32.377491781, 0.645916085 ], [ 32.390884181, 0.654810758 ], [ 32.396054455, 0.661623659 ], [ 32.404236046, 0.66268314 ], [ 32.412510542, 0.666700946 ], [ 32.416291529, 0.666511416 ], [ 32.427375877, 0.655955013 ], [ 32.432009644, 0.656986893 ], [ 32.434386824, 0.660741629 ], [ 32.439701414, 0.661312193 ], [ 32.442625843, 0.663655676 ], [ 32.447084782, 0.663647135 ], [ 32.451031255, 0.668071526 ], [ 32.461293545, 0.662970199 ], [ 32.466702139, 0.669756002 ], [ 32.464477369, 0.674197807 ], [ 32.461980306, 0.674912237 ], [ 32.45977974, 0.678820268 ], [ 32.466627827, 0.681553214 ], [ 32.4705259, 0.689659719 ], [ 32.476360055, 0.693378672 ], [ 32.481532443, 0.692917852 ], [ 32.489296155, 0.695515188 ], [ 32.498915996, 0.692856414 ], [ 32.500484443, 0.698954256 ], [ 32.495648792, 0.717319121 ], [ 32.491913616, 0.723968236 ], [ 32.491649283, 0.729468771 ], [ 32.486141635, 0.728834851 ], [ 32.485665264, 0.731756968 ], [ 32.476032719, 0.736650247 ], [ 32.469788758, 0.742566207 ], [ 32.468970694, 0.751486399 ], [ 32.462660057, 0.771533636 ], [ 32.4638854, 0.782679623 ], [ 32.461547622, 0.795553111 ], [ 32.450621702, 0.81201705 ], [ 32.444587787, 0.814721243 ], [ 32.441632244, 0.817742497 ], [ 32.422044301, 0.855609911 ], [ 32.416974863, 0.870491228 ], [ 32.398988516, 0.895864746 ], [ 32.394959847, 0.906512192 ], [ 32.394483623, 0.919259088 ], [ 32.392721874, 0.927102381 ], [ 32.388059762, 0.934492817 ], [ 32.378978328, 0.943411351 ], [ 32.36852704, 0.949579355 ], [ 32.360398633, 0.96066918 ], [ 32.358179554, 0.97415748 ], [ 32.356671657, 0.975432782 ], [ 32.357529319, 0.97735086 ], [ 32.35614791, 0.985402206 ], [ 32.353701811, 0.987292499 ], [ 32.354168344, 0.990069943 ], [ 32.350905558, 1.001649135 ], [ 32.347650209, 1.006714657 ], [ 32.345602685, 1.035989477 ], [ 32.349255051, 1.048257617 ], [ 32.350362078, 1.062461233 ], [ 32.355225285, 1.073245988 ], [ 32.358992286, 1.087974906 ], [ 32.35874945, 1.117548694 ], [ 32.364107886, 1.130749097 ], [ 32.373808353, 1.136396415 ], [ 32.370936017, 1.144628349 ], [ 32.367951082, 1.162712177 ], [ 32.366662714, 1.165145465 ], [ 32.359835948, 1.169034012 ], [ 32.356236084, 1.175763961 ], [ 32.355440149, 1.190021445 ], [ 32.348465509, 1.200061663 ], [ 32.3503792, 1.221032451 ], [ 32.344144069, 1.232972596 ], [ 32.33556852, 1.234852166 ], [ 32.323753138, 1.247188836 ], [ 32.31346633, 1.252641287 ], [ 32.31189517, 1.256539982 ], [ 32.308768591, 1.258900327 ], [ 32.305978265, 1.260048503 ], [ 32.285654826, 1.260495292 ], [ 32.27853649, 1.267341584 ], [ 32.264170163, 1.272367397 ], [ 32.259959537, 1.277956954 ], [ 32.25337912, 1.283392005 ], [ 32.243014577, 1.285171097 ], [ 32.240144697, 1.29024533 ], [ 32.233487318, 1.294558496 ], [ 32.231442807, 1.298149331 ], [ 32.226250585, 1.297532573 ], [ 32.225107121, 1.303014387 ], [ 32.220472184, 1.306007327 ], [ 32.21245986, 1.316272532 ], [ 32.212001062, 1.318416395 ], [ 32.213646291, 1.321709828 ], [ 32.211254024, 1.324278256 ], [ 32.208628292, 1.331387915 ], [ 32.204205692, 1.335059332 ], [ 32.193331825, 1.337480196 ], [ 32.18724948, 1.34446199 ], [ 32.17985423, 1.346431605 ], [ 32.17164633, 1.354884303 ], [ 32.162912033, 1.36052904 ], [ 32.162630157, 1.361923736 ], [ 32.160238801, 1.362274045 ], [ 32.151540594, 1.380653075 ], [ 32.149328929, 1.381321705 ], [ 32.146174548, 1.379800787 ], [ 32.143536882, 1.380975849 ], [ 32.138223284, 1.391356494 ], [ 32.128623122, 1.395806241 ], [ 32.117679411, 1.40648572 ], [ 32.110883642, 1.406419796 ], [ 32.107813743, 1.409584786 ], [ 32.089792051, 1.418207787 ], [ 32.082727729, 1.423225582 ], [ 32.070686157, 1.425219912 ], [ 32.063638803, 1.430563272 ], [ 32.052516541, 1.434692718 ], [ 32.04475122, 1.442659023 ], [ 32.0249402, 1.446305128 ], [ 32.011701171, 1.451681694 ], [ 32.003352476, 1.457349795 ], [ 31.998656204, 1.457718577 ], [ 31.995272729, 1.462638029 ], [ 31.991852138, 1.46195804 ], [ 31.989299849, 1.464227401 ], [ 31.985245203, 1.463158141 ], [ 31.97515256, 1.466102462 ], [ 31.97076471, 1.465250124 ], [ 31.966394641, 1.460553314 ], [ 31.962056531, 1.459094923 ], [ 31.958329586, 1.459554521 ], [ 31.959311809, 1.462639598 ], [ 31.957799858, 1.46438473 ], [ 31.955986392, 1.46034041 ], [ 31.950669939, 1.457189983 ], [ 31.945951297, 1.458092338 ], [ 31.938413016, 1.453972955 ], [ 31.932225399, 1.453689595 ], [ 31.929598747, 1.450459021 ], [ 31.930366242, 1.445981756 ], [ 31.925094783, 1.450664919 ], [ 31.920822827, 1.451467935 ], [ 31.918532892, 1.447812377 ], [ 31.912193411, 1.448053552 ], [ 31.912975065, 1.439840465 ], [ 31.903579889, 1.436181491 ], [ 31.901121721, 1.429640309 ], [ 31.897735437, 1.431592526 ], [ 31.894749902, 1.431310663 ], [ 31.890199881, 1.421159287 ], [ 31.889448615, 1.423375094 ], [ 31.885539979, 1.424639574 ], [ 31.882392666, 1.420323298 ], [ 31.877663235, 1.418321918 ], [ 31.878734371, 1.414441895 ], [ 31.872181516, 1.4113813 ], [ 31.867981235, 1.401899526 ], [ 31.86888502, 1.399059669 ], [ 31.867649564, 1.394816715 ], [ 31.865676132, 1.396145448 ], [ 31.862925769, 1.394678735 ], [ 31.862056266, 1.392814936 ], [ 31.8641302, 1.38864596 ], [ 31.861557317, 1.387830616 ], [ 31.859650332, 1.383569256 ], [ 31.852940034, 1.381096577 ], [ 31.851134913, 1.377640325 ], [ 31.848963837, 1.37709654 ], [ 31.846348769, 1.371785578 ], [ 31.839728725, 1.366915901 ], [ 31.836936277, 1.362563685 ], [ 31.83493467, 1.363005936 ], [ 31.831415541, 1.359476504 ], [ 31.825193, 1.360387043 ], [ 31.821479303, 1.359091727 ], [ 31.825014131, 1.348673167 ], [ 31.831283864, 1.343556506 ], [ 31.841081182, 1.329920675 ], [ 31.84299583, 1.319519306 ], [ 31.84773697, 1.315152563 ], [ 31.851554134, 1.30018406 ], [ 31.857088873, 1.29148482 ], [ 31.860495228, 1.277158268 ], [ 31.870119154, 1.273309151 ], [ 31.876012974, 1.265170742 ], [ 31.891771257, 1.235833609 ], [ 31.893122944, 1.229149465 ], [ 31.903677508, 1.216100981 ], [ 31.906539996, 1.20751782 ], [ 31.910225594, 1.20533026 ], [ 31.908467335, 1.195822553 ], [ 31.905947581, 1.192275642 ], [ 31.905558176, 1.184830908 ], [ 31.899263198, 1.175149557 ], [ 31.903821875, 1.164278488 ], [ 31.913438408, 1.157235655 ], [ 31.913854984, 1.147394109 ], [ 31.912714693, 1.146100139 ], [ 31.914024884, 1.139967664 ], [ 31.908069499, 1.127636144 ], [ 31.909210879, 1.117686334 ], [ 31.908469121, 1.110241467 ], [ 31.911431719, 1.106316743 ], [ 31.917773529, 1.101904783 ], [ 31.928612407, 1.083211205 ], [ 31.958479238, 1.066206521 ], [ 31.981112831, 1.045101062 ], [ 32.001631339, 1.020656519 ], [ 32.00243728, 1.002528689 ], [ 31.999507255, 0.991573151 ], [ 32.005654365, 0.971094967 ], [ 32.005465269, 0.954993102 ], [ 32.012836975, 0.932787364 ], [ 32.020881895, 0.92190729 ], [ 32.033463034, 0.914158306 ], [ 32.064230153, 0.903998696 ], [ 32.096431393, 0.903672222 ], [ 32.131818492, 0.896172516 ], [ 32.155412428, 0.882500011 ], [ 32.175895881, 0.862819698 ], [ 32.188791103, 0.83514044 ], [ 32.193700441, 0.819907263 ], [ 32.197490723, 0.815203881 ], [ 32.202408844, 0.813332252 ], [ 32.209204513, 0.807824302 ], [ 32.209929675, 0.804721504 ], [ 32.208743233, 0.799845225 ], [ 32.211536175, 0.792409564 ], [ 32.212096381, 0.785317234 ], [ 32.211740404, 0.783164104 ], [ 32.206040202, 0.777545163 ], [ 32.204783834, 0.766517286 ], [ 32.202195871, 0.760826579 ], [ 32.200991249, 0.746153005 ], [ 32.199097327, 0.742950213 ], [ 32.201498664, 0.741765566 ], [ 32.195834836, 0.735486298 ], [ 32.19481991, 0.727624756 ], [ 32.19306136, 0.724367721 ], [ 32.193725309, 0.720830683 ], [ 32.189376568, 0.714886398 ], [ 32.191119354, 0.703895292 ], [ 32.189275649, 0.694432402 ], [ 32.179331818, 0.684380109 ], [ 32.175626068, 0.684062843 ], [ 32.173725259, 0.681764728 ], [ 32.171691717, 0.682180508 ] ] ] } },
{ "type": "Feature", "properties": { "shapeName": "Nakasongola", "shapeISO": "", "shapeID": "80733802B46604552087639", "shapeGroup": "UGA", "shapeType": "ADM2" }, "geometry": { "type": "Polygon", "coordinates": [ [ [ 32.696372272, 1.450675641 ], [ 32.677391884, 1.445697056 ], [ 32.654833957, 1.436175586 ], [ 32.625361034, 1.43800188 ], [ 32.603889874, 1.458505047 ], [ 32.58062455, 1.48425777 ], [ 32.576668928, 1.489839041 ], [ 32.568350566, 1.514843258 ], [ 32.563850657, 1.520148843 ], [ 32.555819932, 1.522678727 ], [ 32.545661248, 1.52262791 ], [ 32.535593952, 1.516099203 ], [ 32.531640245, 1.515277651 ], [ 32.52149713, 1.521727315 ], [ 32.510479527, 1.521634353 ], [ 32.506028725, 1.525776837 ], [ 32.497821754, 1.537861644 ], [ 32.469333898, 1.551244116 ], [ 32.459645139, 1.560605176 ], [ 32.448709124, 1.565089564 ], [ 32.436378104, 1.576458155 ], [ 32.423181366, 1.58088746 ], [ 32.410662448, 1.590383069 ], [ 32.404212793, 1.592579575 ], [ 32.38431769, 1.593415031 ], [ 32.377285125, 1.59552984 ], [ 32.359768346, 1.602029015 ], [ 32.350805135, 1.610611498 ], [ 32.344366828, 1.614020024 ], [ 32.32506563, 1.619866848 ], [ 32.320577254, 1.625664239 ], [ 32.317121624, 1.636220497 ], [ 32.312549047, 1.643221017 ], [ 32.308452055, 1.647497658 ], [ 32.297388274, 1.654505862 ], [ 32.271195596, 1.664501824 ], [ 32.236607666, 1.667703296 ], [ 32.232219447, 1.669039567 ], [ 32.230252946, 1.671126251 ], [ 32.223052508, 1.670425861 ], [ 32.198428129, 1.673371113 ], [ 32.182980537, 1.670778689 ], [ 32.175917875, 1.67333848 ], [ 32.139952332, 1.67012959 ], [ 32.126755506, 1.664126075 ], [ 32.105320829, 1.647435241 ], [ 32.099735193, 1.64650095 ], [ 32.095575156, 1.648208775 ], [ 32.092806541, 1.6461088 ], [ 32.090491899, 1.640897159 ], [ 32.083366883, 1.63874995 ], [ 32.084360242, 1.633711715 ], [ 32.090364233, 1.62434266 ], [ 32.091235611, 1.618092168 ], [ 32.090855819, 1.614934892 ], [ 32.086042719, 1.613557704 ], [ 32.084165648, 1.61108726 ], [ 32.090822786, 1.605183132 ], [ 32.08923489, 1.596706184 ], [ 32.089775277, 1.591152093 ], [ 32.08107992, 1.585666257 ], [ 32.076373785, 1.587762843 ], [ 32.074348658, 1.587273441 ], [ 32.073292239, 1.584586271 ], [ 32.075254448, 1.58062496 ], [ 32.072901776, 1.578271916 ], [ 32.072820714, 1.575467588 ], [ 32.068832402, 1.578650019 ], [ 32.063750993, 1.578882917 ], [ 32.062360425, 1.575942311 ], [ 32.062785984, 1.571573249 ], [ 32.056954864, 1.571814847 ], [ 32.057564997, 1.569291273 ], [ 32.054857866, 1.560660103 ], [ 32.049861311, 1.557862606 ], [ 32.049780028, 1.554958789 ], [ 32.047242529, 1.550841689 ], [ 32.048632634, 1.546599726 ], [ 32.046024315, 1.542564014 ], [ 32.039869708, 1.542181291 ], [ 32.037547033, 1.545129233 ], [ 32.033282871, 1.544150313 ], [ 32.029594445, 1.540946338 ], [ 32.023102592, 1.542861093 ], [ 32.016742738, 1.538099966 ], [ 32.012868641, 1.539880215 ], [ 32.008792703, 1.534704033 ], [ 32.003423148, 1.537659534 ], [ 32.002891743, 1.542381253 ], [ 32.000842101, 1.542868763 ], [ 32.000877164, 1.53514357 ], [ 31.997415785, 1.532554808 ], [ 31.99988973, 1.528684324 ], [ 31.999485223, 1.526911136 ], [ 31.995262787, 1.527017701 ], [ 31.993003128, 1.530960644 ], [ 31.989696586, 1.530081625 ], [ 31.987995585, 1.527502742 ], [ 31.98923236, 1.521478771 ], [ 31.986936596, 1.519152896 ], [ 31.989838505, 1.516087711 ], [ 31.988387198, 1.514151209 ], [ 31.98591334, 1.51426764 ], [ 31.985473174, 1.511273249 ], [ 31.987518704, 1.506841731 ], [ 31.984640282, 1.505338766 ], [ 31.983546095, 1.507418801 ], [ 31.978062915, 1.506692546 ], [ 31.971878087, 1.50417487 ], [ 31.975648068, 1.499572322 ], [ 31.975953252, 1.49625264 ], [ 31.971160118, 1.492197846 ], [ 31.968371167, 1.48623533 ], [ 31.969158, 1.482445499 ], [ 31.971866931, 1.479850614 ], [ 31.971953324, 1.473400973 ], [ 31.975019698, 1.469187033 ], [ 31.97515256, 1.466102462 ], [ 31.985245203, 1.463158141 ], [ 31.989299849, 1.464227401 ], [ 31.991852138, 1.46195804 ], [ 31.995272729, 1.462638029 ], [ 31.998656204, 1.457718577 ], [ 32.003352476, 1.457349795 ], [ 32.011701171, 1.451681694 ], [ 32.0249402, 1.446305128 ], [ 32.04475122, 1.442659023 ], [ 32.052516541, 1.434692718 ], [ 32.063638803, 1.430563272 ], [ 32.070686157, 1.425219912 ], [ 32.082727729, 1.423225582 ], [ 32.089792051, 1.418207787 ], [ 32.107813743, 1.409584786 ], [ 32.110883642, 1.406419796 ], [ 32.117679411, 1.40648572 ], [ 32.128623122, 1.395806241 ], [ 32.138223284, 1.391356494 ], [ 32.143536882, 1.380975849 ], [ 32.146174548, 1.379800787 ], [ 32.149328929, 1.381321705 ], [ 32.151540594, 1.380653075 ], [ 32.160238801, 1.362274045 ], [ 32.162630157, 1.361923736 ], [ 32.162912033, 1.36052904 ], [ 32.17164633, 1.354884303 ], [ 32.17985423, 1.346431605 ], [ 32.18724948, 1.34446199 ], [ 32.193331825, 1.337480196 ], [ 32.204205692, 1.335059332 ], [ 32.208628292, 1.331387915 ], [ 32.211254024, 1.324278256 ], [ 32.213646291, 1.321709828 ], [ 32.212001062, 1.318416395 ], [ 32.21245986, 1.316272532 ], [ 32.220472184, 1.306007327 ], [ 32.225107121, 1.303014387 ], [ 32.226250585, 1.297532573 ], [ 32.231442807, 1.298149331 ], [ 32.233487318, 1.294558496 ], [ 32.240144697, 1.29024533 ], [ 32.243014577, 1.285171097 ], [ 32.25337912, 1.283392005 ], [ 32.259959537, 1.277956954 ], [ 32.264170163, 1.272367397 ], [ 32.27853649, 1.267341584 ], [ 32.285654826, 1.260495292 ], [ 32.305978265, 1.260048503 ], [ 32.308768591, 1.258900327 ], [ 32.31189517, 1.256539982 ], [ 32.31346633, 1.252641287 ], [ 32.323753138, 1.247188836 ], [ 32.33556852, 1.234852166 ], [ 32.344144069, 1.232972596 ], [ 32.3503792, 1.221032451 ], [ 32.348465509, 1.200061663 ], [ 32.355440149, 1.190021445 ], [ 32.356236084, 1.175763961 ], [ 32.359835948, 1.169034012 ], [ 32.366662714, 1.165145465 ], [ 32.367951082, 1.162712177 ], [ 32.370936017, 1.144628349 ], [ 32.373808353, 1.136396415 ], [ 32.378629412, 1.12134361 ], [ 32.383828015, 1.113745409 ], [ 32.396242468, 1.106311516 ], [ 32.396707903, 1.100621162 ], [ 32.405268175, 1.084447156 ], [ 32.411888244, 1.077618092 ], [ 32.419523297, 1.075547839 ], [ 32.426518705, 1.069478724 ], [ 32.43227317, 1.060496252 ], [ 32.431319412, 1.05543887 ], [ 32.434958241, 1.04994808 ], [ 32.465506269, 1.025327753 ], [ 32.467884166, 1.019899991 ], [ 32.477119414, 1.011306916 ], [ 32.488068741, 0.991939123 ], [ 32.495870821, 0.98550793 ], [ 32.499330168, 0.980523569 ], [ 32.500289376, 0.97642543 ], [ 32.508618623, 0.971658902 ], [ 32.514254661, 0.970537897 ], [ 32.540497667, 0.959060906 ], [ 32.554132132, 0.958791315 ], [ 32.566200156, 0.961235589 ], [ 32.571443096, 0.965967878 ], [ 32.576852897, 0.96836604 ], [ 32.582214523, 0.974319696 ], [ 32.584174922, 0.986280195 ], [ 32.581523078, 0.989636329 ], [ 32.576814663, 0.988776253 ], [ 32.568421487, 0.979366207 ], [ 32.56578172, 0.978361638 ], [ 32.563998036, 0.9796099 ], [ 32.561297253, 0.99410294 ], [ 32.562383203, 1.006018069 ], [ 32.555368584, 1.021324729 ], [ 32.555863642, 1.028291031 ], [ 32.558683589, 1.03255259 ], [ 32.570677158, 1.039149563 ], [ 32.576659013, 1.045040027 ], [ 32.576728091, 1.053499055 ], [ 32.57069393, 1.060274479 ], [ 32.569064489, 1.068868966 ], [ 32.569818786, 1.073899243 ], [ 32.573103481, 1.079192246 ], [ 32.574594714, 1.084892114 ], [ 32.585892945, 1.096265884 ], [ 32.598327992, 1.113855157 ], [ 32.611912974, 1.119782854 ], [ 32.613269898, 1.122117191 ], [ 32.612644953, 1.126197356 ], [ 32.614329722, 1.134520929 ], [ 32.61823158, 1.14033875 ], [ 32.622563314, 1.143216312 ], [ 32.626674305, 1.143732541 ], [ 32.632290911, 1.141598149 ], [ 32.650257303, 1.125152685 ], [ 32.657236077, 1.099450536 ], [ 32.667342533, 1.086903262 ], [ 32.671816819, 1.083339168 ], [ 32.680856247, 1.082724934 ], [ 32.685106763, 1.080798332 ], [ 32.698090733, 1.070585374 ], [ 32.701701252, 1.069952426 ], [ 32.706775253, 1.071364284 ], [ 32.7156699, 1.068931429 ], [ 32.726845507, 1.070551906 ], [ 32.735005163, 1.073692017 ], [ 32.765061115, 1.07354974 ], [ 32.788011199, 1.075134704 ], [ 32.800003134, 1.144093803 ], [ 32.800678221, 1.154697248 ], [ 32.79428815, 1.208772271 ], [ 32.791458508, 1.25766343 ], [ 32.787231027, 1.270166389 ], [ 32.777243283, 1.288848102 ], [ 32.77260706, 1.306281723 ], [ 32.754966146, 1.353877517 ], [ 32.750450737, 1.362281923 ], [ 32.743273678, 1.367582832 ], [ 32.716847885, 1.374446658 ], [ 32.696967256, 1.383889454 ], [ 32.696372272, 1.450675641 ] ] ] } },
{ "type": "Feature", "properties": { "shapeName": "Rakai", "shapeISO": "", "shapeID": "80733802B70304929665606", "shapeGroup": "UGA", "shapeType": "ADM2" }, "geometry": { "type": "Polygon", "coordinates": [ [ [ 31.439953579, -0.598086588 ], [ 31.433213361, -0.595253913 ], [ 31.430199666, -0.596853822 ], [ 31.426824529, -0.589907147 ], [ 31.422864239, -0.587256163 ], [ 31.408838572, -0.588274135 ], [ 31.403564144, -0.581742993 ], [ 31.38900092, -0.575055529 ], [ 31.360792581, -0.527107293 ], [ 31.314090987, -0.493453373 ], [ 31.268037795, -0.484570174 ], [ 31.244062871, -0.457959291 ], [ 31.236172344, -0.455551912 ], [ 31.228040613, -0.457069133 ], [ 31.219237118, -0.456596722 ], [ 31.206391092, -0.461033577 ], [ 31.201774565, -0.464450614 ], [ 31.188881027, -0.484603699 ], [ 31.179849453, -0.492595059 ], [ 31.173831781, -0.493416296 ], [ 31.161373764, -0.487770245 ], [ 31.154665232, -0.490047149 ], [ 31.151946404, -0.501141669 ], [ 31.152792828, -0.51952553 ], [ 31.149059161, -0.527436696 ], [ 31.140706325, -0.538836846 ], [ 31.138725542, -0.550365467 ], [ 31.134922749, -0.559877002 ], [ 31.124399491, -0.575074003 ], [ 31.125814385, -0.584017464 ], [ 31.124869726, -0.588538385 ], [ 31.10612501, -0.607322063 ], [ 31.098631267, -0.621552034 ], [ 31.094798797, -0.635855569 ], [ 31.093528807, -0.655097097 ], [ 31.090996218, -0.663568745 ], [ 31.092801462, -0.671400073 ], [ 31.099702587, -0.676204236 ], [ 31.132243218, -0.688397144 ], [ 31.139632027, -0.693382468 ], [ 31.154377214, -0.705451101 ], [ 31.157835001, -0.713328601 ], [ 31.164917849, -0.720637913 ], [ 31.170528404, -0.729284981 ], [ 31.187400133, -0.739441566 ], [ 31.195819728, -0.749219855 ], [ 31.199953414, -0.758016932 ], [ 31.19787942, -0.769563751 ], [ 31.19973322, -0.777793515 ], [ 31.195008381, -0.790930698 ], [ 31.193005996, -0.804694789 ], [ 31.193989465, -0.812493271 ], [ 31.19159405, -0.81839589 ], [ 31.192329788, -0.822043637 ], [ 31.193740144, -0.824059695 ], [ 31.198138894, -0.826450708 ], [ 31.199682993, -0.825946232 ], [ 31.212809589, -0.834494541 ], [ 31.221741494, -0.837345691 ], [ 31.227245278, -0.844587574 ], [ 31.22764994, -0.847526668 ], [ 31.227062023, -0.855683148 ], [ 31.203729475, -0.873067507 ], [ 31.206274987, -0.877891768 ], [ 31.2061846, -0.880224772 ], [ 31.203477747, -0.883252823 ], [ 31.203490464, -0.887747118 ], [ 31.209893715, -0.901043267 ], [ 31.251099641, -0.932397625 ], [ 31.270841449, -0.949707014 ], [ 31.264322913, -0.984393211 ], [ 31.270800494, -0.999308782 ], [ 31.294190238, -0.999326455 ], [ 31.287002051, -0.981412494 ], [ 31.293907475, -0.979807213 ], [ 31.299919256, -0.975434264 ], [ 31.305809926, -0.957353937 ], [ 31.35288337, -0.947549656 ], [ 31.38989639, -0.948019311 ], [ 31.412670288, -0.901942527 ], [ 31.430941494, -0.849314941 ], [ 31.442759161, -0.832696936 ], [ 31.446769442, -0.830871638 ], [ 31.449505922, -0.822434671 ], [ 31.447722714, -0.821927516 ], [ 31.448173402, -0.819585307 ], [ 31.450120973, -0.817578295 ], [ 31.45673924, -0.817951649 ], [ 31.459249142, -0.815275587 ], [ 31.466269033, -0.813143876 ], [ 31.467989539, -0.81093778 ], [ 31.474028121, -0.814937563 ], [ 31.476433198, -0.814829945 ], [ 31.480022137, -0.818051011 ], [ 31.482588441, -0.816279338 ], [ 31.482540481, -0.813864538 ], [ 31.487149406, -0.808910073 ], [ 31.487170188, -0.805093453 ], [ 31.483066786, -0.799023303 ], [ 31.482632443, -0.79593909 ], [ 31.484144561, -0.793054582 ], [ 31.482750015, -0.787600448 ], [ 31.486676267, -0.777255367 ], [ 31.487187834, -0.766845734 ], [ 31.489756222, -0.762939565 ], [ 31.4843082, -0.757556384 ], [ 31.480609798, -0.748375295 ], [ 31.47768099, -0.744819931 ], [ 31.479253682, -0.741112391 ], [ 31.478863783, -0.735884756 ], [ 31.480137265, -0.733542751 ], [ 31.506064038, -0.734944334 ], [ 31.510685578, -0.722455757 ], [ 31.503362922, -0.720933919 ], [ 31.519698458, -0.70279643 ], [ 31.499678444, -0.684855351 ], [ 31.502519622, -0.674220242 ], [ 31.489471409, -0.665814173 ], [ 31.489192564, -0.638573058 ], [ 31.479760487, -0.632139883 ], [ 31.475970302, -0.614520836 ], [ 31.439953579, -0.598086588 ] ] ] } },
{ "type": "Feature", "properties": { "shapeName": "Ssembabule", "shapeISO": "", "shapeID": "80733802B45329521399136", "shapeGroup": "UGA", "shapeType": "ADM2" }, "geometry": { "type": "Polygon", "coordinates": [ [ [ 31.600927457, 0.050008057 ], [ 31.578995487, 0.059287265 ], [ 31.53221774, 0.108170752 ], [ 31.500807274, 0.126022481 ], [ 31.500561258, 0.127514764 ], [ 31.493579577, 0.131294821 ], [ 31.487502495, 0.138783023 ], [ 31.483439304, 0.139623862 ], [ 31.479044411, 0.142834241 ], [ 31.473470353, 0.142942391 ], [ 31.469601888, 0.145709623 ], [ 31.457195177, 0.14759896 ], [ 31.446471298, 0.15658793 ], [ 31.44196183, 0.157139272 ], [ 31.437441226, 0.160241006 ], [ 31.42484303, 0.161008752 ], [ 31.419642865, 0.163404967 ], [ 31.415190858, 0.169138418 ], [ 31.41418177, 0.174239073 ], [ 31.408507036, 0.184575689 ], [ 31.410418472, 0.194225648 ], [ 31.406488978, 0.198421606 ], [ 31.397928868, 0.199732109 ], [ 31.391707593, 0.203249513 ], [ 31.371298927, 0.207642647 ], [ 31.357871345, 0.205000498 ], [ 31.348361704, 0.206762996 ], [ 31.337949615, 0.20561336 ], [ 31.333806216, 0.208036576 ], [ 31.328250186, 0.208470063 ], [ 31.321732359, 0.206904842 ], [ 31.318360736, 0.203558408 ], [ 31.312650378, 0.201088951 ], [ 31.302277859, 0.201892711 ], [ 31.297703402, 0.201295364 ], [ 31.294652328, 0.198582044 ], [ 31.293583781, 0.194611918 ], [ 31.294854053, 0.188553027 ], [ 31.28226975, 0.179544679 ], [ 31.27791277, 0.17116118 ], [ 31.266007746, 0.163147825 ], [ 31.262007185, 0.162062293 ], [ 31.24525335, 0.16669087 ], [ 31.233590015, 0.179223431 ], [ 31.221902113, 0.181908035 ], [ 31.206586529, 0.192522837 ], [ 31.191722293, 0.19865226 ], [ 31.170830178, 0.230425992 ], [ 31.167457288, 0.233038888 ], [ 31.158153949, 0.23528927 ], [ 31.144991782, 0.232773656 ], [ 31.130059607, 0.233006752 ], [ 31.126512996, 0.231740325 ], [ 31.112035515, 0.224802841 ], [ 31.109247046, 0.219349911 ], [ 31.104388875, 0.215533407 ], [ 31.080057999, 0.203621673 ], [ 31.063728328, 0.201829334 ], [ 31.044437476, 0.197233619 ], [ 31.038572177, 0.197784476 ], [ 31.028586909, 0.19367822 ], [ 31.02588068, 0.193668856 ], [ 31.019325179, 0.197438551 ], [ 31.013429904, 0.198242559 ], [ 31.013212558, 0.189670835 ], [ 31.016371228, 0.168911021 ], [ 31.031071709, 0.156452713 ], [ 31.033860332, 0.1518054 ], [ 31.042932924, 0.150251013 ], [ 31.047256458, 0.14665267 ], [ 31.049710488, 0.142312694 ], [ 31.048972758, 0.137041104 ], [ 31.051439838, 0.127013639 ], [ 31.047628108, 0.121931705 ], [ 31.056787441, 0.116769342 ], [ 31.054880114, 0.1147709 ], [ 31.053898915, 0.110068941 ], [ 31.050492827, 0.107419384 ], [ 31.051465779, 0.1053036 ], [ 31.047028462, 0.098630274 ], [ 31.049580348, 0.093774836 ], [ 31.044406825, 0.091550192 ], [ 31.044634404, 0.087273318 ], [ 31.042775325, 0.085446727 ], [ 31.044541882, 0.085374484 ], [ 31.04679978, 0.082137545 ], [ 31.049461398, 0.08226427 ], [ 31.052030329, 0.078041746 ], [ 31.053359498, 0.067751908 ], [ 31.052109811, 0.063918011 ], [ 31.054567211, 0.061350152 ], [ 31.057131841, 0.058447732 ], [ 31.056597904, 0.053004362 ], [ 31.053734027, 0.049116166 ], [ 31.058897745, 0.043935188 ], [ 31.058383929, 0.040128442 ], [ 31.054791975, 0.035209448 ], [ 31.057034589, 0.033988812 ], [ 31.056616523, 0.026845536 ], [ 31.059370583, 0.02184529 ], [ 31.058471667, 0.014973265 ], [ 31.056947071, 0.011989352 ], [ 31.052743424, 0.010949474 ], [ 31.049827538, 0.006564044 ], [ 31.040491834, 0.000786139 ], [ 31.029924007, -0.009792983 ], [ 31.027934, -0.01851846 ], [ 31.023539761, -0.025679628 ], [ 31.026449281, -0.03609599 ], [ 31.039934108, -0.035291522 ], [ 31.04328176, -0.03099662 ], [ 31.052583603, -0.027009216 ], [ 31.05853889, -0.030680403 ], [ 31.069475424, -0.030183265 ], [ 31.075609149, -0.023889986 ], [ 31.08313096, -0.029686162 ], [ 31.087878235, -0.037254623 ], [ 31.08827252, -0.040582191 ], [ 31.091447773, -0.043891743 ], [ 31.100970532, -0.039696318 ], [ 31.116518102, -0.04087217 ], [ 31.126714457, -0.030699602 ], [ 31.163479644, -0.030456036 ], [ 31.161017046, -0.036035318 ], [ 31.191472944, -0.04611862 ], [ 31.206512353, -0.049491979 ], [ 31.206740219, -0.069567189 ], [ 31.216622735, -0.071665518 ], [ 31.25070331, -0.088179497 ], [ 31.265869896, -0.094040173 ], [ 31.268410118, -0.096461785 ], [ 31.273878183, -0.0959223 ], [ 31.324263681, -0.109986564 ], [ 31.324331852, -0.115783423 ], [ 31.328965395, -0.133463681 ], [ 31.332126283, -0.153223913 ], [ 31.332836461, -0.167729737 ], [ 31.331629091, -0.183854173 ], [ 31.327907194, -0.191206164 ], [ 31.326984915, -0.198223807 ], [ 31.321636164, -0.203378025 ], [ 31.317697011, -0.210096889 ], [ 31.314480326, -0.212230781 ], [ 31.306030343, -0.238229548 ], [ 31.30398469, -0.250175562 ], [ 31.293485296, -0.267871958 ], [ 31.295228247, -0.275956914 ], [ 31.294664441, -0.28280263 ], [ 31.292807319, -0.291737144 ], [ 31.288057237, -0.301693063 ], [ 31.298084096, -0.310683707 ], [ 31.304835911, -0.312348764 ], [ 31.312548644, -0.312313832 ], [ 31.319065632, -0.315263027 ], [ 31.324049424, -0.314133411 ], [ 31.335800421, -0.315844504 ], [ 31.354008993, -0.322838093 ], [ 31.361910193, -0.335518519 ], [ 31.374722648, -0.340196238 ], [ 31.384039915, -0.345967688 ], [ 31.39743101, -0.33927756 ], [ 31.408400191, -0.326111553 ], [ 31.422795626, -0.316889042 ], [ 31.432504941, -0.31621222 ], [ 31.438021914, -0.318401695 ], [ 31.445209706, -0.315834285 ], [ 31.455703987, -0.315691142 ], [ 31.462381393, -0.313539641 ], [ 31.470228746, -0.316661012 ], [ 31.475434733, -0.317141108 ], [ 31.480162509, -0.31453709 ], [ 31.483885061, -0.317042854 ], [ 31.492003004, -0.317188745 ], [ 31.495424622, -0.315823575 ], [ 31.503938134, -0.318122031 ], [ 31.508096264, -0.318023156 ], [ 31.515106385, -0.314840577 ], [ 31.523600896, -0.315049791 ], [ 31.525537829, -0.312662357 ], [ 31.528944393, -0.328770819 ], [ 31.527244812, -0.332107925 ], [ 31.527743237, -0.335264478 ], [ 31.525545037, -0.33671124 ], [ 31.525164136, -0.340048534 ], [ 31.530647308, -0.337082819 ], [ 31.533712497, -0.337273223 ], [ 31.536729668, -0.339453366 ], [ 31.545439094, -0.335728379 ], [ 31.546770367, -0.332165083 ], [ 31.547224458, -0.319493923 ], [ 31.558023549, -0.321421904 ], [ 31.57110241, -0.331499329 ], [ 31.589590377, -0.325586816 ], [ 31.597248535, -0.29570447 ], [ 31.595954982, -0.284790007 ], [ 31.582404393, -0.252809112 ], [ 31.582070984, -0.245694813 ], [ 31.580517146, -0.242574065 ], [ 31.567197638, -0.229537503 ], [ 31.56510009, -0.222949956 ], [ 31.560232365, -0.21883536 ], [ 31.55898859, -0.214256487 ], [ 31.554727506, -0.209221805 ], [ 31.556074474, -0.203640185 ], [ 31.551699805, -0.186811607 ], [ 31.551595015, -0.179806151 ], [ 31.547874255, -0.177132194 ], [ 31.546570858, -0.172739808 ], [ 31.548217158, -0.156449165 ], [ 31.54970744, -0.155845048 ], [ 31.549318803, -0.151453128 ], [ 31.550823888, -0.148735533 ], [ 31.549254617, -0.133070474 ], [ 31.553114692, -0.126612971 ], [ 31.549724032, -0.117306064 ], [ 31.549989299, -0.112286409 ], [ 31.542509443, -0.083796187 ], [ 31.543989078, -0.062107748 ], [ 31.538587829, -0.049689665 ], [ 31.538163237, -0.040527683 ], [ 31.53476911, -0.035634629 ], [ 31.534944677, -0.027648452 ], [ 31.537760625, -0.019173896 ], [ 31.536653682, -0.013530195 ], [ 31.542527736, 0.000407201 ], [ 31.550041876, 0.008583379 ], [ 31.5576178, 0.013630228 ], [ 31.567107505, 0.027414117 ], [ 31.589856239, 0.037770478 ], [ 31.600927457, 0.050008057 ] ] ] } },
{ "type": "Feature", "properties": { "shapeName": "Wakiso", "shapeISO": "", "shapeID": "80733802B40417162752252", "shapeGroup": "UGA", "shapeType": "ADM2" }, "geometry": { "type": "Polygon", "coordinates": [ [ [ 32.500986982, -0.152486254 ], [ 32.620100438, -0.002106959 ], [ 32.619610392, 0.164693056 ], [ 32.634250308, 0.21431932 ], [ 32.61592284, 0.226315377 ], [ 32.610454268, 0.243414323 ], [ 32.606534276, 0.247621124 ], [ 32.607172762, 0.248711452 ], [ 32.603483438, 0.256562199 ], [ 32.584582364, 0.269400985 ], [ 32.576500902, 0.279318321 ], [ 32.565130741, 0.274309271 ], [ 32.541748477, 0.271292313 ], [ 32.535336686, 0.277380262 ], [ 32.531561918, 0.283413164 ], [ 32.52668129, 0.297055028 ], [ 32.527537595, 0.297496661 ], [ 32.521134851, 0.298483931 ], [ 32.519953317, 0.301004767 ], [ 32.512933316, 0.303514468 ], [ 32.510588739, 0.306622349 ], [ 32.513002534, 0.312651495 ], [ 32.517598348, 0.317278646 ], [ 32.5230427, 0.32649211 ], [ 32.525288934, 0.334884271 ], [ 32.52902854, 0.339491825 ], [ 32.533950702, 0.34361764 ], [ 32.543944131, 0.347949318 ], [ 32.548170086, 0.349146903 ], [ 32.553544877, 0.348551438 ], [ 32.556353302, 0.35831118 ], [ 32.554206859, 0.368052739 ], [ 32.549697801, 0.375924798 ], [ 32.555121174, 0.378777615 ], [ 32.554669296, 0.380443702 ], [ 32.557611289, 0.382263171 ], [ 32.558583985, 0.385070212 ], [ 32.563724467, 0.387463404 ], [ 32.564950712, 0.402546568 ], [ 32.575803187, 0.400403244 ], [ 32.585632755, 0.403433342 ], [ 32.598946216, 0.405746585 ], [ 32.602913758, 0.405222056 ], [ 32.606531188, 0.399404901 ], [ 32.605072933, 0.390710536 ], [ 32.610716943, 0.384997632 ], [ 32.617616376, 0.38771652 ], [ 32.619284729, 0.377339516 ], [ 32.628073331, 0.376183999 ], [ 32.634259593, 0.37827532 ], [ 32.634617184, 0.364846498 ], [ 32.639607572, 0.350544153 ], [ 32.639777897, 0.345548535 ], [ 32.637301051, 0.340596392 ], [ 32.640509519, 0.335276055 ], [ 32.643779132, 0.334602118 ], [ 32.639075355, 0.331831228 ], [ 32.646019321, 0.325916954 ], [ 32.65076225, 0.328340349 ], [ 32.654918792, 0.328483526 ], [ 32.665414779, 0.323899668 ], [ 32.66678527, 0.315006318 ], [ 32.661502939, 0.308673113 ], [ 32.664399382, 0.302973474 ], [ 32.663380132, 0.296975154 ], [ 32.66765211, 0.290850332 ], [ 32.66750731, 0.287059553 ], [ 32.662721457, 0.282020125 ], [ 32.668758788, 0.274592553 ], [ 32.674218894, 0.281133833 ], [ 32.68705483, 0.289783325 ], [ 32.6833654, 0.369859994 ], [ 32.678390693, 0.375699611 ], [ 32.675728969, 0.383203878 ], [ 32.672493125, 0.386527485 ], [ 32.674861091, 0.39108335 ], [ 32.67454451, 0.393562686 ], [ 32.667016269, 0.406489504 ], [ 32.666595514, 0.415872851 ], [ 32.661620998, 0.429463388 ], [ 32.665204421, 0.435544095 ], [ 32.665842405, 0.440757114 ], [ 32.662044246, 0.45840564 ], [ 32.677407735, 0.472452721 ], [ 32.675287289, 0.489569859 ], [ 32.664477754, 0.496875617 ], [ 32.663198756, 0.499139801 ], [ 32.663240387, 0.513370644 ], [ 32.665554008, 0.520128267 ], [ 32.668842741, 0.52442281 ], [ 32.676376035, 0.548116847 ], [ 32.68166583, 0.557272905 ], [ 32.665104405, 0.561406542 ], [ 32.659463278, 0.557615442 ], [ 32.647299335, 0.55725283 ], [ 32.639553257, 0.558844657 ], [ 32.63007098, 0.565186117 ], [ 32.622372968, 0.566108425 ], [ 32.618287382, 0.568234233 ], [ 32.609534323, 0.563773404 ], [ 32.596569858, 0.574013849 ], [ 32.587149442, 0.574954068 ], [ 32.580298416, 0.584244935 ], [ 32.569990888, 0.57680744 ], [ 32.568188752, 0.56886396 ], [ 32.558388782, 0.568419904 ], [ 32.548925067, 0.559770171 ], [ 32.546301496, 0.555445472 ], [ 32.543498787, 0.554323419 ], [ 32.536956269, 0.54765523 ], [ 32.531287972, 0.552431622 ], [ 32.524675275, 0.570072803 ], [ 32.521053826, 0.566716052 ], [ 32.51631477, 0.565123378 ], [ 32.511527546, 0.565322007 ], [ 32.500697281, 0.561394678 ], [ 32.494312016, 0.562497855 ], [ 32.484765142, 0.559538649 ], [ 32.47321874, 0.567725016 ], [ 32.470602835, 0.568177705 ], [ 32.459153106, 0.566746742 ], [ 32.447573171, 0.562887902 ], [ 32.421952852, 0.563404692 ], [ 32.413308586, 0.564750164 ], [ 32.403759656, 0.570400373 ], [ 32.393949807, 0.573299716 ], [ 32.387351358, 0.571608873 ], [ 32.377567305, 0.566399775 ], [ 32.367734281, 0.567050701 ], [ 32.358966419, 0.565094014 ], [ 32.339635706, 0.557115648 ], [ 32.332967425, 0.551987343 ], [ 32.329603239, 0.549748644 ], [ 32.313208416, 0.545802589 ], [ 32.309369229, 0.541243453 ], [ 32.306077634, 0.533981931 ], [ 32.294365371, 0.538147456 ], [ 32.290869792, 0.538360261 ], [ 32.28508016, 0.536095923 ], [ 32.259532869, 0.569132644 ], [ 32.250622842, 0.574383191 ], [ 32.241296713, 0.573974069 ], [ 32.231877984, 0.57935996 ], [ 32.22122483, 0.571168281 ], [ 32.216365296, 0.565168647 ], [ 32.205597339, 0.541777883 ], [ 32.198479956, 0.53180358 ], [ 32.197563486, 0.525903994 ], [ 32.201301385, 0.516420029 ], [ 32.202246011, 0.500292631 ], [ 32.198279115, 0.496270095 ], [ 32.196366067, 0.488550679 ], [ 32.193299428, 0.484624892 ], [ 32.192230043, 0.480029159 ], [ 32.197581258, 0.466147237 ], [ 32.202670169, 0.458679949 ], [ 32.20377636, 0.453210818 ], [ 32.212110902, 0.443601615 ], [ 32.215166964, 0.435523694 ], [ 32.220326436, 0.434877978 ], [ 32.221206804, 0.428439398 ], [ 32.224678293, 0.426620647 ], [ 32.229648046, 0.421044144 ], [ 32.236519708, 0.417215122 ], [ 32.23857676, 0.412847055 ], [ 32.254347961, 0.405922938 ], [ 32.284470868, 0.402166238 ], [ 32.301352907, 0.390974503 ], [ 32.31936231, 0.387889277 ], [ 32.34079571, 0.380428803 ], [ 32.355575434, 0.377556469 ], [ 32.375728406, 0.363238497 ], [ 32.393283936, 0.358344011 ], [ 32.404003169, 0.353303507 ], [ 32.421857648, 0.33456265 ], [ 32.422469207, 0.328363645 ], [ 32.417404771, 0.320067857 ], [ 32.416830772, 0.315782074 ], [ 32.421733815, 0.29567741 ], [ 32.426042605, 0.288715968 ], [ 32.426931228, 0.283597532 ], [ 32.419993858, 0.258410564 ], [ 32.408226022, 0.2362318 ], [ 32.41066766, 0.221248341 ], [ 32.408480028, 0.221295396 ], [ 32.400647377, 0.226179943 ], [ 32.400144383, 0.219010262 ], [ 32.396565356, 0.218375738 ], [ 32.390257639, 0.205898667 ], [ 32.385071509, 0.201236743 ], [ 32.378267948, 0.202179512 ], [ 32.37391102, 0.191317828 ], [ 32.368191264, 0.189368197 ], [ 32.361309204, 0.19298645 ], [ 32.344853117, 0.166317619 ], [ 32.340862541, 0.151415835 ], [ 32.305629878, 0.118807393 ], [ 32.287009087, 0.114069554 ], [ 32.278756767, 0.10846874 ], [ 32.273293386, 0.099499418 ], [ 32.270706167, 0.084305626 ], [ 32.261222864, 0.069641374 ], [ 32.253717035, 0.062338271 ], [ 32.243206551, 0.055099266 ], [ 32.236776362, 0.05496003 ], [ 32.228273704, 0.047936908 ], [ 32.221540196, 0.04637912 ], [ 32.220602693, 0.043688666 ], [ 32.221585255, 0.040616876 ], [ 32.21382877, 0.030620019 ], [ 32.211969969, 0.012589426 ], [ 32.213172081, 0.007179215 ], [ 32.223012003, -0.003077266 ], [ 32.229448389, -0.020851406 ], [ 32.248941828, -0.052695395 ], [ 32.250147885, -0.152868059 ], [ 32.500986982, -0.152486254 ] ] ] } },
{ "type": "Feature", "properties": { "shapeName": "Amuria", "shapeISO": "", "shapeID": "80733802B69090987262810", "shapeGroup": "UGA", "shapeType": "ADM2" }, "geometry": { "type": "Polygon", "coordinates": [ [ [ 33.439454608, 1.896761582 ], [ 33.443355664, 1.909562074 ], [ 33.440820972, 1.92843476 ], [ 33.45226959, 1.937243491 ], [ 33.455453803, 1.943747406 ], [ 33.45195217, 1.952370123 ], [ 33.446687362, 1.960233368 ], [ 33.453320342, 1.976416608 ], [ 33.460476217, 1.982765594 ], [ 33.460672042, 1.995811258 ], [ 33.463982519, 1.998967709 ], [ 33.464106958, 2.001808418 ], [ 33.467588625, 2.002151206 ], [ 33.468690822, 2.004548332 ], [ 33.472753438, 2.006284169 ], [ 33.476646718, 2.011267895 ], [ 33.480343864, 2.01233434 ], [ 33.484511024, 2.015924729 ], [ 33.488098269, 2.015914603 ], [ 33.490376571, 2.017641875 ], [ 33.495128167, 2.017209654 ], [ 33.502364573, 2.011759494 ], [ 33.512082571, 2.01637704 ], [ 33.515231216, 2.019392401 ], [ 33.522000786, 2.017640634 ], [ 33.525943881, 2.019939261 ], [ 33.530262756, 2.019403106 ], [ 33.542218281, 2.004634031 ], [ 33.547293763, 1.993197124 ], [ 33.551869693, 1.99052677 ], [ 33.552601268, 1.986763041 ], [ 33.55880397, 1.983675972 ], [ 33.568749499, 1.970871324 ], [ 33.574395098, 1.957661041 ], [ 33.577870072, 1.955262437 ], [ 33.584281435, 1.954789769 ], [ 33.590747464, 1.949974605 ], [ 33.597984906, 1.952749387 ], [ 33.600592874, 1.952395627 ], [ 33.607711484, 1.948168218 ], [ 33.612553732, 1.942787548 ], [ 33.617502857, 1.941567076 ], [ 33.621796456, 1.938126907 ], [ 33.627261759, 1.939268079 ], [ 33.635192419, 1.936994377 ], [ 33.645602028, 1.93660931 ], [ 33.651921079, 1.928867326 ], [ 33.65460726, 1.923056518 ], [ 33.657158414, 1.921389491 ], [ 33.655817713, 1.911366302 ], [ 33.663133855, 1.892627847 ], [ 33.674606983, 1.885304661 ], [ 33.686519592, 1.88126518 ], [ 33.701511712, 1.869272446 ], [ 33.712579711, 1.857326489 ], [ 33.722119729, 1.841255919 ], [ 33.727209711, 1.837418102 ], [ 33.734451349, 1.826957335 ], [ 33.75007877, 1.820446401 ], [ 33.753430345, 1.814537637 ], [ 33.759024653, 1.813133077 ], [ 33.775395572, 1.802216079 ], [ 33.777987769, 1.803906648 ], [ 33.779595816, 1.797048759 ], [ 33.788522504, 1.779585318 ], [ 33.789659586, 1.755249976 ], [ 33.798361373, 1.736429748 ], [ 33.800384694, 1.735108112 ], [ 33.806753097, 1.735367731 ], [ 33.809002785, 1.733910297 ], [ 33.804478455, 1.72430498 ], [ 33.810597339, 1.715246946 ], [ 33.81229564, 1.722673288 ], [ 33.815406938, 1.727149897 ], [ 33.822723419, 1.733198723 ], [ 33.82652844, 1.734554004 ], [ 33.828646866, 1.738804845 ], [ 33.843183938, 1.744587986 ], [ 33.858168928, 1.754206378 ], [ 33.8683372, 1.764062046 ], [ 33.871666208, 1.771071302 ], [ 33.869605634, 1.789852248 ], [ 33.871196874, 1.799313837 ], [ 33.868754165, 1.803639108 ], [ 33.871847199, 1.806858073 ], [ 33.870112904, 1.807383592 ], [ 33.867828678, 1.804697962 ], [ 33.866215055, 1.806128042 ], [ 33.870533006, 1.821070325 ], [ 33.870017436, 1.827421025 ], [ 33.87129315, 1.831346462 ], [ 33.865972776, 1.832959289 ], [ 33.863314516, 1.835448298 ], [ 33.863068228, 1.838587463 ], [ 33.859982409, 1.841194282 ], [ 33.854184342, 1.850967051 ], [ 33.854985576, 1.855562161 ], [ 33.849237599, 1.857392297 ], [ 33.847054952, 1.860496225 ], [ 33.847390178, 1.862359595 ], [ 33.850409432, 1.863787441 ], [ 33.849972126, 1.86583211 ], [ 33.843892482, 1.86863036 ], [ 33.842872978, 1.870566758 ], [ 33.846769795, 1.870492497 ], [ 33.847364892, 1.871731547 ], [ 33.8471729, 1.880271323 ], [ 33.844893312, 1.881638424 ], [ 33.845479963, 1.885157139 ], [ 33.84764213, 1.884984201 ], [ 33.848898757, 1.883047683 ], [ 33.850824164, 1.883643791 ], [ 33.851867984, 1.882042088 ], [ 33.852867749, 1.883443766 ], [ 33.855742498, 1.883442347 ], [ 33.855913515, 1.887286919 ], [ 33.85743561, 1.88816365 ], [ 33.858524878, 1.885295448 ], [ 33.857190115, 1.881406224 ], [ 33.858483783, 1.880555236 ], [ 33.859842651, 1.884326845 ], [ 33.864815624, 1.89009586 ], [ 33.872839494, 1.894072148 ], [ 33.875599478, 1.897146455 ], [ 33.878235963, 1.895996242 ], [ 33.880866815, 1.900373251 ], [ 33.882145614, 1.896817442 ], [ 33.883334337, 1.897359602 ], [ 33.893051749, 1.906572613 ], [ 33.895715001, 1.908308081 ], [ 33.899279087, 1.908034823 ], [ 33.890891368, 1.917809078 ], [ 33.884585109, 1.920318165 ], [ 33.884327616, 1.923330677 ], [ 33.88561514, 1.926903244 ], [ 33.890322273, 1.928881882 ], [ 33.891025652, 1.930754067 ], [ 33.894161528, 1.930336285 ], [ 33.890841087, 1.935648139 ], [ 33.888179162, 1.945166115 ], [ 33.890202283, 1.94764369 ], [ 33.890315007, 1.952555696 ], [ 33.895517997, 1.951639251 ], [ 33.899789573, 1.947014377 ], [ 33.898978636, 1.944753277 ], [ 33.901664333, 1.945222233 ], [ 33.897800853, 1.953257285 ], [ 33.894501673, 1.956271426 ], [ 33.891294411, 1.956734499 ], [ 33.888628529, 1.962977778 ], [ 33.886799724, 1.963530573 ], [ 33.887136329, 1.966732737 ], [ 33.889035395, 1.96514864 ], [ 33.891365024, 1.965916313 ], [ 33.890487733, 1.967825524 ], [ 33.894338854, 1.97656203 ], [ 33.887041927, 1.975218094 ], [ 33.880190166, 1.978351744 ], [ 33.858899527, 1.978824343 ], [ 33.853651241, 1.981559039 ], [ 33.843364034, 1.993315454 ], [ 33.839485519, 2.00671499 ], [ 33.835610393, 2.011384873 ], [ 33.829170712, 2.016562666 ], [ 33.822473902, 2.015625272 ], [ 33.818909983, 2.019082777 ], [ 33.809258034, 2.022063894 ], [ 33.798052158, 2.015691398 ], [ 33.789457348, 2.0142595 ], [ 33.787575137, 2.016430773 ], [ 33.783454274, 2.012773305 ], [ 33.779858876, 2.002703666 ], [ 33.780689128, 1.998958473 ], [ 33.777829155, 1.987901702 ], [ 33.778576879, 1.984382849 ], [ 33.768974028, 1.98284726 ], [ 33.76218691, 1.98442647 ], [ 33.755785591, 1.980648006 ], [ 33.752164315, 1.988455359 ], [ 33.745142981, 1.99200912 ], [ 33.731409752, 2.005251184 ], [ 33.736012606, 2.020809608 ], [ 33.742560373, 2.029462077 ], [ 33.743681455, 2.033600957 ], [ 33.742112206, 2.043276305 ], [ 33.734802412, 2.056489344 ], [ 33.747056301, 2.056652763 ], [ 33.746992092, 2.059724096 ], [ 33.749986811, 2.061695245 ], [ 33.748010001, 2.070932578 ], [ 33.748146399, 2.082366849 ], [ 33.744980175, 2.088011389 ], [ 33.744175397, 2.093294966 ], [ 33.733600801, 2.096579976 ], [ 33.722626877, 2.096033278 ], [ 33.712408981, 2.104617402 ], [ 33.71128566, 2.110993262 ], [ 33.708680326, 2.11371804 ], [ 33.707326356, 2.118493837 ], [ 33.706620565, 2.135979199 ], [ 33.702167289, 2.141374924 ], [ 33.699661272, 2.147485074 ], [ 33.6910345, 2.155101975 ], [ 33.687556216, 2.160984623 ], [ 33.687001758, 2.16606884 ], [ 33.678224467, 2.172183837 ], [ 33.675842301, 2.175625546 ], [ 33.674663476, 2.187698942 ], [ 33.671704829, 2.195781628 ], [ 33.672901621, 2.199775522 ], [ 33.671386808, 2.200853325 ], [ 33.670064454, 2.206111602 ], [ 33.668305992, 2.207152249 ], [ 33.669186658, 2.209861672 ], [ 33.667268755, 2.210175821 ], [ 33.66429589, 2.215937694 ], [ 33.665083821, 2.217360256 ], [ 33.662802193, 2.21780427 ], [ 33.661033815, 2.222140941 ], [ 33.646470413, 2.21482349 ], [ 33.636418278, 2.202110059 ], [ 33.634420307, 2.187706383 ], [ 33.639346801, 2.180889961 ], [ 33.628808744, 2.170773867 ], [ 33.626116793, 2.160323752 ], [ 33.619859995, 2.153254841 ], [ 33.610350407, 2.135749205 ], [ 33.589982916, 2.148908155 ], [ 33.58553837, 2.154669051 ], [ 33.578562603, 2.156869144 ], [ 33.577875568, 2.159684287 ], [ 33.574809145, 2.16015337 ], [ 33.572792406, 2.163841917 ], [ 33.566762958, 2.167317854 ], [ 33.565731607, 2.170990165 ], [ 33.566631112, 2.173139051 ], [ 33.565141601, 2.174337152 ], [ 33.567876857, 2.181443575 ], [ 33.564426792, 2.186946033 ], [ 33.558513817, 2.191760837 ], [ 33.558380595, 2.193639513 ], [ 33.554385636, 2.19449425 ], [ 33.551737876, 2.1968903 ], [ 33.540658722, 2.198703072 ], [ 33.534556768, 2.205656998 ], [ 33.528024952, 2.207458989 ], [ 33.528138797, 2.20892472 ], [ 33.525419591, 2.210725334 ], [ 33.5210081, 2.211191061 ], [ 33.519333006, 2.212698142 ], [ 33.51919641, 2.215613452 ], [ 33.516145123, 2.216925579 ], [ 33.507964661, 2.226879421 ], [ 33.504378692, 2.227067955 ], [ 33.503861367, 2.229266799 ], [ 33.501732717, 2.23017957 ], [ 33.500833546, 2.228298797 ], [ 33.499271551, 2.229252087 ], [ 33.497895009, 2.228039217 ], [ 33.493728985, 2.229926114 ], [ 33.489530023, 2.229330778 ], [ 33.487582316, 2.23252372 ], [ 33.484188267, 2.234635704 ], [ 33.481780302, 2.233097209 ], [ 33.478843075, 2.235232662 ], [ 33.475558001, 2.234269113 ], [ 33.473360208, 2.235978445 ], [ 33.472278573, 2.234998778 ], [ 33.469566108, 2.23825783 ], [ 33.468020739, 2.238596973 ], [ 33.467387833, 2.237227202 ], [ 33.461251909, 2.240285605 ], [ 33.461542624, 2.241616395 ], [ 33.458720688, 2.242076873 ], [ 33.458049314, 2.240932908 ], [ 33.455716946, 2.243279442 ], [ 33.452709684, 2.242723853 ], [ 33.452326185, 2.244082719 ], [ 33.450026431, 2.244540793 ], [ 33.449224595, 2.24341625 ], [ 33.443905523, 2.246119454 ], [ 33.440655068, 2.238954194 ], [ 33.442387895, 2.229318658 ], [ 33.447759337, 2.224386437 ], [ 33.453441803, 2.222077715 ], [ 33.46289555, 2.211797445 ], [ 33.469166287, 2.21083649 ], [ 33.474811743, 2.207333524 ], [ 33.478396502, 2.198158796 ], [ 33.478656727, 2.19105688 ], [ 33.470940771, 2.178628863 ], [ 33.466408249, 2.156383869 ], [ 33.458073515, 2.148642232 ], [ 33.455867307, 2.144300359 ], [ 33.454341866, 2.136529479 ], [ 33.455133975, 2.127608949 ], [ 33.444231377, 2.119406548 ], [ 33.43749243, 2.111028249 ], [ 33.429255259, 2.119989089 ], [ 33.421918597, 2.131999788 ], [ 33.421779081, 2.13605752 ], [ 33.41592824, 2.142873337 ], [ 33.402212948, 2.123473147 ], [ 33.390292349, 2.117643421 ], [ 33.387035446, 2.113722374 ], [ 33.371492371, 2.1098812 ], [ 33.364169168, 2.103495719 ], [ 33.3476032, 2.063576826 ], [ 33.350183981, 2.057955956 ], [ 33.360174724, 2.048834269 ], [ 33.363461594, 2.042111551 ], [ 33.365620611, 2.036004294 ], [ 33.364027714, 2.02786229 ], [ 33.369795929, 2.019166749 ], [ 33.374350723, 2.008046865 ], [ 33.377316252, 2.004825422 ], [ 33.381584227, 1.993171824 ], [ 33.386627064, 1.988402843 ], [ 33.397735509, 1.986038908 ], [ 33.407137381, 1.9801108 ], [ 33.408474539, 1.976238341 ], [ 33.407955329, 1.962686023 ], [ 33.413009658, 1.94813716 ], [ 33.414990809, 1.930368317 ], [ 33.429798598, 1.909004628 ], [ 33.436336865, 1.90360191 ], [ 33.439454608, 1.896761582 ] ] ] } },
{ "type": "Feature", "properties": { "shapeName": "Budaka", "shapeISO": "", "shapeID": "80733802B72794146269555", "shapeGroup": "UGA", "shapeType": "ADM2" }, "geometry": { "type": "Polygon", "coordinates": [ [ [ 33.863247332, 0.94226379 ], [ 33.904026127, 0.935462362 ], [ 33.920148963, 0.936656895 ], [ 33.989081744, 0.96657354 ], [ 33.993969458, 0.970651828 ], [ 34.000637643, 0.982192466 ], [ 34.018351174, 0.999310939 ], [ 34.025067925, 1.003904133 ], [ 34.0318267, 1.00636246 ], [ 34.040238109, 1.016500137 ], [ 34.048098245, 1.022160246 ], [ 34.051628829, 1.033945753 ], [ 34.064290016, 1.037442202 ], [ 34.066473636, 1.0353338 ], [ 34.069875722, 1.03553165 ], [ 34.071234081, 1.037937353 ], [ 34.076335068, 1.041038287 ], [ 34.081182597, 1.04041246 ], [ 34.085073567, 1.046227494 ], [ 34.09481279, 1.049308651 ], [ 34.104611458, 1.050562518 ], [ 34.112140809, 1.060763273 ], [ 34.111862316, 1.064155479 ], [ 34.115460703, 1.068288007 ], [ 34.120483954, 1.06909122 ], [ 34.124758618, 1.074363362 ], [ 34.122105442, 1.07775338 ], [ 34.120975851, 1.082682679 ], [ 34.116888003, 1.111172654 ], [ 34.112614923, 1.118962549 ], [ 34.09727506, 1.12664814 ], [ 34.083710773, 1.122863116 ], [ 34.072981712, 1.126422081 ], [ 34.06470874, 1.13277526 ], [ 34.057943731, 1.14185067 ], [ 34.048566952, 1.148213332 ], [ 34.04600365, 1.152004472 ], [ 34.036455624, 1.154133763 ], [ 34.033161446, 1.153040426 ], [ 34.032069955, 1.151159289 ], [ 34.024980429, 1.150157778 ], [ 34.013695313, 1.150008065 ], [ 34.006662443, 1.152073045 ], [ 33.996724114, 1.16126725 ], [ 33.997365068, 1.167911177 ], [ 33.995963941, 1.176636583 ], [ 33.993416811, 1.182298396 ], [ 33.977790708, 1.190230153 ], [ 33.974513513, 1.189769977 ], [ 33.971732563, 1.193235588 ], [ 33.967305209, 1.180563684 ], [ 33.967937951, 1.173172862 ], [ 33.965916481, 1.163702376 ], [ 33.96299269, 1.160121154 ], [ 33.960681922, 1.15876504 ], [ 33.947792001, 1.164423219 ], [ 33.932230028, 1.165351158 ], [ 33.928359723, 1.15649629 ], [ 33.933238462, 1.136048337 ], [ 33.928450931, 1.128791026 ], [ 33.925818099, 1.118231979 ], [ 33.925673634, 1.112514867 ], [ 33.927857328, 1.104616903 ], [ 33.923891838, 1.102810699 ], [ 33.917682743, 1.093636084 ], [ 33.918575824, 1.091268466 ], [ 33.916391579, 1.087279003 ], [ 33.906096276, 1.076490037 ], [ 33.897554004, 1.06335749 ], [ 33.927635929, 1.063837006 ], [ 33.931509868, 1.061700943 ], [ 33.93728134, 1.05066293 ], [ 33.920912049, 1.033842 ], [ 33.912834593, 1.018918169 ], [ 33.900028623, 1.01097019 ], [ 33.89463012, 1.000387619 ], [ 33.891021619, 0.997575233 ], [ 33.886386284, 0.990294273 ], [ 33.873635701, 0.985258916 ], [ 33.870894979, 0.982163791 ], [ 33.868132751, 0.974769076 ], [ 33.863247332, 0.94226379 ] ] ] } },
{ "type": "Feature", "properties": { "shapeName": "Bududa", "shapeISO": "", "shapeID": "80733802B47082876328587", "shapeGroup": "UGA", "shapeType": "ADM2" }, "geometry": { "type": "Polygon", "coordinates": [ [ [ 34.284296055, 0.962466838 ], [ 34.290859119, 0.96418289 ], [ 34.295180041, 0.9697248 ], [ 34.302216619, 0.970283885 ], [ 34.303512678, 0.982199187 ], [ 34.309107739, 0.98236526 ], [ 34.312494941, 0.992767896 ], [ 34.321827338, 0.997373862 ], [ 34.325404029, 1.002935262 ], [ 34.330656658, 1.007307247 ], [ 34.334398791, 1.007670214 ], [ 34.334825082, 1.004869978 ], [ 34.33720229, 1.004144082 ], [ 34.33746952, 1.002749286 ], [ 34.34531797, 1.00090761 ], [ 34.34611877, 0.998442784 ], [ 34.355562406, 0.998833031 ], [ 34.3562975, 0.980563387 ], [ 34.361136133, 0.971983839 ], [ 34.3706692, 0.974547242 ], [ 34.39700249, 0.97376178 ], [ 34.427260179, 0.960282666 ], [ 34.43725742, 0.951126613 ], [ 34.478399993, 0.933326628 ], [ 34.480641839, 0.937261443 ], [ 34.480073333, 0.942091339 ], [ 34.48328695, 0.952165289 ], [ 34.48346761, 0.958315322 ], [ 34.490074376, 0.980063854 ], [ 34.488722227, 0.986603459 ], [ 34.48929674, 0.995448481 ], [ 34.487724846, 0.997800705 ], [ 34.489417923, 1.014965926 ], [ 34.490878318, 1.017454055 ], [ 34.493912567, 1.03992592 ], [ 34.497760911, 1.051482589 ], [ 34.500456458, 1.054972346 ], [ 34.499732861, 1.059042592 ], [ 34.502499025, 1.063395823 ], [ 34.503338136, 1.067809247 ], [ 34.509032095, 1.074739562 ], [ 34.514388197, 1.07864281 ], [ 34.523000525, 1.099369204 ], [ 34.526906005, 1.101277817 ], [ 34.527031178, 1.104034807 ], [ 34.534238003, 1.103601765 ], [ 34.537914174, 1.113413864 ], [ 34.530807964, 1.118781755 ], [ 34.526356299, 1.119046712 ], [ 34.524902878, 1.115596477 ], [ 34.505280248, 1.107480288 ], [ 34.493264619, 1.095846735 ], [ 34.483156443, 1.090871543 ], [ 34.478650508, 1.092064795 ], [ 34.47511847, 1.098967048 ], [ 34.471806323, 1.101492062 ], [ 34.460710689, 1.099815325 ], [ 34.453673944, 1.103355149 ], [ 34.442476845, 1.101090495 ], [ 34.429838132, 1.104324855 ], [ 34.423555135, 1.102898765 ], [ 34.4178751, 1.106512261 ], [ 34.415201828, 1.106734649 ], [ 34.398811935, 1.101826019 ], [ 34.387809347, 1.104083331 ], [ 34.385571819, 1.106363639 ], [ 34.380640812, 1.10263955 ], [ 34.37621144, 1.102813469 ], [ 34.373603284, 1.095425158 ], [ 34.37467602, 1.086904549 ], [ 34.372906533, 1.084761764 ], [ 34.361551727, 1.085785636 ], [ 34.350412804, 1.089481903 ], [ 34.34246689, 1.088094804 ], [ 34.340950319, 1.086284683 ], [ 34.336850769, 1.087337749 ], [ 34.338642839, 1.079206996 ], [ 34.331727548, 1.078105225 ], [ 34.328926987, 1.079951615 ], [ 34.32591943, 1.079790132 ], [ 34.318975159, 1.072421576 ], [ 34.315453153, 1.070948783 ], [ 34.311621649, 1.06009651 ], [ 34.307914978, 1.056172582 ], [ 34.308141519, 1.053983606 ], [ 34.31071275, 1.051612739 ], [ 34.31019876, 1.047316606 ], [ 34.297062137, 1.03286822 ], [ 34.289739001, 1.027581399 ], [ 34.288950806, 1.021033372 ], [ 34.273740073, 1.005498285 ], [ 34.271372605, 0.993234076 ], [ 34.279465734, 0.983543664 ], [ 34.280433891, 0.974507276 ], [ 34.283077173, 0.969441034 ], [ 34.281888375, 0.968310857 ], [ 34.284296055, 0.962466838 ] ] ] } },
{ "type": "Feature", "properties": { "shapeName": "Bugiri", "shapeISO": "", "shapeID": "80733802B28990587164904", "shapeGroup": "UGA", "shapeType": "ADM2" }, "geometry": { "type": "Polygon", "coordinates": [ [ [ 33.693852621, 0.304234771 ], [ 33.717448847, 0.305237177 ], [ 33.738822194, 0.309223077 ], [ 33.751779489, 0.30793551 ], [ 33.764852085, 0.311888629 ], [ 33.76855471, 0.314269715 ], [ 33.784851092, 0.331591082 ], [ 33.789221271, 0.333291468 ], [ 33.797800643, 0.332331841 ], [ 33.800397721, 0.333661458 ], [ 33.805568164, 0.341567626 ], [ 33.806230134, 0.346519128 ], [ 33.809926578, 0.350438218 ], [ 33.814326894, 0.373249301 ], [ 33.824934564, 0.388589171 ], [ 33.827996505, 0.39932694 ], [ 33.839811864, 0.408589209 ], [ 33.850344317, 0.431656266 ], [ 33.852349536, 0.433519584 ], [ 33.85810579, 0.43474018 ], [ 33.863499121, 0.443532669 ], [ 33.869580934, 0.44872005 ], [ 33.876814801, 0.470059951 ], [ 33.88264093, 0.478016848 ], [ 33.88825301, 0.482736066 ], [ 33.891340587, 0.489420832 ], [ 33.901579679, 0.481739206 ], [ 33.900476713, 0.491629264 ], [ 33.906498819, 0.497487992 ], [ 33.912479374, 0.500246246 ], [ 33.920293538, 0.5063694 ], [ 33.92587584, 0.516491245 ], [ 33.932370842, 0.523012551 ], [ 33.936084838, 0.53008345 ], [ 33.935293187, 0.535685743 ], [ 33.936934429, 0.536861486 ], [ 33.939667157, 0.536019773 ], [ 33.940253735, 0.541239292 ], [ 33.942645692, 0.5448845 ], [ 33.946522334, 0.546937351 ], [ 33.948768176, 0.546403272 ], [ 33.949716846, 0.543408863 ], [ 33.952924646, 0.542259499 ], [ 33.955975834, 0.538061632 ], [ 33.97297264, 0.55243849 ], [ 33.972100328, 0.561370686 ], [ 33.978726536, 0.578002028 ], [ 33.978385396, 0.580196139 ], [ 33.976908676, 0.579562111 ], [ 33.975657903, 0.580730908 ], [ 33.976302365, 0.582862062 ], [ 33.972264903, 0.583284753 ], [ 33.972212114, 0.581452862 ], [ 33.970553074, 0.582933076 ], [ 33.970450221, 0.581393368 ], [ 33.962867912, 0.580565901 ], [ 33.955145869, 0.583545454 ], [ 33.951176296, 0.583500903 ], [ 33.949793634, 0.585151184 ], [ 33.943096844, 0.583814983 ], [ 33.939551944, 0.584375642 ], [ 33.938809275, 0.586274988 ], [ 33.929607231, 0.588217592 ], [ 33.926033004, 0.587238307 ], [ 33.923718314, 0.588669179 ], [ 33.921241167, 0.594828142 ], [ 33.918357278, 0.595384047 ], [ 33.917502195, 0.597010824 ], [ 33.919508508, 0.600768114 ], [ 33.91907174, 0.60246943 ], [ 33.916330376, 0.602277577 ], [ 33.915928677, 0.604837714 ], [ 33.913776778, 0.606628113 ], [ 33.915824069, 0.609047636 ], [ 33.908722069, 0.610075466 ], [ 33.909079985, 0.615897774 ], [ 33.907476737, 0.616320676 ], [ 33.905359017, 0.623576031 ], [ 33.903712864, 0.624170288 ], [ 33.902636073, 0.631650107 ], [ 33.90026282, 0.633534974 ], [ 33.899746692, 0.640093575 ], [ 33.898019558, 0.641741097 ], [ 33.898427888, 0.644050914 ], [ 33.893859477, 0.652288941 ], [ 33.896519936, 0.658642683 ], [ 33.898874586, 0.660139966 ], [ 33.894097772, 0.665722556 ], [ 33.894901892, 0.671059685 ], [ 33.897243606, 0.673974797 ], [ 33.89636976, 0.676267849 ], [ 33.890473534, 0.678676663 ], [ 33.883705223, 0.686169072 ], [ 33.880965093, 0.691381915 ], [ 33.873438908, 0.69506662 ], [ 33.864938011, 0.693649261 ], [ 33.859321728, 0.698514254 ], [ 33.852993389, 0.69581802 ], [ 33.81219142, 0.686362735 ], [ 33.792053907, 0.684204042 ], [ 33.785578537, 0.688565951 ], [ 33.784601098, 0.691738874 ], [ 33.780923195, 0.692800057 ], [ 33.775898643, 0.696745169 ], [ 33.757493276, 0.719825933 ], [ 33.750794409, 0.717393528 ], [ 33.747766801, 0.712653629 ], [ 33.741172533, 0.707480063 ], [ 33.722352148, 0.700707146 ], [ 33.694152795, 0.711965516 ], [ 33.675080477, 0.727094475 ], [ 33.647904605, 0.731703849 ], [ 33.647154188, 0.733553297 ], [ 33.640137559, 0.731673609 ], [ 33.633469488, 0.72492157 ], [ 33.627349843, 0.722376128 ], [ 33.628031866, 0.721036942 ], [ 33.638292328, 0.718346417 ], [ 33.641676631, 0.719142119 ], [ 33.646884462, 0.718051886 ], [ 33.669432893, 0.699703956 ], [ 33.672585058, 0.695269577 ], [ 33.677137839, 0.680171634 ], [ 33.681446608, 0.676526044 ], [ 33.681496039, 0.673256604 ], [ 33.684694021, 0.66792765 ], [ 33.684762435, 0.663779383 ], [ 33.683759189, 0.661950008 ], [ 33.676934934, 0.658516295 ], [ 33.677260172, 0.646298015 ], [ 33.679787344, 0.641653288 ], [ 33.680195174, 0.637070274 ], [ 33.67324604, 0.625690139 ], [ 33.670742657, 0.61412588 ], [ 33.672370266, 0.606800707 ], [ 33.671743207, 0.595700462 ], [ 33.668110325, 0.581370896 ], [ 33.664558837, 0.575870906 ], [ 33.651668714, 0.566753282 ], [ 33.647867431, 0.562302705 ], [ 33.642497105, 0.560068753 ], [ 33.636985289, 0.553085245 ], [ 33.63343525, 0.550783358 ], [ 33.633110485, 0.547941663 ], [ 33.630356796, 0.545115735 ], [ 33.626437715, 0.536358845 ], [ 33.618205151, 0.528389448 ], [ 33.620659828, 0.501583496 ], [ 33.622097563, 0.500316804 ], [ 33.623048452, 0.494300585 ], [ 33.61990039, 0.488800421 ], [ 33.613876569, 0.482622 ], [ 33.612499833, 0.468789528 ], [ 33.613653765, 0.463519937 ], [ 33.620460459, 0.458430218 ], [ 33.625602101, 0.460935729 ], [ 33.627705905, 0.452585345 ], [ 33.634655537, 0.448966016 ], [ 33.647616664, 0.427080738 ], [ 33.656327604, 0.423560804 ], [ 33.656088933, 0.417255239 ], [ 33.667181172, 0.406072534 ], [ 33.671572853, 0.40780009 ], [ 33.675763146, 0.412413559 ], [ 33.678333892, 0.413318008 ], [ 33.684176017, 0.411643861 ], [ 33.696775466, 0.411778455 ], [ 33.706975272, 0.408945942 ], [ 33.709148742, 0.401427981 ], [ 33.707746072, 0.398605548 ], [ 33.708231677, 0.389441247 ], [ 33.705034155, 0.374758791 ], [ 33.708950638, 0.369592832 ], [ 33.711185476, 0.363332371 ], [ 33.705195962, 0.361243069 ], [ 33.703190027, 0.357217462 ], [ 33.700306631, 0.355488358 ], [ 33.69885011, 0.342709141 ], [ 33.704278159, 0.335525918 ], [ 33.704516358, 0.328518686 ], [ 33.701460487, 0.320745123 ], [ 33.700349854, 0.310529946 ], [ 33.693852621, 0.304234771 ] ] ] } },
{ "type": "Feature", "properties": { "shapeName": "Bugweri", "shapeISO": "", "shapeID": "80733802B25152615827124", "shapeGroup": "UGA", "shapeType": "ADM2" }, "geometry": { "type": "Polygon", "coordinates": [ [ [ 33.640137559, 0.731673609 ], [ 33.638664516, 0.743773036 ], [ 33.63950225, 0.749436193 ], [ 33.643607744, 0.757930498 ], [ 33.642919843, 0.767916711 ], [ 33.641164605, 0.77209418 ], [ 33.630320391, 0.786427149 ], [ 33.621240746, 0.789234785 ], [ 33.606793474, 0.789892995 ], [ 33.59578686, 0.799797171 ], [ 33.591742259, 0.801100508 ], [ 33.564133025, 0.801185863 ], [ 33.55554818, 0.764465638 ], [ 33.55983981, 0.757824646 ], [ 33.559678545, 0.749520695 ], [ 33.573363171, 0.740431403 ], [ 33.571165843, 0.722865978 ], [ 33.574292477, 0.716026135 ], [ 33.574068632, 0.709159579 ], [ 33.577432595, 0.704717138 ], [ 33.579371896, 0.693905878 ], [ 33.576438471, 0.686795391 ], [ 33.573943262, 0.685122021 ], [ 33.570463646, 0.675840331 ], [ 33.56811111, 0.674139793 ], [ 33.567119196, 0.664586387 ], [ 33.564657566, 0.656724916 ], [ 33.562091501, 0.654092559 ], [ 33.562270763, 0.649813353 ], [ 33.557981804, 0.640034122 ], [ 33.558637106, 0.622627794 ], [ 33.553775457, 0.610758304 ], [ 33.554666707, 0.60615515 ], [ 33.55068257, 0.59492696 ], [ 33.550755809, 0.589727804 ], [ 33.55413129, 0.583780807 ], [ 33.544996791, 0.572653982 ], [ 33.547660614, 0.564520536 ], [ 33.541733497, 0.555021813 ], [ 33.542792783, 0.548489826 ], [ 33.541924629, 0.542536509 ], [ 33.545851508, 0.534294908 ], [ 33.545900876, 0.527238296 ], [ 33.557949822, 0.526884385 ], [ 33.552664727, 0.516698028 ], [ 33.546309019, 0.512003226 ], [ 33.545382595, 0.509298273 ], [ 33.547891202, 0.504874108 ], [ 33.54738137, 0.500115466 ], [ 33.544632315, 0.497175444 ], [ 33.54344816, 0.48838192 ], [ 33.55129179, 0.480573776 ], [ 33.556452185, 0.478049263 ], [ 33.562152526, 0.472319354 ], [ 33.568087542, 0.469679916 ], [ 33.577234728, 0.461790273 ], [ 33.576359169, 0.455747025 ], [ 33.571866896, 0.447451386 ], [ 33.577110313, 0.444049341 ], [ 33.597044303, 0.444952422 ], [ 33.60590775, 0.443630852 ], [ 33.609601868, 0.444698071 ], [ 33.61789344, 0.44237234 ], [ 33.613653765, 0.463519937 ], [ 33.612499833, 0.468789528 ], [ 33.613876569, 0.482622 ], [ 33.61990039, 0.488800421 ], [ 33.623048452, 0.494300585 ], [ 33.622097563, 0.500316804 ], [ 33.620659828, 0.501583496 ], [ 33.618205151, 0.528389448 ], [ 33.626437715, 0.536358845 ], [ 33.630356796, 0.545115735 ], [ 33.633110485, 0.547941663 ], [ 33.63343525, 0.550783358 ], [ 33.636985289, 0.553085245 ], [ 33.642497105, 0.560068753 ], [ 33.647867431, 0.562302705 ], [ 33.651668714, 0.566753282 ], [ 33.664558837, 0.575870906 ], [ 33.668110325, 0.581370896 ], [ 33.671743207, 0.595700462 ], [ 33.672370266, 0.606800707 ], [ 33.670742657, 0.61412588 ], [ 33.67324604, 0.625690139 ], [ 33.680195174, 0.637070274 ], [ 33.679787344, 0.641653288 ], [ 33.677260172, 0.646298015 ], [ 33.676934934, 0.658516295 ], [ 33.683759189, 0.661950008 ], [ 33.684762435, 0.663779383 ], [ 33.684694021, 0.66792765 ], [ 33.681496039, 0.673256604 ], [ 33.681446608, 0.676526044 ], [ 33.677137839, 0.680171634 ], [ 33.672585058, 0.695269577 ], [ 33.669432893, 0.699703956 ], [ 33.646884462, 0.718051886 ], [ 33.641676631, 0.719142119 ], [ 33.638292328, 0.718346417 ], [ 33.628031866, 0.721036942 ], [ 33.627349843, 0.722376128 ], [ 33.633469488, 0.72492157 ], [ 33.640137559, 0.731673609 ] ] ] } },
{ "type": "Feature", "properties": { "shapeName": "Bukedea", "shapeISO": "", "shapeID": "80733802B53797423281965", "shapeGroup": "UGA", "shapeType": "ADM2" }, "geometry": { "type": "Polygon", "coordinates": [ [ [ 34.16995106, 1.16028668 ], [ 34.177345404, 1.16253941 ], [ 34.183237301, 1.162058531 ], [ 34.191627617, 1.172438645 ], [ 34.188089124, 1.172665002 ], [ 34.18682292, 1.174129293 ], [ 34.186114583, 1.180348911 ], [ 34.183899571, 1.184903758 ], [ 34.184416001, 1.198493655 ], [ 34.18850523, 1.203780788 ], [ 34.189445797, 1.212491399 ], [ 34.200640554, 1.227169378 ], [ 34.201559843, 1.230464008 ], [ 34.21379829, 1.240698643 ], [ 34.225334869, 1.254641032 ], [ 34.240767145, 1.280928038 ], [ 34.244507785, 1.291020614 ], [ 34.243110009, 1.292340134 ], [ 34.243397357, 1.297704287 ], [ 34.240452634, 1.298610243 ], [ 34.242029399, 1.305980228 ], [ 34.240074163, 1.307046442 ], [ 34.242786235, 1.308889255 ], [ 34.241060919, 1.310871693 ], [ 34.242834662, 1.313316656 ], [ 34.242018059, 1.315490433 ], [ 34.244244032, 1.318534155 ], [ 34.246325609, 1.317494277 ], [ 34.246201709, 1.318837651 ], [ 34.247634082, 1.318478711 ], [ 34.246487796, 1.321839416 ], [ 34.244851813, 1.321758875 ], [ 34.24655229, 1.32717144 ], [ 34.24466554, 1.329656544 ], [ 34.245923377, 1.334308291 ], [ 34.24403094, 1.334945851 ], [ 34.246632564, 1.335480598 ], [ 34.247985164, 1.338264795 ], [ 34.245668486, 1.340910896 ], [ 34.247051558, 1.34232021 ], [ 34.246475333, 1.344133395 ], [ 34.244497037, 1.343792446 ], [ 34.244269879, 1.34558203 ], [ 34.247365172, 1.345800606 ], [ 34.248259919, 1.347959681 ], [ 34.251583696, 1.34899791 ], [ 34.253203014, 1.357241707 ], [ 34.257271945, 1.359122725 ], [ 34.256429822, 1.359750883 ], [ 34.258170382, 1.362742158 ], [ 34.256762145, 1.36333431 ], [ 34.259880683, 1.363482568 ], [ 34.25999448, 1.367487705 ], [ 34.262451644, 1.366779054 ], [ 34.260321294, 1.369408153 ], [ 34.261234502, 1.371201808 ], [ 34.264110946, 1.371219016 ], [ 34.262268023, 1.37165565 ], [ 34.26349084, 1.373384883 ], [ 34.262689627, 1.374009422 ], [ 34.265063358, 1.376736768 ], [ 34.268591706, 1.376843387 ], [ 34.268043818, 1.381291848 ], [ 34.2661879, 1.381009653 ], [ 34.265036357, 1.382473437 ], [ 34.266203071, 1.384347278 ], [ 34.270203133, 1.38517447 ], [ 34.269098737, 1.387096732 ], [ 34.270071629, 1.389826993 ], [ 34.274125927, 1.391834106 ], [ 34.27326267, 1.393661842 ], [ 34.274895167, 1.39515174 ], [ 34.273867336, 1.396551687 ], [ 34.275969536, 1.401583642 ], [ 34.274981615, 1.402085144 ], [ 34.27558297, 1.404147588 ], [ 34.273738445, 1.404340145 ], [ 34.275056718, 1.40559182 ], [ 34.273237807, 1.406584086 ], [ 34.273301665, 1.408790087 ], [ 34.271618222, 1.409070963 ], [ 34.273280301, 1.411386989 ], [ 34.27212631, 1.414595976 ], [ 34.267039386, 1.415482832 ], [ 34.267273739, 1.419187156 ], [ 34.26286187, 1.419566495 ], [ 34.26283439, 1.42287433 ], [ 34.265240843, 1.42418633 ], [ 34.262911489, 1.427384418 ], [ 34.263689922, 1.433571217 ], [ 34.25919703, 1.437573688 ], [ 34.260252418, 1.439923204 ], [ 34.258526868, 1.438856041 ], [ 34.256167058, 1.440147107 ], [ 34.254886132, 1.438762186 ], [ 34.255237378, 1.441404903 ], [ 34.251725945, 1.441500992 ], [ 34.249933076, 1.443656695 ], [ 34.249185203, 1.442308257 ], [ 34.249429317, 1.446088124 ], [ 34.245154636, 1.44663566 ], [ 34.24519041, 1.448785955 ], [ 34.242746546, 1.447093754 ], [ 34.240713607, 1.451146599 ], [ 34.239212776, 1.450550897 ], [ 34.238878269, 1.454625116 ], [ 34.239969405, 1.455398062 ], [ 34.238213648, 1.4574029 ], [ 34.239821023, 1.459236099 ], [ 34.234125388, 1.46482014 ], [ 34.23049779, 1.464876423 ], [ 34.227126983, 1.473308427 ], [ 34.230110608, 1.496127817 ], [ 34.22956819, 1.561541322 ], [ 34.229507155, 1.579334968 ], [ 34.121855917, 1.575524865 ], [ 34.113321475, 1.570409684 ], [ 34.109517742, 1.56521051 ], [ 34.107298077, 1.558626499 ], [ 34.107354686, 1.541105148 ], [ 34.105491573, 1.537297925 ], [ 34.093913943, 1.527190912 ], [ 34.086259519, 1.516511898 ], [ 34.054155853, 1.499983208 ], [ 34.047841587, 1.494160784 ], [ 34.04378305, 1.477979812 ], [ 34.037316262, 1.470094921 ], [ 34.032485753, 1.466686902 ], [ 34.028244676, 1.45862903 ], [ 34.020227035, 1.453358973 ], [ 34.008818159, 1.452142945 ], [ 34.009073935, 1.447466104 ], [ 34.012554437, 1.440698219 ], [ 34.02361191, 1.426256057 ], [ 34.025116289, 1.416069756 ], [ 34.022325289, 1.411765171 ], [ 34.014710197, 1.391053472 ], [ 34.016601766, 1.383535528 ], [ 34.023060958, 1.372216361 ], [ 34.023865855, 1.36541353 ], [ 34.018230021, 1.352353704 ], [ 34.010334811, 1.342994529 ], [ 34.008167064, 1.319557499 ], [ 34.004234062, 1.31462908 ], [ 33.998176036, 1.311112663 ], [ 33.993361299, 1.305153316 ], [ 33.983661286, 1.302343864 ], [ 33.976669648, 1.291400957 ], [ 33.954443285, 1.278916876 ], [ 33.935965726, 1.276390832 ], [ 33.932640336, 1.271986595 ], [ 33.925395835, 1.267909422 ], [ 33.918017348, 1.256559156 ], [ 33.919850003, 1.252523926 ], [ 33.925526172, 1.24726611 ], [ 33.926442853, 1.24225423 ], [ 33.930323314, 1.235884388 ], [ 33.936901631, 1.230807193 ], [ 33.952406526, 1.231145404 ], [ 33.96080924, 1.227566139 ], [ 33.979934918, 1.225083576 ], [ 33.991288463, 1.219217583 ], [ 33.999923494, 1.209462847 ], [ 34.004974155, 1.207244715 ], [ 34.012235733, 1.206876026 ], [ 34.025068038, 1.212791307 ], [ 34.033098337, 1.213095785 ], [ 34.038329499, 1.210108643 ], [ 34.047725498, 1.200769736 ], [ 34.078664095, 1.192607415 ], [ 34.087575725, 1.187773483 ], [ 34.10199559, 1.1866402 ], [ 34.105705504, 1.183048268 ], [ 34.114866989, 1.179024464 ], [ 34.120298194, 1.174593415 ], [ 34.127859682, 1.170163585 ], [ 34.134048426, 1.169129876 ], [ 34.137173215, 1.163954559 ], [ 34.146455881, 1.159346607 ], [ 34.152493642, 1.164273921 ], [ 34.160870386, 1.165473499 ], [ 34.16995106, 1.16028668 ] ] ] } },
{ "type": "Feature", "properties": { "shapeName": "Bukwo", "shapeISO": "", "shapeID": "80733802B94283447374874", "shapeGroup": "UGA", "shapeType": "ADM2" }, "geometry": { "type": "Polygon", "coordinates": [ [ [ 34.57519114, 1.099430984 ], [ 34.579842155, 1.14708816 ], [ 34.61195946, 1.156168182 ], [ 34.621071737, 1.164723229 ], [ 34.637919941, 1.169382624 ], [ 34.641495869, 1.173140567 ], [ 34.649144577, 1.17608157 ], [ 34.655728824, 1.180863175 ], [ 34.657510785, 1.184898475 ], [ 34.664119664, 1.189384557 ], [ 34.66951799, 1.20496163 ], [ 34.695775429, 1.210356835 ], [ 34.70184702, 1.213103822 ], [ 34.71117409, 1.212396239 ], [ 34.721079891, 1.214877433 ], [ 34.740651406, 1.216400094 ], [ 34.743258401, 1.218162937 ], [ 34.750730891, 1.216946515 ], [ 34.758380484, 1.218817878 ], [ 34.768993539, 1.21587246 ], [ 34.774111078, 1.220076856 ], [ 34.779073431, 1.219145018 ], [ 34.783676086, 1.221727721 ], [ 34.786885887, 1.219433636 ], [ 34.795083268, 1.219122543 ], [ 34.799360468, 1.224009087 ], [ 34.806556851, 1.228611529 ], [ 34.807996347, 1.233311893 ], [ 34.812296387, 1.237363843 ], [ 34.811422982, 1.240890449 ], [ 34.813644756, 1.245366931 ], [ 34.819131771, 1.247863154 ], [ 34.818512523, 1.252909431 ], [ 34.820635571, 1.260131071 ], [ 34.8255821, 1.261793441 ], [ 34.832264942, 1.268237573 ], [ 34.82974129, 1.272162441 ], [ 34.829123431, 1.283782724 ], [ 34.828967252, 1.293883508 ], [ 34.830719732, 1.301604672 ], [ 34.829387757, 1.307772751 ], [ 34.809464604, 1.332718249 ], [ 34.796828348, 1.352187765 ], [ 34.7874523, 1.363597051 ], [ 34.782798424, 1.368909487 ], [ 34.781357568, 1.375864567 ], [ 34.776852846, 1.382098534 ], [ 34.776357059, 1.384459115 ], [ 34.778585569, 1.390751307 ], [ 34.777542013, 1.393568286 ], [ 34.77053539, 1.39661725 ], [ 34.770729356, 1.398680559 ], [ 34.769743111, 1.398245585 ], [ 34.769138929, 1.400107917 ], [ 34.767629726, 1.399486078 ], [ 34.764917551, 1.401278653 ], [ 34.758998917, 1.40925004 ], [ 34.754878671, 1.409316476 ], [ 34.753629021, 1.412299692 ], [ 34.750193332, 1.413696879 ], [ 34.752162218, 1.415919968 ], [ 34.749268035, 1.418057691 ], [ 34.748464287, 1.416942208 ], [ 34.748079983, 1.418606643 ], [ 34.746337801, 1.416983828 ], [ 34.746653481, 1.419207782 ], [ 34.742604524, 1.421035025 ], [ 34.743436321, 1.422446517 ], [ 34.741982987, 1.424371796 ], [ 34.738855059, 1.42471821 ], [ 34.738884655, 1.427074402 ], [ 34.734349762, 1.432886399 ], [ 34.734577734, 1.434750399 ], [ 34.733210055, 1.434315403 ], [ 34.730612476, 1.436941636 ], [ 34.729117551, 1.43644673 ], [ 34.725940081, 1.439721477 ], [ 34.723160971, 1.437596876 ], [ 34.722179303, 1.435819718 ], [ 34.723559742, 1.429724426 ], [ 34.722195722, 1.429066329 ], [ 34.724133459, 1.421609142 ], [ 34.721834169, 1.419320127 ], [ 34.723368015, 1.417352393 ], [ 34.722952154, 1.414669069 ], [ 34.719089123, 1.412743497 ], [ 34.710850081, 1.402566128 ], [ 34.71052477, 1.398857015 ], [ 34.707463102, 1.396497868 ], [ 34.708967821, 1.395365264 ], [ 34.707803194, 1.393624587 ], [ 34.697896163, 1.388456392 ], [ 34.694544389, 1.382047897 ], [ 34.686774935, 1.379405731 ], [ 34.681423041, 1.374933325 ], [ 34.678750118, 1.374447457 ], [ 34.674163951, 1.364475807 ], [ 34.667259479, 1.359217351 ], [ 34.662461462, 1.352166774 ], [ 34.657123437, 1.352043846 ], [ 34.64920464, 1.354459018 ], [ 34.624620422, 1.344505511 ], [ 34.6098644, 1.342091654 ], [ 34.600632132, 1.338597831 ], [ 34.592458493, 1.330753183 ], [ 34.592168297, 1.325743108 ], [ 34.589705993, 1.324514746 ], [ 34.589923653, 1.321493973 ], [ 34.585792417, 1.313420499 ], [ 34.582183215, 1.312011967 ], [ 34.578833352, 1.305927586 ], [ 34.574856236, 1.302601956 ], [ 34.574475113, 1.299319269 ], [ 34.572010615, 1.297222635 ], [ 34.571643523, 1.29481719 ], [ 34.568079329, 1.293499006 ], [ 34.567505049, 1.28657173 ], [ 34.566129075, 1.285577752 ], [ 34.565290955, 1.280631247 ], [ 34.566759243, 1.272725963 ], [ 34.564614633, 1.269245366 ], [ 34.564320808, 1.265329527 ], [ 34.56745214, 1.253645727 ], [ 34.560269344, 1.24688311 ], [ 34.557783652, 1.240518671 ], [ 34.553896823, 1.236337381 ], [ 34.552448596, 1.229034828 ], [ 34.554546796, 1.223259349 ], [ 34.554776586, 1.211831209 ], [ 34.558973475, 1.202206013 ], [ 34.557621191, 1.190323033 ], [ 34.558356838, 1.171158474 ], [ 34.554638698, 1.157175726 ], [ 34.55521744, 1.153927135 ], [ 34.556811313, 1.153285778 ], [ 34.553956583, 1.148179214 ], [ 34.557230054, 1.142900964 ], [ 34.559683487, 1.127399854 ], [ 34.568069643, 1.113394618 ], [ 34.570640142, 1.105720222 ], [ 34.57519114, 1.099430984 ] ] ] } },
{ "type": "Feature", "properties": { "shapeName": "Bulambuli", "shapeISO": "", "shapeID": "80733802B42151052275004", "shapeGroup": "UGA", "shapeType": "ADM2" }, "geometry": { "type": "Polygon", "coordinates": [ [ [ 34.244507785, 1.291020614 ], [ 34.246052554, 1.288764454 ], [ 34.245253541, 1.287939039 ], [ 34.247266355, 1.287688468 ], [ 34.246725533, 1.285383811 ], [ 34.250579516, 1.283899337 ], [ 34.248523834, 1.278608629 ], [ 34.249706123, 1.276213351 ], [ 34.247974237, 1.276189297 ], [ 34.249577975, 1.275553522 ], [ 34.24934545, 1.272220979 ], [ 34.250384403, 1.2718677 ], [ 34.248726099, 1.270507225 ], [ 34.250234583, 1.269016546 ], [ 34.249334603, 1.266817348 ], [ 34.252602055, 1.261656991 ], [ 34.254152729, 1.262166719 ], [ 34.252985077, 1.260693947 ], [ 34.255137064, 1.259717592 ], [ 34.254884727, 1.258036864 ], [ 34.257272451, 1.258525434 ], [ 34.256731177, 1.25623061 ], [ 34.257675355, 1.25603094 ], [ 34.257072782, 1.254889915 ], [ 34.255881481, 1.25568319 ], [ 34.257167396, 1.254416741 ], [ 34.255694343, 1.252371381 ], [ 34.256978299, 1.249386734 ], [ 34.266871429, 1.254789936 ], [ 34.2745138, 1.262773423 ], [ 34.278740636, 1.275664554 ], [ 34.282813837, 1.278294995 ], [ 34.289762483, 1.279101193 ], [ 34.296424358, 1.282533905 ], [ 34.299463616, 1.287173486 ], [ 34.302270319, 1.28696901 ], [ 34.304492141, 1.284644666 ], [ 34.304153197, 1.281768643 ], [ 34.305311167, 1.28088961 ], [ 34.30368118, 1.279286529 ], [ 34.30437647, 1.276563776 ], [ 34.307852133, 1.273796222 ], [ 34.313767008, 1.273638149 ], [ 34.319766245, 1.260268855 ], [ 34.330657289, 1.252244237 ], [ 34.33375, 1.238599661 ], [ 34.340184493, 1.229123041 ], [ 34.34625342, 1.224163408 ], [ 34.374400474, 1.207311434 ], [ 34.392295597, 1.199830304 ], [ 34.39551953, 1.191443838 ], [ 34.401444355, 1.186102181 ], [ 34.403890568, 1.179082515 ], [ 34.408828696, 1.174446013 ], [ 34.40938074, 1.17110173 ], [ 34.411217272, 1.169577233 ], [ 34.41011393, 1.168010032 ], [ 34.424936685, 1.160803737 ], [ 34.424055645, 1.15830278 ], [ 34.416021945, 1.154800362 ], [ 34.426342163, 1.138859414 ], [ 34.431764694, 1.142322134 ], [ 34.43899016, 1.142227751 ], [ 34.443862285, 1.140864787 ], [ 34.444883799, 1.139360862 ], [ 34.46372004, 1.13590432 ], [ 34.467332347, 1.132315818 ], [ 34.479998849, 1.129259342 ], [ 34.485366306, 1.130588471 ], [ 34.504617159, 1.130550955 ], [ 34.511482642, 1.132751699 ], [ 34.526790285, 1.129958014 ], [ 34.523488195, 1.14439822 ], [ 34.524956091, 1.15792741 ], [ 34.529097454, 1.16769276 ], [ 34.53532015, 1.174418119 ], [ 34.536546366, 1.180015702 ], [ 34.52793953, 1.19753888 ], [ 34.514597872, 1.218148896 ], [ 34.508542295, 1.223524557 ], [ 34.507357444, 1.226772085 ], [ 34.499007853, 1.235504475 ], [ 34.486872972, 1.240322895 ], [ 34.474653542, 1.248786216 ], [ 34.468123705, 1.248012095 ], [ 34.459441709, 1.252303992 ], [ 34.454080837, 1.253021508 ], [ 34.452074829, 1.257309668 ], [ 34.43886778, 1.264851072 ], [ 34.434127666, 1.27108536 ], [ 34.426744752, 1.2768056 ], [ 34.424242303, 1.278208896 ], [ 34.422193156, 1.277685467 ], [ 34.420028847, 1.28039047 ], [ 34.404191805, 1.287476716 ], [ 34.398948867, 1.294730497 ], [ 34.388223418, 1.296941568 ], [ 34.374572841, 1.295173527 ], [ 34.351212485, 1.302347932 ], [ 34.344687183, 1.302005272 ], [ 34.342097683, 1.303405647 ], [ 34.340271979, 1.302317426 ], [ 34.339771744, 1.303964622 ], [ 34.337912226, 1.303075219 ], [ 34.336744557, 1.304607578 ], [ 34.334000135, 1.304632575 ], [ 34.333963833, 1.306740284 ], [ 34.330195849, 1.305874708 ], [ 34.328063831, 1.31021115 ], [ 34.318881474, 1.312199329 ], [ 34.306353852, 1.337209002 ], [ 34.305883469, 1.346236111 ], [ 34.307895813, 1.352231818 ], [ 34.312263746, 1.361093465 ], [ 34.323388983, 1.37742239 ], [ 34.325729006, 1.388655592 ], [ 34.331268612, 1.387059776 ], [ 34.339807452, 1.394209368 ], [ 34.350306261, 1.392891826 ], [ 34.353757892, 1.397275293 ], [ 34.350281579, 1.401782859 ], [ 34.350949181, 1.407218382 ], [ 34.352324718, 1.409107937 ], [ 34.362977075, 1.412963777 ], [ 34.360216723, 1.42409044 ], [ 34.365049467, 1.425968862 ], [ 34.370381247, 1.432070837 ], [ 34.374830121, 1.432592744 ], [ 34.374107072, 1.437965726 ], [ 34.375172594, 1.440768928 ], [ 34.382029914, 1.44209431 ], [ 34.387514972, 1.447029316 ], [ 34.392998872, 1.444520567 ], [ 34.3980642, 1.43449602 ], [ 34.403388217, 1.44615119 ], [ 34.409043207, 1.449738349 ], [ 34.430537738, 1.442850959 ], [ 34.43131968, 1.444785976 ], [ 34.426585733, 1.458871239 ], [ 34.426761791, 1.462823567 ], [ 34.429612517, 1.464901963 ], [ 34.436537577, 1.460655659 ], [ 34.446033554, 1.461065554 ], [ 34.445681789, 1.465779613 ], [ 34.444141061, 1.466764902 ], [ 34.44546964, 1.47046495 ], [ 34.443819712, 1.471977891 ], [ 34.446609381, 1.473902424 ], [ 34.447600558, 1.476506447 ], [ 34.44819752, 1.481791978 ], [ 34.44597873, 1.48274084 ], [ 34.441410875, 1.494054892 ], [ 34.444348937, 1.495128924 ], [ 34.444182777, 1.500593266 ], [ 34.44624725, 1.502368279 ], [ 34.44342727, 1.507283066 ], [ 34.443793905, 1.508957565 ], [ 34.441605442, 1.508808979 ], [ 34.441117307, 1.512507299 ], [ 34.43327038, 1.520604401 ], [ 34.431749867, 1.524622877 ], [ 34.428470949, 1.527212918 ], [ 34.424207932, 1.528198774 ], [ 34.424090318, 1.530423792 ], [ 34.394943772, 1.55740506 ], [ 34.393139702, 1.560201048 ], [ 34.393896216, 1.562723883 ], [ 34.395780646, 1.564254248 ], [ 34.390932357, 1.565166416 ], [ 34.388768625, 1.564043687 ], [ 34.386285634, 1.565396754 ], [ 34.378725006, 1.562316289 ], [ 34.375718826, 1.563263075 ], [ 34.374577194, 1.562187484 ], [ 34.370513658, 1.563744886 ], [ 34.363677755, 1.560317048 ], [ 34.362440468, 1.558356513 ], [ 34.357333219, 1.563263227 ], [ 34.347554972, 1.567802255 ], [ 34.342384237, 1.566478108 ], [ 34.343285285, 1.563033185 ], [ 34.339324667, 1.558335634 ], [ 34.336495957, 1.558146104 ], [ 34.330016091, 1.553928516 ], [ 34.328065115, 1.550963779 ], [ 34.306864549, 1.554230179 ], [ 34.304082708, 1.552988107 ], [ 34.299294203, 1.554797019 ], [ 34.296892035, 1.552526158 ], [ 34.283482287, 1.546745887 ], [ 34.280796842, 1.547704316 ], [ 34.277301918, 1.546486546 ], [ 34.271633136, 1.547099946 ], [ 34.272157687, 1.54980256 ], [ 34.267492205, 1.558739438 ], [ 34.262286504, 1.558718685 ], [ 34.260374755, 1.561650022 ], [ 34.22956819, 1.561541322 ], [ 34.230110608, 1.496127817 ], [ 34.227126983, 1.473308427 ], [ 34.23049779, 1.464876423 ], [ 34.234125388, 1.46482014 ], [ 34.239821023, 1.459236099 ], [ 34.238213648, 1.4574029 ], [ 34.239969405, 1.455398062 ], [ 34.238878269, 1.454625116 ], [ 34.239212776, 1.450550897 ], [ 34.240713607, 1.451146599 ], [ 34.242746546, 1.447093754 ], [ 34.24519041, 1.448785955 ], [ 34.245154636, 1.44663566 ], [ 34.249429317, 1.446088124 ], [ 34.249185203, 1.442308257 ], [ 34.249933076, 1.443656695 ], [ 34.251725945, 1.441500992 ], [ 34.255237378, 1.441404903 ], [ 34.254886132, 1.438762186 ], [ 34.256167058, 1.440147107 ], [ 34.258526868, 1.438856041 ], [ 34.260252418, 1.439923204 ], [ 34.25919703, 1.437573688 ], [ 34.263689922, 1.433571217 ], [ 34.262911489, 1.427384418 ], [ 34.265240843, 1.42418633 ], [ 34.26283439, 1.42287433 ], [ 34.26286187, 1.419566495 ], [ 34.267273739, 1.419187156 ], [ 34.267039386, 1.415482832 ], [ 34.27212631, 1.414595976 ], [ 34.273280301, 1.411386989 ], [ 34.271618222, 1.409070963 ], [ 34.273301665, 1.408790087 ], [ 34.273237807, 1.406584086 ], [ 34.275056718, 1.40559182 ], [ 34.273738445, 1.404340145 ], [ 34.27558297, 1.404147588 ], [ 34.274981615, 1.402085144 ], [ 34.275969536, 1.401583642 ], [ 34.273867336, 1.396551687 ], [ 34.274895167, 1.39515174 ], [ 34.27326267, 1.393661842 ], [ 34.274125927, 1.391834106 ], [ 34.270071629, 1.389826993 ], [ 34.269098737, 1.387096732 ], [ 34.270203133, 1.38517447 ], [ 34.266203071, 1.384347278 ], [ 34.265036357, 1.382473437 ], [ 34.2661879, 1.381009653 ], [ 34.268043818, 1.381291848 ], [ 34.268591706, 1.376843387 ], [ 34.265063358, 1.376736768 ], [ 34.262689627, 1.374009422 ], [ 34.26349084, 1.373384883 ], [ 34.262268023, 1.37165565 ], [ 34.264110946, 1.371219016 ], [ 34.261234502, 1.371201808 ], [ 34.260321294, 1.369408153 ], [ 34.262451644, 1.366779054 ], [ 34.25999448, 1.367487705 ], [ 34.259880683, 1.363482568 ], [ 34.256762145, 1.36333431 ], [ 34.258170382, 1.362742158 ], [ 34.256429822, 1.359750883 ], [ 34.257271945, 1.359122725 ], [ 34.253203014, 1.357241707 ], [ 34.251583696, 1.34899791 ], [ 34.248259919, 1.347959681 ], [ 34.247365172, 1.345800606 ], [ 34.244269879, 1.34558203 ], [ 34.244497037, 1.343792446 ], [ 34.246475333, 1.344133395 ], [ 34.247051558, 1.34232021 ], [ 34.245668486, 1.340910896 ], [ 34.247985164, 1.338264795 ], [ 34.246632564, 1.335480598 ], [ 34.24403094, 1.334945851 ], [ 34.245923377, 1.334308291 ], [ 34.24466554, 1.329656544 ], [ 34.24655229, 1.32717144 ], [ 34.244851813, 1.321758875 ], [ 34.246487796, 1.321839416 ], [ 34.247634082, 1.318478711 ], [ 34.246201709, 1.318837651 ], [ 34.246325609, 1.317494277 ], [ 34.244244032, 1.318534155 ], [ 34.242018059, 1.315490433 ], [ 34.242834662, 1.313316656 ], [ 34.241060919, 1.310871693 ], [ 34.242786235, 1.308889255 ], [ 34.240074163, 1.307046442 ], [ 34.242029399, 1.305980228 ], [ 34.240452634, 1.298610243 ], [ 34.243397357, 1.297704287 ], [ 34.243110009, 1.292340134 ], [ 34.244507785, 1.291020614 ] ] ] } },
{ "type": "Feature", "properties": { "shapeName": "Busia", "shapeISO": "", "shapeID": "80733802B5103217417883", "shapeGroup": "UGA", "shapeType": "ADM2" }, "geometry": { "type": "Polygon", "coordinates": [ [ [ 33.901579679, 0.481739206 ], [ 33.906258317, 0.477075541 ], [ 33.908383758, 0.476643498 ], [ 33.909360781, 0.472236888 ], [ 33.912331239, 0.470807882 ], [ 33.909921952, 0.465120322 ], [ 33.912855228, 0.459540872 ], [ 33.911146122, 0.456072008 ], [ 33.912191076, 0.446823479 ], [ 33.914101265, 0.444078235 ], [ 33.918706466, 0.443498702 ], [ 33.921852331, 0.440929193 ], [ 33.934047839, 0.423848093 ], [ 33.932135442, 0.419135526 ], [ 33.930313515, 0.405969905 ], [ 33.926073396, 0.397193176 ], [ 33.926300542, 0.392846668 ], [ 33.919935004, 0.382929424 ], [ 33.911051045, 0.374237293 ], [ 33.906016681, 0.362762865 ], [ 33.896984513, 0.354269365 ], [ 33.883976081, 0.345450525 ], [ 33.879483137, 0.339263295 ], [ 33.885723568, 0.325371299 ], [ 33.882919778, 0.313419245 ], [ 33.890486502, 0.309409651 ], [ 33.893963644, 0.305003835 ], [ 33.896891019, 0.294338078 ], [ 33.900331114, 0.290113209 ], [ 33.904922212, 0.274797597 ], [ 33.907977086, 0.271061278 ], [ 33.912382642, 0.259879844 ], [ 33.912659685, 0.254434015 ], [ 33.919986443, 0.246898021 ], [ 33.92535698, 0.230867357 ], [ 33.972835669, 0.189858923 ], [ 33.997634946, 0.223427076 ], [ 34.008205345, 0.240794546 ], [ 34.013507624, 0.244747214 ], [ 34.017178954, 0.250569576 ], [ 34.018775559, 0.250239732 ], [ 34.022654753, 0.25283595 ], [ 34.023289423, 0.254257806 ], [ 34.021611196, 0.257750888 ], [ 34.024886754, 0.262923061 ], [ 34.02399667, 0.26706521 ], [ 34.025787683, 0.266148032 ], [ 34.025556854, 0.267514916 ], [ 34.02677692, 0.267782794 ], [ 34.027242666, 0.266721992 ], [ 34.02868472, 0.268932721 ], [ 34.030059854, 0.266721752 ], [ 34.031723716, 0.268731474 ], [ 34.032422373, 0.267625989 ], [ 34.033919852, 0.269468234 ], [ 34.035594613, 0.26922244 ], [ 34.035661275, 0.270551175 ], [ 34.03863372, 0.270394595 ], [ 34.038301206, 0.272985109 ], [ 34.041196074, 0.273554314 ], [ 34.042549439, 0.276211672 ], [ 34.038656635, 0.278791338 ], [ 34.039899016, 0.280588934 ], [ 34.041351904, 0.279829522 ], [ 34.039522248, 0.284318372 ], [ 34.043215749, 0.285535112 ], [ 34.041430146, 0.286517874 ], [ 34.042461719, 0.287455712 ], [ 34.039688875, 0.28715449 ], [ 34.039633521, 0.288271083 ], [ 34.042439687, 0.289097097 ], [ 34.041929666, 0.291017674 ], [ 34.044669093, 0.289766841 ], [ 34.045412361, 0.291430483 ], [ 34.04873974, 0.291463667 ], [ 34.049438684, 0.293551614 ], [ 34.04840727, 0.294322156 ], [ 34.050714296, 0.294813232 ], [ 34.049056134, 0.300891916 ], [ 34.049663, 0.302698984 ], [ 34.052415123, 0.303964331 ], [ 34.051183174, 0.305960477 ], [ 34.054685747, 0.306262365 ], [ 34.061240954, 0.310833029 ], [ 34.059011088, 0.312602509 ], [ 34.058771196, 0.318515124 ], [ 34.056932622, 0.321046546 ], [ 34.059046806, 0.322481948 ], [ 34.060829192, 0.320976875 ], [ 34.062580547, 0.321788949 ], [ 34.062280479, 0.323218306 ], [ 34.071155559, 0.322373619 ], [ 34.07149341, 0.32338733 ], [ 34.072662898, 0.322379755 ], [ 34.074664577, 0.324602225 ], [ 34.073945431, 0.325754574 ], [ 34.075435804, 0.325780476 ], [ 34.075177764, 0.327567849 ], [ 34.075873745, 0.326312913 ], [ 34.079218349, 0.329179324 ], [ 34.081638785, 0.328662742 ], [ 34.080913412, 0.330041765 ], [ 34.082502033, 0.329846397 ], [ 34.080719752, 0.332138537 ], [ 34.082752543, 0.332862413 ], [ 34.081639406, 0.334342225 ], [ 34.08470404, 0.333718524 ], [ 34.085630072, 0.337017806 ], [ 34.091228202, 0.340240991 ], [ 34.090077967, 0.340524074 ], [ 34.091140885, 0.342400709 ], [ 34.092118049, 0.341783147 ], [ 34.092289893, 0.343846824 ], [ 34.093303852, 0.342825815 ], [ 34.09479268, 0.343513476 ], [ 34.094591546, 0.345620445 ], [ 34.096288729, 0.344461789 ], [ 34.099798759, 0.347270634 ], [ 34.098051672, 0.352158079 ], [ 34.099267594, 0.351967748 ], [ 34.099483237, 0.355140932 ], [ 34.1084738, 0.36738477 ], [ 34.109344444, 0.378162716 ], [ 34.101112664, 0.411144279 ], [ 34.090740875, 0.424189618 ], [ 34.090186942, 0.436280232 ], [ 34.092317239, 0.43975703 ], [ 34.091115087, 0.448766722 ], [ 34.088917467, 0.454081109 ], [ 34.099861492, 0.465827761 ], [ 34.104054754, 0.468089564 ], [ 34.112827692, 0.47680032 ], [ 34.120063581, 0.481038192 ], [ 34.117835879, 0.488196199 ], [ 34.117702409, 0.49240878 ], [ 34.11930446, 0.49456966 ], [ 34.117621243, 0.508229105 ], [ 34.123173412, 0.51360936 ], [ 34.123349999, 0.515353134 ], [ 34.12283877, 0.517083832 ], [ 34.116798673, 0.520358852 ], [ 34.126875942, 0.536521498 ], [ 34.128193111, 0.555788338 ], [ 34.138344139, 0.582913965 ], [ 34.135778014, 0.584466777 ], [ 34.134053386, 0.581991821 ], [ 34.132111736, 0.582869886 ], [ 34.130617461, 0.581589589 ], [ 34.128799045, 0.582814207 ], [ 34.123780813, 0.580235073 ], [ 34.116236716, 0.582998441 ], [ 34.113702193, 0.581051111 ], [ 34.110540505, 0.583489239 ], [ 34.107825917, 0.583225193 ], [ 34.105217447, 0.586258486 ], [ 34.100408641, 0.587091645 ], [ 34.098361149, 0.584731132 ], [ 34.092954895, 0.583282096 ], [ 34.088306872, 0.585625864 ], [ 34.087513334, 0.588473113 ], [ 34.083572962, 0.586112581 ], [ 34.080421061, 0.586285376 ], [ 34.075608441, 0.590473956 ], [ 34.067771797, 0.592904445 ], [ 34.066048971, 0.591619582 ], [ 34.066537327, 0.589953035 ], [ 34.063763941, 0.589141867 ], [ 34.065494008, 0.588331467 ], [ 34.065488791, 0.584819129 ], [ 34.059824709, 0.582698995 ], [ 34.050033643, 0.585416586 ], [ 34.049687119, 0.588720685 ], [ 34.047624228, 0.590055399 ], [ 34.037363528, 0.58899306 ], [ 34.033643599, 0.590519326 ], [ 34.031368336, 0.588319463 ], [ 34.024955798, 0.587646137 ], [ 34.024661446, 0.585048691 ], [ 34.022786491, 0.584978034 ], [ 34.022768621, 0.58367041 ], [ 34.02070588, 0.585232843 ], [ 34.01837235, 0.584493663 ], [ 34.017155296, 0.582292809 ], [ 34.018213031, 0.581032322 ], [ 34.016267513, 0.580790085 ], [ 34.016460763, 0.576825744 ], [ 34.012598991, 0.575648981 ], [ 34.007327171, 0.577966604 ], [ 34.000489065, 0.576141822 ], [ 34.000179866, 0.57493798 ], [ 33.994006731, 0.580140605 ], [ 33.984930907, 0.576138803 ], [ 33.983883897, 0.576841743 ], [ 33.982533185, 0.575021724 ], [ 33.981703818, 0.576922768 ], [ 33.979645908, 0.57644297 ], [ 33.978726536, 0.578002028 ], [ 33.972100328, 0.561370686 ], [ 33.97297264, 0.55243849 ], [ 33.955975834, 0.538061632 ], [ 33.952924646, 0.542259499 ], [ 33.949716846, 0.543408863 ], [ 33.948768176, 0.546403272 ], [ 33.946522334, 0.546937351 ], [ 33.942645692, 0.5448845 ], [ 33.940253735, 0.541239292 ], [ 33.939667157, 0.536019773 ], [ 33.936934429, 0.536861486 ], [ 33.935293187, 0.535685743 ], [ 33.936084838, 0.53008345 ], [ 33.932370842, 0.523012551 ], [ 33.92587584, 0.516491245 ], [ 33.920293538, 0.5063694 ], [ 33.912479374, 0.500246246 ], [ 33.906498819, 0.497487992 ], [ 33.900476713, 0.491629264 ], [ 33.901579679, 0.481739206 ] ] ] } },
{ "type": "Feature", "properties": { "shapeName": "Butaleja", "shapeISO": "", "shapeID": "80733802B90142420034111", "shapeGroup": "UGA", "shapeType": "ADM2" }, "geometry": { "type": "Polygon", "coordinates": [ [ [ 33.863247332, 0.94226379 ], [ 33.772815545, 0.956679019 ], [ 33.766080165, 0.954057053 ], [ 33.759783908, 0.945708514 ], [ 33.767179464, 0.9364161 ], [ 33.786114419, 0.924443377 ], [ 33.791583959, 0.91832674 ], [ 33.791134947, 0.886202839 ], [ 33.786936179, 0.825004323 ], [ 33.791635298, 0.811316075 ], [ 33.794259505, 0.794199647 ], [ 33.797571973, 0.783913181 ], [ 33.798901083, 0.773048134 ], [ 33.801534941, 0.768053994 ], [ 33.80132599, 0.764996333 ], [ 33.809297779, 0.756156459 ], [ 33.81315237, 0.755486296 ], [ 33.815287214, 0.752220134 ], [ 33.813150759, 0.74833207 ], [ 33.81801346, 0.745885899 ], [ 33.81881617, 0.743844708 ], [ 33.81602751, 0.736761911 ], [ 33.822799025, 0.734668691 ], [ 33.829652636, 0.736993521 ], [ 33.832556355, 0.735296198 ], [ 33.835074292, 0.730227707 ], [ 33.837754388, 0.730624117 ], [ 33.83898258, 0.727908016 ], [ 33.837650668, 0.723833605 ], [ 33.842198395, 0.721258431 ], [ 33.840218003, 0.71792281 ], [ 33.844008127, 0.711979536 ], [ 33.843813293, 0.70897684 ], [ 33.842179169, 0.707741675 ], [ 33.843937786, 0.702877559 ], [ 33.849256117, 0.700157974 ], [ 33.855623609, 0.701137911 ], [ 33.859321728, 0.698514254 ], [ 33.864938011, 0.693649261 ], [ 33.873438908, 0.69506662 ], [ 33.880965093, 0.691381915 ], [ 33.886843119, 0.696842984 ], [ 33.88897495, 0.701818013 ], [ 33.895158768, 0.705163927 ], [ 33.890530145, 0.717532575 ], [ 33.893360789, 0.727137764 ], [ 33.898093451, 0.731343123 ], [ 33.895971825, 0.738408655 ], [ 33.896687503, 0.741855121 ], [ 33.904157401, 0.752491923 ], [ 33.910925392, 0.758298154 ], [ 33.912313867, 0.766620349 ], [ 33.917778497, 0.773322382 ], [ 33.918708669, 0.778858434 ], [ 33.926336932, 0.791114279 ], [ 33.93415146, 0.81683065 ], [ 33.941149599, 0.830778101 ], [ 33.941733531, 0.834694925 ], [ 33.949673657, 0.84392905 ], [ 33.948720562, 0.848152941 ], [ 33.952913001, 0.847028608 ], [ 33.97818907, 0.864619182 ], [ 34.000657385, 0.877069538 ], [ 34.003200053, 0.877313091 ], [ 34.009129174, 0.872200534 ], [ 34.021278281, 0.874874485 ], [ 34.02242132, 0.877365399 ], [ 34.021577877, 0.879971486 ], [ 34.029754818, 0.885157617 ], [ 34.036157698, 0.885445283 ], [ 34.040357318, 0.882051907 ], [ 34.042748595, 0.882692491 ], [ 34.047212239, 0.880579179 ], [ 34.062164318, 0.877962195 ], [ 34.069759335, 0.902809286 ], [ 34.077256835, 0.899644288 ], [ 34.091623513, 0.902995924 ], [ 34.108290006, 0.902475231 ], [ 34.115736185, 0.920645558 ], [ 34.121011394, 0.928730645 ], [ 34.117325562, 0.935162528 ], [ 34.120992631, 0.937914848 ], [ 34.126605424, 0.938143994 ], [ 34.128682531, 0.956142966 ], [ 34.125742669, 0.966964772 ], [ 34.125277188, 0.971374813 ], [ 34.126545234, 0.974793686 ], [ 34.123907881, 0.986844626 ], [ 34.129104605, 0.987483157 ], [ 34.129556165, 0.991636116 ], [ 34.124588482, 0.999717531 ], [ 34.12050309, 1.002228203 ], [ 34.133315513, 1.014644974 ], [ 34.129487331, 1.018434834 ], [ 34.120149824, 1.020227076 ], [ 34.118145208, 1.0232671 ], [ 34.114366111, 1.022472414 ], [ 34.108593769, 1.023541815 ], [ 34.081182597, 1.04041246 ], [ 34.076335068, 1.041038287 ], [ 34.071234081, 1.037937353 ], [ 34.069875722, 1.03553165 ], [ 34.066473636, 1.0353338 ], [ 34.064290016, 1.037442202 ], [ 34.051628829, 1.033945753 ], [ 34.048098245, 1.022160246 ], [ 34.040238109, 1.016500137 ], [ 34.0318267, 1.00636246 ], [ 34.025067925, 1.003904133 ], [ 34.018351174, 0.999310939 ], [ 34.000637643, 0.982192466 ], [ 33.993969458, 0.970651828 ], [ 33.989081744, 0.96657354 ], [ 33.920148963, 0.936656895 ], [ 33.904026127, 0.935462362 ], [ 33.863247332, 0.94226379 ] ] ] } },
{ "type": "Feature", "properties": { "shapeName": "Butebo", "shapeISO": "", "shapeID": "80733802B52382125547274", "shapeGroup": "UGA", "shapeType": "ADM2" }, "geometry": { "type": "Polygon", "coordinates": [ [ [ 34.124758618, 1.074363362 ], [ 34.126929625, 1.078582597 ], [ 34.129284422, 1.079616969 ], [ 34.131507532, 1.084748738 ], [ 34.134572058, 1.086590451 ], [ 34.136345565, 1.090590458 ], [ 34.138687632, 1.092241014 ], [ 34.139305548, 1.09840078 ], [ 34.13884741, 1.100777888 ], [ 34.134052875, 1.105874414 ], [ 34.133568845, 1.113886779 ], [ 34.130866397, 1.121687264 ], [ 34.132722788, 1.12477107 ], [ 34.136857415, 1.143855519 ], [ 34.129656856, 1.152713985 ], [ 34.124946542, 1.169513484 ], [ 34.120298194, 1.174593415 ], [ 34.114866989, 1.179024464 ], [ 34.105705504, 1.183048268 ], [ 34.10199559, 1.1866402 ], [ 34.087575725, 1.187773483 ], [ 34.078664095, 1.192607415 ], [ 34.047725498, 1.200769736 ], [ 34.038329499, 1.210108643 ], [ 34.033098337, 1.213095785 ], [ 34.025068038, 1.212791307 ], [ 34.012235733, 1.206876026 ], [ 34.004974155, 1.207244715 ], [ 33.999923494, 1.209462847 ], [ 33.991288463, 1.219217583 ], [ 33.979934918, 1.225083576 ], [ 33.96080924, 1.227566139 ], [ 33.952406526, 1.231145404 ], [ 33.936901631, 1.230807193 ], [ 33.930323314, 1.235884388 ], [ 33.926442853, 1.24225423 ], [ 33.925526172, 1.24726611 ], [ 33.919850003, 1.252523926 ], [ 33.918017348, 1.256559156 ], [ 33.914326506, 1.259111478 ], [ 33.905647063, 1.260652384 ], [ 33.899714196, 1.267819044 ], [ 33.89482355, 1.269096268 ], [ 33.885907083, 1.266041739 ], [ 33.881294959, 1.267083642 ], [ 33.879604171, 1.247173441 ], [ 33.875652399, 1.240589097 ], [ 33.873343803, 1.232484418 ], [ 33.873830965, 1.220454516 ], [ 33.86808159, 1.211746889 ], [ 33.866205285, 1.206361118 ], [ 33.862180822, 1.202155883 ], [ 33.855190468, 1.198105356 ], [ 33.854987128, 1.192695729 ], [ 33.85800255, 1.183800677 ], [ 33.857390574, 1.178039922 ], [ 33.851249158, 1.169918556 ], [ 33.852516246, 1.160956589 ], [ 33.855800449, 1.153916062 ], [ 33.86474632, 1.149814461 ], [ 33.872042449, 1.141548476 ], [ 33.88130647, 1.139441049 ], [ 33.890780111, 1.141664082 ], [ 33.92331639, 1.16261314 ], [ 33.932230028, 1.165351158 ], [ 33.947792001, 1.164423219 ], [ 33.960681922, 1.15876504 ], [ 33.96299269, 1.160121154 ], [ 33.965916481, 1.163702376 ], [ 33.967937951, 1.173172862 ], [ 33.967305209, 1.180563684 ], [ 33.971732563, 1.193235588 ], [ 33.974513513, 1.189769977 ], [ 33.977790708, 1.190230153 ], [ 33.993416811, 1.182298396 ], [ 33.995963941, 1.176636583 ], [ 33.997365068, 1.167911177 ], [ 33.996724114, 1.16126725 ], [ 34.006662443, 1.152073045 ], [ 34.013695313, 1.150008065 ], [ 34.024980429, 1.150157778 ], [ 34.032069955, 1.151159289 ], [ 34.033161446, 1.153040426 ], [ 34.036455624, 1.154133763 ], [ 34.04600365, 1.152004472 ], [ 34.048566952, 1.148213332 ], [ 34.057943731, 1.14185067 ], [ 34.06470874, 1.13277526 ], [ 34.072981712, 1.126422081 ], [ 34.083710773, 1.122863116 ], [ 34.09727506, 1.12664814 ], [ 34.112614923, 1.118962549 ], [ 34.116888003, 1.111172654 ], [ 34.120975851, 1.082682679 ], [ 34.122105442, 1.07775338 ], [ 34.124758618, 1.074363362 ] ] ] } },
{ "type": "Feature", "properties": { "shapeName": "Buyende", "shapeISO": "", "shapeID": "80733802B60580118993208", "shapeGroup": "UGA", "shapeType": "ADM2" }, "geometry": { "type": "Polygon", "coordinates": [ [ [ 32.935375757, 1.222588643 ], [ 32.947234615, 1.222531532 ], [ 32.954440896, 1.219229396 ], [ 33.000633002, 1.223943438 ], [ 33.030304283, 1.223590419 ], [ 33.045942931, 1.210417304 ], [ 33.055122767, 1.198610385 ], [ 33.078443967, 1.195597057 ], [ 33.084955479, 1.187173817 ], [ 33.088890969, 1.173448923 ], [ 33.091477057, 1.169893247 ], [ 33.095606724, 1.168382207 ], [ 33.115634782, 1.167856704 ], [ 33.120911596, 1.16618273 ], [ 33.12502316, 1.162364588 ], [ 33.132253115, 1.107401916 ], [ 33.142163906, 1.081915218 ], [ 33.148164652, 1.050448431 ], [ 33.151797849, 1.044088007 ], [ 33.160316584, 1.041111021 ], [ 33.169436683, 1.043698064 ], [ 33.178110136, 1.040322943 ], [ 33.181073811, 1.03700242 ], [ 33.184357937, 1.028307792 ], [ 33.191572826, 1.022055694 ], [ 33.195055552, 1.01429292 ], [ 33.201673658, 1.010248379 ], [ 33.203962304, 1.006466476 ], [ 33.225413047, 0.986886781 ], [ 33.233352397, 0.988315695 ], [ 33.241804494, 0.995589073 ], [ 33.250302725, 0.995923181 ], [ 33.254003883, 0.992873975 ], [ 33.260402815, 0.992982039 ], [ 33.267670981, 0.985553607 ], [ 33.271485815, 0.985779525 ], [ 33.275241695, 0.988303459 ], [ 33.282070902, 0.988646626 ], [ 33.295722184, 0.987424679 ], [ 33.306771783, 0.984572937 ], [ 33.298794584, 0.999067532 ], [ 33.306931768, 1.007390198 ], [ 33.310286284, 1.016355648 ], [ 33.317008962, 1.02381892 ], [ 33.313045234, 1.03546305 ], [ 33.3132998, 1.042058428 ], [ 33.310786754, 1.044709507 ], [ 33.306932917, 1.054462767 ], [ 33.321261478, 1.057365454 ], [ 33.32402594, 1.063128219 ], [ 33.32831483, 1.066927576 ], [ 33.335031822, 1.07730395 ], [ 33.342432443, 1.086875018 ], [ 33.358726549, 1.102135646 ], [ 33.358677996, 1.127929064 ], [ 33.375077328, 1.154751712 ], [ 33.380066598, 1.160016468 ], [ 33.387093811, 1.171993885 ], [ 33.392618495, 1.177140913 ], [ 33.398109098, 1.191289793 ], [ 33.39863161, 1.203313311 ], [ 33.404077369, 1.21352667 ], [ 33.416152928, 1.231637073 ], [ 33.427562906, 1.239026703 ], [ 33.432353484, 1.247159223 ], [ 33.440112661, 1.291967947 ], [ 33.412763346, 1.293637239 ], [ 33.404605242, 1.296099372 ], [ 33.401029711, 1.315967355 ], [ 33.395395936, 1.333881509 ], [ 33.385200923, 1.356618514 ], [ 33.376263974, 1.366806982 ], [ 33.365977972, 1.369359873 ], [ 33.354142526, 1.368773602 ], [ 33.337651539, 1.374339998 ], [ 33.325541373, 1.374242174 ], [ 33.313973041, 1.376026029 ], [ 33.307974803, 1.374696882 ], [ 33.28682342, 1.363091988 ], [ 33.24774661, 1.334371423 ], [ 33.152524936, 1.355676527 ], [ 33.107682759, 1.398291702 ], [ 33.064391233, 1.436825749 ], [ 33.015454546, 1.460874341 ], [ 32.973680078, 1.477186524 ], [ 32.946266309, 1.479701174 ], [ 32.89454644, 1.481228294 ], [ 32.865291576, 1.480331014 ], [ 32.820264922, 1.475008012 ], [ 32.826367687, 1.440499782 ], [ 32.854595636, 1.352209412 ], [ 32.864711505, 1.332367093 ], [ 32.871599047, 1.323436369 ], [ 32.889347213, 1.306508126 ], [ 32.904976203, 1.286113853 ], [ 32.912923273, 1.269051717 ], [ 32.935032028, 1.236593001 ], [ 32.935375757, 1.222588643 ] ] ] } },
{ "type": "Feature", "properties": { "shapeName": "Iganga", "shapeISO": "", "shapeID": "80733802B63652436100550", "shapeGroup": "UGA", "shapeType": "ADM2" }, "geometry": { "type": "Polygon", "coordinates": [ [ [ 33.564133025, 0.801185863 ], [ 33.56086205, 0.808025774 ], [ 33.546934093, 0.824891157 ], [ 33.543516575, 0.840551861 ], [ 33.545842025, 0.864236378 ], [ 33.54157581, 0.887425625 ], [ 33.531388544, 0.886601119 ], [ 33.520917088, 0.879587729 ], [ 33.514092582, 0.878208133 ], [ 33.505598559, 0.872456662 ], [ 33.502740816, 0.868514113 ], [ 33.498361114, 0.867872778 ], [ 33.486217978, 0.870975532 ], [ 33.481087121, 0.870044355 ], [ 33.475267495, 0.872786347 ], [ 33.469592623, 0.878758107 ], [ 33.46179749, 0.88414797 ], [ 33.455814593, 0.881892725 ], [ 33.441947687, 0.882859467 ], [ 33.437424549, 0.87922491 ], [ 33.434571162, 0.879302075 ], [ 33.425521066, 0.888019495 ], [ 33.424949568, 0.895580664 ], [ 33.420423665, 0.903086065 ], [ 33.410605328, 0.902522811 ], [ 33.396792453, 0.908178805 ], [ 33.382801286, 0.885435841 ], [ 33.362040395, 0.862593884 ], [ 33.369772216, 0.841440904 ], [ 33.372100174, 0.825454375 ], [ 33.377622943, 0.806762459 ], [ 33.39040219, 0.778868949 ], [ 33.39162529, 0.763235398 ], [ 33.399379337, 0.759290134 ], [ 33.402613332, 0.755743362 ], [ 33.404867456, 0.749527784 ], [ 33.40438448, 0.744425257 ], [ 33.406517477, 0.741423933 ], [ 33.412729106, 0.739979943 ], [ 33.417897351, 0.732510064 ], [ 33.428210123, 0.72620686 ], [ 33.432164776, 0.721784086 ], [ 33.429874502, 0.718647679 ], [ 33.432650374, 0.71202495 ], [ 33.432579674, 0.708783294 ], [ 33.430578796, 0.703378277 ], [ 33.427374937, 0.70065326 ], [ 33.428447457, 0.696661079 ], [ 33.42698289, 0.689610723 ], [ 33.424917129, 0.6871985 ], [ 33.426415736, 0.682479533 ], [ 33.425001779, 0.680632501 ], [ 33.424519605, 0.670513546 ], [ 33.420397518, 0.658315585 ], [ 33.416942866, 0.653566758 ], [ 33.417328714, 0.651305721 ], [ 33.415844561, 0.649145776 ], [ 33.417007252, 0.643967574 ], [ 33.414184666, 0.643614524 ], [ 33.416124301, 0.636705175 ], [ 33.414840581, 0.633137129 ], [ 33.415782465, 0.625112501 ], [ 33.412787255, 0.616665358 ], [ 33.41614858, 0.603732188 ], [ 33.416209209, 0.594408591 ], [ 33.423095976, 0.578283959 ], [ 33.42226168, 0.57192586 ], [ 33.423818988, 0.56485893 ], [ 33.425629389, 0.553907655 ], [ 33.427692769, 0.55156645 ], [ 33.440228858, 0.552895228 ], [ 33.44838819, 0.54786668 ], [ 33.455740878, 0.55273044 ], [ 33.475652661, 0.550874571 ], [ 33.47965126, 0.552608358 ], [ 33.480548952, 0.554425101 ], [ 33.480432858, 0.550935591 ], [ 33.482748815, 0.547419979 ], [ 33.483459723, 0.542598885 ], [ 33.490471007, 0.53636586 ], [ 33.504129504, 0.540524035 ], [ 33.507363502, 0.544698301 ], [ 33.515691183, 0.546062007 ], [ 33.523209054, 0.545228842 ], [ 33.524268247, 0.549541477 ], [ 33.528437322, 0.552915089 ], [ 33.536426688, 0.543614961 ], [ 33.541924629, 0.542536509 ], [ 33.542792783, 0.548489826 ], [ 33.541733497, 0.555021813 ], [ 33.547660614, 0.564520536 ], [ 33.544996791, 0.572653982 ], [ 33.55413129, 0.583780807 ], [ 33.550755809, 0.589727804 ], [ 33.55068257, 0.59492696 ], [ 33.554666707, 0.60615515 ], [ 33.553775457, 0.610758304 ], [ 33.558637106, 0.622627794 ], [ 33.557981804, 0.640034122 ], [ 33.562270763, 0.649813353 ], [ 33.562091501, 0.654092559 ], [ 33.564657566, 0.656724916 ], [ 33.567119196, 0.664586387 ], [ 33.56811111, 0.674139793 ], [ 33.570463646, 0.675840331 ], [ 33.573943262, 0.685122021 ], [ 33.576438471, 0.686795391 ], [ 33.579371896, 0.693905878 ], [ 33.577432595, 0.704717138 ], [ 33.574068632, 0.709159579 ], [ 33.574292477, 0.716026135 ], [ 33.571165843, 0.722865978 ], [ 33.573363171, 0.740431403 ], [ 33.559678545, 0.749520695 ], [ 33.55983981, 0.757824646 ], [ 33.55554818, 0.764465638 ], [ 33.564133025, 0.801185863 ] ] ] } },
{ "type": "Feature", "properties": { "shapeName": "Jinja", "shapeISO": "", "shapeID": "80733802B36556763980637", "shapeGroup": "UGA", "shapeType": "ADM2" }, "geometry": { "type": "Polygon", "coordinates": [ [ [ 33.282177607, 0.388869507 ], [ 33.281539683, 0.462623891 ], [ 33.284359919, 0.47588806 ], [ 33.289636998, 0.481623869 ], [ 33.292153433, 0.473938411 ], [ 33.294918914, 0.470323531 ], [ 33.302394242, 0.468217902 ], [ 33.307668449, 0.471458729 ], [ 33.309700522, 0.474292323 ], [ 33.304502103, 0.480111485 ], [ 33.306727828, 0.482275332 ], [ 33.322878184, 0.48846001 ], [ 33.332661739, 0.498628202 ], [ 33.327435798, 0.509512246 ], [ 33.325359306, 0.517440484 ], [ 33.330850376, 0.515099006 ], [ 33.337311014, 0.516884816 ], [ 33.341010215, 0.52252058 ], [ 33.340188891, 0.533317677 ], [ 33.346626112, 0.535268551 ], [ 33.357727686, 0.541655207 ], [ 33.363621974, 0.540384691 ], [ 33.366631655, 0.541288491 ], [ 33.367124082, 0.544900603 ], [ 33.370230987, 0.548568261 ], [ 33.361943747, 0.548702161 ], [ 33.360040794, 0.552437098 ], [ 33.353240624, 0.558628954 ], [ 33.360794501, 0.571301199 ], [ 33.371336083, 0.583770449 ], [ 33.353314862, 0.583139537 ], [ 33.352631187, 0.587622722 ], [ 33.354039468, 0.595210254 ], [ 33.357365194, 0.59900129 ], [ 33.357571024, 0.608693366 ], [ 33.365446316, 0.606782634 ], [ 33.366430367, 0.601181233 ], [ 33.369432132, 0.59569291 ], [ 33.372028513, 0.596231178 ], [ 33.375620615, 0.603151868 ], [ 33.377385183, 0.611407507 ], [ 33.379554633, 0.613976743 ], [ 33.373901632, 0.620491092 ], [ 33.369767592, 0.620998027 ], [ 33.366684906, 0.619532604 ], [ 33.362626834, 0.622120375 ], [ 33.352232785, 0.624183842 ], [ 33.347682276, 0.629594359 ], [ 33.338621145, 0.632336259 ], [ 33.333229822, 0.638868683 ], [ 33.315653352, 0.653895074 ], [ 33.313501482, 0.65837804 ], [ 33.305831027, 0.654467801 ], [ 33.297950819, 0.643575428 ], [ 33.282069332, 0.658045929 ], [ 33.275685005, 0.662028154 ], [ 33.267204801, 0.664393078 ], [ 33.26491602, 0.661151114 ], [ 33.259717442, 0.66403154 ], [ 33.252610243, 0.664124241 ], [ 33.250037595, 0.666740794 ], [ 33.244666758, 0.668027113 ], [ 33.240889728, 0.672058241 ], [ 33.236125555, 0.674537917 ], [ 33.230745294, 0.680717988 ], [ 33.223217976, 0.683912033 ], [ 33.215139914, 0.681379168 ], [ 33.210015176, 0.68186795 ], [ 33.201671146, 0.686039109 ], [ 33.200770064, 0.690408987 ], [ 33.198195547, 0.692471878 ], [ 33.190189855, 0.695104971 ], [ 33.189264286, 0.698416317 ], [ 33.179311084, 0.692807387 ], [ 33.16894729, 0.69509674 ], [ 33.158524979, 0.694898064 ], [ 33.152776516, 0.689587485 ], [ 33.145078185, 0.687678745 ], [ 33.134421166, 0.690438492 ], [ 33.138341952, 0.671791861 ], [ 33.134747186, 0.668263509 ], [ 33.131466775, 0.667494577 ], [ 33.127225054, 0.668924166 ], [ 33.115450889, 0.674904741 ], [ 33.112505348, 0.678179943 ], [ 33.103315682, 0.675710229 ], [ 33.096629118, 0.678632656 ], [ 33.089604894, 0.678288994 ], [ 33.086420854, 0.679863288 ], [ 33.086812712, 0.667649383 ], [ 33.076708845, 0.66246543 ], [ 33.074327106, 0.65681993 ], [ 33.069082103, 0.654531032 ], [ 33.049163895, 0.65881066 ], [ 33.047544768, 0.659443988 ], [ 33.046586756, 0.657734052 ], [ 33.043286615, 0.647754861 ], [ 33.044782705, 0.644344002 ], [ 33.04414483, 0.638517522 ], [ 33.048661209, 0.634446178 ], [ 33.049818563, 0.629642027 ], [ 33.054489386, 0.623915014 ], [ 33.051395445, 0.618079511 ], [ 33.053775073, 0.613709625 ], [ 33.05146358, 0.606118929 ], [ 33.050672317, 0.595316409 ], [ 33.055496508, 0.594420673 ], [ 33.056889503, 0.591534561 ], [ 33.072167423, 0.580786145 ], [ 33.071831416, 0.572164037 ], [ 33.073101072, 0.56665419 ], [ 33.076611075, 0.561840962 ], [ 33.075262367, 0.556448769 ], [ 33.081525558, 0.553562579 ], [ 33.08078353, 0.55155408 ], [ 33.082673863, 0.546614209 ], [ 33.084729393, 0.546170865 ], [ 33.089155031, 0.547030294 ], [ 33.096606066, 0.53569387 ], [ 33.105102199, 0.529460117 ], [ 33.105209445, 0.527198283 ], [ 33.116385986, 0.52160683 ], [ 33.11938786, 0.515834582 ], [ 33.123461811, 0.514432168 ], [ 33.128741663, 0.510252198 ], [ 33.129116833, 0.508144165 ], [ 33.137291632, 0.503213205 ], [ 33.136969645, 0.496681046 ], [ 33.141659952, 0.491306839 ], [ 33.14476922, 0.492066746 ], [ 33.150290325, 0.489632894 ], [ 33.153774678, 0.484946306 ], [ 33.152782937, 0.481680248 ], [ 33.154712552, 0.47822413 ], [ 33.159751257, 0.480485841 ], [ 33.158947114, 0.476984551 ], [ 33.16042119, 0.47333845 ], [ 33.167604241, 0.467837514 ], [ 33.174813518, 0.455722994 ], [ 33.182452096, 0.451217246 ], [ 33.184783707, 0.441744663 ], [ 33.193314097, 0.429377845 ], [ 33.195611129, 0.421831286 ], [ 33.194485472, 0.420320416 ], [ 33.195825519, 0.414864863 ], [ 33.199925983, 0.410096836 ], [ 33.221769211, 0.405590708 ], [ 33.246373676, 0.403047701 ], [ 33.272558455, 0.394551494 ], [ 33.282177607, 0.388869507 ] ] ] } },
{ "type": "Feature", "properties": { "shapeName": "Kaberamaido", "shapeISO": "", "shapeID": "80733802B77028359291864", "shapeGroup": "UGA", "shapeType": "ADM2" }, "geometry": { "type": "Polygon", "coordinates": [ [ [ 33.015454546, 1.460874341 ], [ 33.026018712, 1.497678658 ], [ 33.037328494, 1.514017912 ], [ 33.056102113, 1.531053557 ], [ 33.104453068, 1.56109775 ], [ 33.151760449, 1.58631861 ], [ 33.204984761, 1.60569316 ], [ 33.243288974, 1.690551715 ], [ 33.25992881, 1.706816389 ], [ 33.265055796, 1.723562022 ], [ 33.283484376, 1.729946649 ], [ 33.294578468, 1.744854665 ], [ 33.294576632, 1.751097205 ], [ 33.290593174, 1.765926128 ], [ 33.290700132, 1.770757295 ], [ 33.296175454, 1.785774798 ], [ 33.30283186, 1.793586492 ], [ 33.31166465, 1.793525517 ], [ 33.307799584, 1.803324232 ], [ 33.302806293, 1.810924679 ], [ 33.294204732, 1.815295881 ], [ 33.288972766, 1.820887874 ], [ 33.269177654, 1.834679946 ], [ 33.264890377, 1.839881621 ], [ 33.264727044, 1.845011392 ], [ 33.257260417, 1.855179415 ], [ 33.249894826, 1.856387289 ], [ 33.241125377, 1.861869685 ], [ 33.239387705, 1.870448366 ], [ 33.237087231, 1.871955475 ], [ 33.238479302, 1.87457643 ], [ 33.238440579, 1.888722108 ], [ 33.235995149, 1.899072428 ], [ 33.22924611, 1.901371327 ], [ 33.220606791, 1.909922065 ], [ 33.211093732, 1.911189876 ], [ 33.200379998, 1.907789419 ], [ 33.194684677, 1.900950386 ], [ 33.190437639, 1.899458072 ], [ 33.18047284, 1.890601921 ], [ 33.165159114, 1.874037981 ], [ 33.160211662, 1.872509462 ], [ 33.154959643, 1.874328432 ], [ 33.146111372, 1.870583641 ], [ 33.144175815, 1.865553538 ], [ 33.144211095, 1.860577553 ], [ 33.141773559, 1.857022187 ], [ 33.132389607, 1.85383829 ], [ 33.11918904, 1.858118583 ], [ 33.113903744, 1.853812443 ], [ 33.111837646, 1.848863729 ], [ 33.113676349, 1.839309713 ], [ 33.112022795, 1.830570172 ], [ 33.115199325, 1.822698858 ], [ 33.104858711, 1.802189362 ], [ 33.101630565, 1.791604252 ], [ 33.103978134, 1.777255164 ], [ 33.093536608, 1.764598603 ], [ 33.089747293, 1.755361532 ], [ 33.083946945, 1.748069705 ], [ 33.086577092, 1.73618147 ], [ 33.081750398, 1.729839552 ], [ 33.072938536, 1.722991127 ], [ 33.046798465, 1.708054896 ], [ 33.025993249, 1.706064896 ], [ 33.014203572, 1.708064468 ], [ 33.004244065, 1.713357174 ], [ 32.999938604, 1.712280552 ], [ 32.994053085, 1.688413812 ], [ 32.993868233, 1.682334037 ], [ 32.996451377, 1.671641695 ], [ 32.945131844, 1.64214644 ], [ 32.951890736, 1.631650567 ], [ 32.96404596, 1.621237395 ], [ 32.966848302, 1.611593034 ], [ 32.967322161, 1.582388389 ], [ 32.974505351, 1.557535577 ], [ 32.973680078, 1.477186524 ], [ 33.015454546, 1.460874341 ] ] ] } },
{ "type": "Feature", "properties": { "shapeName": "Kalaki", "shapeISO": "", "shapeID": "80733802B54151147647479", "shapeGroup": "UGA", "shapeType": "ADM2" }, "geometry": { "type": "Polygon", "coordinates": [ [ [ 33.364027714, 2.02786229 ], [ 33.348730247, 2.030718603 ], [ 33.344938299, 2.035529387 ], [ 33.339646985, 2.038579382 ], [ 33.336334483, 2.044135005 ], [ 33.331248591, 2.04604501 ], [ 33.327383535, 2.051392364 ], [ 33.324380471, 2.052638766 ], [ 33.318911624, 2.051909329 ], [ 33.314512104, 2.053442901 ], [ 33.3093238, 2.047370296 ], [ 33.29924434, 2.045203585 ], [ 33.290506466, 2.039359814 ], [ 33.284888608, 2.03091811 ], [ 33.282012408, 2.021864718 ], [ 33.284088847, 2.014698604 ], [ 33.282604454, 2.003625096 ], [ 33.274424296, 1.989881581 ], [ 33.274948123, 1.974300132 ], [ 33.272383329, 1.971549468 ], [ 33.270772491, 1.96654673 ], [ 33.272086153, 1.961838918 ], [ 33.271452115, 1.957131858 ], [ 33.264303243, 1.953876883 ], [ 33.260246745, 1.955163748 ], [ 33.249310805, 1.952085537 ], [ 33.248482201, 1.949056313 ], [ 33.251947612, 1.943496878 ], [ 33.251557049, 1.941337395 ], [ 33.244829859, 1.933767127 ], [ 33.24213316, 1.923860852 ], [ 33.237104743, 1.921364544 ], [ 33.230027703, 1.921564554 ], [ 33.227218088, 1.91963788 ], [ 33.220606791, 1.909922065 ], [ 33.22924611, 1.901371327 ], [ 33.235995149, 1.899072428 ], [ 33.238440579, 1.888722108 ], [ 33.238479302, 1.87457643 ], [ 33.237087231, 1.871955475 ], [ 33.239387705, 1.870448366 ], [ 33.241125377, 1.861869685 ], [ 33.249894826, 1.856387289 ], [ 33.257260417, 1.855179415 ], [ 33.264727044, 1.845011392 ], [ 33.264890377, 1.839881621 ], [ 33.269177654, 1.834679946 ], [ 33.288972766, 1.820887874 ], [ 33.294204732, 1.815295881 ], [ 33.302806293, 1.810924679 ], [ 33.307799584, 1.803324232 ], [ 33.31166465, 1.793525517 ], [ 33.30283186, 1.793586492 ], [ 33.296175454, 1.785774798 ], [ 33.290700132, 1.770757295 ], [ 33.290593174, 1.765926128 ], [ 33.294576632, 1.751097205 ], [ 33.294578468, 1.744854665 ], [ 33.283484376, 1.729946649 ], [ 33.265055796, 1.723562022 ], [ 33.25992881, 1.706816389 ], [ 33.243288974, 1.690551715 ], [ 33.204984761, 1.60569316 ], [ 33.230765306, 1.614936647 ], [ 33.255946925, 1.627527309 ], [ 33.27214413, 1.632084954 ], [ 33.283893141, 1.638624426 ], [ 33.317396922, 1.64711463 ], [ 33.343364391, 1.656971657 ], [ 33.366817473, 1.663336578 ], [ 33.390279099, 1.672659576 ], [ 33.403184098, 1.688407877 ], [ 33.412162628, 1.711674987 ], [ 33.417132604, 1.744596081 ], [ 33.416822645, 1.758284318 ], [ 33.426987238, 1.772947232 ], [ 33.429178902, 1.788154763 ], [ 33.427959799, 1.794225601 ], [ 33.430032361, 1.794885544 ], [ 33.435181789, 1.801479588 ], [ 33.434349793, 1.80953163 ], [ 33.430855779, 1.812373232 ], [ 33.428985507, 1.818914673 ], [ 33.430599272, 1.825464325 ], [ 33.43553719, 1.828349123 ], [ 33.436703328, 1.835740242 ], [ 33.440930613, 1.841683077 ], [ 33.447633961, 1.845743493 ], [ 33.449883628, 1.850963034 ], [ 33.449687885, 1.854681397 ], [ 33.452417667, 1.858426148 ], [ 33.4509522, 1.869852869 ], [ 33.45362551, 1.878926299 ], [ 33.447442392, 1.881524391 ], [ 33.440397669, 1.892654004 ], [ 33.439454608, 1.896761582 ], [ 33.436336865, 1.90360191 ], [ 33.429798598, 1.909004628 ], [ 33.414990809, 1.930368317 ], [ 33.413009658, 1.94813716 ], [ 33.407955329, 1.962686023 ], [ 33.408474539, 1.976238341 ], [ 33.407137381, 1.9801108 ], [ 33.397735509, 1.986038908 ], [ 33.386627064, 1.988402843 ], [ 33.381584227, 1.993171824 ], [ 33.377316252, 2.004825422 ], [ 33.374350723, 2.008046865 ], [ 33.369795929, 2.019166749 ], [ 33.364027714, 2.02786229 ] ] ] } },
{ "type": "Feature", "properties": { "shapeName": "Kaliro", "shapeISO": "", "shapeID": "80733802B35997750600605", "shapeGroup": "UGA", "shapeType": "ADM2" }, "geometry": { "type": "Polygon", "coordinates": [ [ [ 33.335031822, 1.07730395 ], [ 33.339059231, 1.073386077 ], [ 33.346426302, 1.069467824 ], [ 33.350066829, 1.064666118 ], [ 33.354912161, 1.063097613 ], [ 33.349795904, 1.055865201 ], [ 33.351935531, 1.049832754 ], [ 33.360527321, 1.047670871 ], [ 33.364391898, 1.044785119 ], [ 33.371771189, 1.030996411 ], [ 33.37880035, 1.030570359 ], [ 33.386120035, 1.026362561 ], [ 33.383476645, 0.999565297 ], [ 33.395983338, 1.004014978 ], [ 33.417326242, 0.999054494 ], [ 33.415886342, 0.988903843 ], [ 33.410987322, 0.983847132 ], [ 33.413184383, 0.979992796 ], [ 33.408456679, 0.969978242 ], [ 33.410019238, 0.963636036 ], [ 33.407922488, 0.960777407 ], [ 33.408337972, 0.959076502 ], [ 33.405344765, 0.956824132 ], [ 33.406484913, 0.955295035 ], [ 33.404641063, 0.948555161 ], [ 33.40785051, 0.936205488 ], [ 33.396792453, 0.908178805 ], [ 33.410605328, 0.902522811 ], [ 33.420423665, 0.903086065 ], [ 33.424949568, 0.895580664 ], [ 33.425521066, 0.888019495 ], [ 33.434571162, 0.879302075 ], [ 33.437424549, 0.87922491 ], [ 33.441947687, 0.882859467 ], [ 33.455814593, 0.881892725 ], [ 33.46179749, 0.88414797 ], [ 33.469592623, 0.878758107 ], [ 33.475267495, 0.872786347 ], [ 33.481087121, 0.870044355 ], [ 33.486217978, 0.870975532 ], [ 33.498361114, 0.867872778 ], [ 33.502740816, 0.868514113 ], [ 33.505598559, 0.872456662 ], [ 33.514092582, 0.878208133 ], [ 33.520917088, 0.879587729 ], [ 33.531388544, 0.886601119 ], [ 33.54157581, 0.887425625 ], [ 33.542930842, 0.896389576 ], [ 33.54983323, 0.907642899 ], [ 33.559023078, 0.915828921 ], [ 33.560772294, 0.919583108 ], [ 33.567038842, 0.940715637 ], [ 33.568179461, 0.963215051 ], [ 33.571800238, 0.969293941 ], [ 33.569612534, 0.97394441 ], [ 33.570490808, 0.979010512 ], [ 33.574873789, 0.984519302 ], [ 33.576815824, 0.991828834 ], [ 33.583375161, 1.004692305 ], [ 33.597930704, 1.019933564 ], [ 33.605159683, 1.032145408 ], [ 33.610837531, 1.051721611 ], [ 33.618625194, 1.067443395 ], [ 33.629902998, 1.082847744 ], [ 33.636556949, 1.088898626 ], [ 33.626329725, 1.104262223 ], [ 33.621028896, 1.114024831 ], [ 33.616832578, 1.116386935 ], [ 33.614407181, 1.120187103 ], [ 33.610008877, 1.121101758 ], [ 33.605336559, 1.125345693 ], [ 33.602969777, 1.130186236 ], [ 33.597793212, 1.151800186 ], [ 33.591478002, 1.16291103 ], [ 33.579173858, 1.171535258 ], [ 33.563935429, 1.174116755 ], [ 33.556052981, 1.180948751 ], [ 33.551760237, 1.188015241 ], [ 33.542096142, 1.19094837 ], [ 33.540608541, 1.196512517 ], [ 33.537112669, 1.199543928 ], [ 33.52733058, 1.199826302 ], [ 33.523324878, 1.201410292 ], [ 33.507926235, 1.220294231 ], [ 33.492511601, 1.247908509 ], [ 33.455681687, 1.285017063 ], [ 33.440112661, 1.291967947 ], [ 33.432353484, 1.247159223 ], [ 33.427562906, 1.239026703 ], [ 33.416152928, 1.231637073 ], [ 33.404077369, 1.21352667 ], [ 33.39863161, 1.203313311 ], [ 33.398109098, 1.191289793 ], [ 33.392618495, 1.177140913 ], [ 33.387093811, 1.171993885 ], [ 33.380066598, 1.160016468 ], [ 33.375077328, 1.154751712 ], [ 33.358677996, 1.127929064 ], [ 33.358726549, 1.102135646 ], [ 33.342432443, 1.086875018 ], [ 33.335031822, 1.07730395 ] ] ] } },
{ "type": "Feature", "properties": { "shapeName": "Kamuli", "shapeISO": "", "shapeID": "80733802B59540524323829", "shapeGroup": "UGA", "shapeType": "ADM2" }, "geometry": { "type": "Polygon", "coordinates": [ [ [ 33.049163895, 0.65881066 ], [ 33.069082103, 0.654531032 ], [ 33.074327106, 0.65681993 ], [ 33.076708845, 0.66246543 ], [ 33.086812712, 0.667649383 ], [ 33.086420854, 0.679863288 ], [ 33.089604894, 0.678288994 ], [ 33.096629118, 0.678632656 ], [ 33.103315682, 0.675710229 ], [ 33.112505348, 0.678179943 ], [ 33.115450889, 0.674904741 ], [ 33.127225054, 0.668924166 ], [ 33.131466775, 0.667494577 ], [ 33.134747186, 0.668263509 ], [ 33.138341952, 0.671791861 ], [ 33.134421166, 0.690438492 ], [ 33.145078185, 0.687678745 ], [ 33.152776516, 0.689587485 ], [ 33.158524979, 0.694898064 ], [ 33.16894729, 0.69509674 ], [ 33.179311084, 0.692807387 ], [ 33.189264286, 0.698416317 ], [ 33.190189855, 0.695104971 ], [ 33.198195547, 0.692471878 ], [ 33.200770064, 0.690408987 ], [ 33.201671146, 0.686039109 ], [ 33.210015176, 0.68186795 ], [ 33.215139914, 0.681379168 ], [ 33.223217976, 0.683912033 ], [ 33.220294227, 0.73034278 ], [ 33.226551366, 0.734151367 ], [ 33.224622649, 0.738430824 ], [ 33.235754036, 0.746355644 ], [ 33.240730782, 0.755411678 ], [ 33.250001307, 0.764051276 ], [ 33.254408436, 0.790224707 ], [ 33.257140176, 0.791635908 ], [ 33.261225463, 0.789799059 ], [ 33.26617819, 0.790260151 ], [ 33.271150716, 0.792874477 ], [ 33.275501024, 0.797958732 ], [ 33.278725667, 0.805168658 ], [ 33.281575704, 0.820087222 ], [ 33.281195208, 0.830410751 ], [ 33.283297468, 0.836009069 ], [ 33.29026915, 0.843239046 ], [ 33.2954592, 0.846540885 ], [ 33.304942502, 0.849335731 ], [ 33.298730396, 0.857125871 ], [ 33.283249615, 0.863412257 ], [ 33.28398963, 0.868921334 ], [ 33.291816291, 0.882695543 ], [ 33.297156013, 0.905732198 ], [ 33.296016434, 0.912565628 ], [ 33.297619712, 0.923658545 ], [ 33.303664717, 0.933149156 ], [ 33.301760524, 0.937064203 ], [ 33.302429494, 0.965442765 ], [ 33.306771783, 0.984572937 ], [ 33.295722184, 0.987424679 ], [ 33.282070902, 0.988646626 ], [ 33.275241695, 0.988303459 ], [ 33.271485815, 0.985779525 ], [ 33.267670981, 0.985553607 ], [ 33.260402815, 0.992982039 ], [ 33.254003883, 0.992873975 ], [ 33.250302725, 0.995923181 ], [ 33.241804494, 0.995589073 ], [ 33.233352397, 0.988315695 ], [ 33.225413047, 0.986886781 ], [ 33.203962304, 1.006466476 ], [ 33.201673658, 1.010248379 ], [ 33.195055552, 1.01429292 ], [ 33.191572826, 1.022055694 ], [ 33.184357937, 1.028307792 ], [ 33.181073811, 1.03700242 ], [ 33.178110136, 1.040322943 ], [ 33.169436683, 1.043698064 ], [ 33.160316584, 1.041111021 ], [ 33.151797849, 1.044088007 ], [ 33.148164652, 1.050448431 ], [ 33.142163906, 1.081915218 ], [ 33.132253115, 1.107401916 ], [ 33.12502316, 1.162364588 ], [ 33.120911596, 1.16618273 ], [ 33.115634782, 1.167856704 ], [ 33.095606724, 1.168382207 ], [ 33.091477057, 1.169893247 ], [ 33.088890969, 1.173448923 ], [ 33.084955479, 1.187173817 ], [ 33.078443967, 1.195597057 ], [ 33.055122767, 1.198610385 ], [ 33.045942931, 1.210417304 ], [ 33.030304283, 1.223590419 ], [ 33.000633002, 1.223943438 ], [ 32.954440896, 1.219229396 ], [ 32.947234615, 1.222531532 ], [ 32.935375757, 1.222588643 ], [ 32.935976823, 1.216715406 ], [ 32.93939081, 1.209843372 ], [ 32.942160564, 1.207704001 ], [ 32.954397537, 1.205907459 ], [ 32.960033092, 1.202422213 ], [ 32.962477455, 1.198731893 ], [ 32.966347748, 1.187455858 ], [ 32.963903617, 1.174471243 ], [ 32.967773906, 1.159778208 ], [ 32.967298736, 1.150620652 ], [ 32.961188298, 1.133535592 ], [ 32.961867388, 1.123557971 ], [ 32.960170111, 1.115015456 ], [ 32.941587478, 1.096670529 ], [ 32.937336438, 1.085394355 ], [ 32.94371385, 1.056712734 ], [ 32.934350281, 1.027799497 ], [ 32.936935674, 1.016696936 ], [ 32.943829557, 1.010740975 ], [ 32.945208382, 1.006519691 ], [ 32.945611028, 0.975293587 ], [ 32.950264434, 0.964248868 ], [ 32.948139092, 0.95054404 ], [ 32.949288097, 0.946091443 ], [ 32.95451586, 0.939325856 ], [ 32.964052067, 0.936723792 ], [ 32.96887778, 0.916253375 ], [ 32.976116078, 0.910297336 ], [ 32.99520114, 0.883913446 ], [ 33.004148883, 0.87548856 ], [ 33.005364961, 0.866164311 ], [ 33.010566878, 0.85814514 ], [ 33.010774923, 0.846565233 ], [ 33.014104132, 0.842376108 ], [ 33.027747925, 0.833040297 ], [ 33.030571778, 0.828881084 ], [ 33.037408291, 0.801322644 ], [ 33.038151301, 0.789174207 ], [ 33.044333963, 0.780406929 ], [ 33.041023458, 0.77634037 ], [ 33.040958877, 0.77291577 ], [ 33.048459496, 0.764818328 ], [ 33.046611379, 0.760737997 ], [ 33.048970755, 0.757217142 ], [ 33.050724345, 0.743452891 ], [ 33.053280593, 0.738844836 ], [ 33.052240206, 0.73606208 ], [ 33.047276178, 0.731274577 ], [ 33.052121116, 0.719335548 ], [ 33.053815281, 0.709042277 ], [ 33.058422386, 0.696893791 ], [ 33.056594653, 0.673668671 ], [ 33.051226529, 0.665160627 ], [ 33.049163895, 0.65881066 ] ] ] } },
{ "type": "Feature", "properties": { "shapeName": "Kapchorwa", "shapeISO": "", "shapeID": "80733802B16977135202127", "shapeGroup": "UGA", "shapeType": "ADM2" }, "geometry": { "type": "Polygon", "coordinates": [ [ [ 34.536546366, 1.180015702 ], [ 34.539067112, 1.183677133 ], [ 34.53879489, 1.197080549 ], [ 34.536156531, 1.205113157 ], [ 34.536459328, 1.217222963 ], [ 34.53433357, 1.223040303 ], [ 34.54266166, 1.238904561 ], [ 34.5424649, 1.24381922 ], [ 34.539431666, 1.25063443 ], [ 34.540444733, 1.254064995 ], [ 34.534316607, 1.27455518 ], [ 34.534203373, 1.282296881 ], [ 34.528828816, 1.28775594 ], [ 34.528803076, 1.289497288 ], [ 34.522990448, 1.296924398 ], [ 34.522250563, 1.304682695 ], [ 34.517517945, 1.308825982 ], [ 34.517531137, 1.31293403 ], [ 34.514201263, 1.316105931 ], [ 34.513671975, 1.320226631 ], [ 34.511967641, 1.321468038 ], [ 34.510560845, 1.32617548 ], [ 34.503884928, 1.327768269 ], [ 34.496469229, 1.334424929 ], [ 34.491388973, 1.336594446 ], [ 34.481926308, 1.351271753 ], [ 34.481108481, 1.35852576 ], [ 34.484400851, 1.372416195 ], [ 34.482491128, 1.381706555 ], [ 34.483888574, 1.38260697 ], [ 34.481674942, 1.384359356 ], [ 34.481946608, 1.386300479 ], [ 34.479673777, 1.389272885 ], [ 34.47686449, 1.390109404 ], [ 34.478648004, 1.393048507 ], [ 34.477033231, 1.398454152 ], [ 34.483118821, 1.407078997 ], [ 34.481525504, 1.408627646 ], [ 34.483771655, 1.410846248 ], [ 34.48682411, 1.419091163 ], [ 34.485253176, 1.425896983 ], [ 34.485785836, 1.430089122 ], [ 34.478307432, 1.438986785 ], [ 34.480304087, 1.454858922 ], [ 34.470769318, 1.458241188 ], [ 34.469193214, 1.46479475 ], [ 34.463477321, 1.472920334 ], [ 34.459340085, 1.474740984 ], [ 34.449797304, 1.472323376 ], [ 34.447600558, 1.476506447 ], [ 34.446609381, 1.473902424 ], [ 34.443819712, 1.471977891 ], [ 34.44546964, 1.47046495 ], [ 34.444141061, 1.466764902 ], [ 34.445681789, 1.465779613 ], [ 34.446033554, 1.461065554 ], [ 34.436537577, 1.460655659 ], [ 34.429612517, 1.464901963 ], [ 34.426761791, 1.462823567 ], [ 34.426585733, 1.458871239 ], [ 34.43131968, 1.444785976 ], [ 34.430537738, 1.442850959 ], [ 34.409043207, 1.449738349 ], [ 34.403388217, 1.44615119 ], [ 34.3980642, 1.43449602 ], [ 34.392998872, 1.444520567 ], [ 34.387514972, 1.447029316 ], [ 34.382029914, 1.44209431 ], [ 34.375172594, 1.440768928 ], [ 34.374107072, 1.437965726 ], [ 34.374830121, 1.432592744 ], [ 34.370381247, 1.432070837 ], [ 34.365049467, 1.425968862 ], [ 34.360216723, 1.42409044 ], [ 34.362977075, 1.412963777 ], [ 34.352324718, 1.409107937 ], [ 34.350949181, 1.407218382 ], [ 34.350281579, 1.401782859 ], [ 34.353757892, 1.397275293 ], [ 34.350306261, 1.392891826 ], [ 34.339807452, 1.394209368 ], [ 34.331268612, 1.387059776 ], [ 34.325729006, 1.388655592 ], [ 34.323388983, 1.37742239 ], [ 34.312263746, 1.361093465 ], [ 34.307895813, 1.352231818 ], [ 34.305883469, 1.346236111 ], [ 34.306353852, 1.337209002 ], [ 34.318881474, 1.312199329 ], [ 34.328063831, 1.31021115 ], [ 34.330195849, 1.305874708 ], [ 34.333963833, 1.306740284 ], [ 34.334000135, 1.304632575 ], [ 34.336744557, 1.304607578 ], [ 34.337912226, 1.303075219 ], [ 34.339771744, 1.303964622 ], [ 34.340271979, 1.302317426 ], [ 34.342097683, 1.303405647 ], [ 34.344687183, 1.302005272 ], [ 34.351212485, 1.302347932 ], [ 34.374572841, 1.295173527 ], [ 34.388223418, 1.296941568 ], [ 34.398948867, 1.294730497 ], [ 34.404191805, 1.287476716 ], [ 34.420028847, 1.28039047 ], [ 34.422193156, 1.277685467 ], [ 34.424242303, 1.278208896 ], [ 34.426744752, 1.2768056 ], [ 34.434127666, 1.27108536 ], [ 34.43886778, 1.264851072 ], [ 34.452074829, 1.257309668 ], [ 34.454080837, 1.253021508 ], [ 34.459441709, 1.252303992 ], [ 34.468123705, 1.248012095 ], [ 34.474653542, 1.248786216 ], [ 34.486872972, 1.240322895 ], [ 34.499007853, 1.235504475 ], [ 34.507357444, 1.226772085 ], [ 34.508542295, 1.223524557 ], [ 34.514597872, 1.218148896 ], [ 34.52793953, 1.19753888 ], [ 34.536546366, 1.180015702 ] ] ] } },
{ "type": "Feature", "properties": { "shapeName": "Kapelebyong", "shapeISO": "", "shapeID": "80733802B38116506089464", "shapeGroup": "UGA", "shapeType": "ADM2" }, "geometry": { "type": "Polygon", "coordinates": [ [ [ 33.894338854, 1.97656203 ], [ 33.895045302, 1.973585465 ], [ 33.896637225, 1.973503185 ], [ 33.897422203, 1.978640968 ], [ 33.895450712, 1.979293364 ], [ 33.891614449, 1.989951818 ], [ 33.889120564, 1.991029672 ], [ 33.889537622, 1.992259718 ], [ 33.893744768, 1.993062532 ], [ 33.893841556, 1.994347032 ], [ 33.876536505, 2.006457627 ], [ 33.877658896, 2.007876506 ], [ 33.879774584, 2.006753968 ], [ 33.882451744, 2.007424949 ], [ 33.885494426, 2.00455776 ], [ 33.885874003, 2.006346591 ], [ 33.883243411, 2.009288031 ], [ 33.884102094, 2.012756026 ], [ 33.882939297, 2.014914275 ], [ 33.885740885, 2.01680775 ], [ 33.887616748, 2.015727915 ], [ 33.892145907, 2.016264824 ], [ 33.893973425, 2.017094209 ], [ 33.894539017, 2.019372157 ], [ 33.897840227, 2.018994163 ], [ 33.893718866, 2.023018864 ], [ 33.895761879, 2.023864124 ], [ 33.895566928, 2.027653988 ], [ 33.89125675, 2.028600586 ], [ 33.893536815, 2.031338913 ], [ 33.89292383, 2.032694856 ], [ 33.888896419, 2.033861067 ], [ 33.89036421, 2.03663971 ], [ 33.891464764, 2.034860373 ], [ 33.893906451, 2.036434632 ], [ 33.897686653, 2.034722047 ], [ 33.899937475, 2.035579567 ], [ 33.901472748, 2.043605833 ], [ 33.905065574, 2.047407985 ], [ 33.904869694, 2.050332212 ], [ 33.90820865, 2.054248049 ], [ 33.905930234, 2.054547442 ], [ 33.905052816, 2.056859881 ], [ 33.901050763, 2.058482166 ], [ 33.900949872, 2.054692227 ], [ 33.897993975, 2.054551955 ], [ 33.896584689, 2.057427192 ], [ 33.894398995, 2.057751157 ], [ 33.894470308, 2.060941594 ], [ 33.892249633, 2.063618564 ], [ 33.894565027, 2.066321358 ], [ 33.893084249, 2.067521656 ], [ 33.890501789, 2.066621748 ], [ 33.886086306, 2.067802403 ], [ 33.885271636, 2.072139686 ], [ 33.881489887, 2.070703469 ], [ 33.882591662, 2.074303227 ], [ 33.886288753, 2.076638554 ], [ 33.887101716, 2.079654489 ], [ 33.892701658, 2.082475229 ], [ 33.888823385, 2.084331897 ], [ 33.88999032, 2.08681892 ], [ 33.888444009, 2.090257344 ], [ 33.891745162, 2.091413365 ], [ 33.894012507, 2.094958153 ], [ 33.896041397, 2.094224249 ], [ 33.895926245, 2.092342719 ], [ 33.897914399, 2.092124467 ], [ 33.900296577, 2.095976741 ], [ 33.899743516, 2.097813424 ], [ 33.901275451, 2.097776351 ], [ 33.902752049, 2.101194926 ], [ 33.907086196, 2.098550935 ], [ 33.911285185, 2.102230237 ], [ 33.910675313, 2.103949354 ], [ 33.908588491, 2.10362492 ], [ 33.907466381, 2.107786785 ], [ 33.904516489, 2.107707099 ], [ 33.902643601, 2.110973841 ], [ 33.901575727, 2.109816562 ], [ 33.901641747, 2.111254856 ], [ 33.905423963, 2.113306109 ], [ 33.906746482, 2.116498607 ], [ 33.908180183, 2.115665521 ], [ 33.917448291, 2.119260368 ], [ 33.915819441, 2.120799172 ], [ 33.914286183, 2.119569818 ], [ 33.914188886, 2.122471258 ], [ 33.911206802, 2.12310503 ], [ 33.911273284, 2.124906061 ], [ 33.908471729, 2.124596574 ], [ 33.907262537, 2.121503753 ], [ 33.907115084, 2.123628029 ], [ 33.905295603, 2.124520665 ], [ 33.907526571, 2.125500662 ], [ 33.908056534, 2.127829415 ], [ 33.910513993, 2.128341114 ], [ 33.910997135, 2.130680424 ], [ 33.907947094, 2.132638885 ], [ 33.909249749, 2.132805652 ], [ 33.908402631, 2.134241122 ], [ 33.906645204, 2.133776547 ], [ 33.903458649, 2.136243694 ], [ 33.902768047, 2.135113195 ], [ 33.898969612, 2.138873166 ], [ 33.899696422, 2.140895209 ], [ 33.900754839, 2.140397941 ], [ 33.899899731, 2.142750018 ], [ 33.901381325, 2.143760375 ], [ 33.899819861, 2.144130948 ], [ 33.899717555, 2.146519821 ], [ 33.901888495, 2.146500582 ], [ 33.903657884, 2.14849036 ], [ 33.898417591, 2.151540525 ], [ 33.901173493, 2.154471215 ], [ 33.898647839, 2.158182577 ], [ 33.894717008, 2.159393609 ], [ 33.895761798, 2.164160771 ], [ 33.898109667, 2.16342457 ], [ 33.899845436, 2.165473136 ], [ 33.896480372, 2.17423799 ], [ 33.893546107, 2.176626933 ], [ 33.894537123, 2.177159171 ], [ 33.89254143, 2.181935317 ], [ 33.894812969, 2.182488068 ], [ 33.893959998, 2.186559337 ], [ 33.887729777, 2.188434887 ], [ 33.885758757, 2.187337362 ], [ 33.882356399, 2.189949513 ], [ 33.881950878, 2.193260648 ], [ 33.883578424, 2.194396194 ], [ 33.879984227, 2.19988714 ], [ 33.880768148, 2.202194771 ], [ 33.882949847, 2.201356363 ], [ 33.882141954, 2.20560329 ], [ 33.885268623, 2.208754728 ], [ 33.882280075, 2.213044395 ], [ 33.881492144, 2.216889484 ], [ 33.87970981, 2.217439497 ], [ 33.881447108, 2.218192399 ], [ 33.882122114, 2.221520737 ], [ 33.879280572, 2.226380231 ], [ 33.879553102, 2.2280465 ], [ 33.882208067, 2.229010901 ], [ 33.881771434, 2.233444569 ], [ 33.883377533, 2.23359319 ], [ 33.881410703, 2.23697515 ], [ 33.879899931, 2.237095737 ], [ 33.880148828, 2.235539833 ], [ 33.878228222, 2.236653954 ], [ 33.87957298, 2.23743102 ], [ 33.879098005, 2.238909273 ], [ 33.880424316, 2.238675109 ], [ 33.87751173, 2.242093543 ], [ 33.876439449, 2.247678446 ], [ 33.879751802, 2.248228194 ], [ 33.878487628, 2.250206001 ], [ 33.879180703, 2.251563821 ], [ 33.883541417, 2.253106783 ], [ 33.884176025, 2.255978341 ], [ 33.885433787, 2.25440366 ], [ 33.887327253, 2.257504339 ], [ 33.886287608, 2.259284027 ], [ 33.888348775, 2.260616161 ], [ 33.886112432, 2.260309829 ], [ 33.88570186, 2.261622262 ], [ 33.886735279, 2.26116537 ], [ 33.888791213, 2.265440184 ], [ 33.890745851, 2.265035772 ], [ 33.891124369, 2.268805842 ], [ 33.889738843, 2.26843533 ], [ 33.890245917, 2.269694142 ], [ 33.888622647, 2.271523711 ], [ 33.886751987, 2.271277287 ], [ 33.887955541, 2.273048517 ], [ 33.889597241, 2.27260539 ], [ 33.890014753, 2.275723781 ], [ 33.892103162, 2.27580911 ], [ 33.89157263, 2.274332418 ], [ 33.89276517, 2.274024143 ], [ 33.894027432, 2.275058571 ], [ 33.894879075, 2.273563692 ], [ 33.898462976, 2.275839787 ], [ 33.900635381, 2.279442177 ], [ 33.901652546, 2.278365526 ], [ 33.90413591, 2.279188745 ], [ 33.90312043, 2.280324221 ], [ 33.904732094, 2.282341649 ], [ 33.902817027, 2.284032119 ], [ 33.904627223, 2.286772767 ], [ 33.902571169, 2.290239217 ], [ 33.903786531, 2.291979681 ], [ 33.905030665, 2.291537083 ], [ 33.904378553, 2.295336163 ], [ 33.907504952, 2.295797631 ], [ 33.906623138, 2.297227564 ], [ 33.908638436, 2.297416858 ], [ 33.907885481, 2.298339934 ], [ 33.910544065, 2.30098872 ], [ 33.911003824, 2.302912555 ], [ 33.908440565, 2.304327632 ], [ 33.908789179, 2.305826935 ], [ 33.84937007, 2.343775903 ], [ 33.753457585, 2.403018855 ], [ 33.748387292, 2.410386032 ], [ 33.742514708, 2.412296071 ], [ 33.735994146, 2.417496766 ], [ 33.734457329, 2.416481995 ], [ 33.734484468, 2.414510688 ], [ 33.729774523, 2.413307774 ], [ 33.726304309, 2.41013288 ], [ 33.72283325, 2.405327043 ], [ 33.71918029, 2.403130775 ], [ 33.716572369, 2.404110714 ], [ 33.71422904, 2.398751145 ], [ 33.711592494, 2.398908531 ], [ 33.709742025, 2.395992724 ], [ 33.707083053, 2.39515934 ], [ 33.707094211, 2.389485734 ], [ 33.701551228, 2.387804906 ], [ 33.701156331, 2.385753555 ], [ 33.696120799, 2.386152292 ], [ 33.692123979, 2.382178545 ], [ 33.691869344, 2.379292343 ], [ 33.688026985, 2.374710102 ], [ 33.685241847, 2.374654901 ], [ 33.681062342, 2.370907572 ], [ 33.678755582, 2.371106794 ], [ 33.678641983, 2.368913799 ], [ 33.676011099, 2.367868088 ], [ 33.675784586, 2.364868669 ], [ 33.672645449, 2.359918146 ], [ 33.674134205, 2.355646613 ], [ 33.671392898, 2.35660828 ], [ 33.659029107, 2.353782463 ], [ 33.65305737, 2.356814049 ], [ 33.651881714, 2.355509529 ], [ 33.642922655, 2.357015789 ], [ 33.639421485, 2.35593395 ], [ 33.632038809, 2.358412596 ], [ 33.632647056, 2.355988285 ], [ 33.628166947, 2.354630385 ], [ 33.628003241, 2.352811743 ], [ 33.625298673, 2.351502178 ], [ 33.625427715, 2.348651157 ], [ 33.623130098, 2.346702393 ], [ 33.625214194, 2.344686121 ], [ 33.623893502, 2.341786596 ], [ 33.619901282, 2.338544177 ], [ 33.617507513, 2.340150956 ], [ 33.616903095, 2.33620247 ], [ 33.613009059, 2.333926687 ], [ 33.609592694, 2.333864223 ], [ 33.60721126, 2.336370569 ], [ 33.607190196, 2.335167696 ], [ 33.601670998, 2.331621343 ], [ 33.595839219, 2.330788209 ], [ 33.594486255, 2.328445737 ], [ 33.593167694, 2.33044526 ], [ 33.587759835, 2.330595007 ], [ 33.58393045, 2.326991916 ], [ 33.580300813, 2.333793193 ], [ 33.579567205, 2.332318849 ], [ 33.576143785, 2.332479035 ], [ 33.571033513, 2.336615233 ], [ 33.568459053, 2.334650082 ], [ 33.568591933, 2.3410238 ], [ 33.566018603, 2.341893254 ], [ 33.565417552, 2.345989754 ], [ 33.563333268, 2.347809338 ], [ 33.563985928, 2.350528988 ], [ 33.561754264, 2.350431583 ], [ 33.560892121, 2.353397623 ], [ 33.558562135, 2.351841986 ], [ 33.553383703, 2.355776476 ], [ 33.549523051, 2.355565008 ], [ 33.549066513, 2.354451004 ], [ 33.538007175, 2.357355507 ], [ 33.534983258, 2.352030979 ], [ 33.537089557, 2.351374996 ], [ 33.54616652, 2.329229039 ], [ 33.543860592, 2.318019465 ], [ 33.546203952, 2.31224006 ], [ 33.549055988, 2.291648058 ], [ 33.548036808, 2.283411771 ], [ 33.535411526, 2.266820718 ], [ 33.508693779, 2.251268549 ], [ 33.49898164, 2.241659606 ], [ 33.491713525, 2.230972682 ], [ 33.487582316, 2.23252372 ], [ 33.489530023, 2.229330778 ], [ 33.493728985, 2.229926114 ], [ 33.497895009, 2.228039217 ], [ 33.499271551, 2.229252087 ], [ 33.500833546, 2.228298797 ], [ 33.501732717, 2.23017957 ], [ 33.503861367, 2.229266799 ], [ 33.504378692, 2.227067955 ], [ 33.507964661, 2.226879421 ], [ 33.516145123, 2.216925579 ], [ 33.51919641, 2.215613452 ], [ 33.519333006, 2.212698142 ], [ 33.5210081, 2.211191061 ], [ 33.525419591, 2.210725334 ], [ 33.528138797, 2.20892472 ], [ 33.528024952, 2.207458989 ], [ 33.534556768, 2.205656998 ], [ 33.540658722, 2.198703072 ], [ 33.551737876, 2.1968903 ], [ 33.554385636, 2.19449425 ], [ 33.558380595, 2.193639513 ], [ 33.558513817, 2.191760837 ], [ 33.564426792, 2.186946033 ], [ 33.567876857, 2.181443575 ], [ 33.565141601, 2.174337152 ], [ 33.566631112, 2.173139051 ], [ 33.565731607, 2.170990165 ], [ 33.566762958, 2.167317854 ], [ 33.572792406, 2.163841917 ], [ 33.574809145, 2.16015337 ], [ 33.577875568, 2.159684287 ], [ 33.578562603, 2.156869144 ], [ 33.58553837, 2.154669051 ], [ 33.589982916, 2.148908155 ], [ 33.610350407, 2.135749205 ], [ 33.619859995, 2.153254841 ], [ 33.626116793, 2.160323752 ], [ 33.628808744, 2.170773867 ], [ 33.639346801, 2.180889961 ], [ 33.634420307, 2.187706383 ], [ 33.636418278, 2.202110059 ], [ 33.646470413, 2.21482349 ], [ 33.661033815, 2.222140941 ], [ 33.662802193, 2.21780427 ], [ 33.665083821, 2.217360256 ], [ 33.66429589, 2.215937694 ], [ 33.667268755, 2.210175821 ], [ 33.669186658, 2.209861672 ], [ 33.668305992, 2.207152249 ], [ 33.670064454, 2.206111602 ], [ 33.671386808, 2.200853325 ], [ 33.672901621, 2.199775522 ], [ 33.671704829, 2.195781628 ], [ 33.674663476, 2.187698942 ], [ 33.675842301, 2.175625546 ], [ 33.678224467, 2.172183837 ], [ 33.687001758, 2.16606884 ], [ 33.687556216, 2.160984623 ], [ 33.6910345, 2.155101975 ], [ 33.699661272, 2.147485074 ], [ 33.702167289, 2.141374924 ], [ 33.706620565, 2.135979199 ], [ 33.707326356, 2.118493837 ], [ 33.708680326, 2.11371804 ], [ 33.71128566, 2.110993262 ], [ 33.712408981, 2.104617402 ], [ 33.722626877, 2.096033278 ], [ 33.733600801, 2.096579976 ], [ 33.744175397, 2.093294966 ], [ 33.744980175, 2.088011389 ], [ 33.748146399, 2.082366849 ], [ 33.748010001, 2.070932578 ], [ 33.749986811, 2.061695245 ], [ 33.746992092, 2.059724096 ], [ 33.747056301, 2.056652763 ], [ 33.734802412, 2.056489344 ], [ 33.742112206, 2.043276305 ], [ 33.743681455, 2.033600957 ], [ 33.742560373, 2.029462077 ], [ 33.736012606, 2.020809608 ], [ 33.731409752, 2.005251184 ], [ 33.745142981, 1.99200912 ], [ 33.752164315, 1.988455359 ], [ 33.755785591, 1.980648006 ], [ 33.76218691, 1.98442647 ], [ 33.768974028, 1.98284726 ], [ 33.778576879, 1.984382849 ], [ 33.777829155, 1.987901702 ], [ 33.780689128, 1.998958473 ], [ 33.779858876, 2.002703666 ], [ 33.783454274, 2.012773305 ], [ 33.787575137, 2.016430773 ], [ 33.789457348, 2.0142595 ], [ 33.798052158, 2.015691398 ], [ 33.809258034, 2.022063894 ], [ 33.818909983, 2.019082777 ], [ 33.822473902, 2.015625272 ], [ 33.829170712, 2.016562666 ], [ 33.835610393, 2.011384873 ], [ 33.839485519, 2.00671499 ], [ 33.843364034, 1.993315454 ], [ 33.853651241, 1.981559039 ], [ 33.858899527, 1.978824343 ], [ 33.880190166, 1.978351744 ], [ 33.887041927, 1.975218094 ], [ 33.894338854, 1.97656203 ] ] ] } },
{ "type": "Feature", "properties": { "shapeName": "Katakwi", "shapeISO": "", "shapeID": "80733802B50198420779400", "shapeGroup": "UGA", "shapeType": "ADM2" }, "geometry": { "type": "Polygon", "coordinates": [ [ [ 33.810597339, 1.715246946 ], [ 33.810853985, 1.710940764 ], [ 33.814696037, 1.710957216 ], [ 33.812650399, 1.701884584 ], [ 33.809322249, 1.699995301 ], [ 33.800400648, 1.700596111 ], [ 33.79851653, 1.698787618 ], [ 33.802458717, 1.695049812 ], [ 33.811215883, 1.697669583 ], [ 33.815598549, 1.696654532 ], [ 33.811751389, 1.67886195 ], [ 33.818646994, 1.681392032 ], [ 33.828880169, 1.681577654 ], [ 33.852289398, 1.677994214 ], [ 33.87456271, 1.668892848 ], [ 33.89514105, 1.65418833 ], [ 33.912199537, 1.642647015 ], [ 33.95262242, 1.635310348 ], [ 33.97903936, 1.637956462 ], [ 34.011465243, 1.648825315 ], [ 34.222213104, 1.640185996 ], [ 34.222780324, 1.880048404 ], [ 34.223194413, 1.980863587 ], [ 34.211972483, 2.118646702 ], [ 33.908789179, 2.305826935 ], [ 33.908440565, 2.304327632 ], [ 33.911003824, 2.302912555 ], [ 33.910544065, 2.30098872 ], [ 33.907885481, 2.298339934 ], [ 33.908638436, 2.297416858 ], [ 33.906623138, 2.297227564 ], [ 33.907504952, 2.295797631 ], [ 33.904378553, 2.295336163 ], [ 33.905030665, 2.291537083 ], [ 33.903786531, 2.291979681 ], [ 33.902571169, 2.290239217 ], [ 33.904627223, 2.286772767 ], [ 33.902817027, 2.284032119 ], [ 33.904732094, 2.282341649 ], [ 33.90312043, 2.280324221 ], [ 33.90413591, 2.279188745 ], [ 33.901652546, 2.278365526 ], [ 33.900635381, 2.279442177 ], [ 33.898462976, 2.275839787 ], [ 33.894879075, 2.273563692 ], [ 33.894027432, 2.275058571 ], [ 33.89276517, 2.274024143 ], [ 33.89157263, 2.274332418 ], [ 33.892103162, 2.27580911 ], [ 33.890014753, 2.275723781 ], [ 33.889597241, 2.27260539 ], [ 33.887955541, 2.273048517 ], [ 33.886751987, 2.271277287 ], [ 33.888622647, 2.271523711 ], [ 33.890245917, 2.269694142 ], [ 33.889738843, 2.26843533 ], [ 33.891124369, 2.268805842 ], [ 33.890745851, 2.265035772 ], [ 33.888791213, 2.265440184 ], [ 33.886735279, 2.26116537 ], [ 33.88570186, 2.261622262 ], [ 33.886112432, 2.260309829 ], [ 33.888348775, 2.260616161 ], [ 33.886287608, 2.259284027 ], [ 33.887327253, 2.257504339 ], [ 33.885433787, 2.25440366 ], [ 33.884176025, 2.255978341 ], [ 33.883541417, 2.253106783 ], [ 33.879180703, 2.251563821 ], [ 33.878487628, 2.250206001 ], [ 33.879751802, 2.248228194 ], [ 33.876439449, 2.247678446 ], [ 33.87751173, 2.242093543 ], [ 33.880424316, 2.238675109 ], [ 33.879098005, 2.238909273 ], [ 33.87957298, 2.23743102 ], [ 33.878228222, 2.236653954 ], [ 33.880148828, 2.235539833 ], [ 33.879899931, 2.237095737 ], [ 33.881410703, 2.23697515 ], [ 33.883377533, 2.23359319 ], [ 33.881771434, 2.233444569 ], [ 33.882208067, 2.229010901 ], [ 33.879553102, 2.2280465 ], [ 33.879280572, 2.226380231 ], [ 33.882122114, 2.221520737 ], [ 33.881447108, 2.218192399 ], [ 33.87970981, 2.217439497 ], [ 33.881492144, 2.216889484 ], [ 33.882280075, 2.213044395 ], [ 33.885268623, 2.208754728 ], [ 33.882141954, 2.20560329 ], [ 33.882949847, 2.201356363 ], [ 33.880768148, 2.202194771 ], [ 33.879984227, 2.19988714 ], [ 33.883578424, 2.194396194 ], [ 33.881950878, 2.193260648 ], [ 33.882356399, 2.189949513 ], [ 33.885758757, 2.187337362 ], [ 33.887729777, 2.188434887 ], [ 33.893959998, 2.186559337 ], [ 33.894812969, 2.182488068 ], [ 33.89254143, 2.181935317 ], [ 33.894537123, 2.177159171 ], [ 33.893546107, 2.176626933 ], [ 33.896480372, 2.17423799 ], [ 33.899845436, 2.165473136 ], [ 33.898109667, 2.16342457 ], [ 33.895761798, 2.164160771 ], [ 33.894717008, 2.159393609 ], [ 33.898647839, 2.158182577 ], [ 33.901173493, 2.154471215 ], [ 33.898417591, 2.151540525 ], [ 33.903657884, 2.14849036 ], [ 33.901888495, 2.146500582 ], [ 33.899717555, 2.146519821 ], [ 33.899819861, 2.144130948 ], [ 33.901381325, 2.143760375 ], [ 33.899899731, 2.142750018 ], [ 33.900754839, 2.140397941 ], [ 33.899696422, 2.140895209 ], [ 33.898969612, 2.138873166 ], [ 33.902768047, 2.135113195 ], [ 33.903458649, 2.136243694 ], [ 33.906645204, 2.133776547 ], [ 33.908402631, 2.134241122 ], [ 33.909249749, 2.132805652 ], [ 33.907947094, 2.132638885 ], [ 33.910997135, 2.130680424 ], [ 33.910513993, 2.128341114 ], [ 33.908056534, 2.127829415 ], [ 33.907526571, 2.125500662 ], [ 33.905295603, 2.124520665 ], [ 33.907115084, 2.123628029 ], [ 33.907262537, 2.121503753 ], [ 33.908471729, 2.124596574 ], [ 33.911273284, 2.124906061 ], [ 33.911206802, 2.12310503 ], [ 33.914188886, 2.122471258 ], [ 33.914286183, 2.119569818 ], [ 33.915819441, 2.120799172 ], [ 33.917448291, 2.119260368 ], [ 33.908180183, 2.115665521 ], [ 33.906746482, 2.116498607 ], [ 33.905423963, 2.113306109 ], [ 33.901641747, 2.111254856 ], [ 33.901575727, 2.109816562 ], [ 33.902643601, 2.110973841 ], [ 33.904516489, 2.107707099 ], [ 33.907466381, 2.107786785 ], [ 33.908588491, 2.10362492 ], [ 33.910675313, 2.103949354 ], [ 33.911285185, 2.102230237 ], [ 33.907086196, 2.098550935 ], [ 33.902752049, 2.101194926 ], [ 33.901275451, 2.097776351 ], [ 33.899743516, 2.097813424 ], [ 33.900296577, 2.095976741 ], [ 33.897914399, 2.092124467 ], [ 33.895926245, 2.092342719 ], [ 33.896041397, 2.094224249 ], [ 33.894012507, 2.094958153 ], [ 33.891745162, 2.091413365 ], [ 33.888444009, 2.090257344 ], [ 33.88999032, 2.08681892 ], [ 33.888823385, 2.084331897 ], [ 33.892701658, 2.082475229 ], [ 33.887101716, 2.079654489 ], [ 33.886288753, 2.076638554 ], [ 33.882591662, 2.074303227 ], [ 33.881489887, 2.070703469 ], [ 33.885271636, 2.072139686 ], [ 33.886086306, 2.067802403 ], [ 33.890501789, 2.066621748 ], [ 33.893084249, 2.067521656 ], [ 33.894565027, 2.066321358 ], [ 33.892249633, 2.063618564 ], [ 33.894470308, 2.060941594 ], [ 33.894398995, 2.057751157 ], [ 33.896584689, 2.057427192 ], [ 33.897993975, 2.054551955 ], [ 33.900949872, 2.054692227 ], [ 33.901050763, 2.058482166 ], [ 33.905052816, 2.056859881 ], [ 33.905930234, 2.054547442 ], [ 33.90820865, 2.054248049 ], [ 33.904869694, 2.050332212 ], [ 33.905065574, 2.047407985 ], [ 33.901472748, 2.043605833 ], [ 33.899937475, 2.035579567 ], [ 33.897686653, 2.034722047 ], [ 33.893906451, 2.036434632 ], [ 33.891464764, 2.034860373 ], [ 33.89036421, 2.03663971 ], [ 33.888896419, 2.033861067 ], [ 33.89292383, 2.032694856 ], [ 33.893536815, 2.031338913 ], [ 33.89125675, 2.028600586 ], [ 33.895566928, 2.027653988 ], [ 33.895761879, 2.023864124 ], [ 33.893718866, 2.023018864 ], [ 33.897840227, 2.018994163 ], [ 33.894539017, 2.019372157 ], [ 33.893973425, 2.017094209 ], [ 33.892145907, 2.016264824 ], [ 33.887616748, 2.015727915 ], [ 33.885740885, 2.01680775 ], [ 33.882939297, 2.014914275 ], [ 33.884102094, 2.012756026 ], [ 33.883243411, 2.009288031 ], [ 33.885874003, 2.006346591 ], [ 33.885494426, 2.00455776 ], [ 33.882451744, 2.007424949 ], [ 33.879774584, 2.006753968 ], [ 33.877658896, 2.007876506 ], [ 33.876536505, 2.006457627 ], [ 33.893841556, 1.994347032 ], [ 33.893744768, 1.993062532 ], [ 33.889537622, 1.992259718 ], [ 33.889120564, 1.991029672 ], [ 33.891614449, 1.989951818 ], [ 33.895450712, 1.979293364 ], [ 33.897422203, 1.978640968 ], [ 33.896637225, 1.973503185 ], [ 33.895045302, 1.973585465 ], [ 33.894338854, 1.97656203 ], [ 33.890487733, 1.967825524 ], [ 33.891365024, 1.965916313 ], [ 33.889035395, 1.96514864 ], [ 33.887136329, 1.966732737 ], [ 33.886799724, 1.963530573 ], [ 33.888628529, 1.962977778 ], [ 33.891294411, 1.956734499 ], [ 33.894501673, 1.956271426 ], [ 33.897800853, 1.953257285 ], [ 33.901664333, 1.945222233 ], [ 33.898978636, 1.944753277 ], [ 33.899789573, 1.947014377 ], [ 33.895517997, 1.951639251 ], [ 33.890315007, 1.952555696 ], [ 33.890202283, 1.94764369 ], [ 33.888179162, 1.945166115 ], [ 33.890841087, 1.935648139 ], [ 33.894161528, 1.930336285 ], [ 33.891025652, 1.930754067 ], [ 33.890322273, 1.928881882 ], [ 33.88561514, 1.926903244 ], [ 33.884327616, 1.923330677 ], [ 33.884585109, 1.920318165 ], [ 33.890891368, 1.917809078 ], [ 33.899279087, 1.908034823 ], [ 33.895715001, 1.908308081 ], [ 33.893051749, 1.906572613 ], [ 33.883334337, 1.897359602 ], [ 33.882145614, 1.896817442 ], [ 33.880866815, 1.900373251 ], [ 33.878235963, 1.895996242 ], [ 33.875599478, 1.897146455 ], [ 33.872839494, 1.894072148 ], [ 33.864815624, 1.89009586 ], [ 33.859842651, 1.884326845 ], [ 33.858483783, 1.880555236 ], [ 33.857190115, 1.881406224 ], [ 33.858524878, 1.885295448 ], [ 33.85743561, 1.88816365 ], [ 33.855913515, 1.887286919 ], [ 33.855742498, 1.883442347 ], [ 33.852867749, 1.883443766 ], [ 33.851867984, 1.882042088 ], [ 33.850824164, 1.883643791 ], [ 33.848898757, 1.883047683 ], [ 33.84764213, 1.884984201 ], [ 33.845479963, 1.885157139 ], [ 33.844893312, 1.881638424 ], [ 33.8471729, 1.880271323 ], [ 33.847364892, 1.871731547 ], [ 33.846769795, 1.870492497 ], [ 33.842872978, 1.870566758 ], [ 33.843892482, 1.86863036 ], [ 33.849972126, 1.86583211 ], [ 33.850409432, 1.863787441 ], [ 33.847390178, 1.862359595 ], [ 33.847054952, 1.860496225 ], [ 33.849237599, 1.857392297 ], [ 33.854985576, 1.855562161 ], [ 33.854184342, 1.850967051 ], [ 33.859982409, 1.841194282 ], [ 33.863068228, 1.838587463 ], [ 33.863314516, 1.835448298 ], [ 33.865972776, 1.832959289 ], [ 33.87129315, 1.831346462 ], [ 33.870017436, 1.827421025 ], [ 33.870533006, 1.821070325 ], [ 33.866215055, 1.806128042 ], [ 33.867828678, 1.804697962 ], [ 33.870112904, 1.807383592 ], [ 33.871847199, 1.806858073 ], [ 33.868754165, 1.803639108 ], [ 33.871196874, 1.799313837 ], [ 33.869605634, 1.789852248 ], [ 33.871666208, 1.771071302 ], [ 33.8683372, 1.764062046 ], [ 33.858168928, 1.754206378 ], [ 33.843183938, 1.744587986 ], [ 33.828646866, 1.738804845 ], [ 33.82652844, 1.734554004 ], [ 33.822723419, 1.733198723 ], [ 33.815406938, 1.727149897 ], [ 33.81229564, 1.722673288 ], [ 33.810597339, 1.715246946 ] ] ] } },
{ "type": "Feature", "properties": { "shapeName": "Kibuku", "shapeISO": "", "shapeID": "80733802B12689550782182", "shapeGroup": "UGA", "shapeType": "ADM2" }, "geometry": { "type": "Polygon", "coordinates": [ [ [ 33.932230028, 1.165351158 ], [ 33.92331639, 1.16261314 ], [ 33.890780111, 1.141664082 ], [ 33.88130647, 1.139441049 ], [ 33.872042449, 1.141548476 ], [ 33.86474632, 1.149814461 ], [ 33.855800449, 1.153916062 ], [ 33.852516246, 1.160956589 ], [ 33.841132522, 1.16841966 ], [ 33.837189609, 1.167977577 ], [ 33.818458855, 1.135217107 ], [ 33.812420529, 1.113778837 ], [ 33.798008063, 1.102149086 ], [ 33.79420472, 1.096107083 ], [ 33.783485437, 1.089913098 ], [ 33.776381762, 1.091615695 ], [ 33.770914467, 1.10677905 ], [ 33.762443558, 1.113140962 ], [ 33.74279155, 1.111508595 ], [ 33.730369136, 1.117301536 ], [ 33.708476179, 1.117894976 ], [ 33.682695195, 1.12527418 ], [ 33.671559375, 1.123539822 ], [ 33.626329725, 1.104262223 ], [ 33.636556949, 1.088898626 ], [ 33.656958183, 1.06794199 ], [ 33.685975004, 1.049932711 ], [ 33.69155076, 1.045055319 ], [ 33.695034875, 1.038712835 ], [ 33.697915957, 1.012847812 ], [ 33.70646143, 1.00263229 ], [ 33.709816416, 0.991477062 ], [ 33.714986215, 0.982592156 ], [ 33.718540815, 0.977733354 ], [ 33.730465903, 0.967191478 ], [ 33.75089157, 0.955869744 ], [ 33.759783908, 0.945708514 ], [ 33.766080165, 0.954057053 ], [ 33.772815545, 0.956679019 ], [ 33.863247332, 0.94226379 ], [ 33.868132751, 0.974769076 ], [ 33.870894979, 0.982163791 ], [ 33.873635701, 0.985258916 ], [ 33.886386284, 0.990294273 ], [ 33.891021619, 0.997575233 ], [ 33.89463012, 1.000387619 ], [ 33.900028623, 1.01097019 ], [ 33.912834593, 1.018918169 ], [ 33.920912049, 1.033842 ], [ 33.93728134, 1.05066293 ], [ 33.931509868, 1.061700943 ], [ 33.927635929, 1.063837006 ], [ 33.897554004, 1.06335749 ], [ 33.906096276, 1.076490037 ], [ 33.916391579, 1.087279003 ], [ 33.918575824, 1.091268466 ], [ 33.917682743, 1.093636084 ], [ 33.923891838, 1.102810699 ], [ 33.927857328, 1.104616903 ], [ 33.925673634, 1.112514867 ], [ 33.925818099, 1.118231979 ], [ 33.928450931, 1.128791026 ], [ 33.933238462, 1.136048337 ], [ 33.928359723, 1.15649629 ], [ 33.932230028, 1.165351158 ] ] ] } },
{ "type": "Feature", "properties": { "shapeName": "Kumi", "shapeISO": "", "shapeID": "80733802B48342866622319", "shapeGroup": "UGA", "shapeType": "ADM2" }, "geometry": { "type": "Polygon", "coordinates": [ [ [ 34.229507155, 1.579334968 ], [ 34.229070111, 1.637204171 ], [ 34.229001916, 1.640082106 ], [ 34.222213104, 1.640185996 ], [ 34.011465243, 1.648825315 ], [ 33.97903936, 1.637956462 ], [ 33.95262242, 1.635310348 ], [ 33.912199537, 1.642647015 ], [ 33.89514105, 1.65418833 ], [ 33.898374573, 1.651042987 ], [ 33.899629698, 1.646003701 ], [ 33.897329032, 1.625922241 ], [ 33.899451401, 1.607575657 ], [ 33.899109452, 1.597751667 ], [ 33.895645108, 1.590923326 ], [ 33.892269278, 1.589974951 ], [ 33.886973459, 1.581862807 ], [ 33.88420348, 1.568068528 ], [ 33.876551404, 1.555578928 ], [ 33.8775799, 1.549689403 ], [ 33.873998617, 1.544878297 ], [ 33.870230435, 1.530767711 ], [ 33.85273264, 1.495738515 ], [ 33.849965937, 1.491813503 ], [ 33.844031844, 1.489454719 ], [ 33.841132124, 1.479866737 ], [ 33.835797703, 1.470514862 ], [ 33.830365234, 1.464772476 ], [ 33.8277432, 1.456776478 ], [ 33.816628204, 1.449398722 ], [ 33.810491332, 1.442028135 ], [ 33.808456179, 1.43151695 ], [ 33.802335971, 1.416827742 ], [ 33.789612993, 1.398187433 ], [ 33.78984094, 1.394414989 ], [ 33.803885329, 1.377068224 ], [ 33.80796613, 1.365460297 ], [ 33.806534511, 1.364827533 ], [ 33.805752943, 1.361046398 ], [ 33.801825606, 1.356072188 ], [ 33.798242339, 1.355277297 ], [ 33.790502287, 1.357324353 ], [ 33.77436788, 1.365706656 ], [ 33.767823213, 1.365998261 ], [ 33.756247028, 1.363948404 ], [ 33.750749304, 1.359978714 ], [ 33.747367253, 1.359608864 ], [ 33.738583396, 1.354726451 ], [ 33.728344003, 1.344253644 ], [ 33.736395076, 1.335448907 ], [ 33.742037774, 1.32293582 ], [ 33.750960225, 1.316573402 ], [ 33.774112435, 1.316267727 ], [ 33.789828214, 1.320731702 ], [ 33.798324144, 1.321678839 ], [ 33.806314182, 1.319993604 ], [ 33.828067896, 1.30268975 ], [ 33.838274123, 1.289623432 ], [ 33.858159682, 1.271171356 ], [ 33.86167111, 1.269297595 ], [ 33.881294959, 1.267083642 ], [ 33.885907083, 1.266041739 ], [ 33.89482355, 1.269096268 ], [ 33.899714196, 1.267819044 ], [ 33.905647063, 1.260652384 ], [ 33.914326506, 1.259111478 ], [ 33.918017348, 1.256559156 ], [ 33.925395835, 1.267909422 ], [ 33.932640336, 1.271986595 ], [ 33.935965726, 1.276390832 ], [ 33.954443285, 1.278916876 ], [ 33.976669648, 1.291400957 ], [ 33.983661286, 1.302343864 ], [ 33.993361299, 1.305153316 ], [ 33.998176036, 1.311112663 ], [ 34.004234062, 1.31462908 ], [ 34.008167064, 1.319557499 ], [ 34.010334811, 1.342994529 ], [ 34.018230021, 1.352353704 ], [ 34.023865855, 1.36541353 ], [ 34.023060958, 1.372216361 ], [ 34.016601766, 1.383535528 ], [ 34.014710197, 1.391053472 ], [ 34.022325289, 1.411765171 ], [ 34.025116289, 1.416069756 ], [ 34.02361191, 1.426256057 ], [ 34.012554437, 1.440698219 ], [ 34.009073935, 1.447466104 ], [ 34.008818159, 1.452142945 ], [ 34.020227035, 1.453358973 ], [ 34.028244676, 1.45862903 ], [ 34.032485753, 1.466686902 ], [ 34.037316262, 1.470094921 ], [ 34.04378305, 1.477979812 ], [ 34.047841587, 1.494160784 ], [ 34.054155853, 1.499983208 ], [ 34.086259519, 1.516511898 ], [ 34.093913943, 1.527190912 ], [ 34.105491573, 1.537297925 ], [ 34.107354686, 1.541105148 ], [ 34.107298077, 1.558626499 ], [ 34.109517742, 1.56521051 ], [ 34.113321475, 1.570409684 ], [ 34.121855917, 1.575524865 ], [ 34.229507155, 1.579334968 ] ] ] } },
{ "type": "Feature", "properties": { "shapeName": "Kween", "shapeISO": "", "shapeID": "80733802B41733817888184", "shapeGroup": "UGA", "shapeType": "ADM2" }, "geometry": { "type": "Polygon", "coordinates": [ [ [ 34.534238003, 1.103601765 ], [ 34.57519114, 1.099430984 ], [ 34.570640142, 1.105720222 ], [ 34.568069643, 1.113394618 ], [ 34.559683487, 1.127399854 ], [ 34.557230054, 1.142900964 ], [ 34.553956583, 1.148179214 ], [ 34.556811313, 1.153285778 ], [ 34.55521744, 1.153927135 ], [ 34.554638698, 1.157175726 ], [ 34.558356838, 1.171158474 ], [ 34.557621191, 1.190323033 ], [ 34.558973475, 1.202206013 ], [ 34.554776586, 1.211831209 ], [ 34.554546796, 1.223259349 ], [ 34.552448596, 1.229034828 ], [ 34.553896823, 1.236337381 ], [ 34.557783652, 1.240518671 ], [ 34.560269344, 1.24688311 ], [ 34.56745214, 1.253645727 ], [ 34.564320808, 1.265329527 ], [ 34.564614633, 1.269245366 ], [ 34.566759243, 1.272725963 ], [ 34.565290955, 1.280631247 ], [ 34.566129075, 1.285577752 ], [ 34.567505049, 1.28657173 ], [ 34.568079329, 1.293499006 ], [ 34.571643523, 1.29481719 ], [ 34.572010615, 1.297222635 ], [ 34.574475113, 1.299319269 ], [ 34.574856236, 1.302601956 ], [ 34.578833352, 1.305927586 ], [ 34.582183215, 1.312011967 ], [ 34.585792417, 1.313420499 ], [ 34.589923653, 1.321493973 ], [ 34.589705993, 1.324514746 ], [ 34.592168297, 1.325743108 ], [ 34.592458493, 1.330753183 ], [ 34.600632132, 1.338597831 ], [ 34.6098644, 1.342091654 ], [ 34.624620422, 1.344505511 ], [ 34.64920464, 1.354459018 ], [ 34.657123437, 1.352043846 ], [ 34.662461462, 1.352166774 ], [ 34.667259479, 1.359217351 ], [ 34.674163951, 1.364475807 ], [ 34.678750118, 1.374447457 ], [ 34.681423041, 1.374933325 ], [ 34.686774935, 1.379405731 ], [ 34.694544389, 1.382047897 ], [ 34.697896163, 1.388456392 ], [ 34.707803194, 1.393624587 ], [ 34.708967821, 1.395365264 ], [ 34.707463102, 1.396497868 ], [ 34.71052477, 1.398857015 ], [ 34.710850081, 1.402566128 ], [ 34.719089123, 1.412743497 ], [ 34.722952154, 1.414669069 ], [ 34.723368015, 1.417352393 ], [ 34.721834169, 1.419320127 ], [ 34.724133459, 1.421609142 ], [ 34.722195722, 1.429066329 ], [ 34.723559742, 1.429724426 ], [ 34.722179303, 1.435819718 ], [ 34.723160971, 1.437596876 ], [ 34.721729698, 1.440714849 ], [ 34.720606329, 1.440401607 ], [ 34.721096041, 1.441465341 ], [ 34.718815133, 1.44237517 ], [ 34.718080137, 1.448132318 ], [ 34.722187311, 1.454813841 ], [ 34.721911642, 1.459351543 ], [ 34.720574039, 1.46075568 ], [ 34.721995163, 1.463470854 ], [ 34.720105713, 1.466896661 ], [ 34.72130266, 1.467535797 ], [ 34.720663421, 1.468484388 ], [ 34.722860746, 1.469451216 ], [ 34.724108787, 1.467301594 ], [ 34.726086972, 1.46961462 ], [ 34.72312081, 1.474791104 ], [ 34.711492806, 1.478360526 ], [ 34.712786891, 1.481243821 ], [ 34.711512073, 1.484325999 ], [ 34.712825076, 1.485819331 ], [ 34.710863149, 1.486601885 ], [ 34.712918914, 1.492632908 ], [ 34.711048121, 1.494482571 ], [ 34.712290593, 1.495706009 ], [ 34.710663802, 1.496103044 ], [ 34.711616504, 1.498705234 ], [ 34.707535705, 1.500342144 ], [ 34.705839278, 1.498528083 ], [ 34.701992373, 1.501226836 ], [ 34.700440307, 1.504831462 ], [ 34.701796621, 1.509492552 ], [ 34.699491847, 1.514996927 ], [ 34.699940735, 1.524198416 ], [ 34.686376634, 1.524552814 ], [ 34.680493302, 1.527783651 ], [ 34.676770825, 1.526484268 ], [ 34.675529267, 1.52400136 ], [ 34.671265851, 1.525107304 ], [ 34.670111868, 1.52367356 ], [ 34.670839934, 1.521905433 ], [ 34.662338339, 1.522365831 ], [ 34.661991634, 1.524247624 ], [ 34.659238455, 1.523666453 ], [ 34.658804256, 1.527740745 ], [ 34.655338138, 1.531959916 ], [ 34.655514054, 1.533891122 ], [ 34.651570031, 1.535224697 ], [ 34.644876126, 1.540350823 ], [ 34.640257143, 1.539727698 ], [ 34.636705014, 1.541098323 ], [ 34.630713423, 1.546071855 ], [ 34.625328433, 1.555814452 ], [ 34.626332479, 1.559881674 ], [ 34.623194196, 1.56907866 ], [ 34.621980256, 1.573024241 ], [ 34.61946186, 1.572825218 ], [ 34.617817234, 1.576633399 ], [ 34.6131435, 1.573745752 ], [ 34.608544601, 1.575208282 ], [ 34.607362697, 1.574298609 ], [ 34.607135373, 1.57610934 ], [ 34.604620124, 1.577090168 ], [ 34.601274967, 1.576173317 ], [ 34.598619906, 1.578381195 ], [ 34.595363822, 1.578275031 ], [ 34.593299006, 1.579424191 ], [ 34.593284022, 1.584667952 ], [ 34.592155108, 1.583019557 ], [ 34.585656661, 1.585774794 ], [ 34.583795553, 1.583480377 ], [ 34.578432368, 1.580590342 ], [ 34.575461525, 1.580485098 ], [ 34.575019368, 1.579196502 ], [ 34.570583428, 1.581112407 ], [ 34.568662804, 1.580438601 ], [ 34.56254401, 1.588093335 ], [ 34.549847057, 1.59157868 ], [ 34.549615814, 1.593913837 ], [ 34.54860311, 1.592623313 ], [ 34.548402689, 1.594005126 ], [ 34.546264731, 1.593783471 ], [ 34.546866939, 1.595930714 ], [ 34.545281163, 1.598189849 ], [ 34.53262603, 1.597611256 ], [ 34.521138639, 1.599849168 ], [ 34.520937221, 1.598156112 ], [ 34.520073075, 1.599273522 ], [ 34.515936053, 1.597722212 ], [ 34.516615502, 1.595865242 ], [ 34.501358361, 1.595098935 ], [ 34.499755234, 1.596278689 ], [ 34.499373947, 1.594915678 ], [ 34.497926026, 1.597595501 ], [ 34.499566606, 1.598359634 ], [ 34.497547177, 1.599580927 ], [ 34.497904975, 1.60132664 ], [ 34.495432732, 1.600874019 ], [ 34.495290923, 1.601974342 ], [ 34.488740515, 1.598953591 ], [ 34.489238419, 1.597255079 ], [ 34.486740871, 1.594673817 ], [ 34.488594235, 1.593883182 ], [ 34.48887811, 1.591993488 ], [ 34.486359624, 1.59335862 ], [ 34.48582383, 1.591959841 ], [ 34.486271314, 1.586219292 ], [ 34.483895009, 1.586962462 ], [ 34.482324956, 1.585098026 ], [ 34.482016873, 1.58636589 ], [ 34.479247691, 1.586140671 ], [ 34.478844949, 1.587982622 ], [ 34.476657131, 1.586429554 ], [ 34.475160423, 1.587411267 ], [ 34.475729931, 1.586095378 ], [ 34.471809372, 1.58786812 ], [ 34.470607816, 1.586111019 ], [ 34.471534096, 1.585129735 ], [ 34.470036088, 1.584293692 ], [ 34.465044726, 1.584345101 ], [ 34.465304826, 1.582431495 ], [ 34.464045, 1.582288886 ], [ 34.465494322, 1.581498563 ], [ 34.46392575, 1.581714941 ], [ 34.464626073, 1.580506591 ], [ 34.462724004, 1.579670824 ], [ 34.464006762, 1.578617524 ], [ 34.459918664, 1.578740023 ], [ 34.461224469, 1.576658247 ], [ 34.45963054, 1.574602434 ], [ 34.458418599, 1.574962068 ], [ 34.458036965, 1.573048901 ], [ 34.457253367, 1.574125759 ], [ 34.455897435, 1.572524219 ], [ 34.456171876, 1.574114574 ], [ 34.454886926, 1.572034621 ], [ 34.453390153, 1.572968473 ], [ 34.453887751, 1.570743751 ], [ 34.452914502, 1.572562202 ], [ 34.451106975, 1.570960972 ], [ 34.447567202, 1.573474849 ], [ 34.444630703, 1.571934191 ], [ 34.445224047, 1.570666123 ], [ 34.443917829, 1.572197788 ], [ 34.442752037, 1.570572183 ], [ 34.440233549, 1.57200902 ], [ 34.437902561, 1.569594917 ], [ 34.436619701, 1.570552538 ], [ 34.43592913, 1.568687407 ], [ 34.434027749, 1.568856142 ], [ 34.435999978, 1.568017649 ], [ 34.434846173, 1.566523565 ], [ 34.433658151, 1.567122337 ], [ 34.433560999, 1.564084803 ], [ 34.431350612, 1.56422984 ], [ 34.432394839, 1.561885134 ], [ 34.430470151, 1.562723604 ], [ 34.430683045, 1.561216599 ], [ 34.423749583, 1.553986097 ], [ 34.414348128, 1.55259327 ], [ 34.410772722, 1.555286509 ], [ 34.406945178, 1.554141004 ], [ 34.404498718, 1.556749767 ], [ 34.398938087, 1.558714817 ], [ 34.396349684, 1.562376101 ], [ 34.393896216, 1.562723883 ], [ 34.393139702, 1.560201048 ], [ 34.394943772, 1.55740506 ], [ 34.424090318, 1.530423792 ], [ 34.424207932, 1.528198774 ], [ 34.428470949, 1.527212918 ], [ 34.431749867, 1.524622877 ], [ 34.43327038, 1.520604401 ], [ 34.441117307, 1.512507299 ], [ 34.441605442, 1.508808979 ], [ 34.443793905, 1.508957565 ], [ 34.44342727, 1.507283066 ], [ 34.44624725, 1.502368279 ], [ 34.444182777, 1.500593266 ], [ 34.444348937, 1.495128924 ], [ 34.441410875, 1.494054892 ], [ 34.44597873, 1.48274084 ], [ 34.44819752, 1.481791978 ], [ 34.447600558, 1.476506447 ], [ 34.449797304, 1.472323376 ], [ 34.459340085, 1.474740984 ], [ 34.463477321, 1.472920334 ], [ 34.469193214, 1.46479475 ], [ 34.470769318, 1.458241188 ], [ 34.480304087, 1.454858922 ], [ 34.478307432, 1.438986785 ], [ 34.485785836, 1.430089122 ], [ 34.485253176, 1.425896983 ], [ 34.48682411, 1.419091163 ], [ 34.483771655, 1.410846248 ], [ 34.481525504, 1.408627646 ], [ 34.483118821, 1.407078997 ], [ 34.477033231, 1.398454152 ], [ 34.478648004, 1.393048507 ], [ 34.47686449, 1.390109404 ], [ 34.479673777, 1.389272885 ], [ 34.481946608, 1.386300479 ], [ 34.481674942, 1.384359356 ], [ 34.483888574, 1.38260697 ], [ 34.482491128, 1.381706555 ], [ 34.484400851, 1.372416195 ], [ 34.481108481, 1.35852576 ], [ 34.481926308, 1.351271753 ], [ 34.491388973, 1.336594446 ], [ 34.496469229, 1.334424929 ], [ 34.503884928, 1.327768269 ], [ 34.510560845, 1.32617548 ], [ 34.511967641, 1.321468038 ], [ 34.513671975, 1.320226631 ], [ 34.514201263, 1.316105931 ], [ 34.517531137, 1.31293403 ], [ 34.517517945, 1.308825982 ], [ 34.522250563, 1.304682695 ], [ 34.522990448, 1.296924398 ], [ 34.528803076, 1.289497288 ], [ 34.528828816, 1.28775594 ], [ 34.534203373, 1.282296881 ], [ 34.534316607, 1.27455518 ], [ 34.540444733, 1.254064995 ], [ 34.539431666, 1.25063443 ], [ 34.5424649, 1.24381922 ], [ 34.54266166, 1.238904561 ], [ 34.53433357, 1.223040303 ], [ 34.536459328, 1.217222963 ], [ 34.536156531, 1.205113157 ], [ 34.53879489, 1.197080549 ], [ 34.539067112, 1.183677133 ], [ 34.536546366, 1.180015702 ], [ 34.53532015, 1.174418119 ], [ 34.529097454, 1.16769276 ], [ 34.524956091, 1.15792741 ], [ 34.523488195, 1.14439822 ], [ 34.526790285, 1.129958014 ], [ 34.526996245, 1.12549547 ], [ 34.525385702, 1.123311192 ], [ 34.526356299, 1.119046712 ], [ 34.530807964, 1.118781755 ], [ 34.537914174, 1.113413864 ], [ 34.534238003, 1.103601765 ] ] ] } },
{ "type": "Feature", "properties": { "shapeName": "Luuka", "shapeISO": "", "shapeID": "80733802B63336740531140", "shapeGroup": "UGA", "shapeType": "ADM2" }, "geometry": { "type": "Polygon", "coordinates": [ [ [ 33.306771783, 0.984572937 ], [ 33.302429494, 0.965442765 ], [ 33.301760524, 0.937064203 ], [ 33.303664717, 0.933149156 ], [ 33.297619712, 0.923658545 ], [ 33.296016434, 0.912565628 ], [ 33.297156013, 0.905732198 ], [ 33.291816291, 0.882695543 ], [ 33.28398963, 0.868921334 ], [ 33.283249615, 0.863412257 ], [ 33.298730396, 0.857125871 ], [ 33.304942502, 0.849335731 ], [ 33.2954592, 0.846540885 ], [ 33.29026915, 0.843239046 ], [ 33.283297468, 0.836009069 ], [ 33.281195208, 0.830410751 ], [ 33.281575704, 0.820087222 ], [ 33.278725667, 0.805168658 ], [ 33.275501024, 0.797958732 ], [ 33.271150716, 0.792874477 ], [ 33.26617819, 0.790260151 ], [ 33.261225463, 0.789799059 ], [ 33.257140176, 0.791635908 ], [ 33.254408436, 0.790224707 ], [ 33.250001307, 0.764051276 ], [ 33.240730782, 0.755411678 ], [ 33.235754036, 0.746355644 ], [ 33.224622649, 0.738430824 ], [ 33.226551366, 0.734151367 ], [ 33.220294227, 0.73034278 ], [ 33.223217976, 0.683912033 ], [ 33.230745294, 0.680717988 ], [ 33.236125555, 0.674537917 ], [ 33.240889728, 0.672058241 ], [ 33.244666758, 0.668027113 ], [ 33.250037595, 0.666740794 ], [ 33.252610243, 0.664124241 ], [ 33.259717442, 0.66403154 ], [ 33.26491602, 0.661151114 ], [ 33.267204801, 0.664393078 ], [ 33.275685005, 0.662028154 ], [ 33.282069332, 0.658045929 ], [ 33.297950819, 0.643575428 ], [ 33.305831027, 0.654467801 ], [ 33.313501482, 0.65837804 ], [ 33.315653352, 0.653895074 ], [ 33.333229822, 0.638868683 ], [ 33.338621145, 0.632336259 ], [ 33.347682276, 0.629594359 ], [ 33.352232785, 0.624183842 ], [ 33.362626834, 0.622120375 ], [ 33.366684906, 0.619532604 ], [ 33.369767592, 0.620998027 ], [ 33.373901632, 0.620491092 ], [ 33.379554633, 0.613976743 ], [ 33.377385183, 0.611407507 ], [ 33.375620615, 0.603151868 ], [ 33.402005478, 0.595902716 ], [ 33.401992483, 0.593251872 ], [ 33.398014532, 0.588405885 ], [ 33.398880725, 0.58598698 ], [ 33.396417883, 0.581493178 ], [ 33.395673214, 0.568707874 ], [ 33.401789094, 0.567550987 ], [ 33.408099826, 0.559423893 ], [ 33.409657425, 0.561314822 ], [ 33.416505501, 0.561086929 ], [ 33.423818988, 0.56485893 ], [ 33.42226168, 0.57192586 ], [ 33.423095976, 0.578283959 ], [ 33.416209209, 0.594408591 ], [ 33.41614858, 0.603732188 ], [ 33.412787255, 0.616665358 ], [ 33.415782465, 0.625112501 ], [ 33.414840581, 0.633137129 ], [ 33.416124301, 0.636705175 ], [ 33.414184666, 0.643614524 ], [ 33.417007252, 0.643967574 ], [ 33.415844561, 0.649145776 ], [ 33.417328714, 0.651305721 ], [ 33.416942866, 0.653566758 ], [ 33.420397518, 0.658315585 ], [ 33.424519605, 0.670513546 ], [ 33.425001779, 0.680632501 ], [ 33.426415736, 0.682479533 ], [ 33.424917129, 0.6871985 ], [ 33.42698289, 0.689610723 ], [ 33.428447457, 0.696661079 ], [ 33.427374937, 0.70065326 ], [ 33.430578796, 0.703378277 ], [ 33.432579674, 0.708783294 ], [ 33.432650374, 0.71202495 ], [ 33.429874502, 0.718647679 ], [ 33.432164776, 0.721784086 ], [ 33.428210123, 0.72620686 ], [ 33.417897351, 0.732510064 ], [ 33.412729106, 0.739979943 ], [ 33.406517477, 0.741423933 ], [ 33.40438448, 0.744425257 ], [ 33.404867456, 0.749527784 ], [ 33.402613332, 0.755743362 ], [ 33.399379337, 0.759290134 ], [ 33.39162529, 0.763235398 ], [ 33.39040219, 0.778868949 ], [ 33.377622943, 0.806762459 ], [ 33.372100174, 0.825454375 ], [ 33.369772216, 0.841440904 ], [ 33.362040395, 0.862593884 ], [ 33.382801286, 0.885435841 ], [ 33.396792453, 0.908178805 ], [ 33.40785051, 0.936205488 ], [ 33.404641063, 0.948555161 ], [ 33.406484913, 0.955295035 ], [ 33.405344765, 0.956824132 ], [ 33.408337972, 0.959076502 ], [ 33.407922488, 0.960777407 ], [ 33.410019238, 0.963636036 ], [ 33.408456679, 0.969978242 ], [ 33.413184383, 0.979992796 ], [ 33.410987322, 0.983847132 ], [ 33.415886342, 0.988903843 ], [ 33.417326242, 0.999054494 ], [ 33.395983338, 1.004014978 ], [ 33.383476645, 0.999565297 ], [ 33.386120035, 1.026362561 ], [ 33.37880035, 1.030570359 ], [ 33.371771189, 1.030996411 ], [ 33.364391898, 1.044785119 ], [ 33.360527321, 1.047670871 ], [ 33.351935531, 1.049832754 ], [ 33.349795904, 1.055865201 ], [ 33.354912161, 1.063097613 ], [ 33.350066829, 1.064666118 ], [ 33.346426302, 1.069467824 ], [ 33.339059231, 1.073386077 ], [ 33.335031822, 1.07730395 ], [ 33.32831483, 1.066927576 ], [ 33.32402594, 1.063128219 ], [ 33.321261478, 1.057365454 ], [ 33.306932917, 1.054462767 ], [ 33.310786754, 1.044709507 ], [ 33.3132998, 1.042058428 ], [ 33.313045234, 1.03546305 ], [ 33.317008962, 1.02381892 ], [ 33.310286284, 1.016355648 ], [ 33.306931768, 1.007390198 ], [ 33.298794584, 0.999067532 ], [ 33.306771783, 0.984572937 ] ] ] } },
{ "type": "Feature", "properties": { "shapeName": "Manafwa", "shapeISO": "", "shapeID": "80733802B15548846016899", "shapeGroup": "UGA", "shapeType": "ADM2" }, "geometry": { "type": "Polygon", "coordinates": [ [ [ 34.284296055, 0.962466838 ], [ 34.28540111, 0.958947897 ], [ 34.275884545, 0.963311217 ], [ 34.267983794, 0.963404646 ], [ 34.257321094, 0.957664971 ], [ 34.256237563, 0.954110631 ], [ 34.24964788, 0.951424658 ], [ 34.248194899, 0.943916503 ], [ 34.245811736, 0.941969946 ], [ 34.24428551, 0.942673795 ], [ 34.243486679, 0.938683626 ], [ 34.241604462, 0.942063197 ], [ 34.234707925, 0.939818165 ], [ 34.231896015, 0.927447879 ], [ 34.229546375, 0.925685148 ], [ 34.229446326, 0.921847597 ], [ 34.220536421, 0.901543465 ], [ 34.216177446, 0.873330917 ], [ 34.21222819, 0.867644013 ], [ 34.213023156, 0.856545659 ], [ 34.207835618, 0.85672822 ], [ 34.201964279, 0.852325008 ], [ 34.202227769, 0.849014333 ], [ 34.200334825, 0.846174478 ], [ 34.191294992, 0.839213351 ], [ 34.191739768, 0.835157818 ], [ 34.183069074, 0.829244076 ], [ 34.179887289, 0.824320782 ], [ 34.186706583, 0.822901131 ], [ 34.192183343, 0.817021018 ], [ 34.201314608, 0.813667678 ], [ 34.205529555, 0.810448402 ], [ 34.216914814, 0.80810692 ], [ 34.223976531, 0.802939933 ], [ 34.22589622, 0.79964688 ], [ 34.22796271, 0.798994998 ], [ 34.228095638, 0.794644194 ], [ 34.232265045, 0.791214797 ], [ 34.23468414, 0.784620102 ], [ 34.237796659, 0.781344805 ], [ 34.260634164, 0.769362185 ], [ 34.271938285, 0.759671498 ], [ 34.285705725, 0.757569165 ], [ 34.285021845, 0.762687992 ], [ 34.28958631, 0.773950104 ], [ 34.293959769, 0.796334875 ], [ 34.299764522, 0.80229284 ], [ 34.298363861, 0.804012255 ], [ 34.302003031, 0.806997686 ], [ 34.30412456, 0.820585638 ], [ 34.313012662, 0.827161819 ], [ 34.316650571, 0.828101999 ], [ 34.316845028, 0.830663359 ], [ 34.320247775, 0.833056586 ], [ 34.324747583, 0.842108814 ], [ 34.324460851, 0.853398051 ], [ 34.321990602, 0.853734367 ], [ 34.321851873, 0.856602945 ], [ 34.31922643, 0.859961262 ], [ 34.320960625, 0.867158751 ], [ 34.317747514, 0.866768946 ], [ 34.318482896, 0.870964271 ], [ 34.322877808, 0.877275822 ], [ 34.322198379, 0.883269581 ], [ 34.324293609, 0.889875106 ], [ 34.319818907, 0.890691109 ], [ 34.317861649, 0.897417978 ], [ 34.314496175, 0.902700487 ], [ 34.30638025, 0.908882216 ], [ 34.30413102, 0.912317098 ], [ 34.30593574, 0.917974491 ], [ 34.305566252, 0.921794099 ], [ 34.302462305, 0.924525838 ], [ 34.306278363, 0.924393694 ], [ 34.307328849, 0.936162364 ], [ 34.312273137, 0.940280052 ], [ 34.306042413, 0.944149952 ], [ 34.307532504, 0.952415164 ], [ 34.30558929, 0.955250244 ], [ 34.308420132, 0.959346899 ], [ 34.307513276, 0.961085855 ], [ 34.311421888, 0.962204121 ], [ 34.318498179, 0.959932349 ], [ 34.320692495, 0.956594272 ], [ 34.322054078, 0.957411473 ], [ 34.326407913, 0.955442807 ], [ 34.32796454, 0.956747755 ], [ 34.333396967, 0.955364476 ], [ 34.338189021, 0.958617826 ], [ 34.340172223, 0.959135627 ], [ 34.342281584, 0.957674907 ], [ 34.347930968, 0.959708304 ], [ 34.349621454, 0.961148688 ], [ 34.353013457, 0.970516792 ], [ 34.352202224, 0.976853158 ], [ 34.3562975, 0.980563387 ], [ 34.355562406, 0.998833031 ], [ 34.34611877, 0.998442784 ], [ 34.34531797, 1.00090761 ], [ 34.33746952, 1.002749286 ], [ 34.33720229, 1.004144082 ], [ 34.334825082, 1.004869978 ], [ 34.334398791, 1.007670214 ], [ 34.330656658, 1.007307247 ], [ 34.325404029, 1.002935262 ], [ 34.321827338, 0.997373862 ], [ 34.312494941, 0.992767896 ], [ 34.309107739, 0.98236526 ], [ 34.303512678, 0.982199187 ], [ 34.302216619, 0.970283885 ], [ 34.295180041, 0.9697248 ], [ 34.290859119, 0.96418289 ], [ 34.284296055, 0.962466838 ] ] ] } },
{ "type": "Feature", "properties": { "shapeName": "Mayuge", "shapeISO": "", "shapeID": "80733802B53272594834746", "shapeGroup": "UGA", "shapeType": "ADM2" }, "geometry": { "type": "Polygon", "coordinates": [ [ [ 33.289090145, 0.358500428 ], [ 33.292645871, 0.344422124 ], [ 33.296407992, 0.338496636 ], [ 33.300562578, 0.335243362 ], [ 33.303960145, 0.333886231 ], [ 33.344341614, 0.331794816 ], [ 33.366286874, 0.321690941 ], [ 33.387044574, 0.309426859 ], [ 33.392285376, 0.300746592 ], [ 33.396192943, 0.27894081 ], [ 33.422049492, 0.250461021 ], [ 33.422421251, 0.248570161 ], [ 33.41852266, 0.240862418 ], [ 33.417595986, 0.229924231 ], [ 33.420926878, 0.221289849 ], [ 33.426224404, 0.216063813 ], [ 33.426224433, 0.210017077 ], [ 33.476347779, 0.159888908 ], [ 33.495428272, 0.150928919 ], [ 33.52731221, 0.139952166 ], [ 33.529788878, 0.148181381 ], [ 33.538240852, 0.151951685 ], [ 33.538650002, 0.140440108 ], [ 33.533805208, 0.126066133 ], [ 33.541979924, 0.10914849 ], [ 33.542074467, 0.104995326 ], [ 33.545215675, 0.097698662 ], [ 33.556068614, 0.085972084 ], [ 33.543487108, 0.044674295 ], [ 33.53715339, 0.016426296 ], [ 33.522165833, -0.026934335 ], [ 33.521118241, -0.395823424 ], [ 33.523575137, -0.999184498 ], [ 33.520127889, -0.999186088 ], [ 33.595896295, -0.999182927 ], [ 33.657937866, -0.999119706 ], [ 33.659087474, -0.355559711 ], [ 33.659150743, -0.067931109 ], [ 33.670104885, -0.067478627 ], [ 33.677757699, -0.065361601 ], [ 33.689761991, -0.059010666 ], [ 33.697722456, -0.048462147 ], [ 33.700884949, -0.041966608 ], [ 33.703266775, -0.035073036 ], [ 33.704467475, -0.021322103 ], [ 33.701603674, -0.003889177 ], [ 33.693513375, 0.005320338 ], [ 33.677647792, 0.009626602 ], [ 33.659053159, 0.007627311 ], [ 33.65856623, 0.257652309 ], [ 33.693852621, 0.304234771 ], [ 33.700349854, 0.310529946 ], [ 33.701460487, 0.320745123 ], [ 33.704516358, 0.328518686 ], [ 33.704278159, 0.335525918 ], [ 33.69885011, 0.342709141 ], [ 33.700306631, 0.355488358 ], [ 33.703190027, 0.357217462 ], [ 33.705195962, 0.361243069 ], [ 33.711185476, 0.363332371 ], [ 33.708950638, 0.369592832 ], [ 33.705034155, 0.374758791 ], [ 33.708231677, 0.389441247 ], [ 33.707746072, 0.398605548 ], [ 33.709148742, 0.401427981 ], [ 33.706975272, 0.408945942 ], [ 33.696775466, 0.411778455 ], [ 33.684176017, 0.411643861 ], [ 33.678333892, 0.413318008 ], [ 33.675763146, 0.412413559 ], [ 33.671572853, 0.40780009 ], [ 33.667181172, 0.406072534 ], [ 33.656088933, 0.417255239 ], [ 33.656327604, 0.423560804 ], [ 33.647616664, 0.427080738 ], [ 33.634655537, 0.448966016 ], [ 33.627705905, 0.452585345 ], [ 33.625602101, 0.460935729 ], [ 33.620460459, 0.458430218 ], [ 33.613653765, 0.463519937 ], [ 33.61789344, 0.44237234 ], [ 33.609601868, 0.444698071 ], [ 33.60590775, 0.443630852 ], [ 33.597044303, 0.444952422 ], [ 33.577110313, 0.444049341 ], [ 33.571866896, 0.447451386 ], [ 33.576359169, 0.455747025 ], [ 33.577234728, 0.461790273 ], [ 33.568087542, 0.469679916 ], [ 33.562152526, 0.472319354 ], [ 33.556452185, 0.478049263 ], [ 33.55129179, 0.480573776 ], [ 33.54344816, 0.48838192 ], [ 33.544632315, 0.497175444 ], [ 33.54738137, 0.500115466 ], [ 33.547891202, 0.504874108 ], [ 33.545382595, 0.509298273 ], [ 33.546309019, 0.512003226 ], [ 33.552664727, 0.516698028 ], [ 33.557949822, 0.526884385 ], [ 33.545900876, 0.527238296 ], [ 33.545851508, 0.534294908 ], [ 33.541924629, 0.542536509 ], [ 33.536426688, 0.543614961 ], [ 33.528437322, 0.552915089 ], [ 33.524268247, 0.549541477 ], [ 33.523209054, 0.545228842 ], [ 33.515691183, 0.546062007 ], [ 33.507363502, 0.544698301 ], [ 33.504129504, 0.540524035 ], [ 33.490471007, 0.53636586 ], [ 33.483459723, 0.542598885 ], [ 33.482748815, 0.547419979 ], [ 33.480432858, 0.550935591 ], [ 33.480548952, 0.554425101 ], [ 33.47965126, 0.552608358 ], [ 33.475652661, 0.550874571 ], [ 33.455740878, 0.55273044 ], [ 33.44838819, 0.54786668 ], [ 33.440228858, 0.552895228 ], [ 33.427692769, 0.55156645 ], [ 33.425629389, 0.553907655 ], [ 33.423818988, 0.56485893 ], [ 33.416505501, 0.561086929 ], [ 33.409657425, 0.561314822 ], [ 33.408099826, 0.559423893 ], [ 33.401789094, 0.567550987 ], [ 33.395673214, 0.568707874 ], [ 33.396417883, 0.581493178 ], [ 33.398880725, 0.58598698 ], [ 33.398014532, 0.588405885 ], [ 33.401992483, 0.593251872 ], [ 33.402005478, 0.595902716 ], [ 33.375620615, 0.603151868 ], [ 33.372028513, 0.596231178 ], [ 33.369432132, 0.59569291 ], [ 33.366430367, 0.601181233 ], [ 33.365446316, 0.606782634 ], [ 33.357571024, 0.608693366 ], [ 33.357365194, 0.59900129 ], [ 33.354039468, 0.595210254 ], [ 33.352631187, 0.587622722 ], [ 33.353314862, 0.583139537 ], [ 33.371336083, 0.583770449 ], [ 33.360794501, 0.571301199 ], [ 33.353240624, 0.558628954 ], [ 33.360040794, 0.552437098 ], [ 33.361943747, 0.548702161 ], [ 33.370230987, 0.548568261 ], [ 33.367124082, 0.544900603 ], [ 33.366631655, 0.541288491 ], [ 33.363621974, 0.540384691 ], [ 33.357727686, 0.541655207 ], [ 33.346626112, 0.535268551 ], [ 33.340188891, 0.533317677 ], [ 33.341010215, 0.52252058 ], [ 33.337311014, 0.516884816 ], [ 33.330850376, 0.515099006 ], [ 33.325359306, 0.517440484 ], [ 33.327435798, 0.509512246 ], [ 33.332661739, 0.498628202 ], [ 33.322878184, 0.48846001 ], [ 33.306727828, 0.482275332 ], [ 33.304502103, 0.480111485 ], [ 33.309700522, 0.474292323 ], [ 33.307668449, 0.471458729 ], [ 33.302394242, 0.468217902 ], [ 33.294918914, 0.470323531 ], [ 33.292153433, 0.473938411 ], [ 33.289636998, 0.481623869 ], [ 33.284359919, 0.47588806 ], [ 33.281539683, 0.462623891 ], [ 33.282177607, 0.388869507 ], [ 33.288883625, 0.381806828 ], [ 33.291160652, 0.376125304 ], [ 33.289090145, 0.358500428 ] ] ] } },
{ "type": "Feature", "properties": { "shapeName": "Mbale", "shapeISO": "", "shapeID": "80733802B38677209103856", "shapeGroup": "UGA", "shapeType": "ADM2" }, "geometry": { "type": "Polygon", "coordinates": [ [ [ 34.081182597, 1.04041246 ], [ 34.108593769, 1.023541815 ], [ 34.114366111, 1.022472414 ], [ 34.118145208, 1.0232671 ], [ 34.120149824, 1.020227076 ], [ 34.129487331, 1.018434834 ], [ 34.133315513, 1.014644974 ], [ 34.12050309, 1.002228203 ], [ 34.124588482, 0.999717531 ], [ 34.129556165, 0.991636116 ], [ 34.129104605, 0.987483157 ], [ 34.123907881, 0.986844626 ], [ 34.126545234, 0.974793686 ], [ 34.125277188, 0.971374813 ], [ 34.125742669, 0.966964772 ], [ 34.128682531, 0.956142966 ], [ 34.126605424, 0.938143994 ], [ 34.120992631, 0.937914848 ], [ 34.117325562, 0.935162528 ], [ 34.121011394, 0.928730645 ], [ 34.115736185, 0.920645558 ], [ 34.108290006, 0.902475231 ], [ 34.115734429, 0.894838439 ], [ 34.11979096, 0.89350508 ], [ 34.124324736, 0.895224751 ], [ 34.128149301, 0.893959604 ], [ 34.131293721, 0.891830738 ], [ 34.131269756, 0.889163212 ], [ 34.133167042, 0.886468806 ], [ 34.139979631, 0.880501429 ], [ 34.168174812, 0.865587084 ], [ 34.17840025, 0.858410878 ], [ 34.180731967, 0.848849161 ], [ 34.180176222, 0.842273323 ], [ 34.184191551, 0.833662919 ], [ 34.183069074, 0.829244076 ], [ 34.191739768, 0.835157818 ], [ 34.191294992, 0.839213351 ], [ 34.200334825, 0.846174478 ], [ 34.202227769, 0.849014333 ], [ 34.201964279, 0.852325008 ], [ 34.207835618, 0.85672822 ], [ 34.213023156, 0.856545659 ], [ 34.21222819, 0.867644013 ], [ 34.216177446, 0.873330917 ], [ 34.220536421, 0.901543465 ], [ 34.229446326, 0.921847597 ], [ 34.229546375, 0.925685148 ], [ 34.231896015, 0.927447879 ], [ 34.234707925, 0.939818165 ], [ 34.241604462, 0.942063197 ], [ 34.243486679, 0.938683626 ], [ 34.24428551, 0.942673795 ], [ 34.245811736, 0.941969946 ], [ 34.248194899, 0.943916503 ], [ 34.24964788, 0.951424658 ], [ 34.256237563, 0.954110631 ], [ 34.257321094, 0.957664971 ], [ 34.267983794, 0.963404646 ], [ 34.275884545, 0.963311217 ], [ 34.28540111, 0.958947897 ], [ 34.284296055, 0.962466838 ], [ 34.281888375, 0.968310857 ], [ 34.283077173, 0.969441034 ], [ 34.280433891, 0.974507276 ], [ 34.279465734, 0.983543664 ], [ 34.271372605, 0.993234076 ], [ 34.273740073, 1.005498285 ], [ 34.288950806, 1.021033372 ], [ 34.289739001, 1.027581399 ], [ 34.297062137, 1.03286822 ], [ 34.31019876, 1.047316606 ], [ 34.31071275, 1.051612739 ], [ 34.308141519, 1.053983606 ], [ 34.307914978, 1.056172582 ], [ 34.311621649, 1.06009651 ], [ 34.315453153, 1.070948783 ], [ 34.318975159, 1.072421576 ], [ 34.32591943, 1.079790132 ], [ 34.328926987, 1.079951615 ], [ 34.331727548, 1.078105225 ], [ 34.338642839, 1.079206996 ], [ 34.336850769, 1.087337749 ], [ 34.330929065, 1.091043461 ], [ 34.33004755, 1.09414744 ], [ 34.324492579, 1.098278522 ], [ 34.323134468, 1.102285085 ], [ 34.318877906, 1.102767641 ], [ 34.315899072, 1.100730461 ], [ 34.315270627, 1.104278801 ], [ 34.31049771, 1.103443543 ], [ 34.309577587, 1.105477984 ], [ 34.305743303, 1.104292232 ], [ 34.30487052, 1.105458455 ], [ 34.30142403, 1.104940621 ], [ 34.299693534, 1.10671091 ], [ 34.297168524, 1.104206041 ], [ 34.29417682, 1.105772142 ], [ 34.293365916, 1.103402707 ], [ 34.290707603, 1.104034002 ], [ 34.286145861, 1.100996829 ], [ 34.285169259, 1.10236854 ], [ 34.280909313, 1.10181903 ], [ 34.27986044, 1.104774104 ], [ 34.274579542, 1.104338486 ], [ 34.272155712, 1.106465187 ], [ 34.269849586, 1.105961298 ], [ 34.267417937, 1.10857496 ], [ 34.263134719, 1.108480917 ], [ 34.262720855, 1.110349913 ], [ 34.260215612, 1.11156265 ], [ 34.258595118, 1.110949266 ], [ 34.254611829, 1.116346857 ], [ 34.252416361, 1.116010559 ], [ 34.245741243, 1.123600563 ], [ 34.242768253, 1.122680649 ], [ 34.240862325, 1.119923701 ], [ 34.238521586, 1.120431231 ], [ 34.237507138, 1.122837687 ], [ 34.227425155, 1.122000769 ], [ 34.227099271, 1.128506958 ], [ 34.225276391, 1.129991899 ], [ 34.225111609, 1.160163623 ], [ 34.220919478, 1.160605731 ], [ 34.215166424, 1.163490073 ], [ 34.204729532, 1.162478321 ], [ 34.202052228, 1.158953479 ], [ 34.195646086, 1.158473396 ], [ 34.195417702, 1.150977328 ], [ 34.193046575, 1.150375111 ], [ 34.184960511, 1.154780789 ], [ 34.177670297, 1.15534466 ], [ 34.174958083, 1.154234712 ], [ 34.16995106, 1.16028668 ], [ 34.160870386, 1.165473499 ], [ 34.152493642, 1.164273921 ], [ 34.146455881, 1.159346607 ], [ 34.137173215, 1.163954559 ], [ 34.134048426, 1.169129876 ], [ 34.127859682, 1.170163585 ], [ 34.120298194, 1.174593415 ], [ 34.124946542, 1.169513484 ], [ 34.129656856, 1.152713985 ], [ 34.136857415, 1.143855519 ], [ 34.132722788, 1.12477107 ], [ 34.130866397, 1.121687264 ], [ 34.133568845, 1.113886779 ], [ 34.134052875, 1.105874414 ], [ 34.13884741, 1.100777888 ], [ 34.139305548, 1.09840078 ], [ 34.138687632, 1.092241014 ], [ 34.136345565, 1.090590458 ], [ 34.134572058, 1.086590451 ], [ 34.131507532, 1.084748738 ], [ 34.129284422, 1.079616969 ], [ 34.126929625, 1.078582597 ], [ 34.124758618, 1.074363362 ], [ 34.120483954, 1.06909122 ], [ 34.115460703, 1.068288007 ], [ 34.111862316, 1.064155479 ], [ 34.112140809, 1.060763273 ], [ 34.104611458, 1.050562518 ], [ 34.09481279, 1.049308651 ], [ 34.085073567, 1.046227494 ], [ 34.081182597, 1.04041246 ] ] ] } },
{ "type": "Feature", "properties": { "shapeName": "Namayingo", "shapeISO": "", "shapeID": "80733802B92675160519083", "shapeGroup": "UGA", "shapeType": "ADM2" }, "geometry": { "type": "Polygon", "coordinates": [ [ [ 33.693852621, 0.304234771 ], [ 33.65856623, 0.257652309 ], [ 33.659053159, 0.007627311 ], [ 33.677647792, 0.009626602 ], [ 33.693513375, 0.005320338 ], [ 33.701603674, -0.003889177 ], [ 33.704467475, -0.021322103 ], [ 33.703266775, -0.035073036 ], [ 33.700884949, -0.041966608 ], [ 33.697722456, -0.048462147 ], [ 33.689761991, -0.059010666 ], [ 33.677757699, -0.065361601 ], [ 33.670104885, -0.067478627 ], [ 33.659150743, -0.067931109 ], [ 33.659087474, -0.355559711 ], [ 33.657937866, -0.999119706 ], [ 33.929618268, -0.995874039 ], [ 33.929322737, -0.539738483 ], [ 33.932724996, -0.519169302 ], [ 33.936122466, -0.462605011 ], [ 33.941225228, -0.421467093 ], [ 33.97185553, -0.250059638 ], [ 33.984707457, -0.168273074 ], [ 33.98777549, -0.131184345 ], [ 33.94258013, -0.002714148 ], [ 33.913475731, 0.096912825 ], [ 33.910639839, 0.099467444 ], [ 33.913277053, 0.108433297 ], [ 33.972835669, 0.189858923 ], [ 33.92535698, 0.230867357 ], [ 33.919986443, 0.246898021 ], [ 33.912659685, 0.254434015 ], [ 33.912382642, 0.259879844 ], [ 33.907977086, 0.271061278 ], [ 33.904922212, 0.274797597 ], [ 33.900331114, 0.290113209 ], [ 33.896891019, 0.294338078 ], [ 33.893963644, 0.305003835 ], [ 33.890486502, 0.309409651 ], [ 33.882919778, 0.313419245 ], [ 33.885723568, 0.325371299 ], [ 33.879483137, 0.339263295 ], [ 33.883976081, 0.345450525 ], [ 33.896984513, 0.354269365 ], [ 33.906016681, 0.362762865 ], [ 33.911051045, 0.374237293 ], [ 33.919935004, 0.382929424 ], [ 33.926300542, 0.392846668 ], [ 33.926073396, 0.397193176 ], [ 33.930313515, 0.405969905 ], [ 33.932135442, 0.419135526 ], [ 33.934047839, 0.423848093 ], [ 33.921852331, 0.440929193 ], [ 33.918706466, 0.443498702 ], [ 33.914101265, 0.444078235 ], [ 33.912191076, 0.446823479 ], [ 33.911146122, 0.456072008 ], [ 33.912855228, 0.459540872 ], [ 33.909921952, 0.465120322 ], [ 33.912331239, 0.470807882 ], [ 33.909360781, 0.472236888 ], [ 33.908383758, 0.476643498 ], [ 33.906258317, 0.477075541 ], [ 33.901579679, 0.481739206 ], [ 33.891340587, 0.489420832 ], [ 33.88825301, 0.482736066 ], [ 33.88264093, 0.478016848 ], [ 33.876814801, 0.470059951 ], [ 33.869580934, 0.44872005 ], [ 33.863499121, 0.443532669 ], [ 33.85810579, 0.43474018 ], [ 33.852349536, 0.433519584 ], [ 33.850344317, 0.431656266 ], [ 33.839811864, 0.408589209 ], [ 33.827996505, 0.39932694 ], [ 33.824934564, 0.388589171 ], [ 33.814326894, 0.373249301 ], [ 33.809926578, 0.350438218 ], [ 33.806230134, 0.346519128 ], [ 33.805568164, 0.341567626 ], [ 33.800397721, 0.333661458 ], [ 33.797800643, 0.332331841 ], [ 33.789221271, 0.333291468 ], [ 33.784851092, 0.331591082 ], [ 33.76855471, 0.314269715 ], [ 33.764852085, 0.311888629 ], [ 33.751779489, 0.30793551 ], [ 33.738822194, 0.309223077 ], [ 33.717448847, 0.305237177 ], [ 33.693852621, 0.304234771 ] ] ] } },
{ "type": "Feature", "properties": { "shapeName": "Namisindwa", "shapeISO": "", "shapeID": "80733802B82354437944793", "shapeGroup": "UGA", "shapeType": "ADM2" }, "geometry": { "type": "Polygon", "coordinates": [ [ [ 34.3562975, 0.980563387 ], [ 34.352202224, 0.976853158 ], [ 34.353013457, 0.970516792 ], [ 34.349621454, 0.961148688 ], [ 34.347930968, 0.959708304 ], [ 34.342281584, 0.957674907 ], [ 34.340172223, 0.959135627 ], [ 34.338189021, 0.958617826 ], [ 34.333396967, 0.955364476 ], [ 34.32796454, 0.956747755 ], [ 34.326407913, 0.955442807 ], [ 34.322054078, 0.957411473 ], [ 34.320692495, 0.956594272 ], [ 34.318498179, 0.959932349 ], [ 34.311421888, 0.962204121 ], [ 34.307513276, 0.961085855 ], [ 34.308420132, 0.959346899 ], [ 34.30558929, 0.955250244 ], [ 34.307532504, 0.952415164 ], [ 34.306042413, 0.944149952 ], [ 34.312273137, 0.940280052 ], [ 34.307328849, 0.936162364 ], [ 34.306278363, 0.924393694 ], [ 34.302462305, 0.924525838 ], [ 34.305566252, 0.921794099 ], [ 34.30593574, 0.917974491 ], [ 34.30413102, 0.912317098 ], [ 34.30638025, 0.908882216 ], [ 34.314496175, 0.902700487 ], [ 34.317861649, 0.897417978 ], [ 34.319818907, 0.890691109 ], [ 34.324293609, 0.889875106 ], [ 34.322198379, 0.883269581 ], [ 34.322877808, 0.877275822 ], [ 34.318482896, 0.870964271 ], [ 34.317747514, 0.866768946 ], [ 34.320960625, 0.867158751 ], [ 34.31922643, 0.859961262 ], [ 34.321851873, 0.856602945 ], [ 34.321990602, 0.853734367 ], [ 34.324460851, 0.853398051 ], [ 34.324747583, 0.842108814 ], [ 34.320247775, 0.833056586 ], [ 34.316845028, 0.830663359 ], [ 34.316650571, 0.828101999 ], [ 34.313012662, 0.827161819 ], [ 34.30412456, 0.820585638 ], [ 34.302003031, 0.806997686 ], [ 34.298363861, 0.804012255 ], [ 34.299764522, 0.80229284 ], [ 34.293959769, 0.796334875 ], [ 34.28958631, 0.773950104 ], [ 34.285021845, 0.762687992 ], [ 34.285705725, 0.757569165 ], [ 34.301311208, 0.754212386 ], [ 34.305728051, 0.750704679 ], [ 34.305331518, 0.748337124 ], [ 34.306806811, 0.746563865 ], [ 34.310650655, 0.746684864 ], [ 34.313217602, 0.756178615 ], [ 34.315294841, 0.757786154 ], [ 34.314009333, 0.758865833 ], [ 34.314729785, 0.761118523 ], [ 34.318201441, 0.762023145 ], [ 34.319173167, 0.764604064 ], [ 34.322955333, 0.763433039 ], [ 34.322228535, 0.764950296 ], [ 34.328316189, 0.766184923 ], [ 34.334818127, 0.765611194 ], [ 34.338477797, 0.769032007 ], [ 34.343766241, 0.769174135 ], [ 34.345980994, 0.771925269 ], [ 34.354807296, 0.771201733 ], [ 34.354531711, 0.773208354 ], [ 34.358078048, 0.773943688 ], [ 34.359467186, 0.775698011 ], [ 34.361773451, 0.773938733 ], [ 34.364806054, 0.778857668 ], [ 34.367094381, 0.779505664 ], [ 34.367620285, 0.778235447 ], [ 34.37310902, 0.783261208 ], [ 34.372520753, 0.787853095 ], [ 34.374797928, 0.788502388 ], [ 34.37698326, 0.793611879 ], [ 34.379607893, 0.795200422 ], [ 34.381565772, 0.789792706 ], [ 34.383928731, 0.790254085 ], [ 34.384345908, 0.798772205 ], [ 34.385768752, 0.800793256 ], [ 34.39171835, 0.802995687 ], [ 34.392024254, 0.800727978 ], [ 34.395228769, 0.802133811 ], [ 34.395503213, 0.79962666 ], [ 34.41405019, 0.807599246 ], [ 34.414715228, 0.809178658 ], [ 34.410991981, 0.813204371 ], [ 34.414003655, 0.815285664 ], [ 34.41422163, 0.817185241 ], [ 34.410208003, 0.819535926 ], [ 34.408978064, 0.82490785 ], [ 34.406646815, 0.824594364 ], [ 34.406413134, 0.82604818 ], [ 34.408889249, 0.827259661 ], [ 34.409468244, 0.829488744 ], [ 34.416004163, 0.832380645 ], [ 34.41436617, 0.834172062 ], [ 34.414937707, 0.839644265 ], [ 34.417819516, 0.839439942 ], [ 34.421405187, 0.843087412 ], [ 34.421301716, 0.847311248 ], [ 34.422674345, 0.846922528 ], [ 34.430576956, 0.851961575 ], [ 34.440829463, 0.853901148 ], [ 34.446882348, 0.860696488 ], [ 34.447574587, 0.87645162 ], [ 34.452428828, 0.888325033 ], [ 34.451220056, 0.897568904 ], [ 34.457045844, 0.900786367 ], [ 34.459376969, 0.905217172 ], [ 34.464989014, 0.908932118 ], [ 34.46698781, 0.913589139 ], [ 34.471482907, 0.918624975 ], [ 34.478399993, 0.933326628 ], [ 34.43725742, 0.951126613 ], [ 34.427260179, 0.960282666 ], [ 34.39700249, 0.97376178 ], [ 34.3706692, 0.974547242 ], [ 34.361136133, 0.971983839 ], [ 34.3562975, 0.980563387 ] ] ] } },
{ "type": "Feature", "properties": { "shapeName": "Namutumba", "shapeISO": "", "shapeID": "80733802B41185702110819", "shapeGroup": "UGA", "shapeType": "ADM2" }, "geometry": { "type": "Polygon", "coordinates": [ [ [ 33.859321728, 0.698514254 ], [ 33.855623609, 0.701137911 ], [ 33.849256117, 0.700157974 ], [ 33.843937786, 0.702877559 ], [ 33.842179169, 0.707741675 ], [ 33.843813293, 0.70897684 ], [ 33.844008127, 0.711979536 ], [ 33.840218003, 0.71792281 ], [ 33.842198395, 0.721258431 ], [ 33.837650668, 0.723833605 ], [ 33.83898258, 0.727908016 ], [ 33.837754388, 0.730624117 ], [ 33.835074292, 0.730227707 ], [ 33.832556355, 0.735296198 ], [ 33.829652636, 0.736993521 ], [ 33.822799025, 0.734668691 ], [ 33.81602751, 0.736761911 ], [ 33.81881617, 0.743844708 ], [ 33.81801346, 0.745885899 ], [ 33.813150759, 0.74833207 ], [ 33.815287214, 0.752220134 ], [ 33.81315237, 0.755486296 ], [ 33.809297779, 0.756156459 ], [ 33.80132599, 0.764996333 ], [ 33.801534941, 0.768053994 ], [ 33.798901083, 0.773048134 ], [ 33.797571973, 0.783913181 ], [ 33.794259505, 0.794199647 ], [ 33.791635298, 0.811316075 ], [ 33.786936179, 0.825004323 ], [ 33.791134947, 0.886202839 ], [ 33.791583959, 0.91832674 ], [ 33.786114419, 0.924443377 ], [ 33.767179464, 0.9364161 ], [ 33.759783908, 0.945708514 ], [ 33.75089157, 0.955869744 ], [ 33.730465903, 0.967191478 ], [ 33.718540815, 0.977733354 ], [ 33.714986215, 0.982592156 ], [ 33.709816416, 0.991477062 ], [ 33.70646143, 1.00263229 ], [ 33.697915957, 1.012847812 ], [ 33.695034875, 1.038712835 ], [ 33.69155076, 1.045055319 ], [ 33.685975004, 1.049932711 ], [ 33.656958183, 1.06794199 ], [ 33.636556949, 1.088898626 ], [ 33.629902998, 1.082847744 ], [ 33.618625194, 1.067443395 ], [ 33.610837531, 1.051721611 ], [ 33.605159683, 1.032145408 ], [ 33.597930704, 1.019933564 ], [ 33.583375161, 1.004692305 ], [ 33.576815824, 0.991828834 ], [ 33.574873789, 0.984519302 ], [ 33.570490808, 0.979010512 ], [ 33.569612534, 0.97394441 ], [ 33.571800238, 0.969293941 ], [ 33.568179461, 0.963215051 ], [ 33.567038842, 0.940715637 ], [ 33.560772294, 0.919583108 ], [ 33.559023078, 0.915828921 ], [ 33.54983323, 0.907642899 ], [ 33.542930842, 0.896389576 ], [ 33.54157581, 0.887425625 ], [ 33.545842025, 0.864236378 ], [ 33.543516575, 0.840551861 ], [ 33.546934093, 0.824891157 ], [ 33.56086205, 0.808025774 ], [ 33.564133025, 0.801185863 ], [ 33.591742259, 0.801100508 ], [ 33.59578686, 0.799797171 ], [ 33.606793474, 0.789892995 ], [ 33.621240746, 0.789234785 ], [ 33.630320391, 0.786427149 ], [ 33.641164605, 0.77209418 ], [ 33.642919843, 0.767916711 ], [ 33.643607744, 0.757930498 ], [ 33.63950225, 0.749436193 ], [ 33.638664516, 0.743773036 ], [ 33.640137559, 0.731673609 ], [ 33.647154188, 0.733553297 ], [ 33.647904605, 0.731703849 ], [ 33.675080477, 0.727094475 ], [ 33.694152795, 0.711965516 ], [ 33.722352148, 0.700707146 ], [ 33.741172533, 0.707480063 ], [ 33.747766801, 0.712653629 ], [ 33.750794409, 0.717393528 ], [ 33.757493276, 0.719825933 ], [ 33.775898643, 0.696745169 ], [ 33.780923195, 0.692800057 ], [ 33.784601098, 0.691738874 ], [ 33.785578537, 0.688565951 ], [ 33.792053907, 0.684204042 ], [ 33.81219142, 0.686362735 ], [ 33.852993389, 0.69581802 ], [ 33.859321728, 0.698514254 ] ] ] } },
{ "type": "Feature", "properties": { "shapeName": "Ngora", "shapeISO": "", "shapeID": "80733802B46619102814252", "shapeGroup": "UGA", "shapeType": "ADM2" }, "geometry": { "type": "Polygon", "coordinates": [ [ [ 33.811751389, 1.67886195 ], [ 33.804116765, 1.673129719 ], [ 33.798022973, 1.663669688 ], [ 33.789851273, 1.669127995 ], [ 33.782852903, 1.67089487 ], [ 33.772334075, 1.670265814 ], [ 33.761105048, 1.672586129 ], [ 33.751537713, 1.672779822 ], [ 33.746579034, 1.67218466 ], [ 33.743388011, 1.670177553 ], [ 33.727387328, 1.633490763 ], [ 33.712176929, 1.61320476 ], [ 33.712153989, 1.607016902 ], [ 33.713930141, 1.602574403 ], [ 33.724331108, 1.59304469 ], [ 33.716591362, 1.587239513 ], [ 33.714894008, 1.575705709 ], [ 33.708141623, 1.570225795 ], [ 33.70686613, 1.568217885 ], [ 33.705878121, 1.5538884 ], [ 33.706417733, 1.542778988 ], [ 33.698467117, 1.518220059 ], [ 33.698125548, 1.506007229 ], [ 33.688328454, 1.480869749 ], [ 33.675985444, 1.459152528 ], [ 33.673096893, 1.420053669 ], [ 33.669482556, 1.411433236 ], [ 33.66300454, 1.406070416 ], [ 33.658418429, 1.40572795 ], [ 33.651746762, 1.408959516 ], [ 33.647945368, 1.408209707 ], [ 33.645101004, 1.404365642 ], [ 33.639526411, 1.405154253 ], [ 33.630518509, 1.399330612 ], [ 33.627595651, 1.390082091 ], [ 33.625446351, 1.387759103 ], [ 33.62310586, 1.389452257 ], [ 33.599320111, 1.390273956 ], [ 33.594247377, 1.389605784 ], [ 33.589665754, 1.38704669 ], [ 33.583510675, 1.380552601 ], [ 33.576903564, 1.367816266 ], [ 33.559259756, 1.354367773 ], [ 33.55746358, 1.349057673 ], [ 33.557077668, 1.339368553 ], [ 33.562496668, 1.338824493 ], [ 33.565749536, 1.334137461 ], [ 33.567537941, 1.31778936 ], [ 33.571353687, 1.31056004 ], [ 33.579933318, 1.310313786 ], [ 33.629279632, 1.316598324 ], [ 33.636730442, 1.315899816 ], [ 33.651127364, 1.311689341 ], [ 33.675346427, 1.316007181 ], [ 33.686320106, 1.325611712 ], [ 33.697973376, 1.340300163 ], [ 33.71042047, 1.342911024 ], [ 33.728344003, 1.344253644 ], [ 33.738583396, 1.354726451 ], [ 33.747367253, 1.359608864 ], [ 33.750749304, 1.359978714 ], [ 33.756247028, 1.363948404 ], [ 33.767823213, 1.365998261 ], [ 33.77436788, 1.365706656 ], [ 33.790502287, 1.357324353 ], [ 33.798242339, 1.355277297 ], [ 33.801825606, 1.356072188 ], [ 33.805752943, 1.361046398 ], [ 33.806534511, 1.364827533 ], [ 33.80796613, 1.365460297 ], [ 33.803885329, 1.377068224 ], [ 33.78984094, 1.394414989 ], [ 33.789612993, 1.398187433 ], [ 33.802335971, 1.416827742 ], [ 33.808456179, 1.43151695 ], [ 33.810491332, 1.442028135 ], [ 33.816628204, 1.449398722 ], [ 33.8277432, 1.456776478 ], [ 33.830365234, 1.464772476 ], [ 33.835797703, 1.470514862 ], [ 33.841132124, 1.479866737 ], [ 33.844031844, 1.489454719 ], [ 33.849965937, 1.491813503 ], [ 33.85273264, 1.495738515 ], [ 33.870230435, 1.530767711 ], [ 33.873998617, 1.544878297 ], [ 33.8775799, 1.549689403 ], [ 33.876551404, 1.555578928 ], [ 33.88420348, 1.568068528 ], [ 33.886973459, 1.581862807 ], [ 33.892269278, 1.589974951 ], [ 33.895645108, 1.590923326 ], [ 33.899109452, 1.597751667 ], [ 33.899451401, 1.607575657 ], [ 33.897329032, 1.625922241 ], [ 33.899629698, 1.646003701 ], [ 33.898374573, 1.651042987 ], [ 33.89514105, 1.65418833 ], [ 33.87456271, 1.668892848 ], [ 33.852289398, 1.677994214 ], [ 33.828880169, 1.681577654 ], [ 33.818646994, 1.681392032 ], [ 33.811751389, 1.67886195 ] ] ] } },
{ "type": "Feature", "properties": { "shapeName": "Pallisa", "shapeISO": "", "shapeID": "80733802B48676541168355", "shapeGroup": "UGA", "shapeType": "ADM2" }, "geometry": { "type": "Polygon", "coordinates": [ [ [ 33.881294959, 1.267083642 ], [ 33.86167111, 1.269297595 ], [ 33.858159682, 1.271171356 ], [ 33.838274123, 1.289623432 ], [ 33.828067896, 1.30268975 ], [ 33.806314182, 1.319993604 ], [ 33.798324144, 1.321678839 ], [ 33.789828214, 1.320731702 ], [ 33.774112435, 1.316267727 ], [ 33.750960225, 1.316573402 ], [ 33.742037774, 1.32293582 ], [ 33.736395076, 1.335448907 ], [ 33.728344003, 1.344253644 ], [ 33.71042047, 1.342911024 ], [ 33.697973376, 1.340300163 ], [ 33.686320106, 1.325611712 ], [ 33.675346427, 1.316007181 ], [ 33.651127364, 1.311689341 ], [ 33.636730442, 1.315899816 ], [ 33.629279632, 1.316598324 ], [ 33.579933318, 1.310313786 ], [ 33.571353687, 1.31056004 ], [ 33.567537941, 1.31778936 ], [ 33.565749536, 1.334137461 ], [ 33.562496668, 1.338824493 ], [ 33.557077668, 1.339368553 ], [ 33.553128721, 1.336637296 ], [ 33.549705306, 1.324859017 ], [ 33.546054991, 1.318291783 ], [ 33.53757556, 1.317226108 ], [ 33.523771666, 1.309340148 ], [ 33.509677009, 1.31070012 ], [ 33.498563428, 1.321594925 ], [ 33.478815017, 1.330709167 ], [ 33.471349359, 1.331642458 ], [ 33.455929546, 1.329121263 ], [ 33.445403468, 1.322527911 ], [ 33.437360975, 1.321199437 ], [ 33.434054393, 1.322412327 ], [ 33.431312399, 1.3364086 ], [ 33.42819047, 1.339937503 ], [ 33.420321822, 1.340445514 ], [ 33.41049716, 1.338954427 ], [ 33.395395936, 1.333881509 ], [ 33.401029711, 1.315967355 ], [ 33.404605242, 1.296099372 ], [ 33.412763346, 1.293637239 ], [ 33.440112661, 1.291967947 ], [ 33.455681687, 1.285017063 ], [ 33.492511601, 1.247908509 ], [ 33.507926235, 1.220294231 ], [ 33.523324878, 1.201410292 ], [ 33.52733058, 1.199826302 ], [ 33.537112669, 1.199543928 ], [ 33.540608541, 1.196512517 ], [ 33.542096142, 1.19094837 ], [ 33.551760237, 1.188015241 ], [ 33.556052981, 1.180948751 ], [ 33.563935429, 1.174116755 ], [ 33.579173858, 1.171535258 ], [ 33.591478002, 1.16291103 ], [ 33.597793212, 1.151800186 ], [ 33.602969777, 1.130186236 ], [ 33.605336559, 1.125345693 ], [ 33.610008877, 1.121101758 ], [ 33.614407181, 1.120187103 ], [ 33.616832578, 1.116386935 ], [ 33.621028896, 1.114024831 ], [ 33.626329725, 1.104262223 ], [ 33.671559375, 1.123539822 ], [ 33.682695195, 1.12527418 ], [ 33.708476179, 1.117894976 ], [ 33.730369136, 1.117301536 ], [ 33.74279155, 1.111508595 ], [ 33.762443558, 1.113140962 ], [ 33.770914467, 1.10677905 ], [ 33.776381762, 1.091615695 ], [ 33.783485437, 1.089913098 ], [ 33.79420472, 1.096107083 ], [ 33.798008063, 1.102149086 ], [ 33.812420529, 1.113778837 ], [ 33.818458855, 1.135217107 ], [ 33.837189609, 1.167977577 ], [ 33.841132522, 1.16841966 ], [ 33.852516246, 1.160956589 ], [ 33.851249158, 1.169918556 ], [ 33.857390574, 1.178039922 ], [ 33.85800255, 1.183800677 ], [ 33.854987128, 1.192695729 ], [ 33.855190468, 1.198105356 ], [ 33.862180822, 1.202155883 ], [ 33.866205285, 1.206361118 ], [ 33.86808159, 1.211746889 ], [ 33.873830965, 1.220454516 ], [ 33.873343803, 1.232484418 ], [ 33.875652399, 1.240589097 ], [ 33.879604171, 1.247173441 ], [ 33.881294959, 1.267083642 ] ] ] } },
{ "type": "Feature", "properties": { "shapeName": "Serere", "shapeISO": "", "shapeID": "80733802B22456725150462", "shapeGroup": "UGA", "shapeType": "ADM2" }, "geometry": { "type": "Polygon", "coordinates": [ [ [ 33.395395936, 1.333881509 ], [ 33.41049716, 1.338954427 ], [ 33.420321822, 1.340445514 ], [ 33.42819047, 1.339937503 ], [ 33.431312399, 1.3364086 ], [ 33.434054393, 1.322412327 ], [ 33.437360975, 1.321199437 ], [ 33.445403468, 1.322527911 ], [ 33.455929546, 1.329121263 ], [ 33.471349359, 1.331642458 ], [ 33.478815017, 1.330709167 ], [ 33.498563428, 1.321594925 ], [ 33.509677009, 1.31070012 ], [ 33.523771666, 1.309340148 ], [ 33.53757556, 1.317226108 ], [ 33.546054991, 1.318291783 ], [ 33.549705306, 1.324859017 ], [ 33.553128721, 1.336637296 ], [ 33.557077668, 1.339368553 ], [ 33.55746358, 1.349057673 ], [ 33.559259756, 1.354367773 ], [ 33.576903564, 1.367816266 ], [ 33.583510675, 1.380552601 ], [ 33.589665754, 1.38704669 ], [ 33.594247377, 1.389605784 ], [ 33.599320111, 1.390273956 ], [ 33.62310586, 1.389452257 ], [ 33.625446351, 1.387759103 ], [ 33.627595651, 1.390082091 ], [ 33.630518509, 1.399330612 ], [ 33.639526411, 1.405154253 ], [ 33.645101004, 1.404365642 ], [ 33.647945368, 1.408209707 ], [ 33.651746762, 1.408959516 ], [ 33.658418429, 1.40572795 ], [ 33.66300454, 1.406070416 ], [ 33.669482556, 1.411433236 ], [ 33.673096893, 1.420053669 ], [ 33.675985444, 1.459152528 ], [ 33.688328454, 1.480869749 ], [ 33.698125548, 1.506007229 ], [ 33.698467117, 1.518220059 ], [ 33.706417733, 1.542778988 ], [ 33.705878121, 1.5538884 ], [ 33.70686613, 1.568217885 ], [ 33.708141623, 1.570225795 ], [ 33.668820456, 1.573785145 ], [ 33.646296597, 1.574000378 ], [ 33.641643344, 1.572120108 ], [ 33.635079381, 1.57253828 ], [ 33.634529369, 1.570810523 ], [ 33.629495763, 1.568966521 ], [ 33.618438667, 1.56937695 ], [ 33.606288614, 1.557619715 ], [ 33.600862256, 1.555585753 ], [ 33.595578677, 1.556493039 ], [ 33.583772045, 1.562753056 ], [ 33.576689505, 1.573914411 ], [ 33.560044441, 1.58581821 ], [ 33.558991286, 1.595529024 ], [ 33.553255027, 1.608179519 ], [ 33.553329028, 1.615075816 ], [ 33.548728803, 1.618022966 ], [ 33.534796015, 1.620036033 ], [ 33.523943746, 1.624092006 ], [ 33.490101191, 1.629853962 ], [ 33.44499699, 1.656517018 ], [ 33.40461176, 1.671399109 ], [ 33.390279099, 1.672659576 ], [ 33.366817473, 1.663336578 ], [ 33.343364391, 1.656971657 ], [ 33.317396922, 1.64711463 ], [ 33.283893141, 1.638624426 ], [ 33.27214413, 1.632084954 ], [ 33.255946925, 1.627527309 ], [ 33.230765306, 1.614936647 ], [ 33.204984761, 1.60569316 ], [ 33.151760449, 1.58631861 ], [ 33.104453068, 1.56109775 ], [ 33.056102113, 1.531053557 ], [ 33.037328494, 1.514017912 ], [ 33.026018712, 1.497678658 ], [ 33.015454546, 1.460874341 ], [ 33.064391233, 1.436825749 ], [ 33.107682759, 1.398291702 ], [ 33.152524936, 1.355676527 ], [ 33.24774661, 1.334371423 ], [ 33.28682342, 1.363091988 ], [ 33.307974803, 1.374696882 ], [ 33.313973041, 1.376026029 ], [ 33.325541373, 1.374242174 ], [ 33.337651539, 1.374339998 ], [ 33.354142526, 1.368773602 ], [ 33.365977972, 1.369359873 ], [ 33.376263974, 1.366806982 ], [ 33.385200923, 1.356618514 ], [ 33.395395936, 1.333881509 ] ] ] } },
{ "type": "Feature", "properties": { "shapeName": "Sironko", "shapeISO": "", "shapeID": "80733802B14715695337055", "shapeGroup": "UGA", "shapeType": "ADM2" }, "geometry": { "type": "Polygon", "coordinates": [ [ [ 34.526356299, 1.119046712 ], [ 34.525385702, 1.123311192 ], [ 34.526996245, 1.12549547 ], [ 34.526790285, 1.129958014 ], [ 34.511482642, 1.132751699 ], [ 34.504617159, 1.130550955 ], [ 34.485366306, 1.130588471 ], [ 34.479998849, 1.129259342 ], [ 34.467332347, 1.132315818 ], [ 34.46372004, 1.13590432 ], [ 34.444883799, 1.139360862 ], [ 34.443862285, 1.140864787 ], [ 34.43899016, 1.142227751 ], [ 34.431764694, 1.142322134 ], [ 34.426342163, 1.138859414 ], [ 34.416021945, 1.154800362 ], [ 34.424055645, 1.15830278 ], [ 34.424936685, 1.160803737 ], [ 34.41011393, 1.168010032 ], [ 34.411217272, 1.169577233 ], [ 34.40938074, 1.17110173 ], [ 34.408828696, 1.174446013 ], [ 34.403890568, 1.179082515 ], [ 34.401444355, 1.186102181 ], [ 34.39551953, 1.191443838 ], [ 34.392295597, 1.199830304 ], [ 34.374400474, 1.207311434 ], [ 34.34625342, 1.224163408 ], [ 34.340184493, 1.229123041 ], [ 34.33375, 1.238599661 ], [ 34.330657289, 1.252244237 ], [ 34.319766245, 1.260268855 ], [ 34.313767008, 1.273638149 ], [ 34.307852133, 1.273796222 ], [ 34.30437647, 1.276563776 ], [ 34.30368118, 1.279286529 ], [ 34.305311167, 1.28088961 ], [ 34.304153197, 1.281768643 ], [ 34.304492141, 1.284644666 ], [ 34.302270319, 1.28696901 ], [ 34.299463616, 1.287173486 ], [ 34.296424358, 1.282533905 ], [ 34.289762483, 1.279101193 ], [ 34.282813837, 1.278294995 ], [ 34.278740636, 1.275664554 ], [ 34.2745138, 1.262773423 ], [ 34.266871429, 1.254789936 ], [ 34.256978299, 1.249386734 ], [ 34.255694343, 1.252371381 ], [ 34.257167396, 1.254416741 ], [ 34.255881481, 1.25568319 ], [ 34.257072782, 1.254889915 ], [ 34.257675355, 1.25603094 ], [ 34.256731177, 1.25623061 ], [ 34.257272451, 1.258525434 ], [ 34.254884727, 1.258036864 ], [ 34.255137064, 1.259717592 ], [ 34.252985077, 1.260693947 ], [ 34.254152729, 1.262166719 ], [ 34.252602055, 1.261656991 ], [ 34.249334603, 1.266817348 ], [ 34.250234583, 1.269016546 ], [ 34.248726099, 1.270507225 ], [ 34.250384403, 1.2718677 ], [ 34.24934545, 1.272220979 ], [ 34.249577975, 1.275553522 ], [ 34.247974237, 1.276189297 ], [ 34.249706123, 1.276213351 ], [ 34.248523834, 1.278608629 ], [ 34.250579516, 1.283899337 ], [ 34.246725533, 1.285383811 ], [ 34.247266355, 1.287688468 ], [ 34.245253541, 1.287939039 ], [ 34.246052554, 1.288764454 ], [ 34.244507785, 1.291020614 ], [ 34.240767145, 1.280928038 ], [ 34.225334869, 1.254641032 ], [ 34.21379829, 1.240698643 ], [ 34.201559843, 1.230464008 ], [ 34.200640554, 1.227169378 ], [ 34.189445797, 1.212491399 ], [ 34.18850523, 1.203780788 ], [ 34.184416001, 1.198493655 ], [ 34.183899571, 1.184903758 ], [ 34.186114583, 1.180348911 ], [ 34.18682292, 1.174129293 ], [ 34.188089124, 1.172665002 ], [ 34.191627617, 1.172438645 ], [ 34.183237301, 1.162058531 ], [ 34.177345404, 1.16253941 ], [ 34.16995106, 1.16028668 ], [ 34.174958083, 1.154234712 ], [ 34.177670297, 1.15534466 ], [ 34.184960511, 1.154780789 ], [ 34.193046575, 1.150375111 ], [ 34.195417702, 1.150977328 ], [ 34.195646086, 1.158473396 ], [ 34.202052228, 1.158953479 ], [ 34.204729532, 1.162478321 ], [ 34.215166424, 1.163490073 ], [ 34.220919478, 1.160605731 ], [ 34.225111609, 1.160163623 ], [ 34.225276391, 1.129991899 ], [ 34.227099271, 1.128506958 ], [ 34.227425155, 1.122000769 ], [ 34.237507138, 1.122837687 ], [ 34.238521586, 1.120431231 ], [ 34.240862325, 1.119923701 ], [ 34.242768253, 1.122680649 ], [ 34.245741243, 1.123600563 ], [ 34.252416361, 1.116010559 ], [ 34.254611829, 1.116346857 ], [ 34.258595118, 1.110949266 ], [ 34.260215612, 1.11156265 ], [ 34.262720855, 1.110349913 ], [ 34.263134719, 1.108480917 ], [ 34.267417937, 1.10857496 ], [ 34.269849586, 1.105961298 ], [ 34.272155712, 1.106465187 ], [ 34.274579542, 1.104338486 ], [ 34.27986044, 1.104774104 ], [ 34.280909313, 1.10181903 ], [ 34.285169259, 1.10236854 ], [ 34.286145861, 1.100996829 ], [ 34.290707603, 1.104034002 ], [ 34.293365916, 1.103402707 ], [ 34.29417682, 1.105772142 ], [ 34.297168524, 1.104206041 ], [ 34.299693534, 1.10671091 ], [ 34.30142403, 1.104940621 ], [ 34.30487052, 1.105458455 ], [ 34.305743303, 1.104292232 ], [ 34.309577587, 1.105477984 ], [ 34.31049771, 1.103443543 ], [ 34.315270627, 1.104278801 ], [ 34.315899072, 1.100730461 ], [ 34.318877906, 1.102767641 ], [ 34.323134468, 1.102285085 ], [ 34.324492579, 1.098278522 ], [ 34.33004755, 1.09414744 ], [ 34.330929065, 1.091043461 ], [ 34.336850769, 1.087337749 ], [ 34.340950319, 1.086284683 ], [ 34.34246689, 1.088094804 ], [ 34.350412804, 1.089481903 ], [ 34.361551727, 1.085785636 ], [ 34.372906533, 1.084761764 ], [ 34.37467602, 1.086904549 ], [ 34.373603284, 1.095425158 ], [ 34.37621144, 1.102813469 ], [ 34.380640812, 1.10263955 ], [ 34.385571819, 1.106363639 ], [ 34.387809347, 1.104083331 ], [ 34.398811935, 1.101826019 ], [ 34.415201828, 1.106734649 ], [ 34.4178751, 1.106512261 ], [ 34.423555135, 1.102898765 ], [ 34.429838132, 1.104324855 ], [ 34.442476845, 1.101090495 ], [ 34.453673944, 1.103355149 ], [ 34.460710689, 1.099815325 ], [ 34.471806323, 1.101492062 ], [ 34.47511847, 1.098967048 ], [ 34.478650508, 1.092064795 ], [ 34.483156443, 1.090871543 ], [ 34.493264619, 1.095846735 ], [ 34.505280248, 1.107480288 ], [ 34.524902878, 1.115596477 ], [ 34.526356299, 1.119046712 ] ] ] } },
{ "type": "Feature", "properties": { "shapeName": "Soroti", "shapeISO": "", "shapeID": "80733802B64747912949996", "shapeGroup": "UGA", "shapeType": "ADM2" }, "geometry": { "type": "Polygon", "coordinates": [ [ [ 33.439454608, 1.896761582 ], [ 33.440397669, 1.892654004 ], [ 33.447442392, 1.881524391 ], [ 33.45362551, 1.878926299 ], [ 33.4509522, 1.869852869 ], [ 33.452417667, 1.858426148 ], [ 33.449687885, 1.854681397 ], [ 33.449883628, 1.850963034 ], [ 33.447633961, 1.845743493 ], [ 33.440930613, 1.841683077 ], [ 33.436703328, 1.835740242 ], [ 33.43553719, 1.828349123 ], [ 33.430599272, 1.825464325 ], [ 33.428985507, 1.818914673 ], [ 33.430855779, 1.812373232 ], [ 33.434349793, 1.80953163 ], [ 33.435181789, 1.801479588 ], [ 33.430032361, 1.794885544 ], [ 33.427959799, 1.794225601 ], [ 33.429178902, 1.788154763 ], [ 33.426987238, 1.772947232 ], [ 33.416822645, 1.758284318 ], [ 33.417132604, 1.744596081 ], [ 33.412162628, 1.711674987 ], [ 33.403184098, 1.688407877 ], [ 33.390279099, 1.672659576 ], [ 33.40461176, 1.671399109 ], [ 33.44499699, 1.656517018 ], [ 33.490101191, 1.629853962 ], [ 33.523943746, 1.624092006 ], [ 33.534796015, 1.620036033 ], [ 33.548728803, 1.618022966 ], [ 33.553329028, 1.615075816 ], [ 33.553255027, 1.608179519 ], [ 33.558991286, 1.595529024 ], [ 33.560044441, 1.58581821 ], [ 33.576689505, 1.573914411 ], [ 33.583772045, 1.562753056 ], [ 33.595578677, 1.556493039 ], [ 33.600862256, 1.555585753 ], [ 33.606288614, 1.557619715 ], [ 33.618438667, 1.56937695 ], [ 33.629495763, 1.568966521 ], [ 33.634529369, 1.570810523 ], [ 33.635079381, 1.57253828 ], [ 33.641643344, 1.572120108 ], [ 33.646296597, 1.574000378 ], [ 33.668820456, 1.573785145 ], [ 33.708141623, 1.570225795 ], [ 33.714894008, 1.575705709 ], [ 33.716591362, 1.587239513 ], [ 33.724331108, 1.59304469 ], [ 33.713930141, 1.602574403 ], [ 33.712153989, 1.607016902 ], [ 33.712176929, 1.61320476 ], [ 33.727387328, 1.633490763 ], [ 33.743388011, 1.670177553 ], [ 33.746579034, 1.67218466 ], [ 33.751537713, 1.672779822 ], [ 33.761105048, 1.672586129 ], [ 33.772334075, 1.670265814 ], [ 33.782852903, 1.67089487 ], [ 33.789851273, 1.669127995 ], [ 33.798022973, 1.663669688 ], [ 33.804116765, 1.673129719 ], [ 33.811751389, 1.67886195 ], [ 33.815598549, 1.696654532 ], [ 33.811215883, 1.697669583 ], [ 33.802458717, 1.695049812 ], [ 33.79851653, 1.698787618 ], [ 33.800400648, 1.700596111 ], [ 33.809322249, 1.699995301 ], [ 33.812650399, 1.701884584 ], [ 33.814696037, 1.710957216 ], [ 33.810853985, 1.710940764 ], [ 33.810597339, 1.715246946 ], [ 33.804478455, 1.72430498 ], [ 33.809002785, 1.733910297 ], [ 33.806753097, 1.735367731 ], [ 33.800384694, 1.735108112 ], [ 33.798361373, 1.736429748 ], [ 33.789659586, 1.755249976 ], [ 33.788522504, 1.779585318 ], [ 33.779595816, 1.797048759 ], [ 33.777987769, 1.803906648 ], [ 33.775395572, 1.802216079 ], [ 33.759024653, 1.813133077 ], [ 33.753430345, 1.814537637 ], [ 33.75007877, 1.820446401 ], [ 33.734451349, 1.826957335 ], [ 33.727209711, 1.837418102 ], [ 33.722119729, 1.841255919 ], [ 33.712579711, 1.857326489 ], [ 33.701511712, 1.869272446 ], [ 33.686519592, 1.88126518 ], [ 33.674606983, 1.885304661 ], [ 33.663133855, 1.892627847 ], [ 33.655817713, 1.911366302 ], [ 33.657158414, 1.921389491 ], [ 33.65460726, 1.923056518 ], [ 33.651921079, 1.928867326 ], [ 33.645602028, 1.93660931 ], [ 33.635192419, 1.936994377 ], [ 33.627261759, 1.939268079 ], [ 33.621796456, 1.938126907 ], [ 33.617502857, 1.941567076 ], [ 33.612553732, 1.942787548 ], [ 33.607711484, 1.948168218 ], [ 33.600592874, 1.952395627 ], [ 33.597984906, 1.952749387 ], [ 33.590747464, 1.949974605 ], [ 33.584281435, 1.954789769 ], [ 33.577870072, 1.955262437 ], [ 33.574395098, 1.957661041 ], [ 33.568749499, 1.970871324 ], [ 33.55880397, 1.983675972 ], [ 33.552601268, 1.986763041 ], [ 33.551869693, 1.99052677 ], [ 33.547293763, 1.993197124 ], [ 33.542218281, 2.004634031 ], [ 33.530262756, 2.019403106 ], [ 33.525943881, 2.019939261 ], [ 33.522000786, 2.017640634 ], [ 33.515231216, 2.019392401 ], [ 33.512082571, 2.01637704 ], [ 33.502364573, 2.011759494 ], [ 33.495128167, 2.017209654 ], [ 33.490376571, 2.017641875 ], [ 33.488098269, 2.015914603 ], [ 33.484511024, 2.015924729 ], [ 33.480343864, 2.01233434 ], [ 33.476646718, 2.011267895 ], [ 33.472753438, 2.006284169 ], [ 33.468690822, 2.004548332 ], [ 33.467588625, 2.002151206 ], [ 33.464106958, 2.001808418 ], [ 33.463982519, 1.998967709 ], [ 33.460672042, 1.995811258 ], [ 33.460476217, 1.982765594 ], [ 33.453320342, 1.976416608 ], [ 33.446687362, 1.960233368 ], [ 33.45195217, 1.952370123 ], [ 33.455453803, 1.943747406 ], [ 33.45226959, 1.937243491 ], [ 33.440820972, 1.92843476 ], [ 33.443355664, 1.909562074 ], [ 33.439454608, 1.896761582 ] ] ] } },
{ "type": "Feature", "properties": { "shapeName": "Tororo", "shapeISO": "", "shapeID": "80733802B89884842679226", "shapeGroup": "UGA", "shapeType": "ADM2" }, "geometry": { "type": "Polygon", "coordinates": [ [ [ 33.978726536, 0.578002028 ], [ 33.979645908, 0.57644297 ], [ 33.981703818, 0.576922768 ], [ 33.982533185, 0.575021724 ], [ 33.983883897, 0.576841743 ], [ 33.984930907, 0.576138803 ], [ 33.994006731, 0.580140605 ], [ 34.000179866, 0.57493798 ], [ 34.000489065, 0.576141822 ], [ 34.007327171, 0.577966604 ], [ 34.012598991, 0.575648981 ], [ 34.016460763, 0.576825744 ], [ 34.016267513, 0.580790085 ], [ 34.018213031, 0.581032322 ], [ 34.017155296, 0.582292809 ], [ 34.01837235, 0.584493663 ], [ 34.02070588, 0.585232843 ], [ 34.022768621, 0.58367041 ], [ 34.022786491, 0.584978034 ], [ 34.024661446, 0.585048691 ], [ 34.024955798, 0.587646137 ], [ 34.031368336, 0.588319463 ], [ 34.033643599, 0.590519326 ], [ 34.037363528, 0.58899306 ], [ 34.047624228, 0.590055399 ], [ 34.049687119, 0.588720685 ], [ 34.050033643, 0.585416586 ], [ 34.059824709, 0.582698995 ], [ 34.065488791, 0.584819129 ], [ 34.065494008, 0.588331467 ], [ 34.063763941, 0.589141867 ], [ 34.066537327, 0.589953035 ], [ 34.066048971, 0.591619582 ], [ 34.067771797, 0.592904445 ], [ 34.075608441, 0.590473956 ], [ 34.080421061, 0.586285376 ], [ 34.083572962, 0.586112581 ], [ 34.087513334, 0.588473113 ], [ 34.088306872, 0.585625864 ], [ 34.092954895, 0.583282096 ], [ 34.098361149, 0.584731132 ], [ 34.100408641, 0.587091645 ], [ 34.105217447, 0.586258486 ], [ 34.107825917, 0.583225193 ], [ 34.110540505, 0.583489239 ], [ 34.113702193, 0.581051111 ], [ 34.116236716, 0.582998441 ], [ 34.123780813, 0.580235073 ], [ 34.128799045, 0.582814207 ], [ 34.130617461, 0.581589589 ], [ 34.132111736, 0.582869886 ], [ 34.134053386, 0.581991821 ], [ 34.135778014, 0.584466777 ], [ 34.138344139, 0.582913965 ], [ 34.142775697, 0.580344126 ], [ 34.143253286, 0.581519948 ], [ 34.144700916, 0.580777918 ], [ 34.145180469, 0.583328658 ], [ 34.147292946, 0.582224669 ], [ 34.149246826, 0.585516833 ], [ 34.153615802, 0.58460233 ], [ 34.153753623, 0.588455684 ], [ 34.157081262, 0.589549491 ], [ 34.159867551, 0.59343846 ], [ 34.160840672, 0.592904571 ], [ 34.160082762, 0.59402637 ], [ 34.162439197, 0.596748556 ], [ 34.163505932, 0.595409599 ], [ 34.164554869, 0.59755315 ], [ 34.165765535, 0.597001117 ], [ 34.166435556, 0.599868383 ], [ 34.171376351, 0.59964118 ], [ 34.17076243, 0.601766992 ], [ 34.172353308, 0.601314374 ], [ 34.17252205, 0.602553563 ], [ 34.173956, 0.600961254 ], [ 34.175246911, 0.605357052 ], [ 34.176337195, 0.603891454 ], [ 34.178218504, 0.606468986 ], [ 34.183014724, 0.605174435 ], [ 34.183273323, 0.603835659 ], [ 34.185366031, 0.604956827 ], [ 34.186432826, 0.603970643 ], [ 34.187364547, 0.606783553 ], [ 34.184674083, 0.609741995 ], [ 34.187645101, 0.610808689 ], [ 34.187599876, 0.61200269 ], [ 34.189546157, 0.611233396 ], [ 34.189645519, 0.613594218 ], [ 34.191521057, 0.612906348 ], [ 34.19024355, 0.615864474 ], [ 34.192238846, 0.615809751 ], [ 34.192164003, 0.620142501 ], [ 34.192731411, 0.618568478 ], [ 34.193660031, 0.619997434 ], [ 34.194618153, 0.617763011 ], [ 34.197019099, 0.61854941 ], [ 34.19552507, 0.620078417 ], [ 34.195979174, 0.621606979 ], [ 34.197671342, 0.624591558 ], [ 34.199047586, 0.623722887 ], [ 34.200358261, 0.625920605 ], [ 34.203517228, 0.621898429 ], [ 34.206136185, 0.622162884 ], [ 34.206198015, 0.625253645 ], [ 34.207857897, 0.625906438 ], [ 34.212168641, 0.622459676 ], [ 34.215718701, 0.623419685 ], [ 34.216400101, 0.621871777 ], [ 34.217568361, 0.627209479 ], [ 34.219528126, 0.627697579 ], [ 34.220831072, 0.630078055 ], [ 34.222443511, 0.628936979 ], [ 34.224959105, 0.629580093 ], [ 34.229652651, 0.625277393 ], [ 34.233647139, 0.627633089 ], [ 34.236285391, 0.625450979 ], [ 34.236151463, 0.626771483 ], [ 34.236995099, 0.626118768 ], [ 34.238107841, 0.628122374 ], [ 34.239081787, 0.627075803 ], [ 34.240562615, 0.628600551 ], [ 34.241271425, 0.632929856 ], [ 34.250486426, 0.628471397 ], [ 34.257972447, 0.632643321 ], [ 34.258241501, 0.634359179 ], [ 34.261265637, 0.635090754 ], [ 34.261534715, 0.636892764 ], [ 34.267710963, 0.636757213 ], [ 34.270087168, 0.639451302 ], [ 34.272161264, 0.637506575 ], [ 34.270859129, 0.6396807 ], [ 34.2725585, 0.640859849 ], [ 34.273390992, 0.638882898 ], [ 34.273813101, 0.640208736 ], [ 34.277468602, 0.639985954 ], [ 34.277187093, 0.64236439 ], [ 34.279665117, 0.645670989 ], [ 34.278178433, 0.6465529 ], [ 34.279726347, 0.648733624 ], [ 34.27813722, 0.651513113 ], [ 34.279289525, 0.653787697 ], [ 34.276869408, 0.655774499 ], [ 34.28012523, 0.656347237 ], [ 34.278364891, 0.661004411 ], [ 34.280361978, 0.661542356 ], [ 34.28024856, 0.664231123 ], [ 34.281467126, 0.664089465 ], [ 34.278105184, 0.670428666 ], [ 34.278528907, 0.678842752 ], [ 34.283688101, 0.681952107 ], [ 34.284588715, 0.680523509 ], [ 34.287629303, 0.680244937 ], [ 34.289660641, 0.681596065 ], [ 34.288863445, 0.682732204 ], [ 34.294010408, 0.68418347 ], [ 34.294086904, 0.686011185 ], [ 34.295965486, 0.684586738 ], [ 34.294962428, 0.688208968 ], [ 34.297891789, 0.687876131 ], [ 34.298939814, 0.691080751 ], [ 34.301103256, 0.6898911 ], [ 34.30365455, 0.690829621 ], [ 34.305530096, 0.694944638 ], [ 34.306695035, 0.695147731 ], [ 34.306877207, 0.693763791 ], [ 34.308248759, 0.69498903 ], [ 34.312715806, 0.694182776 ], [ 34.312425292, 0.698550379 ], [ 34.313768445, 0.698460256 ], [ 34.313155849, 0.696880951 ], [ 34.314319013, 0.697990248 ], [ 34.312504163, 0.702495147 ], [ 34.308905259, 0.706099979 ], [ 34.310017023, 0.706378773 ], [ 34.310642599, 0.712580804 ], [ 34.308002151, 0.716724158 ], [ 34.307755348, 0.721603969 ], [ 34.309859625, 0.725804762 ], [ 34.307886941, 0.729131062 ], [ 34.311704419, 0.745504249 ], [ 34.310650655, 0.746684864 ], [ 34.306806811, 0.746563865 ], [ 34.305331518, 0.748337124 ], [ 34.305728051, 0.750704679 ], [ 34.301311208, 0.754212386 ], [ 34.285705725, 0.757569165 ], [ 34.271938285, 0.759671498 ], [ 34.260634164, 0.769362185 ], [ 34.237796659, 0.781344805 ], [ 34.23468414, 0.784620102 ], [ 34.232265045, 0.791214797 ], [ 34.228095638, 0.794644194 ], [ 34.22796271, 0.798994998 ], [ 34.22589622, 0.79964688 ], [ 34.223976531, 0.802939933 ], [ 34.216914814, 0.80810692 ], [ 34.205529555, 0.810448402 ], [ 34.201314608, 0.813667678 ], [ 34.192183343, 0.817021018 ], [ 34.186706583, 0.822901131 ], [ 34.179887289, 0.824320782 ], [ 34.183069074, 0.829244076 ], [ 34.184191551, 0.833662919 ], [ 34.180176222, 0.842273323 ], [ 34.180731967, 0.848849161 ], [ 34.17840025, 0.858410878 ], [ 34.168174812, 0.865587084 ], [ 34.139979631, 0.880501429 ], [ 34.133167042, 0.886468806 ], [ 34.131269756, 0.889163212 ], [ 34.131293721, 0.891830738 ], [ 34.128149301, 0.893959604 ], [ 34.124324736, 0.895224751 ], [ 34.11979096, 0.89350508 ], [ 34.115734429, 0.894838439 ], [ 34.108290006, 0.902475231 ], [ 34.091623513, 0.902995924 ], [ 34.077256835, 0.899644288 ], [ 34.069759335, 0.902809286 ], [ 34.062164318, 0.877962195 ], [ 34.047212239, 0.880579179 ], [ 34.042748595, 0.882692491 ], [ 34.040357318, 0.882051907 ], [ 34.036157698, 0.885445283 ], [ 34.029754818, 0.885157617 ], [ 34.021577877, 0.879971486 ], [ 34.02242132, 0.877365399 ], [ 34.021278281, 0.874874485 ], [ 34.009129174, 0.872200534 ], [ 34.003200053, 0.877313091 ], [ 34.000657385, 0.877069538 ], [ 33.97818907, 0.864619182 ], [ 33.952913001, 0.847028608 ], [ 33.948720562, 0.848152941 ], [ 33.949673657, 0.84392905 ], [ 33.941733531, 0.834694925 ], [ 33.941149599, 0.830778101 ], [ 33.93415146, 0.81683065 ], [ 33.926336932, 0.791114279 ], [ 33.918708669, 0.778858434 ], [ 33.917778497, 0.773322382 ], [ 33.912313867, 0.766620349 ], [ 33.910925392, 0.758298154 ], [ 33.904157401, 0.752491923 ], [ 33.896687503, 0.741855121 ], [ 33.895971825, 0.738408655 ], [ 33.898093451, 0.731343123 ], [ 33.893360789, 0.727137764 ], [ 33.890530145, 0.717532575 ], [ 33.895158768, 0.705163927 ], [ 33.88897495, 0.701818013 ], [ 33.886843119, 0.696842984 ], [ 33.880965093, 0.691381915 ], [ 33.883705223, 0.686169072 ], [ 33.890473534, 0.678676663 ], [ 33.89636976, 0.676267849 ], [ 33.897243606, 0.673974797 ], [ 33.894901892, 0.671059685 ], [ 33.894097772, 0.665722556 ], [ 33.898874586, 0.660139966 ], [ 33.896519936, 0.658642683 ], [ 33.893859477, 0.652288941 ], [ 33.898427888, 0.644050914 ], [ 33.898019558, 0.641741097 ], [ 33.899746692, 0.640093575 ], [ 33.90026282, 0.633534974 ], [ 33.902636073, 0.631650107 ], [ 33.903712864, 0.624170288 ], [ 33.905359017, 0.623576031 ], [ 33.907476737, 0.616320676 ], [ 33.909079985, 0.615897774 ], [ 33.908722069, 0.610075466 ], [ 33.915824069, 0.609047636 ], [ 33.913776778, 0.606628113 ], [ 33.915928677, 0.604837714 ], [ 33.916330376, 0.602277577 ], [ 33.91907174, 0.60246943 ], [ 33.919508508, 0.600768114 ], [ 33.917502195, 0.597010824 ], [ 33.918357278, 0.595384047 ], [ 33.921241167, 0.594828142 ], [ 33.923718314, 0.588669179 ], [ 33.926033004, 0.587238307 ], [ 33.929607231, 0.588217592 ], [ 33.938809275, 0.586274988 ], [ 33.939551944, 0.584375642 ], [ 33.943096844, 0.583814983 ], [ 33.949793634, 0.585151184 ], [ 33.951176296, 0.583500903 ], [ 33.955145869, 0.583545454 ], [ 33.962867912, 0.580565901 ], [ 33.970450221, 0.581393368 ], [ 33.970553074, 0.582933076 ], [ 33.972212114, 0.581452862 ], [ 33.972264903, 0.583284753 ], [ 33.976302365, 0.582862062 ], [ 33.975657903, 0.580730908 ], [ 33.976908676, 0.579562111 ], [ 33.978385396, 0.580196139 ], [ 33.978726536, 0.578002028 ] ] ] } },
{ "type": "Feature", "properties": { "shapeName": "Abim", "shapeISO": "", "shapeID": "80733802B40540087585457", "shapeGroup": "UGA", "shapeType": "ADM2" }, "geometry": { "type": "Polygon", "coordinates": [ [ [ 33.84937007, 2.343775903 ], [ 33.853397011, 2.347452507 ], [ 33.85611104, 2.347619942 ], [ 33.859011273, 2.345639737 ], [ 33.865873685, 2.357902562 ], [ 33.871186514, 2.35810097 ], [ 33.873462403, 2.356333385 ], [ 33.884963188, 2.359710939 ], [ 33.88725216, 2.36421517 ], [ 33.891539982, 2.367432688 ], [ 33.891952472, 2.370159235 ], [ 33.895141617, 2.372771242 ], [ 33.89610242, 2.376006508 ], [ 33.900362039, 2.37878043 ], [ 33.907817499, 2.380361929 ], [ 33.922693788, 2.388257168 ], [ 33.930986799, 2.389616367 ], [ 33.942773964, 2.394373821 ], [ 33.945696505, 2.397787657 ], [ 33.947919988, 2.396698992 ], [ 33.949207895, 2.401018203 ], [ 33.951920193, 2.400513682 ], [ 33.952726903, 2.397162335 ], [ 33.956533808, 2.396728857 ], [ 33.956368173, 2.398069281 ], [ 33.961961637, 2.400434819 ], [ 33.960083223, 2.402422661 ], [ 33.96284685, 2.407267362 ], [ 33.964462616, 2.404011184 ], [ 33.968579587, 2.404606595 ], [ 33.968197476, 2.40262035 ], [ 33.970433741, 2.401972528 ], [ 33.970765715, 2.40034478 ], [ 33.973383377, 2.400654051 ], [ 33.975719183, 2.406145219 ], [ 33.977193626, 2.404947462 ], [ 33.978241455, 2.406143401 ], [ 33.976435252, 2.409256114 ], [ 33.980930736, 2.406763734 ], [ 33.980215534, 2.404873474 ], [ 33.985822838, 2.405742998 ], [ 33.987121997, 2.402787714 ], [ 33.989577205, 2.40469315 ], [ 33.994890816, 2.400463443 ], [ 33.996860911, 2.399901044 ], [ 33.998720929, 2.401358154 ], [ 34.002768035, 2.399485858 ], [ 34.004582317, 2.401966682 ], [ 34.003246226, 2.404678714 ], [ 34.005101375, 2.406159072 ], [ 34.003765864, 2.406068295 ], [ 34.004552781, 2.406892583 ], [ 34.003488645, 2.407443144 ], [ 34.006672267, 2.408815702 ], [ 34.00523743, 2.411565973 ], [ 34.006811539, 2.413122878 ], [ 34.005957585, 2.414467553 ], [ 34.004746442, 2.413368641 ], [ 34.004858979, 2.416423363 ], [ 34.003351053, 2.418211432 ], [ 34.006692, 2.417689894 ], [ 34.007436857, 2.422546536 ], [ 34.01010701, 2.423033514 ], [ 34.009617192, 2.424439053 ], [ 34.017781221, 2.430527869 ], [ 34.018018329, 2.432513316 ], [ 34.021962868, 2.433243785 ], [ 34.023457615, 2.430768387 ], [ 34.02759169, 2.428932693 ], [ 34.030135556, 2.43109984 ], [ 34.028519924, 2.43339204 ], [ 34.02771201, 2.439838181 ], [ 34.028894422, 2.440387225 ], [ 34.029409641, 2.445961833 ], [ 34.030201083, 2.445228151 ], [ 34.031075608, 2.447274237 ], [ 34.03195751, 2.446754327 ], [ 34.032768324, 2.44983909 ], [ 34.031148742, 2.453505944 ], [ 34.034521286, 2.457856635 ], [ 34.03349757, 2.465463748 ], [ 34.03733265, 2.467339735 ], [ 34.035148168, 2.46685252 ], [ 34.037267286, 2.468958805 ], [ 34.035142554, 2.468807571 ], [ 34.035075606, 2.470976503 ], [ 34.037352315, 2.471066546 ], [ 34.035798197, 2.473083791 ], [ 34.037522917, 2.475098726 ], [ 34.035729855, 2.475741494 ], [ 34.037001721, 2.476870862 ], [ 34.035416099, 2.47928525 ], [ 34.036720962, 2.484798187 ], [ 34.034801021, 2.48733501 ], [ 34.035802905, 2.487334301 ], [ 34.036828772, 2.49486358 ], [ 34.035854804, 2.495719615 ], [ 34.03685606, 2.495932737 ], [ 34.036084981, 2.50610661 ], [ 34.034623594, 2.509307907 ], [ 34.032340378, 2.510553766 ], [ 34.031311736, 2.514184184 ], [ 34.031271443, 2.517276433 ], [ 34.033350709, 2.519053496 ], [ 34.032972413, 2.52216515 ], [ 34.031473149, 2.522070616 ], [ 34.030913729, 2.525112639 ], [ 34.026922099, 2.529721003 ], [ 34.023755721, 2.527928503 ], [ 34.021320281, 2.532705192 ], [ 34.018427012, 2.532544532 ], [ 34.018027395, 2.536211485 ], [ 34.016635167, 2.534998207 ], [ 34.017489238, 2.533043291 ], [ 34.014443914, 2.533931243 ], [ 34.014160738, 2.536994974 ], [ 34.015709475, 2.539458915 ], [ 34.012830269, 2.539772329 ], [ 34.011204468, 2.54529032 ], [ 33.986418453, 2.570755638 ], [ 33.980315731, 2.587662841 ], [ 33.965760814, 2.616704508 ], [ 33.880907853, 2.670454803 ], [ 33.881888363, 2.696942837 ], [ 33.885949348, 2.724501971 ], [ 33.885913514, 2.732758731 ], [ 33.892041465, 2.752018717 ], [ 33.900855915, 2.789421729 ], [ 33.904297971, 2.790706371 ], [ 33.903421405, 2.796020057 ], [ 33.899024315, 2.803992962 ], [ 33.894566939, 2.806706622 ], [ 33.892089747, 2.810890156 ], [ 33.894933201, 2.816583768 ], [ 33.893478048, 2.821777048 ], [ 33.895720555, 2.829989669 ], [ 33.893360088, 2.844653749 ], [ 33.895385787, 2.861028604 ], [ 33.88940703, 2.875826684 ], [ 33.880305507, 2.886153104 ], [ 33.874781882, 2.894977599 ], [ 33.873274256, 2.912634793 ], [ 33.866073762, 2.919482874 ], [ 33.865202532, 2.922032285 ], [ 33.868546583, 2.937100769 ], [ 33.86584462, 2.943802084 ], [ 33.851203931, 2.949026792 ], [ 33.804068812, 2.983436923 ], [ 33.752133408, 2.96557652 ], [ 33.745023189, 2.970456216 ], [ 33.743803059, 2.973335492 ], [ 33.740011617, 2.975192559 ], [ 33.737981565, 2.978795506 ], [ 33.731270704, 2.980612679 ], [ 33.727692969, 2.98513373 ], [ 33.724416644, 2.984490808 ], [ 33.720549988, 2.990804945 ], [ 33.722827707, 3.017550792 ], [ 33.72131082, 3.021687146 ], [ 33.698875027, 3.040299305 ], [ 33.686967234, 3.053655766 ], [ 33.684614433, 3.052176274 ], [ 33.680198321, 3.052606 ], [ 33.664574712, 3.058421653 ], [ 33.660695084, 3.061276463 ], [ 33.681339382, 3.091441079 ], [ 33.688768857, 3.107223432 ], [ 33.68970503, 3.117112295 ], [ 33.692036378, 3.122159244 ], [ 33.6982749, 3.128501728 ], [ 33.707218014, 3.13085682 ], [ 33.704340303, 3.134641689 ], [ 33.69148533, 3.138721379 ], [ 33.677040518, 3.137961552 ], [ 33.641801734, 3.139413621 ], [ 33.628341553, 3.137466112 ], [ 33.613522615, 3.130622351 ], [ 33.580994602, 3.149123816 ], [ 33.573427966, 3.149639175 ], [ 33.559928588, 3.147950136 ], [ 33.559478771, 3.148935244 ], [ 33.570908722, 3.001858275 ], [ 33.572980013, 2.997134393 ], [ 33.57258379, 2.989458492 ], [ 33.575264451, 2.981464118 ], [ 33.574293214, 2.974800338 ], [ 33.575454178, 2.966053506 ], [ 33.580578136, 2.954092758 ], [ 33.580084892, 2.946047741 ], [ 33.573078732, 2.940203133 ], [ 33.570567754, 2.93395861 ], [ 33.572105304, 2.929040678 ], [ 33.576982111, 2.881216351 ], [ 33.585648277, 2.878418545 ], [ 33.599712127, 2.870669341 ], [ 33.604539811, 2.870080907 ], [ 33.605460742, 2.860340344 ], [ 33.604040934, 2.851322888 ], [ 33.603760112, 2.786863586 ], [ 33.599585503, 2.779081654 ], [ 33.58775743, 2.772564816 ], [ 33.586306658, 2.769739579 ], [ 33.580092202, 2.766463469 ], [ 33.579091516, 2.762278327 ], [ 33.573513524, 2.759232907 ], [ 33.571746184, 2.759624781 ], [ 33.569579261, 2.756008938 ], [ 33.566591296, 2.754179717 ], [ 33.564803006, 2.747622168 ], [ 33.562098201, 2.746468186 ], [ 33.559116886, 2.739866763 ], [ 33.555253226, 2.736233895 ], [ 33.554129078, 2.732315369 ], [ 33.551318431, 2.731552411 ], [ 33.547532032, 2.722365168 ], [ 33.539938147, 2.71695667 ], [ 33.538232601, 2.717090743 ], [ 33.537637002, 2.709172913 ], [ 33.53393275, 2.705895336 ], [ 33.532473116, 2.702510127 ], [ 33.533514191, 2.698581719 ], [ 33.529173117, 2.693918065 ], [ 33.529657575, 2.690265392 ], [ 33.526130546, 2.687929708 ], [ 33.526296808, 2.684081656 ], [ 33.523687666, 2.678919568 ], [ 33.524560985, 2.675266727 ], [ 33.521395876, 2.671855552 ], [ 33.523560115, 2.669890647 ], [ 33.523644081, 2.659475308 ], [ 33.525206001, 2.654240322 ], [ 33.530557071, 2.644640298 ], [ 33.528164512, 2.628982815 ], [ 33.530673662, 2.627862005 ], [ 33.533978926, 2.628624851 ], [ 33.535541477, 2.625007262 ], [ 33.538686562, 2.623210781 ], [ 33.53690122, 2.622429521 ], [ 33.537563118, 2.620411937 ], [ 33.535785173, 2.616244797 ], [ 33.539230272, 2.6135062 ], [ 33.53944939, 2.609302656 ], [ 33.533872825, 2.607643224 ], [ 33.532980631, 2.603729621 ], [ 33.539331875, 2.587846898 ], [ 33.551478805, 2.568590664 ], [ 33.553215751, 2.558860529 ], [ 33.557273434, 2.554923723 ], [ 33.56844608, 2.548548974 ], [ 33.570156095, 2.544563991 ], [ 33.575289953, 2.541364499 ], [ 33.580076191, 2.52639696 ], [ 33.584629066, 2.522921021 ], [ 33.588141113, 2.516002407 ], [ 33.593258523, 2.510926006 ], [ 33.607776751, 2.499659051 ], [ 33.606099576, 2.495823583 ], [ 33.615035613, 2.49293945 ], [ 33.614600283, 2.489754248 ], [ 33.627346716, 2.471159431 ], [ 33.640118446, 2.482086694 ], [ 33.652511465, 2.489717218 ], [ 33.669540297, 2.505389909 ], [ 33.687810572, 2.49130749 ], [ 33.696316113, 2.482055108 ], [ 33.705471558, 2.460444991 ], [ 33.727614515, 2.451349834 ], [ 33.728644071, 2.448077822 ], [ 33.732110627, 2.44944513 ], [ 33.733788162, 2.447495376 ], [ 33.734973457, 2.448239498 ], [ 33.739328889, 2.445493832 ], [ 33.739942209, 2.438542256 ], [ 33.745247834, 2.4355478 ], [ 33.742814315, 2.431800452 ], [ 33.743084156, 2.428709487 ], [ 33.737554069, 2.427446417 ], [ 33.738637821, 2.423064058 ], [ 33.735994146, 2.417496766 ], [ 33.742514708, 2.412296071 ], [ 33.748387292, 2.410386032 ], [ 33.753457585, 2.403018855 ], [ 33.84937007, 2.343775903 ] ] ] } },
{ "type": "Feature", "properties": { "shapeName": "Adjumani", "shapeISO": "", "shapeID": "80733802B96263534512067", "shapeGroup": "UGA", "shapeType": "ADM2" }, "geometry": { "type": "Polygon", "coordinates": [ [ [ 31.417673957, 2.95229128 ], [ 31.424020296, 2.945712817 ], [ 31.423854181, 2.939497261 ], [ 31.425370965, 2.93970361 ], [ 31.426109629, 2.938032796 ], [ 31.427112969, 2.939137409 ], [ 31.430357987, 2.93673067 ], [ 31.431834842, 2.938257855 ], [ 31.435009538, 2.933061672 ], [ 31.436938171, 2.933804602 ], [ 31.436680245, 2.932132369 ], [ 31.438266783, 2.932389844 ], [ 31.442148638, 2.927536006 ], [ 31.443668186, 2.928090099 ], [ 31.446539956, 2.926160598 ], [ 31.447774239, 2.922825912 ], [ 31.451343891, 2.922402355 ], [ 31.451165254, 2.920342 ], [ 31.4560804, 2.916869995 ], [ 31.458514584, 2.917192339 ], [ 31.461676321, 2.9223409 ], [ 31.464033371, 2.92173402 ], [ 31.463861474, 2.916876715 ], [ 31.468187477, 2.915121027 ], [ 31.471254583, 2.916576663 ], [ 31.470421854, 2.914337529 ], [ 31.472744997, 2.912390687 ], [ 31.474947719, 2.914593732 ], [ 31.473745327, 2.911853702 ], [ 31.474828811, 2.9114245 ], [ 31.473377462, 2.910452762 ], [ 31.47542551, 2.907446381 ], [ 31.476762743, 2.908000271 ], [ 31.478048541, 2.906428214 ], [ 31.480307255, 2.908711375 ], [ 31.481699269, 2.908359253 ], [ 31.484988802, 2.91343616 ], [ 31.487671859, 2.909300464 ], [ 31.484830089, 2.905796382 ], [ 31.487584042, 2.903761309 ], [ 31.489459374, 2.905439463 ], [ 31.491480392, 2.904422372 ], [ 31.492652051, 2.905355264 ], [ 31.496073766, 2.898411868 ], [ 31.498032287, 2.902076617 ], [ 31.50209341, 2.900391107 ], [ 31.503127197, 2.895471576 ], [ 31.501136832, 2.892562964 ], [ 31.505655117, 2.887840426 ], [ 31.510985574, 2.885873018 ], [ 31.510992023, 2.884051634 ], [ 31.513664087, 2.881719499 ], [ 31.517988834, 2.879845781 ], [ 31.521383696, 2.882604121 ], [ 31.524358135, 2.882173286 ], [ 31.525374129, 2.883827237 ], [ 31.52933512, 2.884153449 ], [ 31.536862774, 2.881597767 ], [ 31.540924322, 2.877732634 ], [ 31.545896361, 2.883448636 ], [ 31.54633104, 2.887735404 ], [ 31.548562936, 2.88820208 ], [ 31.550297669, 2.891818803 ], [ 31.553951444, 2.894580949 ], [ 31.55799778, 2.895725729 ], [ 31.55849384, 2.897629578 ], [ 31.556444031, 2.899908676 ], [ 31.558576337, 2.903664528 ], [ 31.557736181, 2.905145719 ], [ 31.559236658, 2.905669881 ], [ 31.558649675, 2.910544295 ], [ 31.563771779, 2.91316595 ], [ 31.563454727, 2.916454859 ], [ 31.565712651, 2.917364052 ], [ 31.566976003, 2.920569693 ], [ 31.574885927, 2.922312441 ], [ 31.575989551, 2.930473047 ], [ 31.586186089, 2.935510853 ], [ 31.58505311, 2.938217658 ], [ 31.587766903, 2.939345995 ], [ 31.587587783, 2.942613792 ], [ 31.59091631, 2.944100101 ], [ 31.591767238, 2.946393601 ], [ 31.596491927, 2.946767453 ], [ 31.597254152, 2.947914631 ], [ 31.599770758, 2.945614728 ], [ 31.605692299, 2.945390387 ], [ 31.610365145, 2.938587948 ], [ 31.613238273, 2.936950584 ], [ 31.624673615, 2.938920369 ], [ 31.627062909, 2.942434733 ], [ 31.627598157, 2.941479164 ], [ 31.630156616, 2.943751419 ], [ 31.634147925, 2.94428149 ], [ 31.64092824, 2.937031829 ], [ 31.64408653, 2.936537975 ], [ 31.648577429, 2.939815825 ], [ 31.655648787, 2.940118338 ], [ 31.659204113, 2.94340679 ], [ 31.74404497, 2.963163768 ], [ 31.745416919, 2.964140786 ], [ 31.745057427, 2.965729498 ], [ 31.746661436, 2.965615331 ], [ 31.749093359, 2.968053983 ], [ 31.760767913, 2.9704567 ], [ 31.767615626, 2.96977359 ], [ 31.766917799, 2.967601769 ], [ 31.768129131, 2.965343172 ], [ 31.771896105, 2.964939848 ], [ 31.776786782, 2.961514597 ], [ 31.78181286, 2.962313006 ], [ 31.78717369, 2.960318291 ], [ 31.79221619, 2.952780696 ], [ 31.795660065, 2.951228403 ], [ 31.79808434, 2.95192015 ], [ 31.799445387, 2.954307577 ], [ 31.805921971, 2.956596814 ], [ 31.810380094, 2.955627671 ], [ 31.815187825, 2.951256297 ], [ 31.817923815, 2.950587754 ], [ 31.824353901, 2.954616819 ], [ 31.831879387, 2.952936084 ], [ 31.837902656, 2.956647389 ], [ 31.853900364, 2.953440175 ], [ 31.856733887, 2.950321512 ], [ 31.862324518, 2.959088238 ], [ 31.867272063, 2.959564131 ], [ 31.875152952, 2.968866841 ], [ 31.882421359, 2.97070138 ], [ 31.88548259, 2.975573577 ], [ 31.890113385, 2.975578274 ], [ 31.891640446, 2.980749482 ], [ 31.901872486, 2.992506694 ], [ 31.903263597, 3.00206022 ], [ 31.899964116, 3.005894296 ], [ 31.904173893, 3.011806515 ], [ 31.903387519, 3.015449882 ], [ 31.90703703, 3.018656023 ], [ 31.908804726, 3.022398603 ], [ 31.91215213, 3.023047224 ], [ 31.911612759, 3.026551928 ], [ 31.916049677, 3.030677395 ], [ 31.91630535, 3.036899644 ], [ 31.918008723, 3.041693492 ], [ 31.920720746, 3.043694442 ], [ 31.920203873, 3.048725363 ], [ 31.922849394, 3.051779204 ], [ 31.924920677, 3.063680874 ], [ 31.927191225, 3.066776219 ], [ 31.92508595, 3.071015827 ], [ 31.928623333, 3.075057724 ], [ 31.930689363, 3.086283366 ], [ 31.959729962, 3.12410296 ], [ 31.963266964, 3.146383372 ], [ 31.96637013, 3.148042498 ], [ 31.964376568, 3.151132402 ], [ 31.96902484, 3.166159269 ], [ 31.968719145, 3.173601197 ], [ 31.970809839, 3.181870065 ], [ 31.976642501, 3.187883241 ], [ 31.979784161, 3.189310578 ], [ 31.985258839, 3.195889519 ], [ 31.989877634, 3.196463036 ], [ 31.994295727, 3.200118936 ], [ 31.993951578, 3.203395345 ], [ 32.001398219, 3.210319093 ], [ 32.000829074, 3.214490606 ], [ 32.006517959, 3.215809288 ], [ 32.005191265, 3.218024647 ], [ 32.00615604, 3.223202381 ], [ 32.009192076, 3.224722532 ], [ 32.009792293, 3.228465491 ], [ 32.013357475, 3.231567698 ], [ 32.008578206, 3.235047928 ], [ 32.008181021, 3.238918636 ], [ 32.009762687, 3.248859474 ], [ 32.008422144, 3.249242968 ], [ 32.00864351, 3.251284849 ], [ 32.00961997, 3.25341299 ], [ 32.012257888, 3.253298007 ], [ 32.012319236, 3.255831442 ], [ 32.010998565, 3.259934716 ], [ 32.004853433, 3.265722371 ], [ 32.005537338, 3.273291089 ], [ 32.004523614, 3.274450588 ], [ 32.00806203, 3.280188218 ], [ 32.006694471, 3.288420409 ], [ 32.00958732, 3.287140099 ], [ 32.012466118, 3.288495217 ], [ 32.013677555, 3.290993771 ], [ 32.011888686, 3.293403025 ], [ 32.017180647, 3.298028963 ], [ 32.017318345, 3.30357046 ], [ 32.021113371, 3.304920725 ], [ 32.020480739, 3.307739692 ], [ 32.026854976, 3.312429982 ], [ 32.026726779, 3.314702797 ], [ 32.032180582, 3.317959345 ], [ 32.031412201, 3.323965303 ], [ 32.03284541, 3.329094553 ], [ 32.030654403, 3.332775135 ], [ 32.034653744, 3.335692235 ], [ 32.041513089, 3.336842603 ], [ 32.043743494, 3.339767974 ], [ 32.038420613, 3.354039226 ], [ 32.031748363, 3.359202882 ], [ 32.028365658, 3.364224715 ], [ 32.029389989, 3.366528507 ], [ 32.027485704, 3.370727888 ], [ 32.031944061, 3.37799935 ], [ 32.030958683, 3.38418997 ], [ 32.027941592, 3.389201281 ], [ 32.030001097, 3.392747471 ], [ 32.017343063, 3.411329282 ], [ 32.02260531, 3.409946833 ], [ 32.057513469, 3.41016644 ], [ 32.053175309, 3.426929412 ], [ 32.051693018, 3.447262923 ], [ 32.053703538, 3.475551191 ], [ 32.056572916, 3.489732544 ], [ 32.058966097, 3.495228392 ], [ 32.063622341, 3.499740642 ], [ 32.06365956, 3.524481023 ], [ 32.056462318, 3.568020227 ], [ 32.058158958, 3.574218351 ], [ 32.062007759, 3.579607499 ], [ 32.057530917, 3.580844565 ], [ 32.061061495, 3.58451547 ], [ 32.059131589, 3.586584969 ], [ 32.053309949, 3.58666479 ], [ 32.053872728, 3.590840377 ], [ 32.048017625, 3.588997611 ], [ 32.046830965, 3.58671691 ], [ 32.044912672, 3.587761418 ], [ 32.046330739, 3.591478733 ], [ 32.044667462, 3.592350156 ], [ 32.043619645, 3.589183037 ], [ 32.037960423, 3.584817021 ], [ 32.03672418, 3.585682922 ], [ 32.029533018, 3.583042842 ], [ 32.019862565, 3.582266697 ], [ 32.000665705, 3.576762124 ], [ 31.995396984, 3.574875162 ], [ 31.985305765, 3.5752982 ], [ 31.970726729, 3.56912186 ], [ 31.965759978, 3.565416629 ], [ 31.954408746, 3.551726912 ], [ 31.948317525, 3.539463303 ], [ 31.947430899, 3.533636985 ], [ 31.949763532, 3.527461552 ], [ 31.949382524, 3.52429519 ], [ 31.940010829, 3.518441132 ], [ 31.920690602, 3.50966289 ], [ 31.914128964, 3.508723578 ], [ 31.89832577, 3.514249817 ], [ 31.879925093, 3.51579266 ], [ 31.870742985, 3.518495127 ], [ 31.861677285, 3.524227788 ], [ 31.85364791, 3.537023721 ], [ 31.845260468, 3.545154979 ], [ 31.835297341, 3.549200741 ], [ 31.817900221, 3.549633656 ], [ 31.813864385, 3.548435323 ], [ 31.802318579, 3.540823015 ], [ 31.794806334, 3.52826489 ], [ 31.787500484, 3.522239686 ], [ 31.784314948, 3.517617137 ], [ 31.781198093, 3.515148323 ], [ 31.773864542, 3.513511481 ], [ 31.769389369, 3.508686424 ], [ 31.751476985, 3.496969288 ], [ 31.73854447, 3.493731942 ], [ 31.723893692, 3.496760152 ], [ 31.707173858, 3.496836648 ], [ 31.6995761, 3.488622545 ], [ 31.695219254, 3.477844247 ], [ 31.687166929, 3.468390387 ], [ 31.681010946, 3.457618649 ], [ 31.665840302, 3.450777714 ], [ 31.658417052, 3.442901689 ], [ 31.652581467, 3.433338427 ], [ 31.651245725, 3.426580704 ], [ 31.653584258, 3.416248416 ], [ 31.658555808, 3.404221894 ], [ 31.657983649, 3.395907428 ], [ 31.650461583, 3.38528808 ], [ 31.637053305, 3.37251783 ], [ 31.633260969, 3.364046364 ], [ 31.62902992, 3.359297069 ], [ 31.622031964, 3.355308909 ], [ 31.609743002, 3.352917624 ], [ 31.605165127, 3.347110918 ], [ 31.604373811, 3.342769417 ], [ 31.605954264, 3.323093237 ], [ 31.598567057, 3.315729658 ], [ 31.594111975, 3.307746191 ], [ 31.586999579, 3.300075492 ], [ 31.586667441, 3.284346939 ], [ 31.580421773, 3.263780339 ], [ 31.576971476, 3.260926485 ], [ 31.566766979, 3.257502244 ], [ 31.563193006, 3.250098939 ], [ 31.562156847, 3.243504209 ], [ 31.562951475, 3.237952182 ], [ 31.568838816, 3.229775499 ], [ 31.571655707, 3.2224084 ], [ 31.571332349, 3.218772146 ], [ 31.564256189, 3.20711316 ], [ 31.561892119, 3.19290132 ], [ 31.549933428, 3.175845161 ], [ 31.543905017, 3.164187742 ], [ 31.543556136, 3.156897645 ], [ 31.539060923, 3.150743826 ], [ 31.536742912, 3.146776667 ], [ 31.530244565, 3.146188654 ], [ 31.524351744, 3.14289728 ], [ 31.516142067, 3.123929217 ], [ 31.506877421, 3.112927519 ], [ 31.501990454, 3.09814263 ], [ 31.486479269, 3.075067424 ], [ 31.477544569, 3.066960338 ], [ 31.474162125, 3.050522719 ], [ 31.477777263, 3.04189997 ], [ 31.478506755, 3.035515993 ], [ 31.474930561, 3.033467002 ], [ 31.46065667, 3.035165001 ], [ 31.454666683, 3.033781746 ], [ 31.442869962, 3.022062087 ], [ 31.435282618, 3.016869052 ], [ 31.434714292, 3.009723674 ], [ 31.43011567, 3.002328302 ], [ 31.402739071, 2.984345896 ], [ 31.401043059, 2.979550309 ], [ 31.402075245, 2.972362149 ], [ 31.403762804, 2.970148919 ], [ 31.41130356, 2.968676693 ], [ 31.414539409, 2.965091033 ], [ 31.417673957, 2.95229128 ] ] ] } },
{ "type": "Feature", "properties": { "shapeName": "Agago", "shapeISO": "", "shapeID": "80733802B88377823250242", "shapeGroup": "UGA", "shapeType": "ADM2" }, "geometry": { "type": "Polygon", "coordinates": [ [ [ 33.559478771, 3.148935244 ], [ 33.554494233, 3.203415552 ], [ 33.550520212, 3.281461967 ], [ 33.545636274, 3.27991071 ], [ 33.542780734, 3.280630078 ], [ 33.539833219, 3.276869204 ], [ 33.538333363, 3.277803523 ], [ 33.533588794, 3.276743318 ], [ 33.531446379, 3.278582746 ], [ 33.526602439, 3.278772013 ], [ 33.523657545, 3.276245942 ], [ 33.513240769, 3.276351883 ], [ 33.510412482, 3.27830652 ], [ 33.499338595, 3.276855972 ], [ 33.496846179, 3.280273613 ], [ 33.494789098, 3.280442679 ], [ 33.494956086, 3.282532672 ], [ 33.492322175, 3.285306017 ], [ 33.489604695, 3.28706299 ], [ 33.486292321, 3.286457435 ], [ 33.484567974, 3.291364689 ], [ 33.485686477, 3.291257278 ], [ 33.485135546, 3.293140325 ], [ 33.487017947, 3.294545543 ], [ 33.484640413, 3.297634125 ], [ 33.48261594, 3.295870864 ], [ 33.437643111, 3.300161412 ], [ 33.433531029, 3.299483009 ], [ 33.428180071, 3.303612264 ], [ 33.422150757, 3.304405481 ], [ 33.41477953, 3.304853254 ], [ 33.402853413, 3.303162352 ], [ 33.396481623, 3.298956383 ], [ 33.395787384, 3.287311232 ], [ 33.392956752, 3.281342872 ], [ 33.390221938, 3.279259366 ], [ 33.381736174, 3.276799056 ], [ 33.377060342, 3.277740818 ], [ 33.366475793, 3.270131489 ], [ 33.355689526, 3.264919878 ], [ 33.32827836, 3.255241928 ], [ 33.302826596, 3.233885989 ], [ 33.300813493, 3.22887609 ], [ 33.302598842, 3.224478189 ], [ 33.309989028, 3.216903494 ], [ 33.30963052, 3.21185676 ], [ 33.31148556, 3.204847378 ], [ 33.323089721, 3.198490007 ], [ 33.325802721, 3.19502013 ], [ 33.32765968, 3.195114686 ], [ 33.33320355, 3.184515189 ], [ 33.336498191, 3.181788801 ], [ 33.282786203, 3.185426513 ], [ 33.246292545, 3.172184873 ], [ 33.235261176, 3.176100265 ], [ 33.211333228, 3.170740031 ], [ 33.179987633, 3.181945965 ], [ 33.160214397, 3.180338341 ], [ 33.140756871, 3.181397234 ], [ 33.142419065, 3.165143548 ], [ 33.138619212, 3.162417972 ], [ 33.132643755, 3.147745375 ], [ 33.134922132, 3.138440057 ], [ 33.133787619, 3.13497212 ], [ 33.135670131, 3.133177574 ], [ 33.135116282, 3.130702102 ], [ 33.138945741, 3.118813007 ], [ 33.136292078, 3.102237764 ], [ 33.137770619, 3.100252 ], [ 33.136597808, 3.098087672 ], [ 33.137862514, 3.096006293 ], [ 33.137562207, 3.091653078 ], [ 33.131341892, 3.074035468 ], [ 33.133235047, 3.072803044 ], [ 33.13340694, 3.070147943 ], [ 33.131273145, 3.066943409 ], [ 33.13386646, 3.066392468 ], [ 33.136672768, 3.060519402 ], [ 33.137696419, 3.0541685 ], [ 33.13899413, 3.053366791 ], [ 33.138211397, 3.052362429 ], [ 33.139473415, 3.051572694 ], [ 33.139239824, 3.031994792 ], [ 33.1429107, 3.025876691 ], [ 33.142446677, 3.019795281 ], [ 33.143692771, 3.016738699 ], [ 33.152426453, 3.012219291 ], [ 33.157950687, 3.006237532 ], [ 33.165717669, 2.990403468 ], [ 33.172347289, 2.985227208 ], [ 33.176470665, 2.976947949 ], [ 33.188163593, 2.961409442 ], [ 33.194933697, 2.956196841 ], [ 33.198955505, 2.955234127 ], [ 33.190553477, 2.934053495 ], [ 33.182653713, 2.918994402 ], [ 33.184840156, 2.912061909 ], [ 33.18352413, 2.900802091 ], [ 33.19484392, 2.890579981 ], [ 33.194591339, 2.887665275 ], [ 33.196355485, 2.885088161 ], [ 33.194780045, 2.885574225 ], [ 33.192216407, 2.880885718 ], [ 33.192299627, 2.876070028 ], [ 33.190156491, 2.873409095 ], [ 33.188728077, 2.873683911 ], [ 33.189546867, 2.870811265 ], [ 33.184570217, 2.866195486 ], [ 33.179669139, 2.86443915 ], [ 33.177921044, 2.861039776 ], [ 33.178832575, 2.859473503 ], [ 33.176210751, 2.856341651 ], [ 33.172786532, 2.85395451 ], [ 33.17250721, 2.857859488 ], [ 33.167189003, 2.85786028 ], [ 33.168483228, 2.855538235 ], [ 33.16725817, 2.85226671 ], [ 33.162079649, 2.850191857 ], [ 33.163304035, 2.848819677 ], [ 33.162079269, 2.847483026 ], [ 33.163898402, 2.845794144 ], [ 33.162743892, 2.846427542 ], [ 33.16368831, 2.844633246 ], [ 33.162008807, 2.844000252 ], [ 33.162078586, 2.842593056 ], [ 33.160670217, 2.844378316 ], [ 33.158578087, 2.84244867 ], [ 33.157388047, 2.844651056 ], [ 33.151270058, 2.847141349 ], [ 33.148651024, 2.844867653 ], [ 33.147329237, 2.840858339 ], [ 33.138306114, 2.837364623 ], [ 33.127711075, 2.827168585 ], [ 33.126235345, 2.829586415 ], [ 33.124211836, 2.829897811 ], [ 33.124616934, 2.833536232 ], [ 33.116821037, 2.840873817 ], [ 33.116333382, 2.844643985 ], [ 33.110524561, 2.84488393 ], [ 33.111381831, 2.847229697 ], [ 33.110215299, 2.847277688 ], [ 33.110167878, 2.84924054 ], [ 33.108096754, 2.850006734 ], [ 33.106144498, 2.84897761 ], [ 33.104121278, 2.852951387 ], [ 33.102573922, 2.854028702 ], [ 33.101573919, 2.852784053 ], [ 33.100717015, 2.854483668 ], [ 33.098979022, 2.853430584 ], [ 33.100812022, 2.8518745 ], [ 33.100788012, 2.84955259 ], [ 33.098585837, 2.849062072 ], [ 33.095704758, 2.843580677 ], [ 33.088788829, 2.842635713 ], [ 33.086157666, 2.835610326 ], [ 33.086443059, 2.831756405 ], [ 33.084871729, 2.830272412 ], [ 33.086907064, 2.828728306 ], [ 33.085478612, 2.827866668 ], [ 33.086144951, 2.824635083 ], [ 33.083823659, 2.822205624 ], [ 33.0790149, 2.823857634 ], [ 33.076194304, 2.8307398 ], [ 33.073956534, 2.831386249 ], [ 33.071813819, 2.829184155 ], [ 33.069052283, 2.829399755 ], [ 33.064517343, 2.832811087 ], [ 33.063207939, 2.832045162 ], [ 33.059577769, 2.838233142 ], [ 33.060316021, 2.843092373 ], [ 33.058090207, 2.84523488 ], [ 33.059256868, 2.847867921 ], [ 33.056709535, 2.847724426 ], [ 33.052090788, 2.842889314 ], [ 33.048948428, 2.845905549 ], [ 33.047841554, 2.849364533 ], [ 33.046103651, 2.849220981 ], [ 33.040236434, 2.843986079 ], [ 33.039022131, 2.839222605 ], [ 33.036308139, 2.838073701 ], [ 33.034332207, 2.83883976 ], [ 33.03622497, 2.843232193 ], [ 33.033225458, 2.847971871 ], [ 33.030951883, 2.846978535 ], [ 33.026214354, 2.848438824 ], [ 33.023905064, 2.847098388 ], [ 33.023143256, 2.847888332 ], [ 33.019964902, 2.839282932 ], [ 33.023012117, 2.837726958 ], [ 33.022893056, 2.836242841 ], [ 33.025793445, 2.837468518 ], [ 33.028424053, 2.836403249 ], [ 33.029257313, 2.837552221 ], [ 33.030614185, 2.833578588 ], [ 33.031685516, 2.834990862 ], [ 33.033875668, 2.833195502 ], [ 33.041505646, 2.832824227 ], [ 33.046611874, 2.826013869 ], [ 33.052872763, 2.821680946 ], [ 33.044695139, 2.817599986 ], [ 33.041183478, 2.810526642 ], [ 33.036243546, 2.804937451 ], [ 33.021018829, 2.760067316 ], [ 33.017410762, 2.747097698 ], [ 33.018034295, 2.743808604 ], [ 33.012912509, 2.732189132 ], [ 33.016972875, 2.730648956 ], [ 33.024665055, 2.720581968 ], [ 33.035795236, 2.715999816 ], [ 33.040068013, 2.708397426 ], [ 33.039739214, 2.705080707 ], [ 33.041824495, 2.698857491 ], [ 33.045122606, 2.695517853 ], [ 33.04761589, 2.689910095 ], [ 33.056172914, 2.686000315 ], [ 33.06191865, 2.674021065 ], [ 33.066021298, 2.669803704 ], [ 33.072492753, 2.666874132 ], [ 33.078091708, 2.667534851 ], [ 33.090319428, 2.647143543 ], [ 33.086216259, 2.641422196 ], [ 33.086091263, 2.636669369 ], [ 33.091745861, 2.625168696 ], [ 33.10056164, 2.599205406 ], [ 33.157432315, 2.619118631 ], [ 33.183288559, 2.585399457 ], [ 33.186359019, 2.585829879 ], [ 33.19517862, 2.593117441 ], [ 33.206867115, 2.598528042 ], [ 33.213600352, 2.595429412 ], [ 33.222781956, 2.596817584 ], [ 33.226236285, 2.594802985 ], [ 33.240652101, 2.593328127 ], [ 33.258827768, 2.597519136 ], [ 33.266011567, 2.595109235 ], [ 33.27354929, 2.594938758 ], [ 33.277932639, 2.596395279 ], [ 33.291329048, 2.595894561 ], [ 33.299337833, 2.607303648 ], [ 33.30798926, 2.608092497 ], [ 33.314927143, 2.612027719 ], [ 33.351749025, 2.607867665 ], [ 33.356157826, 2.605191427 ], [ 33.364296571, 2.605535684 ], [ 33.396176526, 2.595981418 ], [ 33.410774428, 2.595301323 ], [ 33.413559154, 2.59893516 ], [ 33.416601865, 2.607785528 ], [ 33.428926693, 2.626763823 ], [ 33.42757648, 2.632123099 ], [ 33.431721493, 2.633641317 ], [ 33.43336504, 2.633320819 ], [ 33.434070342, 2.628539416 ], [ 33.437499654, 2.630333362 ], [ 33.438143635, 2.627160505 ], [ 33.439611046, 2.628564119 ], [ 33.441218892, 2.627283842 ], [ 33.440288963, 2.621409929 ], [ 33.435242027, 2.618114668 ], [ 33.436945857, 2.613306256 ], [ 33.439031594, 2.614069798 ], [ 33.439826441, 2.612754246 ], [ 33.441576373, 2.613517902 ], [ 33.443944082, 2.612024071 ], [ 33.444261647, 2.610424309 ], [ 33.442308031, 2.608407675 ], [ 33.444711192, 2.607215986 ], [ 33.44406382, 2.60066657 ], [ 33.445715673, 2.59934195 ], [ 33.445944429, 2.596124701 ], [ 33.443812972, 2.590891061 ], [ 33.448673666, 2.592542301 ], [ 33.454231272, 2.590896239 ], [ 33.455787309, 2.593117402 ], [ 33.459472251, 2.593409323 ], [ 33.460197908, 2.596306185 ], [ 33.46621457, 2.593469049 ], [ 33.469211296, 2.596551681 ], [ 33.471295966, 2.594489142 ], [ 33.475008133, 2.596691696 ], [ 33.477720548, 2.595579803 ], [ 33.477154114, 2.593233893 ], [ 33.4801044, 2.590246782 ], [ 33.484408937, 2.593293318 ], [ 33.48893214, 2.590447785 ], [ 33.491203319, 2.590953446 ], [ 33.49118617, 2.59232203 ], [ 33.493730675, 2.591254611 ], [ 33.494756203, 2.592516147 ], [ 33.496725374, 2.589022837 ], [ 33.49976479, 2.588168498 ], [ 33.501408793, 2.589234265 ], [ 33.503122442, 2.587651733 ], [ 33.504969781, 2.588975129 ], [ 33.504174866, 2.589899675 ], [ 33.506879284, 2.591018324 ], [ 33.50748111, 2.593381982 ], [ 33.512172781, 2.592144807 ], [ 33.515938051, 2.594453844 ], [ 33.516584333, 2.597430656 ], [ 33.519324122, 2.598602581 ], [ 33.51856507, 2.600753508 ], [ 33.522550371, 2.600814062 ], [ 33.52308202, 2.604333012 ], [ 33.525467959, 2.60450975 ], [ 33.526262537, 2.602820928 ], [ 33.530849695, 2.605191751 ], [ 33.532980631, 2.603729621 ], [ 33.533872825, 2.607643224 ], [ 33.53944939, 2.609302656 ], [ 33.539230272, 2.6135062 ], [ 33.535785173, 2.616244797 ], [ 33.537563118, 2.620411937 ], [ 33.53690122, 2.622429521 ], [ 33.538686562, 2.623210781 ], [ 33.535541477, 2.625007262 ], [ 33.533978926, 2.628624851 ], [ 33.530673662, 2.627862005 ], [ 33.528164512, 2.628982815 ], [ 33.530557071, 2.644640298 ], [ 33.525206001, 2.654240322 ], [ 33.523644081, 2.659475308 ], [ 33.523560115, 2.669890647 ], [ 33.521395876, 2.671855552 ], [ 33.524560985, 2.675266727 ], [ 33.523687666, 2.678919568 ], [ 33.526296808, 2.684081656 ], [ 33.526130546, 2.687929708 ], [ 33.529657575, 2.690265392 ], [ 33.529173117, 2.693918065 ], [ 33.533514191, 2.698581719 ], [ 33.532473116, 2.702510127 ], [ 33.53393275, 2.705895336 ], [ 33.537637002, 2.709172913 ], [ 33.538232601, 2.717090743 ], [ 33.539938147, 2.71695667 ], [ 33.547532032, 2.722365168 ], [ 33.551318431, 2.731552411 ], [ 33.554129078, 2.732315369 ], [ 33.555253226, 2.736233895 ], [ 33.559116886, 2.739866763 ], [ 33.562098201, 2.746468186 ], [ 33.564803006, 2.747622168 ], [ 33.566591296, 2.754179717 ], [ 33.569579261, 2.756008938 ], [ 33.571746184, 2.759624781 ], [ 33.573513524, 2.759232907 ], [ 33.579091516, 2.762278327 ], [ 33.580092202, 2.766463469 ], [ 33.586306658, 2.769739579 ], [ 33.58775743, 2.772564816 ], [ 33.599585503, 2.779081654 ], [ 33.603760112, 2.786863586 ], [ 33.604040934, 2.851322888 ], [ 33.605460742, 2.860340344 ], [ 33.604539811, 2.870080907 ], [ 33.599712127, 2.870669341 ], [ 33.585648277, 2.878418545 ], [ 33.576982111, 2.881216351 ], [ 33.572105304, 2.929040678 ], [ 33.570567754, 2.93395861 ], [ 33.573078732, 2.940203133 ], [ 33.580084892, 2.946047741 ], [ 33.580578136, 2.954092758 ], [ 33.575454178, 2.966053506 ], [ 33.574293214, 2.974800338 ], [ 33.575264451, 2.981464118 ], [ 33.57258379, 2.989458492 ], [ 33.572980013, 2.997134393 ], [ 33.570908722, 3.001858275 ], [ 33.559478771, 3.148935244 ] ] ] } },
{ "type": "Feature", "properties": { "shapeName": "Alebtong", "shapeISO": "", "shapeID": "80733802B91888121310071", "shapeGroup": "UGA", "shapeType": "ADM2" }, "geometry": { "type": "Polygon", "coordinates": [ [ [ 33.487582316, 2.23252372 ], [ 33.491713525, 2.230972682 ], [ 33.49898164, 2.241659606 ], [ 33.508693779, 2.251268549 ], [ 33.535411526, 2.266820718 ], [ 33.548036808, 2.283411771 ], [ 33.549055988, 2.291648058 ], [ 33.546203952, 2.31224006 ], [ 33.543860592, 2.318019465 ], [ 33.54616652, 2.329229039 ], [ 33.537089557, 2.351374996 ], [ 33.534983258, 2.352030979 ], [ 33.527503308, 2.351710878 ], [ 33.52571505, 2.352836056 ], [ 33.524808326, 2.35119108 ], [ 33.523679288, 2.352943358 ], [ 33.521537154, 2.35180783 ], [ 33.51835508, 2.353362659 ], [ 33.518152646, 2.35068801 ], [ 33.516278677, 2.349270293 ], [ 33.510639136, 2.351866055 ], [ 33.503206016, 2.352577982 ], [ 33.50296508, 2.354807013 ], [ 33.500930058, 2.353673016 ], [ 33.499540386, 2.354544831 ], [ 33.499139629, 2.351957961 ], [ 33.49764031, 2.351578531 ], [ 33.493405464, 2.355334499 ], [ 33.488145741, 2.352368986 ], [ 33.484922523, 2.357264485 ], [ 33.477902525, 2.356832677 ], [ 33.470824114, 2.359892959 ], [ 33.466539967, 2.357741247 ], [ 33.461150043, 2.35875631 ], [ 33.458841089, 2.356169658 ], [ 33.457605247, 2.36045831 ], [ 33.454881201, 2.36231383 ], [ 33.451953376, 2.359826885 ], [ 33.448693329, 2.360805017 ], [ 33.450097997, 2.362243022 ], [ 33.448122795, 2.362650777 ], [ 33.445575244, 2.359231859 ], [ 33.442589568, 2.362164028 ], [ 33.442923536, 2.364127107 ], [ 33.437282425, 2.360220625 ], [ 33.435974283, 2.361831396 ], [ 33.433593869, 2.360728417 ], [ 33.430966276, 2.363778064 ], [ 33.428502065, 2.358884427 ], [ 33.428774582, 2.356667837 ], [ 33.425203885, 2.352842073 ], [ 33.42026554, 2.35087134 ], [ 33.418646267, 2.345959323 ], [ 33.414338313, 2.344721178 ], [ 33.413720576, 2.346775026 ], [ 33.414886509, 2.347037041 ], [ 33.41343534, 2.347878842 ], [ 33.411709375, 2.347101315 ], [ 33.411804524, 2.345689957 ], [ 33.408615812, 2.346523221 ], [ 33.406567868, 2.342262691 ], [ 33.401176647, 2.336845105 ], [ 33.398747276, 2.329354888 ], [ 33.394893013, 2.33213341 ], [ 33.392238829, 2.328678202 ], [ 33.387860616, 2.331330195 ], [ 33.381744021, 2.3267179 ], [ 33.37976908, 2.328057395 ], [ 33.382387442, 2.330110355 ], [ 33.382268841, 2.332218342 ], [ 33.375640005, 2.327018101 ], [ 33.368217657, 2.335397622 ], [ 33.365741967, 2.332910338 ], [ 33.360578241, 2.332785022 ], [ 33.35751104, 2.337204651 ], [ 33.357007018, 2.336125963 ], [ 33.354049844, 2.337409855 ], [ 33.353892879, 2.339562966 ], [ 33.349013402, 2.334253579 ], [ 33.343457694, 2.338072813 ], [ 33.340268455, 2.336924619 ], [ 33.33922116, 2.334382651 ], [ 33.33593642, 2.331081267 ], [ 33.332648728, 2.330129219 ], [ 33.331116491, 2.327626437 ], [ 33.32750013, 2.329183384 ], [ 33.326287038, 2.331526858 ], [ 33.324573655, 2.33145488 ], [ 33.324358507, 2.327193759 ], [ 33.321526127, 2.325493562 ], [ 33.320609341, 2.323186767 ], [ 33.316660041, 2.326562225 ], [ 33.313066427, 2.326852539 ], [ 33.311090201, 2.320121948 ], [ 33.30911463, 2.318901027 ], [ 33.307009661, 2.322366523 ], [ 33.303559107, 2.323941467 ], [ 33.30325046, 2.326384249 ], [ 33.299989272, 2.322368041 ], [ 33.295657798, 2.320957613 ], [ 33.294957381, 2.326331736 ], [ 33.296909157, 2.329344007 ], [ 33.296826512, 2.331967683 ], [ 33.294137083, 2.331009259 ], [ 33.295207656, 2.329642921 ], [ 33.293517693, 2.32866619 ], [ 33.293113808, 2.330050481 ], [ 33.289401286, 2.328974648 ], [ 33.287569066, 2.330558269 ], [ 33.28792668, 2.339315791 ], [ 33.289807545, 2.341893825 ], [ 33.287533017, 2.343993224 ], [ 33.2835349, 2.342944581 ], [ 33.281453641, 2.347387132 ], [ 33.278026987, 2.348057309 ], [ 33.277218475, 2.350111164 ], [ 33.266021515, 2.34859344 ], [ 33.262546185, 2.344550039 ], [ 33.261475733, 2.346802974 ], [ 33.263213482, 2.350774332 ], [ 33.258442079, 2.350956171 ], [ 33.250826363, 2.345502151 ], [ 33.24979719, 2.346063258 ], [ 33.249220724, 2.347682798 ], [ 33.251492989, 2.348252358 ], [ 33.251517272, 2.352006911 ], [ 33.254397897, 2.356321864 ], [ 33.245878804, 2.357264306 ], [ 33.247384115, 2.363018012 ], [ 33.244520875, 2.368923727 ], [ 33.247427852, 2.381356533 ], [ 33.24429623, 2.382168329 ], [ 33.242459454, 2.384552805 ], [ 33.237709298, 2.383979145 ], [ 33.235633985, 2.383175212 ], [ 33.235738137, 2.379891002 ], [ 33.233396369, 2.379517982 ], [ 33.235385187, 2.375515331 ], [ 33.232528867, 2.371982678 ], [ 33.219368066, 2.371305129 ], [ 33.219476065, 2.373686694 ], [ 33.226419246, 2.383031465 ], [ 33.222904195, 2.387019385 ], [ 33.217522962, 2.386695492 ], [ 33.213810168, 2.388121419 ], [ 33.215980888, 2.390087686 ], [ 33.212996514, 2.393847386 ], [ 33.220785739, 2.402029193 ], [ 33.217801622, 2.402075617 ], [ 33.216188431, 2.406348508 ], [ 33.210235401, 2.406456643 ], [ 33.209779133, 2.409642046 ], [ 33.206125384, 2.411664069 ], [ 33.20519706, 2.414436062 ], [ 33.201649754, 2.415692354 ], [ 33.199091769, 2.414758573 ], [ 33.199153204, 2.418418635 ], [ 33.196488581, 2.417102013 ], [ 33.198452522, 2.416244135 ], [ 33.196107495, 2.413947362 ], [ 33.193382622, 2.417148404 ], [ 33.18785424, 2.405571711 ], [ 33.184717691, 2.404392955 ], [ 33.180454982, 2.407012244 ], [ 33.182389855, 2.41653737 ], [ 33.185069827, 2.418864751 ], [ 33.180624089, 2.419340093 ], [ 33.178477616, 2.421652812 ], [ 33.177315178, 2.42009138 ], [ 33.174087864, 2.421128466 ], [ 33.172561724, 2.424665909 ], [ 33.176229476, 2.429992413 ], [ 33.18221802, 2.432122871 ], [ 33.185179694, 2.435378921 ], [ 33.184581212, 2.437914009 ], [ 33.181249219, 2.440969599 ], [ 33.182528856, 2.446008692 ], [ 33.184722168, 2.449826289 ], [ 33.189180669, 2.45063086 ], [ 33.190643106, 2.45600466 ], [ 33.182639674, 2.454793466 ], [ 33.182712578, 2.453463524 ], [ 33.178107736, 2.451410444 ], [ 33.177230196, 2.44950161 ], [ 33.175360749, 2.452374221 ], [ 33.172863566, 2.45271177 ], [ 33.170793031, 2.444246597 ], [ 33.165416416, 2.438770318 ], [ 33.161612673, 2.437654462 ], [ 33.153599578, 2.426701485 ], [ 33.150038633, 2.425364626 ], [ 33.148247287, 2.430969698 ], [ 33.144959136, 2.430569778 ], [ 33.147700788, 2.437590086 ], [ 33.150208787, 2.439866703 ], [ 33.154489632, 2.440909098 ], [ 33.159837758, 2.448670493 ], [ 33.159823468, 2.453080396 ], [ 33.157971944, 2.453229601 ], [ 33.159779209, 2.454570234 ], [ 33.159349887, 2.456566659 ], [ 33.155217455, 2.458474134 ], [ 33.151277067, 2.455912078 ], [ 33.148402877, 2.450578802 ], [ 33.143559109, 2.44926828 ], [ 33.142003558, 2.446810222 ], [ 33.138922484, 2.445648477 ], [ 33.135708385, 2.447272727 ], [ 33.134982907, 2.450505739 ], [ 33.13918971, 2.451503494 ], [ 33.140597603, 2.458401272 ], [ 33.146077762, 2.465635951 ], [ 33.148291764, 2.465842315 ], [ 33.150198081, 2.470031713 ], [ 33.150015605, 2.471099225 ], [ 33.148531813, 2.469377634 ], [ 33.142976161, 2.46991558 ], [ 33.138410029, 2.467959179 ], [ 33.135868294, 2.469127263 ], [ 33.136888622, 2.473498593 ], [ 33.141941285, 2.476449172 ], [ 33.146798462, 2.483686159 ], [ 33.149412542, 2.484536004 ], [ 33.147223932, 2.489273553 ], [ 33.142144933, 2.487048166 ], [ 33.139394034, 2.482853899 ], [ 33.137539138, 2.483420232 ], [ 33.136937715, 2.481850551 ], [ 33.133241142, 2.487242102 ], [ 33.131565279, 2.487229405 ], [ 33.128583964, 2.48119519 ], [ 33.126370684, 2.479844395 ], [ 33.124899597, 2.480706608 ], [ 33.124186531, 2.485189152 ], [ 33.128308759, 2.490490372 ], [ 33.123339536, 2.49130828 ], [ 33.120668955, 2.489533538 ], [ 33.117336852, 2.490795018 ], [ 33.114341236, 2.48960417 ], [ 33.103774544, 2.475148204 ], [ 33.101440974, 2.476689827 ], [ 33.102161295, 2.482902245 ], [ 33.103601138, 2.484782223 ], [ 33.102451794, 2.485973426 ], [ 33.097598444, 2.48368499 ], [ 33.09622822, 2.481057635 ], [ 33.088495264, 2.475009187 ], [ 33.084988045, 2.48167605 ], [ 33.090101137, 2.489364492 ], [ 33.08664325, 2.493468922 ], [ 33.083231295, 2.495092272 ], [ 33.071176041, 2.489518194 ], [ 33.06876346, 2.49533469 ], [ 33.073022584, 2.499533332 ], [ 33.07218973, 2.500537616 ], [ 33.065418482, 2.499859434 ], [ 33.057445707, 2.503379167 ], [ 33.054208624, 2.49920855 ], [ 33.054910607, 2.493499257 ], [ 33.049595911, 2.487944177 ], [ 33.046395693, 2.486821503 ], [ 33.042719267, 2.48850332 ], [ 33.038762293, 2.499281478 ], [ 33.035335154, 2.501896215 ], [ 33.033383825, 2.505578474 ], [ 33.028088083, 2.50490006 ], [ 33.02113856, 2.501073227 ], [ 33.016128467, 2.502348954 ], [ 33.00999998, 2.497112054 ], [ 33.01226913, 2.495617882 ], [ 33.014080262, 2.490172568 ], [ 33.012552894, 2.484509946 ], [ 33.015668159, 2.477380063 ], [ 33.015487259, 2.474249699 ], [ 33.019817095, 2.471298186 ], [ 33.022287672, 2.464293086 ], [ 33.022132823, 2.458826675 ], [ 33.019866594, 2.454441498 ], [ 33.025979745, 2.44438339 ], [ 33.025502401, 2.441678286 ], [ 33.022142213, 2.438004587 ], [ 33.020218218, 2.437712939 ], [ 33.020675491, 2.436232097 ], [ 33.017583669, 2.432712634 ], [ 33.014676641, 2.432495536 ], [ 33.011682736, 2.42943761 ], [ 33.010879925, 2.426669172 ], [ 33.005109168, 2.421213741 ], [ 33.004523651, 2.417477247 ], [ 32.996456214, 2.412465097 ], [ 32.990323288, 2.402757412 ], [ 32.982474975, 2.396008116 ], [ 32.983223956, 2.381224983 ], [ 32.980926198, 2.376818961 ], [ 32.982436519, 2.369689778 ], [ 32.980177941, 2.359004989 ], [ 32.988978628, 2.351882323 ], [ 32.998067101, 2.346902338 ], [ 32.99732119, 2.331697629 ], [ 33.002350307, 2.325364479 ], [ 33.006207879, 2.311552942 ], [ 33.00896961, 2.309874128 ], [ 33.013492449, 2.309763382 ], [ 33.025881112, 2.322685728 ], [ 33.034043462, 2.32362619 ], [ 33.039258423, 2.327637706 ], [ 33.053299685, 2.325103543 ], [ 33.056087235, 2.32897147 ], [ 33.060740616, 2.323830203 ], [ 33.0605778, 2.319821236 ], [ 33.063261578, 2.31319398 ], [ 33.05924889, 2.307964123 ], [ 33.061019183, 2.303689074 ], [ 33.065120984, 2.302379326 ], [ 33.076844161, 2.303620779 ], [ 33.088719269, 2.30599276 ], [ 33.093355735, 2.308429306 ], [ 33.098366994, 2.301651402 ], [ 33.099219353, 2.296105404 ], [ 33.096706725, 2.288614488 ], [ 33.100809019, 2.287827096 ], [ 33.106756441, 2.282959266 ], [ 33.1094116, 2.275495119 ], [ 33.116284094, 2.266031199 ], [ 33.114705497, 2.26002398 ], [ 33.1073597, 2.250108803 ], [ 33.110276147, 2.24809232 ], [ 33.101749648, 2.244452453 ], [ 33.103663056, 2.23672588 ], [ 33.107103152, 2.233579324 ], [ 33.124529064, 2.229362664 ], [ 33.132504884, 2.216092998 ], [ 33.138703862, 2.209157419 ], [ 33.143733141, 2.206281008 ], [ 33.14809052, 2.193606861 ], [ 33.151698417, 2.190385038 ], [ 33.148474832, 2.182394065 ], [ 33.143953815, 2.182107258 ], [ 33.13970284, 2.175910828 ], [ 33.132079337, 2.173679682 ], [ 33.127978195, 2.170821118 ], [ 33.120318751, 2.173644483 ], [ 33.11594719, 2.1734096 ], [ 33.113016003, 2.170116636 ], [ 33.104494224, 2.167665456 ], [ 33.103299685, 2.165693244 ], [ 33.111722247, 2.160531995 ], [ 33.114295626, 2.155935815 ], [ 33.119196671, 2.153402215 ], [ 33.119479293, 2.144915901 ], [ 33.135265075, 2.131090434 ], [ 33.133108988, 2.120975835 ], [ 33.13554274, 2.108608076 ], [ 33.139705828, 2.1083001 ], [ 33.14966235, 2.103124163 ], [ 33.153224502, 2.104842785 ], [ 33.162788357, 2.105040847 ], [ 33.172606824, 2.107826322 ], [ 33.180389096, 2.104061799 ], [ 33.186528756, 2.09325872 ], [ 33.194461391, 2.090507403 ], [ 33.200139595, 2.091773291 ], [ 33.211414551, 2.090324252 ], [ 33.220036179, 2.085546149 ], [ 33.232470676, 2.084974377 ], [ 33.240213378, 2.081553378 ], [ 33.251931779, 2.083867119 ], [ 33.253892478, 2.076525783 ], [ 33.258318548, 2.070392443 ], [ 33.264372948, 2.066876451 ], [ 33.269121271, 2.061853037 ], [ 33.278806732, 2.057009042 ], [ 33.286735086, 2.050822214 ], [ 33.287399101, 2.043327355 ], [ 33.290506466, 2.039359814 ], [ 33.29924434, 2.045203585 ], [ 33.3093238, 2.047370296 ], [ 33.314512104, 2.053442901 ], [ 33.318911624, 2.051909329 ], [ 33.324380471, 2.052638766 ], [ 33.327383535, 2.051392364 ], [ 33.331248591, 2.04604501 ], [ 33.336334483, 2.044135005 ], [ 33.339646985, 2.038579382 ], [ 33.344938299, 2.035529387 ], [ 33.348730247, 2.030718603 ], [ 33.364027714, 2.02786229 ], [ 33.365620611, 2.036004294 ], [ 33.363461594, 2.042111551 ], [ 33.360174724, 2.048834269 ], [ 33.350183981, 2.057955956 ], [ 33.3476032, 2.063576826 ], [ 33.364169168, 2.103495719 ], [ 33.371492371, 2.1098812 ], [ 33.387035446, 2.113722374 ], [ 33.390292349, 2.117643421 ], [ 33.402212948, 2.123473147 ], [ 33.41592824, 2.142873337 ], [ 33.421779081, 2.13605752 ], [ 33.421918597, 2.131999788 ], [ 33.429255259, 2.119989089 ], [ 33.43749243, 2.111028249 ], [ 33.444231377, 2.119406548 ], [ 33.455133975, 2.127608949 ], [ 33.454341866, 2.136529479 ], [ 33.455867307, 2.144300359 ], [ 33.458073515, 2.148642232 ], [ 33.466408249, 2.156383869 ], [ 33.470940771, 2.178628863 ], [ 33.478656727, 2.19105688 ], [ 33.478396502, 2.198158796 ], [ 33.474811743, 2.207333524 ], [ 33.469166287, 2.21083649 ], [ 33.46289555, 2.211797445 ], [ 33.453441803, 2.222077715 ], [ 33.447759337, 2.224386437 ], [ 33.442387895, 2.229318658 ], [ 33.440655068, 2.238954194 ], [ 33.443905523, 2.246119454 ], [ 33.449224595, 2.24341625 ], [ 33.450026431, 2.244540793 ], [ 33.452326185, 2.244082719 ], [ 33.452709684, 2.242723853 ], [ 33.455716946, 2.243279442 ], [ 33.458049314, 2.240932908 ], [ 33.458720688, 2.242076873 ], [ 33.461542624, 2.241616395 ], [ 33.461251909, 2.240285605 ], [ 33.467387833, 2.237227202 ], [ 33.468020739, 2.238596973 ], [ 33.469566108, 2.23825783 ], [ 33.472278573, 2.234998778 ], [ 33.473360208, 2.235978445 ], [ 33.475558001, 2.234269113 ], [ 33.478843075, 2.235232662 ], [ 33.481780302, 2.233097209 ], [ 33.484188267, 2.234635704 ], [ 33.487582316, 2.23252372 ] ] ] } },
{ "type": "Feature", "properties": { "shapeName": "Amolatar", "shapeISO": "", "shapeID": "80733802B27428712900817", "shapeGroup": "UGA", "shapeType": "ADM2" }, "geometry": { "type": "Polygon", "coordinates": [ [ [ 32.820264922, 1.475008012 ], [ 32.865291576, 1.480331014 ], [ 32.89454644, 1.481228294 ], [ 32.946266309, 1.479701174 ], [ 32.973680078, 1.477186524 ], [ 32.974505351, 1.557535577 ], [ 32.967322161, 1.582388389 ], [ 32.966848302, 1.611593034 ], [ 32.96404596, 1.621237395 ], [ 32.951890736, 1.631650567 ], [ 32.945131844, 1.64214644 ], [ 32.996451377, 1.671641695 ], [ 32.993868233, 1.682334037 ], [ 32.994053085, 1.688413812 ], [ 32.999938604, 1.712280552 ], [ 32.992534387, 1.718604586 ], [ 32.988714093, 1.726005244 ], [ 32.986250727, 1.747067297 ], [ 32.978283302, 1.77481522 ], [ 32.972075882, 1.788223197 ], [ 32.957445191, 1.806100323 ], [ 32.948987959, 1.81094944 ], [ 32.940447313, 1.813364798 ], [ 32.9277517, 1.812061526 ], [ 32.905972947, 1.806035043 ], [ 32.887654975, 1.806830154 ], [ 32.875629285, 1.810023045 ], [ 32.864507047, 1.814943944 ], [ 32.835892177, 1.832936506 ], [ 32.82158497, 1.836174035 ], [ 32.812285868, 1.834372678 ], [ 32.7983376, 1.826092947 ], [ 32.750606924, 1.774472706 ], [ 32.71376687, 1.747362028 ], [ 32.64001222, 1.679676919 ], [ 32.596632537, 1.655110915 ], [ 32.587122675, 1.65117991 ], [ 32.566918763, 1.64656083 ], [ 32.54314633, 1.647068107 ], [ 32.496796358, 1.662123124 ], [ 32.465163955, 1.67939231 ], [ 32.449240927, 1.686154908 ], [ 32.437567103, 1.689082722 ], [ 32.42115034, 1.690181576 ], [ 32.40971667, 1.688613011 ], [ 32.398974736, 1.684258191 ], [ 32.378305637, 1.663543646 ], [ 32.360250226, 1.651605206 ], [ 32.344547136, 1.64711289 ], [ 32.312549047, 1.643221017 ], [ 32.317121624, 1.636220497 ], [ 32.320577254, 1.625664239 ], [ 32.32506563, 1.619866848 ], [ 32.344366828, 1.614020024 ], [ 32.350805135, 1.610611498 ], [ 32.359768346, 1.602029015 ], [ 32.377285125, 1.59552984 ], [ 32.38431769, 1.593415031 ], [ 32.404212793, 1.592579575 ], [ 32.410662448, 1.590383069 ], [ 32.423181366, 1.58088746 ], [ 32.436378104, 1.576458155 ], [ 32.448709124, 1.565089564 ], [ 32.459645139, 1.560605176 ], [ 32.469333898, 1.551244116 ], [ 32.497821754, 1.537861644 ], [ 32.506028725, 1.525776837 ], [ 32.510479527, 1.521634353 ], [ 32.52149713, 1.521727315 ], [ 32.531640245, 1.515277651 ], [ 32.535593952, 1.516099203 ], [ 32.545661248, 1.52262791 ], [ 32.555819932, 1.522678727 ], [ 32.563850657, 1.520148843 ], [ 32.568350566, 1.514843258 ], [ 32.576668928, 1.489839041 ], [ 32.58062455, 1.48425777 ], [ 32.603889874, 1.458505047 ], [ 32.625361034, 1.43800188 ], [ 32.654833957, 1.436175586 ], [ 32.677391884, 1.445697056 ], [ 32.696372272, 1.450675641 ], [ 32.739882443, 1.45624514 ], [ 32.776378628, 1.466544839 ], [ 32.820264922, 1.475008012 ] ] ] } },
{ "type": "Feature", "properties": { "shapeName": "Amudat", "shapeISO": "", "shapeID": "80733802B53318382513179", "shapeGroup": "UGA", "shapeType": "ADM2" }, "geometry": { "type": "Polygon", "coordinates": [ [ [ 34.7874523, 1.363597051 ], [ 34.807242893, 1.381108552 ], [ 34.805686639, 1.389568143 ], [ 34.800028061, 1.401473751 ], [ 34.795196909, 1.407549401 ], [ 34.795013644, 1.411884392 ], [ 34.801543199, 1.420462899 ], [ 34.818210851, 1.428908069 ], [ 34.827646606, 1.445175467 ], [ 34.831816915, 1.449053023 ], [ 34.842454754, 1.451751574 ], [ 34.844983632, 1.454386328 ], [ 34.864822086, 1.52561824 ], [ 34.890976552, 1.552533964 ], [ 34.907348041, 1.550312725 ], [ 34.92425086, 1.559787886 ], [ 34.944415521, 1.573883624 ], [ 34.961075554, 1.601175948 ], [ 34.991984962, 1.66163018 ], [ 35.001053628, 1.755821211 ], [ 35.000950984, 1.959683186 ], [ 34.985300376, 1.982442674 ], [ 34.980485492, 2.050986504 ], [ 34.947658314, 2.201417758 ], [ 34.934863679, 2.282673916 ], [ 34.931180417, 2.282145353 ], [ 34.92278877, 2.285619931 ], [ 34.921275457, 2.283607628 ], [ 34.918113668, 2.283611881 ], [ 34.913050207, 2.280155414 ], [ 34.905587597, 2.268892038 ], [ 34.901864133, 2.269215028 ], [ 34.901411132, 2.272042807 ], [ 34.898129766, 2.274644624 ], [ 34.890364375, 2.273594692 ], [ 34.889307857, 2.271617048 ], [ 34.887515927, 2.271442712 ], [ 34.888174434, 2.264515205 ], [ 34.885533007, 2.259429697 ], [ 34.881823885, 2.257261124 ], [ 34.882450275, 2.252630756 ], [ 34.875739971, 2.252427424 ], [ 34.875035497, 2.250979391 ], [ 34.873878703, 2.252959944 ], [ 34.872224058, 2.25024088 ], [ 34.871241509, 2.251125654 ], [ 34.868568921, 2.249079369 ], [ 34.868277616, 2.244369737 ], [ 34.870321714, 2.243115624 ], [ 34.868549213, 2.242010589 ], [ 34.869256397, 2.235135305 ], [ 34.868112057, 2.236584361 ], [ 34.866034943, 2.232151857 ], [ 34.864934473, 2.234364084 ], [ 34.864216595, 2.2307128 ], [ 34.862029628, 2.232109304 ], [ 34.861354749, 2.22684883 ], [ 34.859425182, 2.228961802 ], [ 34.857412267, 2.22859475 ], [ 34.857496492, 2.225757854 ], [ 34.854868685, 2.225101801 ], [ 34.854405489, 2.22276303 ], [ 34.852453973, 2.224494413 ], [ 34.852402391, 2.222837092 ], [ 34.851050901, 2.222949979 ], [ 34.85151292, 2.220424799 ], [ 34.846734214, 2.218494957 ], [ 34.847774176, 2.211454268 ], [ 34.850628423, 2.209274126 ], [ 34.849164189, 2.208146643 ], [ 34.849501469, 2.20441682 ], [ 34.851918799, 2.199349656 ], [ 34.849975588, 2.199292831 ], [ 34.850738871, 2.198247331 ], [ 34.848885542, 2.196700757 ], [ 34.849747614, 2.194797378 ], [ 34.847393214, 2.19142446 ], [ 34.845018629, 2.192390836 ], [ 34.845442731, 2.187838836 ], [ 34.842574194, 2.185452949 ], [ 34.840391098, 2.186014886 ], [ 34.839073981, 2.181299674 ], [ 34.836101538, 2.178329111 ], [ 34.83254316, 2.179027594 ], [ 34.832885756, 2.176716429 ], [ 34.830398229, 2.176490085 ], [ 34.831315427, 2.17548109 ], [ 34.82853963, 2.171009292 ], [ 34.831182532, 2.165883611 ], [ 34.831238519, 2.164047951 ], [ 34.829738942, 2.165423755 ], [ 34.829009484, 2.164299736 ], [ 34.830450449, 2.160253167 ], [ 34.825201028, 2.150083003 ], [ 34.822703875, 2.149391627 ], [ 34.824792384, 2.143726853 ], [ 34.822331362, 2.140389028 ], [ 34.820124923, 2.140879245 ], [ 34.813586608, 2.132681794 ], [ 34.809164954, 2.13049098 ], [ 34.806994915, 2.12325606 ], [ 34.803929221, 2.1225142 ], [ 34.799276957, 2.123994124 ], [ 34.797931128, 2.122914733 ], [ 34.797179258, 2.114005552 ], [ 34.800153672, 2.111492364 ], [ 34.802139604, 2.112527141 ], [ 34.801957592, 2.108413267 ], [ 34.802979947, 2.107726694 ], [ 34.803778971, 2.109161128 ], [ 34.804117979, 2.10763676 ], [ 34.806750993, 2.10714864 ], [ 34.807119446, 2.104408406 ], [ 34.812296705, 2.104659674 ], [ 34.812878556, 2.101896623 ], [ 34.815853022, 2.099359597 ], [ 34.815598116, 2.095626905 ], [ 34.818737672, 2.093257588 ], [ 34.819030969, 2.091375356 ], [ 34.821092449, 2.091456753 ], [ 34.821077084, 2.089692273 ], [ 34.82280329, 2.0905112 ], [ 34.825283709, 2.086872034 ], [ 34.828177011, 2.086456692 ], [ 34.827093495, 2.085044756 ], [ 34.832593031, 2.082269481 ], [ 34.832363356, 2.080718572 ], [ 34.836480919, 2.076994895 ], [ 34.8388974, 2.077173347 ], [ 34.838122659, 2.075619848 ], [ 34.840422097, 2.075487778 ], [ 34.841282454, 2.073965931 ], [ 34.840284288, 2.067034765 ], [ 34.843313079, 2.068026805 ], [ 34.845191893, 2.066629052 ], [ 34.845747432, 2.064414307 ], [ 34.847944426, 2.063387654 ], [ 34.847156148, 2.05968823 ], [ 34.848479865, 2.060409844 ], [ 34.851055048, 2.057084151 ], [ 34.853047162, 2.056783721 ], [ 34.850702728, 2.056414869 ], [ 34.850594497, 2.054244643 ], [ 34.852954061, 2.048903212 ], [ 34.854767653, 2.051272327 ], [ 34.85587522, 2.047581992 ], [ 34.8550538, 2.045885219 ], [ 34.853535888, 2.046140226 ], [ 34.853566686, 2.044638264 ], [ 34.857740614, 2.041499077 ], [ 34.856714035, 2.038084642 ], [ 34.856352251, 2.039418111 ], [ 34.855218816, 2.038554336 ], [ 34.857353144, 2.030732197 ], [ 34.855323496, 2.0289581 ], [ 34.857272354, 2.027775298 ], [ 34.857711225, 2.025178539 ], [ 34.861218697, 2.025147669 ], [ 34.861550082, 2.022729219 ], [ 34.864085045, 2.02288443 ], [ 34.866140867, 2.019127137 ], [ 34.865497101, 2.014951576 ], [ 34.869779617, 2.013887281 ], [ 34.868713835, 2.008755995 ], [ 34.873971923, 2.004039416 ], [ 34.874009748, 2.001059272 ], [ 34.871454193, 2.000260202 ], [ 34.872904801, 1.999194248 ], [ 34.867740085, 1.99890717 ], [ 34.865189861, 1.996871825 ], [ 34.828415828, 1.934794878 ], [ 34.830961601, 1.889315598 ], [ 34.832555143, 1.883036919 ], [ 34.831113503, 1.877003832 ], [ 34.827743229, 1.871422235 ], [ 34.834468184, 1.867607117 ], [ 34.835304374, 1.862867342 ], [ 34.832688281, 1.854492382 ], [ 34.838408926, 1.855586503 ], [ 34.841694144, 1.860321939 ], [ 34.848166666, 1.856507105 ], [ 34.851186478, 1.845706479 ], [ 34.848564982, 1.839782765 ], [ 34.85052817, 1.834131871 ], [ 34.852436023, 1.830709741 ], [ 34.858670146, 1.832172485 ], [ 34.858150653, 1.829831966 ], [ 34.860473472, 1.825927776 ], [ 34.85904924, 1.823718259 ], [ 34.855555516, 1.820340354 ], [ 34.847278195, 1.816317066 ], [ 34.847017673, 1.814366437 ], [ 34.850114701, 1.809030805 ], [ 34.859164916, 1.81045213 ], [ 34.86084327, 1.808369455 ], [ 34.861487218, 1.806027731 ], [ 34.86019203, 1.80355795 ], [ 34.853211196, 1.803174949 ], [ 34.853338092, 1.80083375 ], [ 34.860054049, 1.794974207 ], [ 34.861213367, 1.790941196 ], [ 34.860177004, 1.788731255 ], [ 34.856815297, 1.787954332 ], [ 34.854486149, 1.785615638 ], [ 34.849048641, 1.777297337 ], [ 34.845947288, 1.778340944 ], [ 34.845169748, 1.776390827 ], [ 34.848784802, 1.771965155 ], [ 34.847488017, 1.767804544 ], [ 34.845548003, 1.76676601 ], [ 34.841672214, 1.768980911 ], [ 34.836624561, 1.762612982 ], [ 34.827577444, 1.764182688 ], [ 34.82382807, 1.763536088 ], [ 34.808841528, 1.754033878 ], [ 34.821173874, 1.747411448 ], [ 34.834891894, 1.743754236 ], [ 34.842065907, 1.737747151 ], [ 34.846835922, 1.727045774 ], [ 34.818879487, 1.712821818 ], [ 34.818378236, 1.704382083 ], [ 34.820184555, 1.701506563 ], [ 34.820345438, 1.694798621 ], [ 34.818824036, 1.692682679 ], [ 34.820031344, 1.687330353 ], [ 34.816160651, 1.681010603 ], [ 34.817316736, 1.676438888 ], [ 34.816795814, 1.667076084 ], [ 34.81465672, 1.664033198 ], [ 34.812299173, 1.653569924 ], [ 34.808337731, 1.648894199 ], [ 34.808096775, 1.643875671 ], [ 34.804120232, 1.642631222 ], [ 34.801198162, 1.643606283 ], [ 34.798610907, 1.639164182 ], [ 34.792841018, 1.637837119 ], [ 34.791130614, 1.635222874 ], [ 34.785675245, 1.635779192 ], [ 34.782676542, 1.632446634 ], [ 34.778600875, 1.631982424 ], [ 34.777317494, 1.630151868 ], [ 34.776404092, 1.631187229 ], [ 34.774087943, 1.63034392 ], [ 34.770136937, 1.626034849 ], [ 34.766825819, 1.625741213 ], [ 34.766093993, 1.623582899 ], [ 34.761763144, 1.624028096 ], [ 34.753800414, 1.615634218 ], [ 34.740525329, 1.613149264 ], [ 34.73270304, 1.60522305 ], [ 34.732203238, 1.597177518 ], [ 34.728525817, 1.594579592 ], [ 34.724855345, 1.587786927 ], [ 34.724530711, 1.583424262 ], [ 34.713436012, 1.58416269 ], [ 34.707164117, 1.575550002 ], [ 34.704761357, 1.575804329 ], [ 34.691239664, 1.568752752 ], [ 34.671633863, 1.5728236 ], [ 34.66390555, 1.571546859 ], [ 34.641344987, 1.573295784 ], [ 34.63087023, 1.57694368 ], [ 34.628667854, 1.572574579 ], [ 34.624512533, 1.568699524 ], [ 34.623194196, 1.56907866 ], [ 34.626332479, 1.559881674 ], [ 34.625328433, 1.555814452 ], [ 34.630713423, 1.546071855 ], [ 34.636705014, 1.541098323 ], [ 34.640257143, 1.539727698 ], [ 34.644876126, 1.540350823 ], [ 34.651570031, 1.535224697 ], [ 34.655514054, 1.533891122 ], [ 34.655338138, 1.531959916 ], [ 34.658804256, 1.527740745 ], [ 34.659238455, 1.523666453 ], [ 34.661991634, 1.524247624 ], [ 34.662338339, 1.522365831 ], [ 34.670839934, 1.521905433 ], [ 34.670111868, 1.52367356 ], [ 34.671265851, 1.525107304 ], [ 34.675529267, 1.52400136 ], [ 34.676770825, 1.526484268 ], [ 34.680493302, 1.527783651 ], [ 34.686376634, 1.524552814 ], [ 34.699940735, 1.524198416 ], [ 34.699491847, 1.514996927 ], [ 34.701796621, 1.509492552 ], [ 34.700440307, 1.504831462 ], [ 34.701992373, 1.501226836 ], [ 34.705839278, 1.498528083 ], [ 34.707535705, 1.500342144 ], [ 34.711616504, 1.498705234 ], [ 34.710663802, 1.496103044 ], [ 34.712290593, 1.495706009 ], [ 34.711048121, 1.494482571 ], [ 34.712918914, 1.492632908 ], [ 34.710863149, 1.486601885 ], [ 34.712825076, 1.485819331 ], [ 34.711512073, 1.484325999 ], [ 34.712786891, 1.481243821 ], [ 34.711492806, 1.478360526 ], [ 34.72312081, 1.474791104 ], [ 34.726086972, 1.46961462 ], [ 34.724108787, 1.467301594 ], [ 34.722860746, 1.469451216 ], [ 34.720663421, 1.468484388 ], [ 34.72130266, 1.467535797 ], [ 34.720105713, 1.466896661 ], [ 34.721995163, 1.463470854 ], [ 34.720574039, 1.46075568 ], [ 34.721911642, 1.459351543 ], [ 34.722187311, 1.454813841 ], [ 34.718080137, 1.448132318 ], [ 34.718815133, 1.44237517 ], [ 34.721096041, 1.441465341 ], [ 34.720606329, 1.440401607 ], [ 34.721729698, 1.440714849 ], [ 34.723160971, 1.437596876 ], [ 34.725940081, 1.439721477 ], [ 34.729117551, 1.43644673 ], [ 34.730612476, 1.436941636 ], [ 34.733210055, 1.434315403 ], [ 34.734577734, 1.434750399 ], [ 34.734349762, 1.432886399 ], [ 34.738884655, 1.427074402 ], [ 34.738855059, 1.42471821 ], [ 34.741982987, 1.424371796 ], [ 34.743436321, 1.422446517 ], [ 34.742604524, 1.421035025 ], [ 34.746653481, 1.419207782 ], [ 34.746337801, 1.416983828 ], [ 34.748079983, 1.418606643 ], [ 34.748464287, 1.416942208 ], [ 34.749268035, 1.418057691 ], [ 34.752162218, 1.415919968 ], [ 34.750193332, 1.413696879 ], [ 34.753629021, 1.412299692 ], [ 34.754878671, 1.409316476 ], [ 34.758998917, 1.40925004 ], [ 34.764917551, 1.401278653 ], [ 34.767629726, 1.399486078 ], [ 34.769138929, 1.400107917 ], [ 34.769743111, 1.398245585 ], [ 34.770729356, 1.398680559 ], [ 34.77053539, 1.39661725 ], [ 34.777542013, 1.393568286 ], [ 34.778585569, 1.390751307 ], [ 34.776357059, 1.384459115 ], [ 34.776852846, 1.382098534 ], [ 34.781357568, 1.375864567 ], [ 34.782798424, 1.368909487 ], [ 34.7874523, 1.363597051 ] ] ] } },
{ "type": "Feature", "properties": { "shapeName": "Amuru", "shapeISO": "", "shapeID": "80733802B40945125655453", "shapeGroup": "UGA", "shapeType": "ADM2" }, "geometry": { "type": "Polygon", "coordinates": [ [ [ 31.417673957, 2.95229128 ], [ 31.414263485, 2.950764016 ], [ 31.403061113, 2.951213741 ], [ 31.398148756, 2.945780686 ], [ 31.398399715, 2.92318238 ], [ 31.393887288, 2.91611551 ], [ 31.379086734, 2.902276925 ], [ 31.371811873, 2.884563897 ], [ 31.371434532, 2.875067952 ], [ 31.375250105, 2.862047174 ], [ 31.374206096, 2.856485207 ], [ 31.372601983, 2.853183848 ], [ 31.36559122, 2.851061724 ], [ 31.362082813, 2.847006175 ], [ 31.361516012, 2.834246536 ], [ 31.378293141, 2.802117189 ], [ 31.381976385, 2.789486291 ], [ 31.38176142, 2.785984972 ], [ 31.386941768, 2.775592968 ], [ 31.393604085, 2.767930428 ], [ 31.402215378, 2.765778322 ], [ 31.414744036, 2.76028731 ], [ 31.423154219, 2.762265684 ], [ 31.43235067, 2.761491076 ], [ 31.438030883, 2.75658076 ], [ 31.449009531, 2.739284309 ], [ 31.451962633, 2.724927957 ], [ 31.45040629, 2.718040922 ], [ 31.453834952, 2.707730953 ], [ 31.453916182, 2.703108453 ], [ 31.452012422, 2.688821419 ], [ 31.445836991, 2.685251856 ], [ 31.442414761, 2.679829202 ], [ 31.442314808, 2.676856965 ], [ 31.444558911, 2.676898908 ], [ 31.44398749, 2.678134813 ], [ 31.446383585, 2.680792121 ], [ 31.446745563, 2.679163843 ], [ 31.44566622, 2.678830679 ], [ 31.447258072, 2.677083329 ], [ 31.448663221, 2.68067439 ], [ 31.449295896, 2.678443212 ], [ 31.452205279, 2.678416745 ], [ 31.4530471, 2.676819224 ], [ 31.459463661, 2.678425951 ], [ 31.459916957, 2.675711935 ], [ 31.461492282, 2.675171002 ], [ 31.461727893, 2.678639957 ], [ 31.463378281, 2.678038789 ], [ 31.46481575, 2.679820172 ], [ 31.464967033, 2.678764686 ], [ 31.467366359, 2.678888361 ], [ 31.46628554, 2.679731538 ], [ 31.46787388, 2.680789222 ], [ 31.470546531, 2.678198625 ], [ 31.471698029, 2.680824187 ], [ 31.480331679, 2.684484653 ], [ 31.481872374, 2.687713967 ], [ 31.481388068, 2.691272528 ], [ 31.48405712, 2.691607648 ], [ 31.484924002, 2.693991575 ], [ 31.483703669, 2.698484253 ], [ 31.48607221, 2.699301606 ], [ 31.481719516, 2.702131413 ], [ 31.485509448, 2.705635017 ], [ 31.487489004, 2.705697833 ], [ 31.48790447, 2.709287695 ], [ 31.489343494, 2.709862595 ], [ 31.48970508, 2.70853589 ], [ 31.490693436, 2.709713471 ], [ 31.490391274, 2.711492682 ], [ 31.492654572, 2.712551211 ], [ 31.492921041, 2.715356663 ], [ 31.495952444, 2.713792007 ], [ 31.496008938, 2.716627364 ], [ 31.498258286, 2.716841309 ], [ 31.50067033, 2.719383982 ], [ 31.502429866, 2.717085895 ], [ 31.503949511, 2.719712712 ], [ 31.508705161, 2.719761416 ], [ 31.512792535, 2.722818559 ], [ 31.514362116, 2.722580085 ], [ 31.513980402, 2.724108174 ], [ 31.516167797, 2.724395136 ], [ 31.515714452, 2.726281377 ], [ 31.520041341, 2.727285075 ], [ 31.518042512, 2.729003881 ], [ 31.521512378, 2.731249036 ], [ 31.521178561, 2.73234736 ], [ 31.520466661, 2.730580272 ], [ 31.517802551, 2.73163036 ], [ 31.518228797, 2.733779437 ], [ 31.521175638, 2.735881243 ], [ 31.52579025, 2.734067425 ], [ 31.52417195, 2.735690803 ], [ 31.526977048, 2.7366942 ], [ 31.525216423, 2.737887743 ], [ 31.528212227, 2.738318104 ], [ 31.527804075, 2.743069705 ], [ 31.531610772, 2.74058714 ], [ 31.535034385, 2.741304116 ], [ 31.535464248, 2.739059693 ], [ 31.53689092, 2.739155463 ], [ 31.538599208, 2.743835827 ], [ 31.532704224, 2.747015958 ], [ 31.534125688, 2.747020207 ], [ 31.534617454, 2.749814553 ], [ 31.535661954, 2.749143204 ], [ 31.537950584, 2.751183518 ], [ 31.53462418, 2.752245114 ], [ 31.538115555, 2.759237239 ], [ 31.54301893, 2.760838327 ], [ 31.546289545, 2.765376863 ], [ 31.548043938, 2.763415919 ], [ 31.551141039, 2.765405389 ], [ 31.550438169, 2.76922089 ], [ 31.557300557, 2.774007406 ], [ 31.557283328, 2.77636662 ], [ 31.566238299, 2.78104953 ], [ 31.571039042, 2.779886705 ], [ 31.571025753, 2.775120795 ], [ 31.572540607, 2.772541171 ], [ 31.575345104, 2.77191048 ], [ 31.577256547, 2.775096106 ], [ 31.577821292, 2.78145645 ], [ 31.580349878, 2.784210698 ], [ 31.57970126, 2.790409045 ], [ 31.586591397, 2.787998742 ], [ 31.591196595, 2.793437539 ], [ 31.595667258, 2.793276811 ], [ 31.600123958, 2.796619134 ], [ 31.59708662, 2.799061873 ], [ 31.602097993, 2.805142478 ], [ 31.607357504, 2.806384578 ], [ 31.616572432, 2.801820129 ], [ 31.619331098, 2.801761471 ], [ 31.62224586, 2.806468255 ], [ 31.621489106, 2.807996412 ], [ 31.625675561, 2.808218011 ], [ 31.626090945, 2.81214835 ], [ 31.630477627, 2.815896056 ], [ 31.632045705, 2.815317864 ], [ 31.632132492, 2.81236254 ], [ 31.634224593, 2.812068218 ], [ 31.634422526, 2.8147841 ], [ 31.636422994, 2.815729313 ], [ 31.636713634, 2.817586941 ], [ 31.638281591, 2.816961073 ], [ 31.641639525, 2.818544285 ], [ 31.644527173, 2.813623636 ], [ 31.646524959, 2.813615616 ], [ 31.646911293, 2.815663513 ], [ 31.649054622, 2.816655791 ], [ 31.650430261, 2.815315781 ], [ 31.651906323, 2.815834127 ], [ 31.653327501, 2.813778989 ], [ 31.654095327, 2.816158964 ], [ 31.655806644, 2.815770814 ], [ 31.658369273, 2.81366342 ], [ 31.655751761, 2.81319731 ], [ 31.657267919, 2.811094131 ], [ 31.656262244, 2.808715096 ], [ 31.660078512, 2.80419576 ], [ 31.659974828, 2.801193515 ], [ 31.671859831, 2.798857854 ], [ 31.675385184, 2.800750094 ], [ 31.676510571, 2.803390782 ], [ 31.682178511, 2.805989281 ], [ 31.683224298, 2.80574674 ], [ 31.683310535, 2.80264837 ], [ 31.686836773, 2.804826557 ], [ 31.687559983, 2.808207622 ], [ 31.691422078, 2.811385369 ], [ 31.690976835, 2.813698765 ], [ 31.693037154, 2.818885596 ], [ 31.699756646, 2.823195653 ], [ 31.700994501, 2.823571939 ], [ 31.702556414, 2.820848852 ], [ 31.707665062, 2.819136121 ], [ 31.708287022, 2.820372817 ], [ 31.705436801, 2.821718925 ], [ 31.70586903, 2.823147054 ], [ 31.711007457, 2.823507498 ], [ 31.712532396, 2.824454547 ], [ 31.712538579, 2.826599344 ], [ 31.714534094, 2.825780984 ], [ 31.711122799, 2.83051339 ], [ 31.715646054, 2.83197259 ], [ 31.71763718, 2.829629039 ], [ 31.725883607, 2.82728386 ], [ 31.73049954, 2.827884678 ], [ 31.735600863, 2.831819898 ], [ 31.742266868, 2.833985189 ], [ 31.747560059, 2.830269691 ], [ 31.745985414, 2.828607919 ], [ 31.747882474, 2.826645972 ], [ 31.751445837, 2.827682544 ], [ 31.751170679, 2.832299761 ], [ 31.753515264, 2.834044131 ], [ 31.756539668, 2.832298462 ], [ 31.759988791, 2.833363015 ], [ 31.762073796, 2.830125413 ], [ 31.765440419, 2.828322735 ], [ 31.770803885, 2.829405672 ], [ 31.771556789, 2.827624779 ], [ 31.777158475, 2.82957721 ], [ 31.781312712, 2.82731498 ], [ 31.783528336, 2.827701493 ], [ 31.786290158, 2.826079116 ], [ 31.78522629, 2.824250447 ], [ 31.786923837, 2.822626972 ], [ 31.797567488, 2.817840125 ], [ 31.800581019, 2.810037935 ], [ 31.802742731, 2.810333108 ], [ 31.803491645, 2.805982215 ], [ 31.810693931, 2.802130754 ], [ 31.814754846, 2.802586012 ], [ 31.821014748, 2.800051864 ], [ 31.823425341, 2.796732837 ], [ 31.823099243, 2.794967752 ], [ 31.849616958, 2.788938846 ], [ 31.859372937, 2.788912985 ], [ 31.86173459, 2.786932049 ], [ 31.870364359, 2.786055032 ], [ 31.873395615, 2.783614312 ], [ 31.873512097, 2.784582398 ], [ 31.878141855, 2.784534477 ], [ 31.883257886, 2.782590038 ], [ 31.887928485, 2.7831143 ], [ 31.892672452, 2.77863124 ], [ 31.899297378, 2.778125073 ], [ 31.898130374, 2.782293396 ], [ 31.900307744, 2.783627024 ], [ 31.900006606, 2.785903323 ], [ 31.901301423, 2.786575101 ], [ 31.900456028, 2.788896492 ], [ 31.902643415, 2.79235484 ], [ 31.909228952, 2.794218695 ], [ 31.913267349, 2.792598774 ], [ 31.916818551, 2.794001005 ], [ 31.920739465, 2.793003577 ], [ 31.930915177, 2.797267449 ], [ 31.941320243, 2.79563159 ], [ 31.947721521, 2.791172359 ], [ 31.954797273, 2.789930012 ], [ 31.960407073, 2.78679435 ], [ 31.965552433, 2.780440983 ], [ 31.967016109, 2.782670973 ], [ 31.967728925, 2.781383458 ], [ 31.97260268, 2.782944247 ], [ 31.972308904, 2.784659152 ], [ 31.97599764, 2.786865329 ], [ 31.976411387, 2.788670284 ], [ 31.993103926, 2.787023868 ], [ 32.002942484, 2.781293924 ], [ 32.009432708, 2.779148532 ], [ 32.01127493, 2.779713906 ], [ 32.018914821, 2.771126379 ], [ 32.028512773, 2.767786919 ], [ 32.034144873, 2.772878477 ], [ 32.037966784, 2.772563637 ], [ 32.041303142, 2.776550642 ], [ 32.04292902, 2.775604483 ], [ 32.045652471, 2.777856265 ], [ 32.048645186, 2.786294524 ], [ 32.059207818, 2.787637175 ], [ 32.067882857, 2.793733859 ], [ 32.073772697, 2.793634327 ], [ 32.079133929, 2.800546904 ], [ 32.086421282, 2.801537348 ], [ 32.08987208, 2.804864665 ], [ 32.095761828, 2.806199037 ], [ 32.103149501, 2.803676087 ], [ 32.109096344, 2.804838319 ], [ 32.113945461, 2.802515771 ], [ 32.115885288, 2.799848718 ], [ 32.123559375, 2.78436219 ], [ 32.129325781, 2.782847451 ], [ 32.133300988, 2.769807828 ], [ 32.136438635, 2.767054773 ], [ 32.143397834, 2.76949314 ], [ 32.14446711, 2.773666218 ], [ 32.155248281, 2.777653553 ], [ 32.167227729, 2.777281442 ], [ 32.179135773, 2.779935007 ], [ 32.191728565, 2.779118122 ], [ 32.194053199, 2.778300802 ], [ 32.196363635, 2.775002585 ], [ 32.198474763, 2.75779418 ], [ 32.203180986, 2.755786629 ], [ 32.211723397, 2.756030565 ], [ 32.219495723, 2.758425497 ], [ 32.236119443, 2.768003437 ], [ 32.212392115, 2.830242297 ], [ 32.212449003, 2.835433529 ], [ 32.207342628, 2.849888483 ], [ 32.208269388, 2.857388554 ], [ 32.210394395, 2.859496679 ], [ 32.210622458, 2.86308179 ], [ 32.208268911, 2.868832185 ], [ 32.203405151, 2.873980164 ], [ 32.199958164, 2.881087849 ], [ 32.197689864, 2.890767469 ], [ 32.195693023, 2.89168513 ], [ 32.195792569, 2.89654652 ], [ 32.191912748, 2.90173748 ], [ 32.19124214, 2.905566299 ], [ 32.193552562, 2.908262438 ], [ 32.19350964, 2.910341779 ], [ 32.191598082, 2.915045283 ], [ 32.192510727, 2.917712646 ], [ 32.190442487, 2.919074836 ], [ 32.191526397, 2.920308173 ], [ 32.19075578, 2.926130294 ], [ 32.187774511, 2.92970081 ], [ 32.188330451, 2.93393124 ], [ 32.189785246, 2.934763094 ], [ 32.189956013, 2.93998298 ], [ 32.188344144, 2.941373869 ], [ 32.1877733, 2.945360427 ], [ 32.189113176, 2.956459938 ], [ 32.18630275, 2.962496967 ], [ 32.18947327, 2.980909027 ], [ 32.193355252, 2.98610797 ], [ 32.198678671, 2.987165178 ], [ 32.202866061, 2.990148327 ], [ 32.202018052, 2.994136704 ], [ 32.20683298, 2.994239345 ], [ 32.207057061, 2.998812119 ], [ 32.210239377, 3.001545036 ], [ 32.212366703, 2.999535888 ], [ 32.215916664, 3.001275754 ], [ 32.217729618, 2.998635141 ], [ 32.222114358, 2.996883444 ], [ 32.228224085, 3.001730121 ], [ 32.228323785, 3.004613264 ], [ 32.226359697, 3.005829216 ], [ 32.22611148, 3.008982044 ], [ 32.229320008, 3.010398565 ], [ 32.228831082, 3.013810192 ], [ 32.230496847, 3.015983852 ], [ 32.228254604, 3.019818614 ], [ 32.228102838, 3.031654651 ], [ 32.225961342, 3.034968411 ], [ 32.227033902, 3.044692284 ], [ 32.22548167, 3.050715663 ], [ 32.227938152, 3.061175498 ], [ 32.226785796, 3.065423284 ], [ 32.23162821, 3.064280647 ], [ 32.231519855, 3.061100893 ], [ 32.234432291, 3.062408029 ], [ 32.231651597, 3.068716921 ], [ 32.237573707, 3.072245378 ], [ 32.23943626, 3.074930837 ], [ 32.237888892, 3.080503556 ], [ 32.242108095, 3.083091552 ], [ 32.240834576, 3.084242519 ], [ 32.240579628, 3.089115167 ], [ 32.243908794, 3.093699712 ], [ 32.243947496, 3.100022052 ], [ 32.248204978, 3.100178855 ], [ 32.249214801, 3.106913191 ], [ 32.253618815, 3.109818446 ], [ 32.252131544, 3.111942826 ], [ 32.253372245, 3.115074428 ], [ 32.25262609, 3.119698166 ], [ 32.254367914, 3.121279129 ], [ 32.251850148, 3.126016488 ], [ 32.248294972, 3.128160136 ], [ 32.244989342, 3.127988137 ], [ 32.24554108, 3.130875345 ], [ 32.243640071, 3.135033403 ], [ 32.241063776, 3.135627046 ], [ 32.24049597, 3.144114516 ], [ 32.242245352, 3.145174011 ], [ 32.243241624, 3.142664373 ], [ 32.245277914, 3.14205551 ], [ 32.245994489, 3.138932502 ], [ 32.248995916, 3.137211346 ], [ 32.255101161, 3.140446977 ], [ 32.255888069, 3.13883192 ], [ 32.258424383, 3.138223385 ], [ 32.258318981, 3.135746018 ], [ 32.260855363, 3.135029768 ], [ 32.263555243, 3.130346364 ], [ 32.26517978, 3.131155326 ], [ 32.265212338, 3.135679103 ], [ 32.276709102, 3.141503425 ], [ 32.279928033, 3.141259019 ], [ 32.280328549, 3.154003814 ], [ 32.285159013, 3.164867411 ], [ 32.32768736, 3.233022261 ], [ 32.333399112, 3.234568047 ], [ 32.338913211, 3.233450861 ], [ 32.330945348, 3.24487679 ], [ 32.326404652, 3.248176173 ], [ 32.32748865, 3.251077877 ], [ 32.334498747, 3.259498271 ], [ 32.342341299, 3.26240444 ], [ 32.345453841, 3.26608298 ], [ 32.347397665, 3.265222571 ], [ 32.350768505, 3.267235355 ], [ 32.359472101, 3.264483589 ], [ 32.362272202, 3.265260894 ], [ 32.364156706, 3.26781842 ], [ 32.363908013, 3.276980822 ], [ 32.359689076, 3.282808836 ], [ 32.35958522, 3.28881182 ], [ 32.361326053, 3.292633064 ], [ 32.359182152, 3.293464642 ], [ 32.360128159, 3.300925435 ], [ 32.363124688, 3.29907024 ], [ 32.358893184, 3.302016369 ], [ 32.356622343, 3.307625396 ], [ 32.345810039, 3.322190246 ], [ 32.335156054, 3.327487198 ], [ 32.330508068, 3.326181951 ], [ 32.326147436, 3.322598221 ], [ 32.314945126, 3.321709662 ], [ 32.304017445, 3.33677166 ], [ 32.300626238, 3.336501165 ], [ 32.295041526, 3.339656613 ], [ 32.289700778, 3.347924771 ], [ 32.290171013, 3.356369465 ], [ 32.278538082, 3.370683717 ], [ 32.278802123, 3.374360358 ], [ 32.272904185, 3.388353213 ], [ 32.272574042, 3.396682382 ], [ 32.268662312, 3.404242914 ], [ 32.26989019, 3.41831769 ], [ 32.265466977, 3.42176095 ], [ 32.25706146, 3.425105351 ], [ 32.253251165, 3.424374743 ], [ 32.246501236, 3.430671702 ], [ 32.232437556, 3.434127829 ], [ 32.227635722, 3.439273848 ], [ 32.225784839, 3.446936249 ], [ 32.220289718, 3.455716473 ], [ 32.222950323, 3.464785791 ], [ 32.218695819, 3.470147912 ], [ 32.218057659, 3.479988852 ], [ 32.214757487, 3.482721678 ], [ 32.208280579, 3.482184233 ], [ 32.201120269, 3.488019515 ], [ 32.198719027, 3.500572058 ], [ 32.200954283, 3.504088672 ], [ 32.194393604, 3.506855723 ], [ 32.103221213, 3.529333284 ], [ 32.08508105, 3.530071883 ], [ 32.084044076, 3.536154202 ], [ 32.0861714, 3.535614332 ], [ 32.087543634, 3.533004267 ], [ 32.089749893, 3.534998815 ], [ 32.087022221, 3.542107674 ], [ 32.089173121, 3.546137284 ], [ 32.086803641, 3.546580098 ], [ 32.084887652, 3.544585026 ], [ 32.082810039, 3.545660962 ], [ 32.083952804, 3.547998569 ], [ 32.0818204, 3.551353252 ], [ 32.081856468, 3.556105488 ], [ 32.086642908, 3.559667495 ], [ 32.08391249, 3.560890774 ], [ 32.081174826, 3.559213945 ], [ 32.081443084, 3.564928422 ], [ 32.07769563, 3.56573914 ], [ 32.076829398, 3.567592807 ], [ 32.07295583, 3.566332204 ], [ 32.073559969, 3.570949416 ], [ 32.068821416, 3.572054243 ], [ 32.070741159, 3.575560324 ], [ 32.06778608, 3.574005666 ], [ 32.062007759, 3.579607499 ], [ 32.058158958, 3.574218351 ], [ 32.056462318, 3.568020227 ], [ 32.06365956, 3.524481023 ], [ 32.063622341, 3.499740642 ], [ 32.058966097, 3.495228392 ], [ 32.056572916, 3.489732544 ], [ 32.053703538, 3.475551191 ], [ 32.051693018, 3.447262923 ], [ 32.053175309, 3.426929412 ], [ 32.057513469, 3.41016644 ], [ 32.02260531, 3.409946833 ], [ 32.017343063, 3.411329282 ], [ 32.030001097, 3.392747471 ], [ 32.027941592, 3.389201281 ], [ 32.030958683, 3.38418997 ], [ 32.031944061, 3.37799935 ], [ 32.027485704, 3.370727888 ], [ 32.029389989, 3.366528507 ], [ 32.028365658, 3.364224715 ], [ 32.031748363, 3.359202882 ], [ 32.038420613, 3.354039226 ], [ 32.043743494, 3.339767974 ], [ 32.041513089, 3.336842603 ], [ 32.034653744, 3.335692235 ], [ 32.030654403, 3.332775135 ], [ 32.03284541, 3.329094553 ], [ 32.031412201, 3.323965303 ], [ 32.032180582, 3.317959345 ], [ 32.026726779, 3.314702797 ], [ 32.026854976, 3.312429982 ], [ 32.020480739, 3.307739692 ], [ 32.021113371, 3.304920725 ], [ 32.017318345, 3.30357046 ], [ 32.017180647, 3.298028963 ], [ 32.011888686, 3.293403025 ], [ 32.013677555, 3.290993771 ], [ 32.012466118, 3.288495217 ], [ 32.00958732, 3.287140099 ], [ 32.006694471, 3.288420409 ], [ 32.00806203, 3.280188218 ], [ 32.004523614, 3.274450588 ], [ 32.005537338, 3.273291089 ], [ 32.004853433, 3.265722371 ], [ 32.010998565, 3.259934716 ], [ 32.012319236, 3.255831442 ], [ 32.012257888, 3.253298007 ], [ 32.00961997, 3.25341299 ], [ 32.00864351, 3.251284849 ], [ 32.008422144, 3.249242968 ], [ 32.009762687, 3.248859474 ], [ 32.008181021, 3.238918636 ], [ 32.008578206, 3.235047928 ], [ 32.013357475, 3.231567698 ], [ 32.009792293, 3.228465491 ], [ 32.009192076, 3.224722532 ], [ 32.00615604, 3.223202381 ], [ 32.005191265, 3.218024647 ], [ 32.006517959, 3.215809288 ], [ 32.000829074, 3.214490606 ], [ 32.001398219, 3.210319093 ], [ 31.993951578, 3.203395345 ], [ 31.994295727, 3.200118936 ], [ 31.989877634, 3.196463036 ], [ 31.985258839, 3.195889519 ], [ 31.979784161, 3.189310578 ], [ 31.976642501, 3.187883241 ], [ 31.970809839, 3.181870065 ], [ 31.968719145, 3.173601197 ], [ 31.96902484, 3.166159269 ], [ 31.964376568, 3.151132402 ], [ 31.96637013, 3.148042498 ], [ 31.963266964, 3.146383372 ], [ 31.959729962, 3.12410296 ], [ 31.930689363, 3.086283366 ], [ 31.928623333, 3.075057724 ], [ 31.92508595, 3.071015827 ], [ 31.927191225, 3.066776219 ], [ 31.924920677, 3.063680874 ], [ 31.922849394, 3.051779204 ], [ 31.920203873, 3.048725363 ], [ 31.920720746, 3.043694442 ], [ 31.918008723, 3.041693492 ], [ 31.91630535, 3.036899644 ], [ 31.916049677, 3.030677395 ], [ 31.911612759, 3.026551928 ], [ 31.91215213, 3.023047224 ], [ 31.908804726, 3.022398603 ], [ 31.90703703, 3.018656023 ], [ 31.903387519, 3.015449882 ], [ 31.904173893, 3.011806515 ], [ 31.899964116, 3.005894296 ], [ 31.903263597, 3.00206022 ], [ 31.901872486, 2.992506694 ], [ 31.891640446, 2.980749482 ], [ 31.890113385, 2.975578274 ], [ 31.88548259, 2.975573577 ], [ 31.882421359, 2.97070138 ], [ 31.875152952, 2.968866841 ], [ 31.867272063, 2.959564131 ], [ 31.862324518, 2.959088238 ], [ 31.856733887, 2.950321512 ], [ 31.853900364, 2.953440175 ], [ 31.837902656, 2.956647389 ], [ 31.831879387, 2.952936084 ], [ 31.824353901, 2.954616819 ], [ 31.817923815, 2.950587754 ], [ 31.815187825, 2.951256297 ], [ 31.810380094, 2.955627671 ], [ 31.805921971, 2.956596814 ], [ 31.799445387, 2.954307577 ], [ 31.79808434, 2.95192015 ], [ 31.795660065, 2.951228403 ], [ 31.79221619, 2.952780696 ], [ 31.78717369, 2.960318291 ], [ 31.78181286, 2.962313006 ], [ 31.776786782, 2.961514597 ], [ 31.771896105, 2.964939848 ], [ 31.768129131, 2.965343172 ], [ 31.766917799, 2.967601769 ], [ 31.767615626, 2.96977359 ], [ 31.760767913, 2.9704567 ], [ 31.749093359, 2.968053983 ], [ 31.746661436, 2.965615331 ], [ 31.745057427, 2.965729498 ], [ 31.745416919, 2.964140786 ], [ 31.74404497, 2.963163768 ], [ 31.659204113, 2.94340679 ], [ 31.655648787, 2.940118338 ], [ 31.648577429, 2.939815825 ], [ 31.64408653, 2.936537975 ], [ 31.64092824, 2.937031829 ], [ 31.634147925, 2.94428149 ], [ 31.630156616, 2.943751419 ], [ 31.627598157, 2.941479164 ], [ 31.627062909, 2.942434733 ], [ 31.624673615, 2.938920369 ], [ 31.613238273, 2.936950584 ], [ 31.610365145, 2.938587948 ], [ 31.605692299, 2.945390387 ], [ 31.599770758, 2.945614728 ], [ 31.597254152, 2.947914631 ], [ 31.596491927, 2.946767453 ], [ 31.591767238, 2.946393601 ], [ 31.59091631, 2.944100101 ], [ 31.587587783, 2.942613792 ], [ 31.587766903, 2.939345995 ], [ 31.58505311, 2.938217658 ], [ 31.586186089, 2.935510853 ], [ 31.575989551, 2.930473047 ], [ 31.574885927, 2.922312441 ], [ 31.566976003, 2.920569693 ], [ 31.565712651, 2.917364052 ], [ 31.563454727, 2.916454859 ], [ 31.563771779, 2.91316595 ], [ 31.558649675, 2.910544295 ], [ 31.559236658, 2.905669881 ], [ 31.557736181, 2.905145719 ], [ 31.558576337, 2.903664528 ], [ 31.556444031, 2.899908676 ], [ 31.55849384, 2.897629578 ], [ 31.55799778, 2.895725729 ], [ 31.553951444, 2.894580949 ], [ 31.550297669, 2.891818803 ], [ 31.548562936, 2.88820208 ], [ 31.54633104, 2.887735404 ], [ 31.545896361, 2.883448636 ], [ 31.540924322, 2.877732634 ], [ 31.536862774, 2.881597767 ], [ 31.52933512, 2.884153449 ], [ 31.525374129, 2.883827237 ], [ 31.524358135, 2.882173286 ], [ 31.521383696, 2.882604121 ], [ 31.517988834, 2.879845781 ], [ 31.513664087, 2.881719499 ], [ 31.510992023, 2.884051634 ], [ 31.510985574, 2.885873018 ], [ 31.505655117, 2.887840426 ], [ 31.501136832, 2.892562964 ], [ 31.503127197, 2.895471576 ], [ 31.50209341, 2.900391107 ], [ 31.498032287, 2.902076617 ], [ 31.496073766, 2.898411868 ], [ 31.492652051, 2.905355264 ], [ 31.491480392, 2.904422372 ], [ 31.489459374, 2.905439463 ], [ 31.487584042, 2.903761309 ], [ 31.484830089, 2.905796382 ], [ 31.487671859, 2.909300464 ], [ 31.484988802, 2.91343616 ], [ 31.481699269, 2.908359253 ], [ 31.480307255, 2.908711375 ], [ 31.478048541, 2.906428214 ], [ 31.476762743, 2.908000271 ], [ 31.47542551, 2.907446381 ], [ 31.473377462, 2.910452762 ], [ 31.474828811, 2.9114245 ], [ 31.473745327, 2.911853702 ], [ 31.474947719, 2.914593732 ], [ 31.472744997, 2.912390687 ], [ 31.470421854, 2.914337529 ], [ 31.471254583, 2.916576663 ], [ 31.468187477, 2.915121027 ], [ 31.463861474, 2.916876715 ], [ 31.464033371, 2.92173402 ], [ 31.461676321, 2.9223409 ], [ 31.458514584, 2.917192339 ], [ 31.4560804, 2.916869995 ], [ 31.451165254, 2.920342 ], [ 31.451343891, 2.922402355 ], [ 31.447774239, 2.922825912 ], [ 31.446539956, 2.926160598 ], [ 31.443668186, 2.928090099 ], [ 31.442148638, 2.927536006 ], [ 31.438266783, 2.932389844 ], [ 31.436680245, 2.932132369 ], [ 31.436938171, 2.933804602 ], [ 31.435009538, 2.933061672 ], [ 31.431834842, 2.938257855 ], [ 31.430357987, 2.93673067 ], [ 31.427112969, 2.939137409 ], [ 31.426109629, 2.938032796 ], [ 31.425370965, 2.93970361 ], [ 31.423854181, 2.939497261 ], [ 31.424020296, 2.945712817 ], [ 31.417673957, 2.95229128 ] ] ] } },
{ "type": "Feature", "properties": { "shapeName": "Apac", "shapeISO": "", "shapeID": "80733802B72422247576762", "shapeGroup": "UGA", "shapeType": "ADM2" }, "geometry": { "type": "Polygon", "coordinates": [ [ [ 32.312549047, 1.643221017 ], [ 32.344547136, 1.64711289 ], [ 32.360250226, 1.651605206 ], [ 32.378305637, 1.663543646 ], [ 32.398974736, 1.684258191 ], [ 32.40971667, 1.688613011 ], [ 32.42115034, 1.690181576 ], [ 32.437567103, 1.689082722 ], [ 32.449240927, 1.686154908 ], [ 32.465163955, 1.67939231 ], [ 32.496796358, 1.662123124 ], [ 32.54314633, 1.647068107 ], [ 32.566918763, 1.64656083 ], [ 32.587122675, 1.65117991 ], [ 32.57778946, 1.673349536 ], [ 32.576055326, 1.689498118 ], [ 32.57084653, 1.693179106 ], [ 32.567831213, 1.702686854 ], [ 32.568231028, 1.733826798 ], [ 32.555842453, 1.742490943 ], [ 32.554263296, 1.745611783 ], [ 32.555682788, 1.787734971 ], [ 32.547179293, 1.79271777 ], [ 32.540006938, 1.806793072 ], [ 32.537941302, 1.814410098 ], [ 32.537697183, 1.828550459 ], [ 32.543570719, 1.835798607 ], [ 32.526803664, 1.857433163 ], [ 32.53987834, 1.87000427 ], [ 32.549486058, 1.875552584 ], [ 32.572633038, 1.879195332 ], [ 32.601318416, 1.891228227 ], [ 32.60243061, 1.892422451 ], [ 32.595457286, 1.900480098 ], [ 32.607066508, 1.903798166 ], [ 32.624358906, 1.916313166 ], [ 32.635891076, 1.922733734 ], [ 32.647903383, 1.92450076 ], [ 32.657416072, 1.929575616 ], [ 32.657809094, 1.937339447 ], [ 32.65541183, 1.946325142 ], [ 32.657845306, 1.958457798 ], [ 32.65470775, 1.967838986 ], [ 32.654535344, 1.972670098 ], [ 32.656663937, 1.982061425 ], [ 32.656428077, 1.992112134 ], [ 32.661684445, 2.004465255 ], [ 32.662675986, 2.021584397 ], [ 32.651171794, 2.028708405 ], [ 32.648689696, 2.028403314 ], [ 32.643423684, 2.023773007 ], [ 32.638459674, 2.022431885 ], [ 32.6334951, 2.023648958 ], [ 32.620902775, 2.023463314 ], [ 32.618359175, 2.027360932 ], [ 32.622307297, 2.039109177 ], [ 32.615326563, 2.051326111 ], [ 32.617187744, 2.064456197 ], [ 32.616319643, 2.065476503 ], [ 32.60610795, 2.065846818 ], [ 32.595601699, 2.074614438 ], [ 32.599664693, 2.082741972 ], [ 32.601174435, 2.092250781 ], [ 32.59690785, 2.118115109 ], [ 32.599047523, 2.12038647 ], [ 32.615368006, 2.122127672 ], [ 32.620467618, 2.124861147 ], [ 32.624881003, 2.137971403 ], [ 32.624678744, 2.144566649 ], [ 32.626390976, 2.162187822 ], [ 32.632923676, 2.17139986 ], [ 32.623975802, 2.171228109 ], [ 32.618210627, 2.173823153 ], [ 32.614620784, 2.1791057 ], [ 32.613919653, 2.183330482 ], [ 32.606038416, 2.193813919 ], [ 32.59586293, 2.199194156 ], [ 32.594044185, 2.209109176 ], [ 32.592867149, 2.21032115 ], [ 32.580135699, 2.211864615 ], [ 32.576773816, 2.218590974 ], [ 32.569188125, 2.21933165 ], [ 32.56581211, 2.2155527 ], [ 32.562697814, 2.198858484 ], [ 32.557586349, 2.191611512 ], [ 32.557693426, 2.185883353 ], [ 32.554995148, 2.177237266 ], [ 32.554103814, 2.163185935 ], [ 32.552451585, 2.158294859 ], [ 32.539269128, 2.145510923 ], [ 32.528511888, 2.12940251 ], [ 32.508138748, 2.108307055 ], [ 32.499576581, 2.105387059 ], [ 32.497029993, 2.105575366 ], [ 32.49243896, 2.108999356 ], [ 32.486641124, 2.108564062 ], [ 32.479839022, 2.105336936 ], [ 32.465301877, 2.088408335 ], [ 32.459972126, 2.084283941 ], [ 32.435687913, 2.076054183 ], [ 32.40781246, 2.072007078 ], [ 32.35277437, 2.074426784 ], [ 32.350116245, 2.052930896 ], [ 32.344981284, 2.041864725 ], [ 32.343814956, 2.035413981 ], [ 32.343455847, 2.013792327 ], [ 32.339992954, 1.997579319 ], [ 32.336716961, 1.990449233 ], [ 32.336495807, 1.985573001 ], [ 32.338966096, 1.976020733 ], [ 32.334022218, 1.968853802 ], [ 32.333553312, 1.965180676 ], [ 32.334565766, 1.958604172 ], [ 32.337913927, 1.955782952 ], [ 32.352704843, 1.957860454 ], [ 32.358528478, 1.95714802 ], [ 32.363254519, 1.953657809 ], [ 32.363640958, 1.949695502 ], [ 32.361075516, 1.943198996 ], [ 32.352955166, 1.934393462 ], [ 32.344519161, 1.92904362 ], [ 32.342347151, 1.923343377 ], [ 32.344160153, 1.895579855 ], [ 32.339586699, 1.881673384 ], [ 32.339234558, 1.876679492 ], [ 32.343694092, 1.862324117 ], [ 32.341972539, 1.855701308 ], [ 32.33761646, 1.851918165 ], [ 32.316804712, 1.845107145 ], [ 32.30056724, 1.836832202 ], [ 32.292875017, 1.835689283 ], [ 32.283715126, 1.838680021 ], [ 32.278958286, 1.837094945 ], [ 32.275645094, 1.831140968 ], [ 32.278186753, 1.821706449 ], [ 32.277996648, 1.813682082 ], [ 32.276496747, 1.810560419 ], [ 32.271935589, 1.8067138 ], [ 32.25692424, 1.80265484 ], [ 32.233378653, 1.789690473 ], [ 32.216759605, 1.793338154 ], [ 32.213454476, 1.791509349 ], [ 32.208984971, 1.783456106 ], [ 32.206273283, 1.78149186 ], [ 32.194695607, 1.782002441 ], [ 32.178583675, 1.777743492 ], [ 32.166290864, 1.776896633 ], [ 32.151748495, 1.761484145 ], [ 32.127421601, 1.746257078 ], [ 32.107209798, 1.739200542 ], [ 32.101005997, 1.727889873 ], [ 32.095721414, 1.699835236 ], [ 32.09722657, 1.690844068 ], [ 32.100810918, 1.684043029 ], [ 32.1013795, 1.679764457 ], [ 32.098319846, 1.668998107 ], [ 32.092467952, 1.656186052 ], [ 32.092954347, 1.652205972 ], [ 32.095575156, 1.648208775 ], [ 32.099735193, 1.64650095 ], [ 32.105320829, 1.647435241 ], [ 32.126755506, 1.664126075 ], [ 32.139952332, 1.67012959 ], [ 32.175917875, 1.67333848 ], [ 32.182980537, 1.670778689 ], [ 32.198428129, 1.673371113 ], [ 32.223052508, 1.670425861 ], [ 32.230252946, 1.671126251 ], [ 32.232219447, 1.669039567 ], [ 32.236607666, 1.667703296 ], [ 32.271195596, 1.664501824 ], [ 32.297388274, 1.654505862 ], [ 32.308452055, 1.647497658 ], [ 32.312549047, 1.643221017 ] ] ] } },
{ "type": "Feature", "properties": { "shapeName": "Arua", "shapeISO": "", "shapeID": "80733802B73280399170788", "shapeGroup": "UGA", "shapeType": "ADM2" }, "geometry": { "type": "Polygon", "coordinates": [ [ [ 30.976732848, 2.6877612 ], [ 30.981594161, 2.706239544 ], [ 30.992927217, 2.727619443 ], [ 30.999407948, 2.736226442 ], [ 31.014234019, 2.751051393 ], [ 31.014711618, 2.77237844 ], [ 31.008298607, 2.783425233 ], [ 31.007228179, 2.788022419 ], [ 31.009442579, 2.79459995 ], [ 31.005963156, 2.799489066 ], [ 31.009415107, 2.806084597 ], [ 31.012678342, 2.808086904 ], [ 31.01623952, 2.808250733 ], [ 31.016189524, 2.812866611 ], [ 31.018955801, 2.822220638 ], [ 31.029783581, 2.826911794 ], [ 31.036475835, 2.835050402 ], [ 31.042827045, 2.838486812 ], [ 31.049470472, 2.838334652 ], [ 31.063323894, 2.832056255 ], [ 31.077253214, 2.829036903 ], [ 31.087054107, 2.83160899 ], [ 31.096437849, 2.838087531 ], [ 31.10234865, 2.847493237 ], [ 31.104158582, 2.857449122 ], [ 31.103059072, 2.866255934 ], [ 31.096231954, 2.887717192 ], [ 31.110155969, 2.911778635 ], [ 31.115344887, 2.913587343 ], [ 31.120163121, 2.909155438 ], [ 31.125133351, 2.908172684 ], [ 31.127733594, 2.909604176 ], [ 31.132329828, 2.918422937 ], [ 31.131597249, 2.919715508 ], [ 31.134465735, 2.930892416 ], [ 31.138644015, 2.934356962 ], [ 31.146236988, 2.946387949 ], [ 31.156751372, 2.956234816 ], [ 31.160564004, 2.962567751 ], [ 31.159796499, 2.964310711 ], [ 31.161673022, 2.967713644 ], [ 31.167014867, 2.972433327 ], [ 31.178263945, 2.977949059 ], [ 31.181739722, 2.988024993 ], [ 31.18063077, 2.991718612 ], [ 31.182246978, 2.994444375 ], [ 31.188132279, 2.99618488 ], [ 31.192886925, 2.994496686 ], [ 31.20414392, 2.996280632 ], [ 31.204174171, 2.998842146 ], [ 31.201278026, 3.001087292 ], [ 31.198695525, 3.001048403 ], [ 31.196977059, 2.999072541 ], [ 31.196282868, 3.002428972 ], [ 31.193323019, 3.001524087 ], [ 31.192664157, 3.004326739 ], [ 31.187293194, 3.003867804 ], [ 31.181952211, 3.006108786 ], [ 31.179304537, 3.003854443 ], [ 31.170831418, 3.005293984 ], [ 31.169524497, 3.004357213 ], [ 31.164766872, 3.007810545 ], [ 31.164183788, 3.011056544 ], [ 31.1664252, 3.010768551 ], [ 31.168178081, 3.013228797 ], [ 31.171424317, 3.026771762 ], [ 31.170380918, 3.041520104 ], [ 31.171893384, 3.050641522 ], [ 31.183960242, 3.067812004 ], [ 31.197393324, 3.078786622 ], [ 31.20284829, 3.078747147 ], [ 31.206392726, 3.075877596 ], [ 31.208938017, 3.076076849 ], [ 31.212077067, 3.069136926 ], [ 31.222406355, 3.06832569 ], [ 31.225457035, 3.070792089 ], [ 31.227075229, 3.074523305 ], [ 31.235753226, 3.075415069 ], [ 31.23802955, 3.077027238 ], [ 31.239412842, 3.076200971 ], [ 31.241203847, 3.0780804 ], [ 31.246472597, 3.073385786 ], [ 31.252042411, 3.078365216 ], [ 31.245867173, 3.087706735 ], [ 31.245949668, 3.096812337 ], [ 31.249909351, 3.099007514 ], [ 31.253720047, 3.09883975 ], [ 31.277929395, 3.087215374 ], [ 31.283117504, 3.078587848 ], [ 31.288863919, 3.073725636 ], [ 31.298121231, 3.074381511 ], [ 31.30174028, 3.076079522 ], [ 31.304844803, 3.080529578 ], [ 31.311784011, 3.080600378 ], [ 31.313320749, 3.085653096 ], [ 31.317668422, 3.089296936 ], [ 31.318740908, 3.093181454 ], [ 31.322423295, 3.096338953 ], [ 31.335465422, 3.097418591 ], [ 31.348945363, 3.105171855 ], [ 31.345267663, 3.113841705 ], [ 31.338419226, 3.114767205 ], [ 31.344410481, 3.125825454 ], [ 31.347365847, 3.142169223 ], [ 31.349736609, 3.145216091 ], [ 31.347630334, 3.151673466 ], [ 31.347860055, 3.153686957 ], [ 31.351070082, 3.156220191 ], [ 31.349696249, 3.160440864 ], [ 31.357745868, 3.162817788 ], [ 31.362363014, 3.159082467 ], [ 31.369806194, 3.174533765 ], [ 31.369359379, 3.18227159 ], [ 31.373979659, 3.185898567 ], [ 31.373694643, 3.189455351 ], [ 31.372173391, 3.189421729 ], [ 31.373657309, 3.193449381 ], [ 31.375305211, 3.191923013 ], [ 31.385021944, 3.192593688 ], [ 31.384280373, 3.190314626 ], [ 31.386054105, 3.187727492 ], [ 31.383544165, 3.184603136 ], [ 31.384571783, 3.182638905 ], [ 31.396300327, 3.177419683 ], [ 31.401148226, 3.177959229 ], [ 31.402146638, 3.180081385 ], [ 31.405619141, 3.181007857 ], [ 31.406530898, 3.184050952 ], [ 31.408826763, 3.184046185 ], [ 31.411198983, 3.189438437 ], [ 31.410727712, 3.192969822 ], [ 31.409895266, 3.195102545 ], [ 31.407772671, 3.194563254 ], [ 31.40883588, 3.196680138 ], [ 31.40736979, 3.197740438 ], [ 31.407629726, 3.200803427 ], [ 31.404361567, 3.202138278 ], [ 31.403642614, 3.205228631 ], [ 31.399220518, 3.207681466 ], [ 31.398044833, 3.210541378 ], [ 31.399637136, 3.216799963 ], [ 31.398536911, 3.218610602 ], [ 31.393210429, 3.220870525 ], [ 31.389536686, 3.219697021 ], [ 31.385207464, 3.223585553 ], [ 31.367383555, 3.221411758 ], [ 31.360596198, 3.223806532 ], [ 31.353422631, 3.21956646 ], [ 31.350249799, 3.222022256 ], [ 31.350553087, 3.223262433 ], [ 31.347088402, 3.224950604 ], [ 31.343359831, 3.223692556 ], [ 31.341560133, 3.226537185 ], [ 31.342388501, 3.228333671 ], [ 31.340754556, 3.237991122 ], [ 31.336640936, 3.245012823 ], [ 31.33760425, 3.247620166 ], [ 31.333398518, 3.254012522 ], [ 31.332246026, 3.253954236 ], [ 31.332891067, 3.255457923 ], [ 31.330791372, 3.258363948 ], [ 31.330239735, 3.262351018 ], [ 31.327284088, 3.265976427 ], [ 31.319341006, 3.266843607 ], [ 31.318024684, 3.269088149 ], [ 31.319166855, 3.271099433 ], [ 31.317218367, 3.272046504 ], [ 31.315457902, 3.271344871 ], [ 31.315994046, 3.269613478 ], [ 31.314672762, 3.268223496 ], [ 31.311663926, 3.268093995 ], [ 31.308041497, 3.270451821 ], [ 31.311335502, 3.273105641 ], [ 31.308412085, 3.276587249 ], [ 31.308911073, 3.279976115 ], [ 31.305274623, 3.279319123 ], [ 31.306293942, 3.283955451 ], [ 31.29813075, 3.278125934 ], [ 31.297906429, 3.275842118 ], [ 31.295528353, 3.274093074 ], [ 31.29430796, 3.274160786 ], [ 31.294175423, 3.276264504 ], [ 31.289915848, 3.278311285 ], [ 31.283277756, 3.278878194 ], [ 31.281305385, 3.27634518 ], [ 31.277048304, 3.280587725 ], [ 31.273180835, 3.28178301 ], [ 31.269737187, 3.284889313 ], [ 31.266468929, 3.285355824 ], [ 31.265008823, 3.287285114 ], [ 31.25690577, 3.281586099 ], [ 31.252506281, 3.281731504 ], [ 31.24840737, 3.284250872 ], [ 31.246019982, 3.288170507 ], [ 31.240875278, 3.289730937 ], [ 31.239405439, 3.291680676 ], [ 31.241508604, 3.294298155 ], [ 31.238808028, 3.295680008 ], [ 31.238497789, 3.298818519 ], [ 31.236285935, 3.300345828 ], [ 31.237554918, 3.304310198 ], [ 31.234945044, 3.304745772 ], [ 31.23297919, 3.307153968 ], [ 31.23303276, 3.309163825 ], [ 31.235334237, 3.310814036 ], [ 31.233652639, 3.3140075 ], [ 31.229258268, 3.311224233 ], [ 31.221677593, 3.31174652 ], [ 31.217939908, 3.314515129 ], [ 31.218399759, 3.317658307 ], [ 31.211735727, 3.322456413 ], [ 31.210959042, 3.325995548 ], [ 31.206176483, 3.329682192 ], [ 31.203725668, 3.333197595 ], [ 31.20430096, 3.336089492 ], [ 31.200342223, 3.338843679 ], [ 31.190918446, 3.340172299 ], [ 31.189751487, 3.341886439 ], [ 31.184305206, 3.336740867 ], [ 31.183848458, 3.339104284 ], [ 31.178849317, 3.340180825 ], [ 31.177623544, 3.345160119 ], [ 31.174757437, 3.346887718 ], [ 31.172348039, 3.351137797 ], [ 31.15133626, 3.350115105 ], [ 31.148447883, 3.347364142 ], [ 31.143493697, 3.345931391 ], [ 31.14098256, 3.338779023 ], [ 31.145579825, 3.333512139 ], [ 31.144739171, 3.330308049 ], [ 31.138069183, 3.323569435 ], [ 31.136931413, 3.319680176 ], [ 31.137299343, 3.3050105 ], [ 31.13126075, 3.302174112 ], [ 31.129816756, 3.306837137 ], [ 31.124841851, 3.307275153 ], [ 31.121182523, 3.309867162 ], [ 31.11883441, 3.314756107 ], [ 31.098863183, 3.300599173 ], [ 31.094779473, 3.304353916 ], [ 31.090492888, 3.304398386 ], [ 31.084532319, 3.301520956 ], [ 31.084505316, 3.297353934 ], [ 31.080446972, 3.297012014 ], [ 31.075719274, 3.299024773 ], [ 31.074766954, 3.302943717 ], [ 31.070865668, 3.302813036 ], [ 31.069607702, 3.295618121 ], [ 31.073732161, 3.287562244 ], [ 31.067706096, 3.286590293 ], [ 31.072714738, 3.274951866 ], [ 31.066243494, 3.272351972 ], [ 31.06301928, 3.273549892 ], [ 31.057261767, 3.270284167 ], [ 31.056425436, 3.272768622 ], [ 31.053089377, 3.26783515 ], [ 31.049424119, 3.271066233 ], [ 31.044889017, 3.272001162 ], [ 31.04277347, 3.273950152 ], [ 31.036739952, 3.274751467 ], [ 31.034484525, 3.277301787 ], [ 31.032671729, 3.27703785 ], [ 31.031367547, 3.273341446 ], [ 31.026710626, 3.270354406 ], [ 31.023060726, 3.265026652 ], [ 31.027341832, 3.253871785 ], [ 31.020154161, 3.247694913 ], [ 31.017157347, 3.246091585 ], [ 31.014935441, 3.24652178 ], [ 31.012936739, 3.243377019 ], [ 31.010165719, 3.243013127 ], [ 31.011340051, 3.238566261 ], [ 31.010563667, 3.231160019 ], [ 31.009286777, 3.230017761 ], [ 31.003853004, 3.230444383 ], [ 31.000596134, 3.219688625 ], [ 30.996334905, 3.215203723 ], [ 30.998151689, 3.202264849 ], [ 31.002252179, 3.197926674 ], [ 31.003295796, 3.194749755 ], [ 30.999068359, 3.193628576 ], [ 30.998861834, 3.187789974 ], [ 30.991644439, 3.19015969 ], [ 30.987885675, 3.186798479 ], [ 30.9817768, 3.185534393 ], [ 30.978978229, 3.18628484 ], [ 30.974776546, 3.177346755 ], [ 30.972190697, 3.178020952 ], [ 30.969329742, 3.168940114 ], [ 30.962846851, 3.169486622 ], [ 30.961770003, 3.168259972 ], [ 30.960698424, 3.169419294 ], [ 30.958485735, 3.162852262 ], [ 30.960167297, 3.161028676 ], [ 30.958354197, 3.159184314 ], [ 30.954785643, 3.159588635 ], [ 30.95238037, 3.155104978 ], [ 30.952509138, 3.149686833 ], [ 30.94689053, 3.147235358 ], [ 30.939774025, 3.128920607 ], [ 30.940378227, 3.126032534 ], [ 30.938335153, 3.123904883 ], [ 30.93311574, 3.123753723 ], [ 30.932613106, 3.120870938 ], [ 30.923649724, 3.121670318 ], [ 30.919753679, 3.120150923 ], [ 30.905610168, 3.125130773 ], [ 30.893983934, 3.123438718 ], [ 30.883923918, 3.124199856 ], [ 30.883329765, 3.127758804 ], [ 30.880500216, 3.131042938 ], [ 30.877096919, 3.131807835 ], [ 30.872500439, 3.135271493 ], [ 30.867224168, 3.133159071 ], [ 30.859334515, 3.132667198 ], [ 30.855976246, 3.129256257 ], [ 30.840686431, 3.123842974 ], [ 30.834059423, 3.118101527 ], [ 30.823018728, 3.118252734 ], [ 30.818929089, 3.12014225 ], [ 30.820519402, 3.125814128 ], [ 30.81972457, 3.129549895 ], [ 30.812504022, 3.132474873 ], [ 30.802936896, 3.133223402 ], [ 30.802930906, 3.124297693 ], [ 30.800542601, 3.119202881 ], [ 30.800171861, 3.101651041 ], [ 30.794249637, 3.092665324 ], [ 30.79384822, 3.07281239 ], [ 30.795094742, 3.066618942 ], [ 30.79152677, 3.061096639 ], [ 30.785602269, 3.061146313 ], [ 30.775012977, 3.056663398 ], [ 30.772818758, 3.05237002 ], [ 30.768734117, 3.049444581 ], [ 30.769640334, 3.043365249 ], [ 30.778656968, 3.034112742 ], [ 30.778465508, 3.024195878 ], [ 30.781451845, 3.02020608 ], [ 30.792463239, 3.014869721 ], [ 30.802923289, 3.004355315 ], [ 30.809321051, 3.002841855 ], [ 30.817663523, 3.005763132 ], [ 30.8233215, 3.001641835 ], [ 30.825955153, 2.998604067 ], [ 30.824691264, 2.988886044 ], [ 30.826211624, 2.986215355 ], [ 30.833216544, 2.981286918 ], [ 30.83899852, 2.971162431 ], [ 30.858745489, 2.959208616 ], [ 30.856774062, 2.951548454 ], [ 30.854112423, 2.948224051 ], [ 30.855238153, 2.938473733 ], [ 30.861328509, 2.931556411 ], [ 30.858178494, 2.925822754 ], [ 30.863567105, 2.923498633 ], [ 30.867577801, 2.91962154 ], [ 30.865632872, 2.915893502 ], [ 30.866144792, 2.912112375 ], [ 30.86719713, 2.909318179 ], [ 30.870560608, 2.907986663 ], [ 30.870025886, 2.901387636 ], [ 30.875568773, 2.899345326 ], [ 30.875050039, 2.888494245 ], [ 30.884181824, 2.883026311 ], [ 30.887994192, 2.87806957 ], [ 30.888045122, 2.868643161 ], [ 30.890889512, 2.855801565 ], [ 30.887870761, 2.85046966 ], [ 30.888561878, 2.847785696 ], [ 30.884652568, 2.835417935 ], [ 30.886415699, 2.828985075 ], [ 30.884889321, 2.811687666 ], [ 30.868256934, 2.791624934 ], [ 30.867299516, 2.786360408 ], [ 30.862105941, 2.781220911 ], [ 30.859952561, 2.771139981 ], [ 30.854886288, 2.768355874 ], [ 30.847940482, 2.767205511 ], [ 30.847047748, 2.763495146 ], [ 30.844905953, 2.76251476 ], [ 30.842129726, 2.765558038 ], [ 30.838054049, 2.764570359 ], [ 30.836489672, 2.762710976 ], [ 30.836672096, 2.754294981 ], [ 30.832352908, 2.749736159 ], [ 30.823494046, 2.747267105 ], [ 30.822809981, 2.734926247 ], [ 30.827278034, 2.726736137 ], [ 30.824058002, 2.72464185 ], [ 30.822598278, 2.717348005 ], [ 30.819757343, 2.716777226 ], [ 30.81930231, 2.714225325 ], [ 30.814302219, 2.712778926 ], [ 30.814566972, 2.710798232 ], [ 30.808960272, 2.706228638 ], [ 30.810058423, 2.704781028 ], [ 30.807898767, 2.701315346 ], [ 30.811155139, 2.69617266 ], [ 30.811419504, 2.692363683 ], [ 30.807327742, 2.68699396 ], [ 30.808463116, 2.682613478 ], [ 30.807667263, 2.680442565 ], [ 30.805053544, 2.679148102 ], [ 30.805923992, 2.675796074 ], [ 30.798063287, 2.668694165 ], [ 30.799558134, 2.66288528 ], [ 30.797625892, 2.660105225 ], [ 30.798496554, 2.657933964 ], [ 30.79362803, 2.650679111 ], [ 30.792029923, 2.644431438 ], [ 30.796671182, 2.64587259 ], [ 30.798112716, 2.650167126 ], [ 30.800223934, 2.651980079 ], [ 30.812708789, 2.653788051 ], [ 30.818930317, 2.659392587 ], [ 30.826341488, 2.658539297 ], [ 30.833535849, 2.66124767 ], [ 30.837753991, 2.661107546 ], [ 30.841383114, 2.663397791 ], [ 30.845758269, 2.669933859 ], [ 30.846541, 2.669282461 ], [ 30.849768973, 2.671806013 ], [ 30.850035918, 2.6703043 ], [ 30.853031964, 2.66944043 ], [ 30.852844114, 2.670812273 ], [ 30.856879278, 2.672454367 ], [ 30.857817844, 2.675030799 ], [ 30.858271499, 2.673166499 ], [ 30.861211819, 2.671604559 ], [ 30.86498502, 2.67489683 ], [ 30.871293846, 2.673189296 ], [ 30.873385156, 2.674245402 ], [ 30.875045197, 2.671876934 ], [ 30.877204105, 2.672147137 ], [ 30.880170679, 2.67001709 ], [ 30.882694319, 2.670325194 ], [ 30.885733973, 2.673121157 ], [ 30.887368054, 2.668604396 ], [ 30.88924085, 2.667586479 ], [ 30.890618137, 2.667867266 ], [ 30.89127643, 2.670266435 ], [ 30.892258423, 2.669295595 ], [ 30.895549518, 2.671153088 ], [ 30.896133753, 2.67297927 ], [ 30.902012509, 2.667127499 ], [ 30.904062464, 2.669169359 ], [ 30.905838829, 2.668492956 ], [ 30.909398515, 2.670857145 ], [ 30.911400822, 2.669871814 ], [ 30.911182978, 2.672629767 ], [ 30.914063381, 2.675350151 ], [ 30.914143715, 2.678265829 ], [ 30.911946812, 2.679287448 ], [ 30.911602625, 2.68103666 ], [ 30.91288154, 2.68323761 ], [ 30.912312559, 2.685351449 ], [ 30.915392938, 2.687486231 ], [ 30.913263628, 2.687489769 ], [ 30.914534414, 2.693470707 ], [ 30.918340301, 2.694494882 ], [ 30.91912915, 2.697651293 ], [ 30.920439313, 2.69611553 ], [ 30.923463751, 2.697730469 ], [ 30.923239182, 2.699307949 ], [ 30.926293616, 2.703398905 ], [ 30.930879248, 2.703303929 ], [ 30.93063417, 2.697038139 ], [ 30.932943996, 2.697007807 ], [ 30.932199656, 2.698677872 ], [ 30.93791682, 2.704841618 ], [ 30.937254724, 2.696271333 ], [ 30.940783994, 2.694040831 ], [ 30.938336273, 2.693191108 ], [ 30.940736657, 2.691628928 ], [ 30.943877742, 2.693107201 ], [ 30.946165761, 2.692508127 ], [ 30.947019695, 2.699176569 ], [ 30.95016032, 2.700947711 ], [ 30.9493075, 2.703814625 ], [ 30.951537177, 2.707367263 ], [ 30.950325932, 2.709432492 ], [ 30.952875503, 2.711228485 ], [ 30.958374736, 2.711229219 ], [ 30.967419488, 2.696265147 ], [ 30.97321469, 2.693397854 ], [ 30.973968153, 2.689550974 ], [ 30.976732848, 2.6877612 ] ] ] } },
{ "type": "Feature", "properties": { "shapeName": "Dokolo", "shapeISO": "", "shapeID": "80733802B65820691527916", "shapeGroup": "UGA", "shapeType": "ADM2" }, "geometry": { "type": "Polygon", "coordinates": [ [ [ 33.220606791, 1.909922065 ], [ 33.227218088, 1.91963788 ], [ 33.230027703, 1.921564554 ], [ 33.237104743, 1.921364544 ], [ 33.24213316, 1.923860852 ], [ 33.244829859, 1.933767127 ], [ 33.251557049, 1.941337395 ], [ 33.251947612, 1.943496878 ], [ 33.248482201, 1.949056313 ], [ 33.249310805, 1.952085537 ], [ 33.260246745, 1.955163748 ], [ 33.264303243, 1.953876883 ], [ 33.271452115, 1.957131858 ], [ 33.272086153, 1.961838918 ], [ 33.270772491, 1.96654673 ], [ 33.272383329, 1.971549468 ], [ 33.274948123, 1.974300132 ], [ 33.274424296, 1.989881581 ], [ 33.282604454, 2.003625096 ], [ 33.284088847, 2.014698604 ], [ 33.282012408, 2.021864718 ], [ 33.284888608, 2.03091811 ], [ 33.290506466, 2.039359814 ], [ 33.287399101, 2.043327355 ], [ 33.286735086, 2.050822214 ], [ 33.278806732, 2.057009042 ], [ 33.269121271, 2.061853037 ], [ 33.264372948, 2.066876451 ], [ 33.258318548, 2.070392443 ], [ 33.253892478, 2.076525783 ], [ 33.251931779, 2.083867119 ], [ 33.240213378, 2.081553378 ], [ 33.232470676, 2.084974377 ], [ 33.220036179, 2.085546149 ], [ 33.211414551, 2.090324252 ], [ 33.200139595, 2.091773291 ], [ 33.194461391, 2.090507403 ], [ 33.186528756, 2.09325872 ], [ 33.180389096, 2.104061799 ], [ 33.172606824, 2.107826322 ], [ 33.162788357, 2.105040847 ], [ 33.153224502, 2.104842785 ], [ 33.14966235, 2.103124163 ], [ 33.139705828, 2.1083001 ], [ 33.13554274, 2.108608076 ], [ 33.131494166, 2.097136551 ], [ 33.135506231, 2.086044315 ], [ 33.131284779, 2.0799378 ], [ 33.114654486, 2.067580591 ], [ 33.094636734, 2.068504738 ], [ 33.085223531, 2.064949711 ], [ 33.07954316, 2.05635513 ], [ 33.06715804, 2.046313263 ], [ 33.059855823, 2.037809143 ], [ 33.057329275, 2.031204746 ], [ 33.055753524, 2.019705749 ], [ 33.05367279, 2.015725031 ], [ 33.044884916, 2.011102153 ], [ 33.03415517, 2.012694731 ], [ 32.997516528, 2.040922516 ], [ 32.990902256, 2.046757968 ], [ 32.982312854, 2.061387297 ], [ 32.97705436, 2.067222704 ], [ 32.965669484, 2.064888307 ], [ 32.960114112, 2.061459271 ], [ 32.95492706, 2.062146722 ], [ 32.95079929, 2.058717693 ], [ 32.946349876, 2.060653659 ], [ 32.937939045, 2.059775768 ], [ 32.934607895, 2.065837287 ], [ 32.934882391, 2.071985748 ], [ 32.932368112, 2.072644372 ], [ 32.926370307, 2.078388217 ], [ 32.918251234, 2.080443049 ], [ 32.894232605, 2.07126999 ], [ 32.893089337, 2.062107559 ], [ 32.887879898, 2.045035071 ], [ 32.888606232, 2.03408797 ], [ 32.894112691, 2.020951756 ], [ 32.893520683, 2.015378619 ], [ 32.887153409, 2.009515578 ], [ 32.88447283, 2.002060467 ], [ 32.865529412, 1.990252377 ], [ 32.860484314, 1.989464846 ], [ 32.866405791, 1.972214768 ], [ 32.86593143, 1.95378284 ], [ 32.869162015, 1.945748341 ], [ 32.893345121, 1.961925758 ], [ 32.904304105, 1.963883914 ], [ 32.91772204, 1.976191707 ], [ 32.921864577, 1.970244306 ], [ 32.921778443, 1.966749542 ], [ 32.931465375, 1.962862903 ], [ 32.93806543, 1.952975962 ], [ 32.952623234, 1.946359933 ], [ 32.958486412, 1.940388899 ], [ 32.959106415, 1.935295307 ], [ 32.954309492, 1.925931271 ], [ 32.954557644, 1.914034131 ], [ 32.951533519, 1.906778145 ], [ 32.955748345, 1.88674762 ], [ 32.955017469, 1.876759422 ], [ 32.949866502, 1.8638036 ], [ 32.938495604, 1.847527209 ], [ 32.935629008, 1.840144539 ], [ 32.935522154, 1.834553326 ], [ 32.940447313, 1.813364798 ], [ 32.948987959, 1.81094944 ], [ 32.957445191, 1.806100323 ], [ 32.972075882, 1.788223197 ], [ 32.978283302, 1.77481522 ], [ 32.986250727, 1.747067297 ], [ 32.988714093, 1.726005244 ], [ 32.992534387, 1.718604586 ], [ 32.999938604, 1.712280552 ], [ 33.004244065, 1.713357174 ], [ 33.014203572, 1.708064468 ], [ 33.025993249, 1.706064896 ], [ 33.046798465, 1.708054896 ], [ 33.072938536, 1.722991127 ], [ 33.081750398, 1.729839552 ], [ 33.086577092, 1.73618147 ], [ 33.083946945, 1.748069705 ], [ 33.089747293, 1.755361532 ], [ 33.093536608, 1.764598603 ], [ 33.103978134, 1.777255164 ], [ 33.101630565, 1.791604252 ], [ 33.104858711, 1.802189362 ], [ 33.115199325, 1.822698858 ], [ 33.112022795, 1.830570172 ], [ 33.113676349, 1.839309713 ], [ 33.111837646, 1.848863729 ], [ 33.113903744, 1.853812443 ], [ 33.11918904, 1.858118583 ], [ 33.132389607, 1.85383829 ], [ 33.141773559, 1.857022187 ], [ 33.144211095, 1.860577553 ], [ 33.144175815, 1.865553538 ], [ 33.146111372, 1.870583641 ], [ 33.154959643, 1.874328432 ], [ 33.160211662, 1.872509462 ], [ 33.165159114, 1.874037981 ], [ 33.18047284, 1.890601921 ], [ 33.190437639, 1.899458072 ], [ 33.194684677, 1.900950386 ], [ 33.200379998, 1.907789419 ], [ 33.211093732, 1.911189876 ], [ 33.220606791, 1.909922065 ] ] ] } },
{ "type": "Feature", "properties": { "shapeName": "Gulu", "shapeISO": "", "shapeID": "80733802B107312023015", "shapeGroup": "UGA", "shapeType": "ADM2" }, "geometry": { "type": "Polygon", "coordinates": [ [ [ 32.363124688, 3.29907024 ], [ 32.360128159, 3.300925435 ], [ 32.359182152, 3.293464642 ], [ 32.361326053, 3.292633064 ], [ 32.35958522, 3.28881182 ], [ 32.359689076, 3.282808836 ], [ 32.363908013, 3.276980822 ], [ 32.364156706, 3.26781842 ], [ 32.362272202, 3.265260894 ], [ 32.359472101, 3.264483589 ], [ 32.350768505, 3.267235355 ], [ 32.347397665, 3.265222571 ], [ 32.345453841, 3.26608298 ], [ 32.342341299, 3.26240444 ], [ 32.334498747, 3.259498271 ], [ 32.32748865, 3.251077877 ], [ 32.326404652, 3.248176173 ], [ 32.330945348, 3.24487679 ], [ 32.338913211, 3.233450861 ], [ 32.333399112, 3.234568047 ], [ 32.32768736, 3.233022261 ], [ 32.285159013, 3.164867411 ], [ 32.280328549, 3.154003814 ], [ 32.279928033, 3.141259019 ], [ 32.276709102, 3.141503425 ], [ 32.265212338, 3.135679103 ], [ 32.26517978, 3.131155326 ], [ 32.263555243, 3.130346364 ], [ 32.260855363, 3.135029768 ], [ 32.258318981, 3.135746018 ], [ 32.258424383, 3.138223385 ], [ 32.255888069, 3.13883192 ], [ 32.255101161, 3.140446977 ], [ 32.248995916, 3.137211346 ], [ 32.245994489, 3.138932502 ], [ 32.245277914, 3.14205551 ], [ 32.243241624, 3.142664373 ], [ 32.242245352, 3.145174011 ], [ 32.24049597, 3.144114516 ], [ 32.241063776, 3.135627046 ], [ 32.243640071, 3.135033403 ], [ 32.24554108, 3.130875345 ], [ 32.244989342, 3.127988137 ], [ 32.248294972, 3.128160136 ], [ 32.251850148, 3.126016488 ], [ 32.254367914, 3.121279129 ], [ 32.25262609, 3.119698166 ], [ 32.253372245, 3.115074428 ], [ 32.252131544, 3.111942826 ], [ 32.253618815, 3.109818446 ], [ 32.249214801, 3.106913191 ], [ 32.248204978, 3.100178855 ], [ 32.243947496, 3.100022052 ], [ 32.243908794, 3.093699712 ], [ 32.240579628, 3.089115167 ], [ 32.240834576, 3.084242519 ], [ 32.242108095, 3.083091552 ], [ 32.237888892, 3.080503556 ], [ 32.23943626, 3.074930837 ], [ 32.237573707, 3.072245378 ], [ 32.231651597, 3.068716921 ], [ 32.234432291, 3.062408029 ], [ 32.231519855, 3.061100893 ], [ 32.23162821, 3.064280647 ], [ 32.226785796, 3.065423284 ], [ 32.227938152, 3.061175498 ], [ 32.22548167, 3.050715663 ], [ 32.227033902, 3.044692284 ], [ 32.225961342, 3.034968411 ], [ 32.228102838, 3.031654651 ], [ 32.228254604, 3.019818614 ], [ 32.230496847, 3.015983852 ], [ 32.228831082, 3.013810192 ], [ 32.229320008, 3.010398565 ], [ 32.22611148, 3.008982044 ], [ 32.226359697, 3.005829216 ], [ 32.228323785, 3.004613264 ], [ 32.228224085, 3.001730121 ], [ 32.222114358, 2.996883444 ], [ 32.217729618, 2.998635141 ], [ 32.215916664, 3.001275754 ], [ 32.212366703, 2.999535888 ], [ 32.210239377, 3.001545036 ], [ 32.207057061, 2.998812119 ], [ 32.20683298, 2.994239345 ], [ 32.202018052, 2.994136704 ], [ 32.202866061, 2.990148327 ], [ 32.198678671, 2.987165178 ], [ 32.193355252, 2.98610797 ], [ 32.18947327, 2.980909027 ], [ 32.18630275, 2.962496967 ], [ 32.189113176, 2.956459938 ], [ 32.1877733, 2.945360427 ], [ 32.188344144, 2.941373869 ], [ 32.189956013, 2.93998298 ], [ 32.189785246, 2.934763094 ], [ 32.188330451, 2.93393124 ], [ 32.187774511, 2.92970081 ], [ 32.19075578, 2.926130294 ], [ 32.191526397, 2.920308173 ], [ 32.190442487, 2.919074836 ], [ 32.192510727, 2.917712646 ], [ 32.191598082, 2.915045283 ], [ 32.19350964, 2.910341779 ], [ 32.193552562, 2.908262438 ], [ 32.19124214, 2.905566299 ], [ 32.191912748, 2.90173748 ], [ 32.195792569, 2.89654652 ], [ 32.195693023, 2.89168513 ], [ 32.197689864, 2.890767469 ], [ 32.199958164, 2.881087849 ], [ 32.203405151, 2.873980164 ], [ 32.208268911, 2.868832185 ], [ 32.210622458, 2.86308179 ], [ 32.210394395, 2.859496679 ], [ 32.208269388, 2.857388554 ], [ 32.207342628, 2.849888483 ], [ 32.212449003, 2.835433529 ], [ 32.212392115, 2.830242297 ], [ 32.236119443, 2.768003437 ], [ 32.247819612, 2.765782157 ], [ 32.246204561, 2.760558952 ], [ 32.249620618, 2.760265272 ], [ 32.253828399, 2.7574812 ], [ 32.27219779, 2.756558114 ], [ 32.274418679, 2.752198505 ], [ 32.280364518, 2.747586883 ], [ 32.280768003, 2.740372479 ], [ 32.283111889, 2.737538648 ], [ 32.290820235, 2.738355103 ], [ 32.300813211, 2.736615181 ], [ 32.304970905, 2.737556123 ], [ 32.312559991, 2.743240076 ], [ 32.321892067, 2.744512956 ], [ 32.330153967, 2.743627593 ], [ 32.330864877, 2.748616836 ], [ 32.336201309, 2.757700502 ], [ 32.335737408, 2.762901365 ], [ 32.332344335, 2.765860062 ], [ 32.332064804, 2.773613125 ], [ 32.345840341, 2.774626857 ], [ 32.363329871, 2.779804037 ], [ 32.369941628, 2.780327893 ], [ 32.375127339, 2.779511825 ], [ 32.382977616, 2.77558366 ], [ 32.389795411, 2.78305054 ], [ 32.403962016, 2.779652709 ], [ 32.408391126, 2.772580124 ], [ 32.411046644, 2.772974901 ], [ 32.413151358, 2.777482161 ], [ 32.416352288, 2.779967021 ], [ 32.420206299, 2.779986478 ], [ 32.423213218, 2.776584339 ], [ 32.428034451, 2.774252193 ], [ 32.431822996, 2.778354314 ], [ 32.437079347, 2.780776904 ], [ 32.44009943, 2.786456577 ], [ 32.443326701, 2.787365605 ], [ 32.44571559, 2.790869418 ], [ 32.450701435, 2.793708033 ], [ 32.454040718, 2.793098341 ], [ 32.45597177, 2.786103176 ], [ 32.460709142, 2.784974378 ], [ 32.461591646, 2.783281912 ], [ 32.463789947, 2.78333389 ], [ 32.466264667, 2.786923413 ], [ 32.479580705, 2.78570208 ], [ 32.484013464, 2.790905515 ], [ 32.48500378, 2.794527288 ], [ 32.492427742, 2.795397283 ], [ 32.497674262, 2.800613024 ], [ 32.501205102, 2.800902936 ], [ 32.503629371, 2.805629202 ], [ 32.508366462, 2.806902403 ], [ 32.510050639, 2.810369997 ], [ 32.51378038, 2.808137351 ], [ 32.516257116, 2.809653542 ], [ 32.515098836, 2.80047223 ], [ 32.516683152, 2.79839276 ], [ 32.518317575, 2.798650243 ], [ 32.521960459, 2.790035875 ], [ 32.530554184, 2.790796928 ], [ 32.534181532, 2.788923691 ], [ 32.54045423, 2.781825444 ], [ 32.545294128, 2.781326557 ], [ 32.5487944, 2.777681235 ], [ 32.565111528, 2.784441456 ], [ 32.57720467, 2.783919416 ], [ 32.595640105, 2.79591892 ], [ 32.599317575, 2.796690615 ], [ 32.604771095, 2.794445392 ], [ 32.609853453, 2.794626872 ], [ 32.615741443, 2.791380181 ], [ 32.622266317, 2.793090096 ], [ 32.625534623, 2.795582207 ], [ 32.625916797, 2.798509965 ], [ 32.628738082, 2.801322937 ], [ 32.628073283, 2.803711064 ], [ 32.632477355, 2.808810142 ], [ 32.634465967, 2.820110428 ], [ 32.638768329, 2.82402814 ], [ 32.644629447, 2.825455258 ], [ 32.648025185, 2.829308463 ], [ 32.64818995, 2.833456008 ], [ 32.649543912, 2.832480539 ], [ 32.653961451, 2.83589746 ], [ 32.653603436, 2.837361166 ], [ 32.65970907, 2.839931956 ], [ 32.657962114, 2.843334196 ], [ 32.65777808, 2.846031487 ], [ 32.649520508, 2.856264847 ], [ 32.639571225, 2.872338779 ], [ 32.636696997, 2.872834298 ], [ 32.634512349, 2.875465895 ], [ 32.635496497, 2.877794917 ], [ 32.633456459, 2.881903352 ], [ 32.605091175, 2.927864218 ], [ 32.589200126, 2.949831931 ], [ 32.585467734, 2.951738778 ], [ 32.578122944, 2.961419013 ], [ 32.57834359, 2.964783268 ], [ 32.575650447, 2.970930272 ], [ 32.559269546, 2.997052232 ], [ 32.552490564, 3.011717464 ], [ 32.546689426, 3.020176599 ], [ 32.538412012, 3.028538878 ], [ 32.535482852, 3.029806252 ], [ 32.533279003, 3.033144431 ], [ 32.532800936, 3.037476719 ], [ 32.527835199, 3.04055037 ], [ 32.528048037, 3.043901562 ], [ 32.517457193, 3.060065859 ], [ 32.516800135, 3.065128097 ], [ 32.514989641, 3.067090056 ], [ 32.511465625, 3.067160258 ], [ 32.510012547, 3.068547897 ], [ 32.499797738, 3.08673958 ], [ 32.495132211, 3.089842385 ], [ 32.486503962, 3.100290906 ], [ 32.484159631, 3.109658073 ], [ 32.475164814, 3.119653094 ], [ 32.470937884, 3.122448664 ], [ 32.470297131, 3.126306793 ], [ 32.49199519, 3.132697122 ], [ 32.517413775, 3.129660845 ], [ 32.520414835, 3.12803456 ], [ 32.521783601, 3.128980673 ], [ 32.521186987, 3.131876601 ], [ 32.516267174, 3.137535268 ], [ 32.513561022, 3.145014104 ], [ 32.51353626, 3.147048686 ], [ 32.5162027, 3.148270682 ], [ 32.517055455, 3.157989218 ], [ 32.512317033, 3.157340716 ], [ 32.508734601, 3.163482313 ], [ 32.507440621, 3.16413189 ], [ 32.504613817, 3.163865636 ], [ 32.502792717, 3.164635454 ], [ 32.500899234, 3.166440634 ], [ 32.500551841, 3.166821078 ], [ 32.495030635, 3.17764838 ], [ 32.496914439, 3.184147399 ], [ 32.495666125, 3.18607328 ], [ 32.490464012, 3.187293258 ], [ 32.489878252, 3.191478729 ], [ 32.491880966, 3.198076427 ], [ 32.487791891, 3.204259404 ], [ 32.48378446, 3.206127687 ], [ 32.478425646, 3.212567742 ], [ 32.468146485, 3.216922894 ], [ 32.4681731, 3.221988893 ], [ 32.459682047, 3.226092176 ], [ 32.457797637, 3.230824359 ], [ 32.447084368, 3.230731985 ], [ 32.446334807, 3.232363779 ], [ 32.448012689, 3.235184214 ], [ 32.44483524, 3.237888124 ], [ 32.436070455, 3.241019472 ], [ 32.431511845, 3.241185852 ], [ 32.423429448, 3.247162505 ], [ 32.414653237, 3.247572933 ], [ 32.401177587, 3.258154201 ], [ 32.396375676, 3.259644906 ], [ 32.388650371, 3.275131442 ], [ 32.386758456, 3.28460873 ], [ 32.382887143, 3.290676536 ], [ 32.376443871, 3.296493569 ], [ 32.369945509, 3.298921312 ], [ 32.363124688, 3.29907024 ] ] ] } },
{ "type": "Feature", "properties": { "shapeName": "Kaabong", "shapeISO": "", "shapeID": "80733802B14227564795565", "shapeGroup": "UGA", "shapeType": "ADM2" }, "geometry": { "type": "Polygon", "coordinates": [ [ [ 33.823519427, 3.312777129 ], [ 33.851655584, 3.301819253 ], [ 33.861231652, 3.300775194 ], [ 33.864377525, 3.307378051 ], [ 33.865999957, 3.30856535 ], [ 33.869489509, 3.307446968 ], [ 33.871389162, 3.308546207 ], [ 33.872709111, 3.314783618 ], [ 33.874096793, 3.314929171 ], [ 33.876429527, 3.310229826 ], [ 33.877597959, 3.310228787 ], [ 33.878405285, 3.314778554 ], [ 33.888045697, 3.315650667 ], [ 33.888999551, 3.320714066 ], [ 33.892557813, 3.316418117 ], [ 33.907717554, 3.308182726 ], [ 33.902221371, 3.30440089 ], [ 33.904536752, 3.281871081 ], [ 33.902174604, 3.249661102 ], [ 33.905884588, 3.254313701 ], [ 33.910713428, 3.25724858 ], [ 33.919779753, 3.259337134 ], [ 33.949558356, 3.255414415 ], [ 33.991821268, 3.252520951 ], [ 34.002646827, 3.250145247 ], [ 34.011171332, 3.251583185 ], [ 34.024958382, 3.248499897 ], [ 34.044707253, 3.248826383 ], [ 34.053619045, 3.251195123 ], [ 34.070992805, 3.249942558 ], [ 34.082638201, 3.250621801 ], [ 34.085857485, 3.249509561 ], [ 34.104736079, 3.239313269 ], [ 34.113804374, 3.235063961 ], [ 34.118397705, 3.234445364 ], [ 34.147252989, 3.219370161 ], [ 34.156831808, 3.216150184 ], [ 34.187635822, 3.192859066 ], [ 34.18778029, 3.175071995 ], [ 34.19200298, 3.16738892 ], [ 34.202999997, 3.166488938 ], [ 34.205956297, 3.164552467 ], [ 34.207394319, 3.160870622 ], [ 34.21020422, 3.160272559 ], [ 34.21326927, 3.156477288 ], [ 34.214596794, 3.153204481 ], [ 34.213335901, 3.15015775 ], [ 34.256510895, 3.127370734 ], [ 34.34250444, 3.084495829 ], [ 34.397630309, 3.091925903 ], [ 34.399202592, 3.092859794 ], [ 34.442274552, 3.079757956 ], [ 34.487907417, 3.09677994 ], [ 34.496755796, 3.091173738 ], [ 34.50069206, 3.092595159 ], [ 34.513412175, 3.091434638 ], [ 34.520494937, 3.086333552 ], [ 34.545488772, 3.093424497 ], [ 34.553944512, 3.103933108 ], [ 34.559689482, 3.107657862 ], [ 34.54656059, 3.133810207 ], [ 34.512815117, 3.146077983 ], [ 34.495584892, 3.138636227 ], [ 34.489527187, 3.152560233 ], [ 34.482788283, 3.162412492 ], [ 34.471318794, 3.169895727 ], [ 34.461334831, 3.171216466 ], [ 34.456138064, 3.179280893 ], [ 34.448176941, 3.280234801 ], [ 34.438756669, 3.304685606 ], [ 34.430702711, 3.339995525 ], [ 34.40136105, 3.36786965 ], [ 34.402438341, 3.412330761 ], [ 34.410548629, 3.415373511 ], [ 34.420027937, 3.430632788 ], [ 34.417351555, 3.447946536 ], [ 34.404545371, 3.467311927 ], [ 34.391729272, 3.480228558 ], [ 34.389715611, 3.489056227 ], [ 34.391743751, 3.490071446 ], [ 34.396803305, 3.485312169 ], [ 34.425519212, 3.489002379 ], [ 34.44040009, 3.50153752 ], [ 34.452241916, 3.514416413 ], [ 34.457420804, 3.572756978 ], [ 34.453861145, 3.608435524 ], [ 34.463969091, 3.666788257 ], [ 34.456547888, 3.673588426 ], [ 34.422784017, 3.68586166 ], [ 34.405651636, 3.690034155 ], [ 34.403598901, 3.702529257 ], [ 34.394972233, 3.715029288 ], [ 34.383098657, 3.724820029 ], [ 34.365817253, 3.732447596 ], [ 34.355164131, 3.732442659 ], [ 34.326238058, 3.725381205 ], [ 34.319320679, 3.718946372 ], [ 34.306037932, 3.683238233 ], [ 34.30335241, 3.682874391 ], [ 34.307153007, 3.694638088 ], [ 34.308662627, 3.708989769 ], [ 34.29822451, 3.718399965 ], [ 34.284040179, 3.728053341 ], [ 34.267190933, 3.745528389 ], [ 34.258704303, 3.763814026 ], [ 34.246328619, 3.781179094 ], [ 34.233923451, 3.778059618 ], [ 34.229719673, 3.771408869 ], [ 34.227563012, 3.771411928 ], [ 34.226763176, 3.779838308 ], [ 34.221083732, 3.781477039 ], [ 34.186538771, 3.768198518 ], [ 34.171620383, 3.764997734 ], [ 34.166816015, 3.770804945 ], [ 34.190889308, 3.780117734 ], [ 34.188974564, 3.787532336 ], [ 34.189390774, 3.792424087 ], [ 34.171312319, 3.797541682 ], [ 34.164223673, 3.7950181 ], [ 34.159811756, 3.798697449 ], [ 34.154509203, 3.797229647 ], [ 34.153916719, 3.804254299 ], [ 34.159019733, 3.804822325 ], [ 34.164645186, 3.807760843 ], [ 34.169340012, 3.815605814 ], [ 34.180805327, 3.828852579 ], [ 34.226754867, 3.82829675 ], [ 34.22580734, 3.849411575 ], [ 34.216315889, 3.878149435 ], [ 34.205318294, 3.879392783 ], [ 34.17573865, 3.876979481 ], [ 34.171440245, 3.873879224 ], [ 34.167658896, 3.867170307 ], [ 34.153336438, 3.866085827 ], [ 34.128552691, 3.869433055 ], [ 34.110164038, 3.865712292 ], [ 34.093407368, 3.857180784 ], [ 34.089178352, 3.858556599 ], [ 34.092183474, 3.882538095 ], [ 34.117061422, 3.894736219 ], [ 34.120671594, 3.898129676 ], [ 34.134894915, 3.952675955 ], [ 34.135384772, 3.958634788 ], [ 34.106438854, 3.973933014 ], [ 34.082860566, 3.999554116 ], [ 34.060795833, 4.006806364 ], [ 34.059579174, 4.024990747 ], [ 34.088362625, 4.03391946 ], [ 34.092099766, 4.046368275 ], [ 34.092364199, 4.058572674 ], [ 34.080490534, 4.082749203 ], [ 34.06388281, 4.091489199 ], [ 34.050275124, 4.118407823 ], [ 34.066429661, 4.141301485 ], [ 34.048119109, 4.176446235 ], [ 33.988505263, 4.231367005 ], [ 33.861282367, 4.103294431 ], [ 34.00922936, 3.855116899 ], [ 34.005876575, 3.854994025 ], [ 34.004078309, 3.842457207 ], [ 34.008513243, 3.822051311 ], [ 34.006619989, 3.812898121 ], [ 34.008399176, 3.809213959 ], [ 34.008784148, 3.799460995 ], [ 34.007184902, 3.787421497 ], [ 34.012825474, 3.781443975 ], [ 34.010736988, 3.774679372 ], [ 34.005180394, 3.767520717 ], [ 34.003287899, 3.758765529 ], [ 34.001048013, 3.761370689 ], [ 34.004201196, 3.754881763 ], [ 34.005638354, 3.744716074 ], [ 34.002767507, 3.699676282 ], [ 33.993392967, 3.69413705 ], [ 33.980488063, 3.689723638 ], [ 33.977887913, 3.676996687 ], [ 33.980622816, 3.671070411 ], [ 33.977461959, 3.665826078 ], [ 33.966647769, 3.662148808 ], [ 33.959194215, 3.657116849 ], [ 33.95147911, 3.649227345 ], [ 33.945475168, 3.645336781 ], [ 33.944330871, 3.63920682 ], [ 33.939203614, 3.632717311 ], [ 33.938376917, 3.63354952 ], [ 33.936927515, 3.632407929 ], [ 33.936303848, 3.629498865 ], [ 33.932683604, 3.628170121 ], [ 33.930037748, 3.625216209 ], [ 33.925471563, 3.623933658 ], [ 33.923029472, 3.61948879 ], [ 33.919662667, 3.618197388 ], [ 33.922954952, 3.61661145 ], [ 33.925347645, 3.612971239 ], [ 33.927713364, 3.613276335 ], [ 33.931384395, 3.611008093 ], [ 33.931382627, 3.609274798 ], [ 33.934441124, 3.606727615 ], [ 33.936000356, 3.607564697 ], [ 33.939448941, 3.605520313 ], [ 33.939870032, 3.604318966 ], [ 33.936359963, 3.602346397 ], [ 33.93949367, 3.599865599 ], [ 33.941443829, 3.595828923 ], [ 33.94451132, 3.595128532 ], [ 33.944837824, 3.59296318 ], [ 33.947575546, 3.591272357 ], [ 33.950461827, 3.591966552 ], [ 33.953674214, 3.59012844 ], [ 33.960431472, 3.590084637 ], [ 33.975439684, 3.586399192 ], [ 33.978716634, 3.587193431 ], [ 33.980236029, 3.590416919 ], [ 33.983626175, 3.591846649 ], [ 33.989000291, 3.590196491 ], [ 33.990461251, 3.587457822 ], [ 33.989706864, 3.581745687 ], [ 33.991597049, 3.576782387 ], [ 33.988950886, 3.574530142 ], [ 33.988648854, 3.571974674 ], [ 33.991426172, 3.556987694 ], [ 33.988921767, 3.54726834 ], [ 33.979677484, 3.531692822 ], [ 33.972885851, 3.524032559 ], [ 33.956520342, 3.519138402 ], [ 33.948433937, 3.513283325 ], [ 33.937461893, 3.51469766 ], [ 33.936610592, 3.511340848 ], [ 33.925784301, 3.508845953 ], [ 33.919400578, 3.50970423 ], [ 33.911915207, 3.502033972 ], [ 33.908072986, 3.501790276 ], [ 33.899505095, 3.504619454 ], [ 33.898272739, 3.503630862 ], [ 33.898717653, 3.505313062 ], [ 33.897241421, 3.506848647 ], [ 33.897240335, 3.505710398 ], [ 33.893989449, 3.505763012 ], [ 33.893741662, 3.504179597 ], [ 33.891822064, 3.505666111 ], [ 33.888816381, 3.50458022 ], [ 33.885763358, 3.505523422 ], [ 33.884041512, 3.507801564 ], [ 33.881036984, 3.50795288 ], [ 33.881088004, 3.509833426 ], [ 33.878329474, 3.509687565 ], [ 33.875624584, 3.514243138 ], [ 33.865734879, 3.510179415 ], [ 33.852812321, 3.513002362 ], [ 33.849186394, 3.512372212 ], [ 33.842679601, 3.507033231 ], [ 33.836334794, 3.506524255 ], [ 33.83069978, 3.506568889 ], [ 33.813756479, 3.51098331 ], [ 33.814128865, 3.509255005 ], [ 33.8122599, 3.509782544 ], [ 33.81091223, 3.50783035 ], [ 33.809262164, 3.502046802 ], [ 33.802081713, 3.499799113 ], [ 33.798262905, 3.493641739 ], [ 33.799332704, 3.48858326 ], [ 33.80055733, 3.487997526 ], [ 33.797298692, 3.47365999 ], [ 33.803783037, 3.46337623 ], [ 33.807180775, 3.461157662 ], [ 33.804758504, 3.457928548 ], [ 33.805213833, 3.453096772 ], [ 33.803127768, 3.449005712 ], [ 33.804501235, 3.443373058 ], [ 33.806307087, 3.442048276 ], [ 33.805108261, 3.436817854 ], [ 33.806760916, 3.435431661 ], [ 33.806055067, 3.433708962 ], [ 33.808562891, 3.429521684 ], [ 33.807061388, 3.428538217 ], [ 33.804545148, 3.418427028 ], [ 33.801744502, 3.414239946 ], [ 33.80348299, 3.411311565 ], [ 33.799421083, 3.407784124 ], [ 33.801572317, 3.404108943 ], [ 33.800461353, 3.402666754 ], [ 33.802222304, 3.400697399 ], [ 33.80078483, 3.399124293 ], [ 33.801030001, 3.394741537 ], [ 33.804001523, 3.388819083 ], [ 33.802372396, 3.38536712 ], [ 33.803657175, 3.38055607 ], [ 33.800829443, 3.374730936 ], [ 33.802116529, 3.37272571 ], [ 33.805552806, 3.372322026 ], [ 33.806285286, 3.36754227 ], [ 33.808249482, 3.3680648 ], [ 33.808646437, 3.365721146 ], [ 33.812080868, 3.363128292 ], [ 33.814868546, 3.35766849 ], [ 33.815566237, 3.347986298 ], [ 33.817866215, 3.34647355 ], [ 33.818110118, 3.344592526 ], [ 33.815838762, 3.343607767 ], [ 33.814448519, 3.332077324 ], [ 33.817113584, 3.326833473 ], [ 33.820579729, 3.325658923 ], [ 33.823092924, 3.322326843 ], [ 33.823150532, 3.31779433 ], [ 33.820879262, 3.316840399 ], [ 33.823519427, 3.312777129 ] ] ] } },
{ "type": "Feature", "properties": { "shapeName": "Karenga", "shapeISO": "", "shapeID": "80733802B17764236546095", "shapeGroup": "UGA", "shapeType": "ADM2" }, "geometry": { "type": "Polygon", "coordinates": [ [ [ 33.861282367, 4.103294431 ], [ 33.515258224, 3.752195736 ], [ 33.510703253, 3.751986258 ], [ 33.602442545, 3.591162446 ], [ 33.632151212, 3.567418744 ], [ 33.625690496, 3.538440193 ], [ 33.622518192, 3.532001913 ], [ 33.634648985, 3.51578248 ], [ 33.638704206, 3.512586091 ], [ 33.641135017, 3.507284386 ], [ 33.641400192, 3.502356487 ], [ 33.646680083, 3.495506269 ], [ 33.64368735, 3.48945727 ], [ 33.643943816, 3.481295087 ], [ 33.651323985, 3.475521544 ], [ 33.662864119, 3.477679824 ], [ 33.66536923, 3.477012646 ], [ 33.670499674, 3.468538553 ], [ 33.681462909, 3.458082023 ], [ 33.684971043, 3.451507342 ], [ 33.692605568, 3.446567331 ], [ 33.699271025, 3.444557853 ], [ 33.702102671, 3.44028284 ], [ 33.705139847, 3.430046649 ], [ 33.711066543, 3.423078929 ], [ 33.714843964, 3.420174725 ], [ 33.721036687, 3.418112721 ], [ 33.722398885, 3.414577297 ], [ 33.722076904, 3.405187701 ], [ 33.732671132, 3.392835683 ], [ 33.731811377, 3.387882262 ], [ 33.736497865, 3.385975002 ], [ 33.739382625, 3.382965955 ], [ 33.742422206, 3.376527866 ], [ 33.740451395, 3.36146315 ], [ 33.823519427, 3.312777129 ], [ 33.820879262, 3.316840399 ], [ 33.823150532, 3.31779433 ], [ 33.823092924, 3.322326843 ], [ 33.820579729, 3.325658923 ], [ 33.817113584, 3.326833473 ], [ 33.814448519, 3.332077324 ], [ 33.815838762, 3.343607767 ], [ 33.818110118, 3.344592526 ], [ 33.817866215, 3.34647355 ], [ 33.815566237, 3.347986298 ], [ 33.814868546, 3.35766849 ], [ 33.812080868, 3.363128292 ], [ 33.808646437, 3.365721146 ], [ 33.808249482, 3.3680648 ], [ 33.806285286, 3.36754227 ], [ 33.805552806, 3.372322026 ], [ 33.802116529, 3.37272571 ], [ 33.800829443, 3.374730936 ], [ 33.803657175, 3.38055607 ], [ 33.802372396, 3.38536712 ], [ 33.804001523, 3.388819083 ], [ 33.801030001, 3.394741537 ], [ 33.80078483, 3.399124293 ], [ 33.802222304, 3.400697399 ], [ 33.800461353, 3.402666754 ], [ 33.801572317, 3.404108943 ], [ 33.799421083, 3.407784124 ], [ 33.80348299, 3.411311565 ], [ 33.801744502, 3.414239946 ], [ 33.804545148, 3.418427028 ], [ 33.807061388, 3.428538217 ], [ 33.808562891, 3.429521684 ], [ 33.806055067, 3.433708962 ], [ 33.806760916, 3.435431661 ], [ 33.805108261, 3.436817854 ], [ 33.806307087, 3.442048276 ], [ 33.804501235, 3.443373058 ], [ 33.803127768, 3.449005712 ], [ 33.805213833, 3.453096772 ], [ 33.804758504, 3.457928548 ], [ 33.807180775, 3.461157662 ], [ 33.803783037, 3.46337623 ], [ 33.797298692, 3.47365999 ], [ 33.80055733, 3.487997526 ], [ 33.799332704, 3.48858326 ], [ 33.798262905, 3.493641739 ], [ 33.802081713, 3.499799113 ], [ 33.809262164, 3.502046802 ], [ 33.81091223, 3.50783035 ], [ 33.8122599, 3.509782544 ], [ 33.814128865, 3.509255005 ], [ 33.813756479, 3.51098331 ], [ 33.83069978, 3.506568889 ], [ 33.836334794, 3.506524255 ], [ 33.842679601, 3.507033231 ], [ 33.849186394, 3.512372212 ], [ 33.852812321, 3.513002362 ], [ 33.865734879, 3.510179415 ], [ 33.875624584, 3.514243138 ], [ 33.878329474, 3.509687565 ], [ 33.881088004, 3.509833426 ], [ 33.881036984, 3.50795288 ], [ 33.884041512, 3.507801564 ], [ 33.885763358, 3.505523422 ], [ 33.888816381, 3.50458022 ], [ 33.891822064, 3.505666111 ], [ 33.893741662, 3.504179597 ], [ 33.893989449, 3.505763012 ], [ 33.897240335, 3.505710398 ], [ 33.897241421, 3.506848647 ], [ 33.898717653, 3.505313062 ], [ 33.898272739, 3.503630862 ], [ 33.899505095, 3.504619454 ], [ 33.908072986, 3.501790276 ], [ 33.911915207, 3.502033972 ], [ 33.919400578, 3.50970423 ], [ 33.925784301, 3.508845953 ], [ 33.936610592, 3.511340848 ], [ 33.937461893, 3.51469766 ], [ 33.948433937, 3.513283325 ], [ 33.956520342, 3.519138402 ], [ 33.972885851, 3.524032559 ], [ 33.979677484, 3.531692822 ], [ 33.988921767, 3.54726834 ], [ 33.991426172, 3.556987694 ], [ 33.988648854, 3.571974674 ], [ 33.988950886, 3.574530142 ], [ 33.991597049, 3.576782387 ], [ 33.989706864, 3.581745687 ], [ 33.990461251, 3.587457822 ], [ 33.989000291, 3.590196491 ], [ 33.983626175, 3.591846649 ], [ 33.980236029, 3.590416919 ], [ 33.978716634, 3.587193431 ], [ 33.975439684, 3.586399192 ], [ 33.960431472, 3.590084637 ], [ 33.953674214, 3.59012844 ], [ 33.950461827, 3.591966552 ], [ 33.947575546, 3.591272357 ], [ 33.944837824, 3.59296318 ], [ 33.94451132, 3.595128532 ], [ 33.941443829, 3.595828923 ], [ 33.93949367, 3.599865599 ], [ 33.936359963, 3.602346397 ], [ 33.939870032, 3.604318966 ], [ 33.939448941, 3.605520313 ], [ 33.936000356, 3.607564697 ], [ 33.934441124, 3.606727615 ], [ 33.931382627, 3.609274798 ], [ 33.931384395, 3.611008093 ], [ 33.927713364, 3.613276335 ], [ 33.925347645, 3.612971239 ], [ 33.922954952, 3.61661145 ], [ 33.919662667, 3.618197388 ], [ 33.923029472, 3.61948879 ], [ 33.925471563, 3.623933658 ], [ 33.930037748, 3.625216209 ], [ 33.932683604, 3.628170121 ], [ 33.936303848, 3.629498865 ], [ 33.936927515, 3.632407929 ], [ 33.938376917, 3.63354952 ], [ 33.939203614, 3.632717311 ], [ 33.944330871, 3.63920682 ], [ 33.945475168, 3.645336781 ], [ 33.95147911, 3.649227345 ], [ 33.959194215, 3.657116849 ], [ 33.966647769, 3.662148808 ], [ 33.977461959, 3.665826078 ], [ 33.980622816, 3.671070411 ], [ 33.977887913, 3.676996687 ], [ 33.980488063, 3.689723638 ], [ 33.993392967, 3.69413705 ], [ 34.002767507, 3.699676282 ], [ 34.005638354, 3.744716074 ], [ 34.004201196, 3.754881763 ], [ 34.001048013, 3.761370689 ], [ 34.003287899, 3.758765529 ], [ 34.005180394, 3.767520717 ], [ 34.010736988, 3.774679372 ], [ 34.012825474, 3.781443975 ], [ 34.007184902, 3.787421497 ], [ 34.008784148, 3.799460995 ], [ 34.008399176, 3.809213959 ], [ 34.006619989, 3.812898121 ], [ 34.008513243, 3.822051311 ], [ 34.004078309, 3.842457207 ], [ 34.005876575, 3.854994025 ], [ 34.00922936, 3.855116899 ], [ 33.861282367, 4.103294431 ] ] ] } },
{ "type": "Feature", "properties": { "shapeName": "Kitgum", "shapeISO": "", "shapeID": "80733802B47232209625713", "shapeGroup": "UGA", "shapeType": "ADM2" }, "geometry": { "type": "Polygon", "coordinates": [ [ [ 33.550520212, 3.281461967 ], [ 33.554967134, 3.279948609 ], [ 33.559792202, 3.280163984 ], [ 33.56027007, 3.281695744 ], [ 33.562820589, 3.279614347 ], [ 33.569965847, 3.280607521 ], [ 33.575294759, 3.278410532 ], [ 33.578524694, 3.27461916 ], [ 33.582466196, 3.275671087 ], [ 33.583173192, 3.272564994 ], [ 33.58515814, 3.273133681 ], [ 33.585981798, 3.275640534 ], [ 33.587370351, 3.274471526 ], [ 33.59814514, 3.276402605 ], [ 33.598993454, 3.2726411 ], [ 33.602152652, 3.273010184 ], [ 33.607730977, 3.263781245 ], [ 33.613386809, 3.263323781 ], [ 33.623525523, 3.265115403 ], [ 33.629880777, 3.256121987 ], [ 33.629300121, 3.252254171 ], [ 33.631484283, 3.248475422 ], [ 33.634555561, 3.247402021 ], [ 33.635713024, 3.248944929 ], [ 33.637519333, 3.247799676 ], [ 33.642001086, 3.248323477 ], [ 33.646226611, 3.243744343 ], [ 33.652515603, 3.244648306 ], [ 33.657248381, 3.242175415 ], [ 33.661405503, 3.243716324 ], [ 33.665650583, 3.241588765 ], [ 33.667043131, 3.243349397 ], [ 33.66877671, 3.241604854 ], [ 33.675154776, 3.240619943 ], [ 33.686105496, 3.241084712 ], [ 33.693156314, 3.246273715 ], [ 33.693973364, 3.251975466 ], [ 33.697607644, 3.255150987 ], [ 33.696708649, 3.261707454 ], [ 33.70105578, 3.267308979 ], [ 33.701216969, 3.269396269 ], [ 33.707223519, 3.275378985 ], [ 33.712906802, 3.275994252 ], [ 33.715243188, 3.287897654 ], [ 33.71983059, 3.287871403 ], [ 33.721662152, 3.290472368 ], [ 33.72654427, 3.292907788 ], [ 33.725305445, 3.294968248 ], [ 33.727706283, 3.296456988 ], [ 33.727498633, 3.307540906 ], [ 33.731225245, 3.315180266 ], [ 33.728404597, 3.329572247 ], [ 33.729301679, 3.33470911 ], [ 33.73081279, 3.337181131 ], [ 33.734681758, 3.338250388 ], [ 33.736448407, 3.342053783 ], [ 33.740847818, 3.357139511 ], [ 33.740451395, 3.36146315 ], [ 33.742422206, 3.376527866 ], [ 33.739382625, 3.382965955 ], [ 33.736497865, 3.385975002 ], [ 33.731811377, 3.387882262 ], [ 33.732671132, 3.392835683 ], [ 33.722076904, 3.405187701 ], [ 33.722398885, 3.414577297 ], [ 33.721036687, 3.418112721 ], [ 33.714843964, 3.420174725 ], [ 33.711066543, 3.423078929 ], [ 33.705139847, 3.430046649 ], [ 33.702102671, 3.44028284 ], [ 33.699271025, 3.444557853 ], [ 33.692605568, 3.446567331 ], [ 33.684971043, 3.451507342 ], [ 33.681462909, 3.458082023 ], [ 33.670499674, 3.468538553 ], [ 33.66536923, 3.477012646 ], [ 33.662864119, 3.477679824 ], [ 33.651323985, 3.475521544 ], [ 33.643943816, 3.481295087 ], [ 33.64368735, 3.48945727 ], [ 33.646680083, 3.495506269 ], [ 33.641400192, 3.502356487 ], [ 33.641135017, 3.507284386 ], [ 33.638704206, 3.512586091 ], [ 33.634648985, 3.51578248 ], [ 33.622518192, 3.532001913 ], [ 33.625690496, 3.538440193 ], [ 33.632151212, 3.567418744 ], [ 33.602442545, 3.591162446 ], [ 33.510703253, 3.751986258 ], [ 33.487938665, 3.751265922 ], [ 33.328233541, 3.764106195 ], [ 33.329552974, 3.762217141 ], [ 33.327785653, 3.758794053 ], [ 33.329803863, 3.757589262 ], [ 33.33011761, 3.753153248 ], [ 33.326833327, 3.742444967 ], [ 33.329665042, 3.723402126 ], [ 33.325878087, 3.716657726 ], [ 33.321782604, 3.716723845 ], [ 33.320075758, 3.713745698 ], [ 33.317870434, 3.713430032 ], [ 33.315719668, 3.711017515 ], [ 33.312563825, 3.705758924 ], [ 33.318235201, 3.689565842 ], [ 33.312113346, 3.679207635 ], [ 33.302900644, 3.670306685 ], [ 33.293745478, 3.642712001 ], [ 33.29398922, 3.624017681 ], [ 33.298841406, 3.610296414 ], [ 33.299784297, 3.600473721 ], [ 33.305645613, 3.587322408 ], [ 33.307407573, 3.575186422 ], [ 33.306460741, 3.57290541 ], [ 33.289683564, 3.571421668 ], [ 33.283374692, 3.565403453 ], [ 33.275868024, 3.560906436 ], [ 33.273974082, 3.554601641 ], [ 33.274793023, 3.551369503 ], [ 33.269934974, 3.545414106 ], [ 33.269931789, 3.534419329 ], [ 33.267849236, 3.529857246 ], [ 33.271189085, 3.513921275 ], [ 33.239054474, 3.512651229 ], [ 33.198204725, 3.521557238 ], [ 33.183619599, 3.521934987 ], [ 33.162188484, 3.515889631 ], [ 33.152313149, 3.508091116 ], [ 33.148692031, 3.507074503 ], [ 33.141601984, 3.509069827 ], [ 33.131589709, 3.509320477 ], [ 33.122134086, 3.499541449 ], [ 33.108669264, 3.496805476 ], [ 33.092772365, 3.502100324 ], [ 33.087913254, 3.507845669 ], [ 33.077554936, 3.512995005 ], [ 33.071485806, 3.515237613 ], [ 33.062024832, 3.51555219 ], [ 33.055063257, 3.52053014 ], [ 33.044308086, 3.522189886 ], [ 33.032235968, 3.509570495 ], [ 33.029218204, 3.501899507 ], [ 33.026837927, 3.503081259 ], [ 33.028586287, 3.501696235 ], [ 33.014655644, 3.497736841 ], [ 33.012598619, 3.495971307 ], [ 33.007590999, 3.490041967 ], [ 33.003807254, 3.479574281 ], [ 32.9979327, 3.478487326 ], [ 32.990102055, 3.480857756 ], [ 32.981190213, 3.480001613 ], [ 32.968014272, 3.47072133 ], [ 32.966108745, 3.466316852 ], [ 32.965844512, 3.457188074 ], [ 32.957942359, 3.452541672 ], [ 32.950635165, 3.444452355 ], [ 32.94904644, 3.439761236 ], [ 32.950545177, 3.436004752 ], [ 32.940081849, 3.438180268 ], [ 32.934627305, 3.436177976 ], [ 32.930484964, 3.432585054 ], [ 32.91682785, 3.427073481 ], [ 32.914312668, 3.425122196 ], [ 32.915985194, 3.414352308 ], [ 32.912716041, 3.417251702 ], [ 32.904757078, 3.418548685 ], [ 32.895301527, 3.408691945 ], [ 32.885714056, 3.394706467 ], [ 32.881631501, 3.393064641 ], [ 32.873466701, 3.391402259 ], [ 32.86551841, 3.393349325 ], [ 32.829495749, 3.388836573 ], [ 32.817133615, 3.389480604 ], [ 32.797554971, 3.387106936 ], [ 32.768192485, 3.378714669 ], [ 32.763925529, 3.381164291 ], [ 32.755036217, 3.382641437 ], [ 32.747169062, 3.385811834 ], [ 32.74395631, 3.387963063 ], [ 32.738226146, 3.397247228 ], [ 32.734388929, 3.399906991 ], [ 32.730207646, 3.392096825 ], [ 32.729149548, 3.381165997 ], [ 32.731659258, 3.372142716 ], [ 32.731257488, 3.355186248 ], [ 32.72231249, 3.343091874 ], [ 32.716102419, 3.327793003 ], [ 32.713041421, 3.32380944 ], [ 32.706909563, 3.318531234 ], [ 32.694602362, 3.315396322 ], [ 32.695873018, 3.310873913 ], [ 32.702990001, 3.306237309 ], [ 32.709261242, 3.299899513 ], [ 32.715454591, 3.296692823 ], [ 32.717802017, 3.292325309 ], [ 32.717779941, 3.28762342 ], [ 32.713383692, 3.275469806 ], [ 32.711860347, 3.263157162 ], [ 32.715386754, 3.252330803 ], [ 32.717868337, 3.250096692 ], [ 32.719314347, 3.245266662 ], [ 32.714776028, 3.238589297 ], [ 32.713252648, 3.228501062 ], [ 32.714916095, 3.220175402 ], [ 32.709686586, 3.214656982 ], [ 32.707329952, 3.202826859 ], [ 32.705470425, 3.199943523 ], [ 32.705626677, 3.195658323 ], [ 32.709000106, 3.190100695 ], [ 32.706791931, 3.186698599 ], [ 32.703281119, 3.189401148 ], [ 32.703183455, 3.186580134 ], [ 32.697696604, 3.187236345 ], [ 32.702057751, 3.186227225 ], [ 32.703988427, 3.182865675 ], [ 32.707724395, 3.18420587 ], [ 32.713808915, 3.181402927 ], [ 32.717753229, 3.184593717 ], [ 32.729675694, 3.175847896 ], [ 32.737866226, 3.18041796 ], [ 32.738840758, 3.182342372 ], [ 32.743054888, 3.180893417 ], [ 32.742285414, 3.187509505 ], [ 32.743310831, 3.18941197 ], [ 32.746960621, 3.193632802 ], [ 32.75157339, 3.192775351 ], [ 32.752443649, 3.20392497 ], [ 32.754062786, 3.204485602 ], [ 32.756800421, 3.202581432 ], [ 32.761327943, 3.203535044 ], [ 32.765056069, 3.209864955 ], [ 32.767702569, 3.205017634 ], [ 32.770381527, 3.205772264 ], [ 32.771766006, 3.208598544 ], [ 32.775501239, 3.207640484 ], [ 32.779072867, 3.210178587 ], [ 32.780764151, 3.208048554 ], [ 32.780015678, 3.200209038 ], [ 32.782504626, 3.198545957 ], [ 32.783862823, 3.194812073 ], [ 32.781661615, 3.187211614 ], [ 32.7822585, 3.179910964 ], [ 32.785711714, 3.178906334 ], [ 32.795536818, 3.169417319 ], [ 32.804240352, 3.171345939 ], [ 32.806788809, 3.169239959 ], [ 32.808169827, 3.170197699 ], [ 32.813516863, 3.165399313 ], [ 32.820791825, 3.165963123 ], [ 32.825269412, 3.162301519 ], [ 32.827936361, 3.163259448 ], [ 32.83095005, 3.161421885 ], [ 32.840001541, 3.160846669 ], [ 32.84344352, 3.161487927 ], [ 32.843512105, 3.163350337 ], [ 32.845737898, 3.163858967 ], [ 32.856128105, 3.162482899 ], [ 32.85988946, 3.158382752 ], [ 32.864096515, 3.157806655 ], [ 32.865119205, 3.15931225 ], [ 32.870666864, 3.160087308 ], [ 32.871747647, 3.181837964 ], [ 32.926246652, 3.209653294 ], [ 32.925353757, 3.215932382 ], [ 32.91821326, 3.228137742 ], [ 32.917893833, 3.23675554 ], [ 32.9116522, 3.24642092 ], [ 32.918908329, 3.240018121 ], [ 32.932887682, 3.235968141 ], [ 32.935602598, 3.23654281 ], [ 32.98430559, 3.200327856 ], [ 33.018935627, 3.136880503 ], [ 33.023455188, 3.133626645 ], [ 33.023650404, 3.127811335 ], [ 33.025879011, 3.123896822 ], [ 33.035209199, 3.125350512 ], [ 33.060084341, 3.138242214 ], [ 33.059429511, 3.133323537 ], [ 33.067931144, 3.121734252 ], [ 33.069083485, 3.113911758 ], [ 33.081084154, 3.10981439 ], [ 33.082052527, 3.108116441 ], [ 33.080466641, 3.098410971 ], [ 33.08161836, 3.083924921 ], [ 33.08346547, 3.078323629 ], [ 33.103407537, 3.080367473 ], [ 33.120199349, 3.071510611 ], [ 33.124273129, 3.071922544 ], [ 33.123505553, 3.070942833 ], [ 33.131341892, 3.074035468 ], [ 33.137562207, 3.091653078 ], [ 33.137862514, 3.096006293 ], [ 33.136597808, 3.098087672 ], [ 33.137770619, 3.100252 ], [ 33.136292078, 3.102237764 ], [ 33.138945741, 3.118813007 ], [ 33.135116282, 3.130702102 ], [ 33.135670131, 3.133177574 ], [ 33.133787619, 3.13497212 ], [ 33.134922132, 3.138440057 ], [ 33.132643755, 3.147745375 ], [ 33.138619212, 3.162417972 ], [ 33.142419065, 3.165143548 ], [ 33.140756871, 3.181397234 ], [ 33.160214397, 3.180338341 ], [ 33.179987633, 3.181945965 ], [ 33.211333228, 3.170740031 ], [ 33.235261176, 3.176100265 ], [ 33.246292545, 3.172184873 ], [ 33.282786203, 3.185426513 ], [ 33.336498191, 3.181788801 ], [ 33.33320355, 3.184515189 ], [ 33.32765968, 3.195114686 ], [ 33.325802721, 3.19502013 ], [ 33.323089721, 3.198490007 ], [ 33.31148556, 3.204847378 ], [ 33.30963052, 3.21185676 ], [ 33.309989028, 3.216903494 ], [ 33.302598842, 3.224478189 ], [ 33.300813493, 3.22887609 ], [ 33.302826596, 3.233885989 ], [ 33.32827836, 3.255241928 ], [ 33.355689526, 3.264919878 ], [ 33.366475793, 3.270131489 ], [ 33.377060342, 3.277740818 ], [ 33.381736174, 3.276799056 ], [ 33.390221938, 3.279259366 ], [ 33.392956752, 3.281342872 ], [ 33.395787384, 3.287311232 ], [ 33.396481623, 3.298956383 ], [ 33.402853413, 3.303162352 ], [ 33.41477953, 3.304853254 ], [ 33.422150757, 3.304405481 ], [ 33.428180071, 3.303612264 ], [ 33.433531029, 3.299483009 ], [ 33.437643111, 3.300161412 ], [ 33.48261594, 3.295870864 ], [ 33.484640413, 3.297634125 ], [ 33.487017947, 3.294545543 ], [ 33.485135546, 3.293140325 ], [ 33.485686477, 3.291257278 ], [ 33.484567974, 3.291364689 ], [ 33.486292321, 3.286457435 ], [ 33.489604695, 3.28706299 ], [ 33.492322175, 3.285306017 ], [ 33.494956086, 3.282532672 ], [ 33.494789098, 3.280442679 ], [ 33.496846179, 3.280273613 ], [ 33.499338595, 3.276855972 ], [ 33.510412482, 3.27830652 ], [ 33.513240769, 3.276351883 ], [ 33.523657545, 3.276245942 ], [ 33.526602439, 3.278772013 ], [ 33.531446379, 3.278582746 ], [ 33.533588794, 3.276743318 ], [ 33.538333363, 3.277803523 ], [ 33.539833219, 3.276869204 ], [ 33.542780734, 3.280630078 ], [ 33.545636274, 3.27991071 ], [ 33.550520212, 3.281461967 ] ] ] } },
{ "type": "Feature", "properties": { "shapeName": "Koboko", "shapeISO": "", "shapeID": "80733802B48968968715745", "shapeGroup": "UGA", "shapeType": "ADM2" }, "geometry": { "type": "Polygon", "coordinates": [ [ [ 31.10046505, 3.735840888 ], [ 31.09435796, 3.739308054 ], [ 31.092305604, 3.734238748 ], [ 31.090772062, 3.734761319 ], [ 31.088826529, 3.741528026 ], [ 31.084706563, 3.739422493 ], [ 31.08018605, 3.742847808 ], [ 31.069580958, 3.742535038 ], [ 31.063145418, 3.737431405 ], [ 31.063103454, 3.735497516 ], [ 31.061054916, 3.735890399 ], [ 31.059021637, 3.733586516 ], [ 31.063709999, 3.729573787 ], [ 31.06359174, 3.727632269 ], [ 31.060703949, 3.725057567 ], [ 31.061756826, 3.722627808 ], [ 31.060707758, 3.719160539 ], [ 31.054836808, 3.716582024 ], [ 31.053116339, 3.712740947 ], [ 31.051014395, 3.713686915 ], [ 31.04863397, 3.71268755 ], [ 31.036491514, 3.702751107 ], [ 31.03345876, 3.698532407 ], [ 31.022819331, 3.69329909 ], [ 31.0196111, 3.693428781 ], [ 31.016795796, 3.700077244 ], [ 31.009681231, 3.703231739 ], [ 31.008384208, 3.706187883 ], [ 31.0007165, 3.708701564 ], [ 30.988837269, 3.705905634 ], [ 30.980925408, 3.701385603 ], [ 30.972189551, 3.690480305 ], [ 30.968534983, 3.681737754 ], [ 30.967373465, 3.6730087 ], [ 30.960829582, 3.671510345 ], [ 30.955994664, 3.668695075 ], [ 30.955533334, 3.664006847 ], [ 30.952271921, 3.661732941 ], [ 30.949651535, 3.653892926 ], [ 30.947857506, 3.653093484 ], [ 30.94668607, 3.650244118 ], [ 30.94982664, 3.640547382 ], [ 30.949226691, 3.633191346 ], [ 30.940364216, 3.626375987 ], [ 30.939314255, 3.619042806 ], [ 30.931115048, 3.619575287 ], [ 30.926704022, 3.615740804 ], [ 30.926874843, 3.611818462 ], [ 30.921083204, 3.599394195 ], [ 30.917174217, 3.599327958 ], [ 30.909237395, 3.594188029 ], [ 30.908227448, 3.587084091 ], [ 30.905267555, 3.585121889 ], [ 30.903377743, 3.574587874 ], [ 30.888267749, 3.555061783 ], [ 30.886887984, 3.547860497 ], [ 30.88305135, 3.539013805 ], [ 30.881588672, 3.53837661 ], [ 30.879260421, 3.525778215 ], [ 30.875002516, 3.51901152 ], [ 30.873532069, 3.511318406 ], [ 30.870364521, 3.506659049 ], [ 30.870052893, 3.502353045 ], [ 30.864414029, 3.49067128 ], [ 30.86205284, 3.481948401 ], [ 30.871062171, 3.479672805 ], [ 30.875023882, 3.48050697 ], [ 30.877197436, 3.482574854 ], [ 30.878735117, 3.48157974 ], [ 30.880499141, 3.488466264 ], [ 30.884126555, 3.492438965 ], [ 30.890915949, 3.495647441 ], [ 30.893056689, 3.499114496 ], [ 30.903141864, 3.500265007 ], [ 30.912255381, 3.505605127 ], [ 30.930318371, 3.505036772 ], [ 30.936605131, 3.506467158 ], [ 30.940707925, 3.499273154 ], [ 30.938267118, 3.493056412 ], [ 30.942350819, 3.480155956 ], [ 30.943706381, 3.466689237 ], [ 30.942546456, 3.46308214 ], [ 30.937414294, 3.459757969 ], [ 30.937913979, 3.455030281 ], [ 30.935788687, 3.441914357 ], [ 30.938395545, 3.422938141 ], [ 30.938589025, 3.401306081 ], [ 30.92594604, 3.389510269 ], [ 30.919028058, 3.385272512 ], [ 30.917868038, 3.381721706 ], [ 30.918889189, 3.37207907 ], [ 30.917992329, 3.369305659 ], [ 30.924860438, 3.363977201 ], [ 30.928100787, 3.357727651 ], [ 30.931142669, 3.355828337 ], [ 30.932278089, 3.350194809 ], [ 30.937433073, 3.349510571 ], [ 30.936704197, 3.343108872 ], [ 30.941599468, 3.335784804 ], [ 30.946530491, 3.332018737 ], [ 30.947693519, 3.33288768 ], [ 30.946984591, 3.335531319 ], [ 30.950437892, 3.333516706 ], [ 30.951592544, 3.33478088 ], [ 30.957219711, 3.331296188 ], [ 30.95762856, 3.328965396 ], [ 30.962928805, 3.329121778 ], [ 30.962112529, 3.325604816 ], [ 30.963445883, 3.32574673 ], [ 30.963434892, 3.327548282 ], [ 30.965433759, 3.326556436 ], [ 30.966279604, 3.329875729 ], [ 30.971337362, 3.329842268 ], [ 30.973042896, 3.333302497 ], [ 30.97350753, 3.330615726 ], [ 30.975439178, 3.330749597 ], [ 30.97519482, 3.329385415 ], [ 30.977412973, 3.327478808 ], [ 30.979926738, 3.328171749 ], [ 30.980349522, 3.324881532 ], [ 30.983290294, 3.323823356 ], [ 30.987258138, 3.339626175 ], [ 30.986938184, 3.33828965 ], [ 31.009187182, 3.331551171 ], [ 31.01904199, 3.331523304 ], [ 31.031540478, 3.333780197 ], [ 31.038650975, 3.331796452 ], [ 31.041722881, 3.332587821 ], [ 31.045678517, 3.329046497 ], [ 31.045927338, 3.322292993 ], [ 31.050467877, 3.324457648 ], [ 31.058831606, 3.362652041 ], [ 31.064251864, 3.375527513 ], [ 31.068496174, 3.370482483 ], [ 31.075780419, 3.375550519 ], [ 31.080810922, 3.376232554 ], [ 31.080861855, 3.382158764 ], [ 31.08268274, 3.384640205 ], [ 31.082096486, 3.387471601 ], [ 31.085328709, 3.390035915 ], [ 31.083500989, 3.39363591 ], [ 31.080388736, 3.393512585 ], [ 31.087396405, 3.40014637 ], [ 31.088668304, 3.406958373 ], [ 31.089776076, 3.407439162 ], [ 31.090288677, 3.419912924 ], [ 31.095170961, 3.426807495 ], [ 31.096410447, 3.433423967 ], [ 31.102577086, 3.437936789 ], [ 31.097643411, 3.4430104 ], [ 31.09555651, 3.442052208 ], [ 31.093382155, 3.444146645 ], [ 31.09294477, 3.449780852 ], [ 31.089757982, 3.455673236 ], [ 31.092291686, 3.461817943 ], [ 31.09223963, 3.47283298 ], [ 31.089208335, 3.475806325 ], [ 31.094280875, 3.525211899 ], [ 31.089780117, 3.532292459 ], [ 31.090222968, 3.536440661 ], [ 31.086410762, 3.543630504 ], [ 31.087320047, 3.55048217 ], [ 31.089536398, 3.553237975 ], [ 31.088098594, 3.553654538 ], [ 31.088918297, 3.555437362 ], [ 31.087054891, 3.556833434 ], [ 31.087150752, 3.558494912 ], [ 31.089490915, 3.562711045 ], [ 31.089419763, 3.566075463 ], [ 31.092003295, 3.568706836 ], [ 31.091089524, 3.578903992 ], [ 31.099622421, 3.590996324 ], [ 31.10046505, 3.735840888 ] ] ] } },
{ "type": "Feature", "properties": { "shapeName": "Kole", "shapeISO": "", "shapeID": "80733802B68655300730438", "shapeGroup": "UGA", "shapeType": "ADM2" }, "geometry": { "type": "Polygon", "coordinates": [ [ [ 32.624678744, 2.144566649 ], [ 32.631012159, 2.136733453 ], [ 32.641808512, 2.136711273 ], [ 32.64620183, 2.132002865 ], [ 32.654033102, 2.130260421 ], [ 32.658714195, 2.130697532 ], [ 32.663654425, 2.135437139 ], [ 32.675704707, 2.136381725 ], [ 32.68365684, 2.132710272 ], [ 32.696386163, 2.131600059 ], [ 32.699933943, 2.135436736 ], [ 32.703556499, 2.145081672 ], [ 32.70878751, 2.149904799 ], [ 32.715206597, 2.149516992 ], [ 32.723166065, 2.146775627 ], [ 32.724032245, 2.142071566 ], [ 32.722795866, 2.13507684 ], [ 32.724033758, 2.133612247 ], [ 32.740560009, 2.132113703 ], [ 32.74667526, 2.132700656 ], [ 32.749494798, 2.136405605 ], [ 32.752620546, 2.137101814 ], [ 32.77468806, 2.137286177 ], [ 32.779645657, 2.133668032 ], [ 32.783395253, 2.118804058 ], [ 32.782665422, 2.11683167 ], [ 32.799169574, 2.085675395 ], [ 32.80484226, 2.087937912 ], [ 32.807175248, 2.090643313 ], [ 32.808362861, 2.095139915 ], [ 32.813297612, 2.097556116 ], [ 32.819497408, 2.098732985 ], [ 32.828352647, 2.091812878 ], [ 32.832767855, 2.096472669 ], [ 32.838715786, 2.098472731 ], [ 32.842640681, 2.102888172 ], [ 32.848658648, 2.104671072 ], [ 32.851282225, 2.087581139 ], [ 32.86004025, 2.07827236 ], [ 32.868817157, 2.084081436 ], [ 32.873006303, 2.084579379 ], [ 32.882161377, 2.092731647 ], [ 32.898970781, 2.101391239 ], [ 32.896949586, 2.11000591 ], [ 32.924749483, 2.132514131 ], [ 32.924147576, 2.146298296 ], [ 32.914853755, 2.172521303 ], [ 32.910518345, 2.174565724 ], [ 32.908190052, 2.177415459 ], [ 32.899029892, 2.17721583 ], [ 32.896299826, 2.182137332 ], [ 32.891140403, 2.183539283 ], [ 32.88802494, 2.189193564 ], [ 32.884834968, 2.191283227 ], [ 32.879514918, 2.190577123 ], [ 32.875189965, 2.194150416 ], [ 32.868456683, 2.195181217 ], [ 32.867024604, 2.193950669 ], [ 32.863958618, 2.198211626 ], [ 32.862852601, 2.202563231 ], [ 32.865208059, 2.205268562 ], [ 32.830025582, 2.218274797 ], [ 32.82436259, 2.217649875 ], [ 32.821078702, 2.218943227 ], [ 32.820304806, 2.222733903 ], [ 32.822469732, 2.227212524 ], [ 32.822409726, 2.23074092 ], [ 32.816161983, 2.242438154 ], [ 32.810488535, 2.248164289 ], [ 32.813169001, 2.265110003 ], [ 32.818491941, 2.273678363 ], [ 32.818176119, 2.281956491 ], [ 32.816030905, 2.287800692 ], [ 32.816253832, 2.294034225 ], [ 32.81892712, 2.3019418 ], [ 32.818454631, 2.306564847 ], [ 32.811374262, 2.313928317 ], [ 32.809461026, 2.318406408 ], [ 32.809642562, 2.322839545 ], [ 32.810420737, 2.32555134 ], [ 32.811948835, 2.324692634 ], [ 32.813184541, 2.32593596 ], [ 32.813454384, 2.3244216 ], [ 32.815015951, 2.325359829 ], [ 32.820903401, 2.323654072 ], [ 32.823157156, 2.320664099 ], [ 32.826968342, 2.321514919 ], [ 32.828105843, 2.320033555 ], [ 32.830183568, 2.32032736 ], [ 32.832280889, 2.31890691 ], [ 32.834790761, 2.309534326 ], [ 32.839005655, 2.306413535 ], [ 32.839105327, 2.304848383 ], [ 32.841009703, 2.303229152 ], [ 32.84612689, 2.30425205 ], [ 32.850288995, 2.301061987 ], [ 32.852944127, 2.310823118 ], [ 32.859603027, 2.324506875 ], [ 32.862820181, 2.325245283 ], [ 32.866489095, 2.32405334 ], [ 32.874334343, 2.327858063 ], [ 32.879462748, 2.325579532 ], [ 32.885177571, 2.326937092 ], [ 32.885319254, 2.329446397 ], [ 32.890912519, 2.33037198 ], [ 32.896884711, 2.329495052 ], [ 32.909499673, 2.334288196 ], [ 32.913424899, 2.342994676 ], [ 32.912832517, 2.346595583 ], [ 32.914689676, 2.347786989 ], [ 32.918215208, 2.356667725 ], [ 32.918968147, 2.369176313 ], [ 32.917361423, 2.373332606 ], [ 32.921074651, 2.386723511 ], [ 32.915834308, 2.394250469 ], [ 32.912989976, 2.395408332 ], [ 32.912104473, 2.401325143 ], [ 32.913508441, 2.406400711 ], [ 32.910416313, 2.409621313 ], [ 32.906048229, 2.426484988 ], [ 32.901798987, 2.434835242 ], [ 32.894280309, 2.443375216 ], [ 32.891801824, 2.444704954 ], [ 32.885381432, 2.444559663 ], [ 32.88279627, 2.447418348 ], [ 32.881508641, 2.462771304 ], [ 32.878238981, 2.465485162 ], [ 32.878014027, 2.472478611 ], [ 32.874437428, 2.477644214 ], [ 32.873811426, 2.483515772 ], [ 32.871285668, 2.484375009 ], [ 32.869821718, 2.48707997 ], [ 32.870399575, 2.493693511 ], [ 32.868291533, 2.497149321 ], [ 32.868527117, 2.502577648 ], [ 32.865791509, 2.50724571 ], [ 32.863322917, 2.507933065 ], [ 32.848933953, 2.497584112 ], [ 32.835823935, 2.49485627 ], [ 32.830157904, 2.498806221 ], [ 32.82978943, 2.504830307 ], [ 32.825397229, 2.519454571 ], [ 32.817271853, 2.515445562 ], [ 32.81157485, 2.510450722 ], [ 32.808280922, 2.510106449 ], [ 32.80813475, 2.508170339 ], [ 32.80296494, 2.501985118 ], [ 32.802658218, 2.497777493 ], [ 32.799123468, 2.492744286 ], [ 32.795471714, 2.490483304 ], [ 32.791982863, 2.48310378 ], [ 32.785273351, 2.480918355 ], [ 32.778563491, 2.474994259 ], [ 32.774261818, 2.473564928 ], [ 32.757135917, 2.472577587 ], [ 32.752902298, 2.470833774 ], [ 32.748647787, 2.471830938 ], [ 32.740624822, 2.467105597 ], [ 32.730400876, 2.464661744 ], [ 32.716317612, 2.467396104 ], [ 32.706384056, 2.473313239 ], [ 32.693362054, 2.4699349 ], [ 32.707324779, 2.457830604 ], [ 32.703010499, 2.445779426 ], [ 32.695057581, 2.437727893 ], [ 32.697289993, 2.432264335 ], [ 32.69669619, 2.42941769 ], [ 32.694012691, 2.427358763 ], [ 32.695789382, 2.418798978 ], [ 32.693510563, 2.415041918 ], [ 32.680405237, 2.417075471 ], [ 32.668179437, 2.402695883 ], [ 32.663649457, 2.40005015 ], [ 32.661154307, 2.394857364 ], [ 32.658180267, 2.39672213 ], [ 32.650937351, 2.397209244 ], [ 32.643175918, 2.387384576 ], [ 32.640437366, 2.381158502 ], [ 32.632536701, 2.376147463 ], [ 32.6275964, 2.370382102 ], [ 32.62049968, 2.368264924 ], [ 32.615966419, 2.364231494 ], [ 32.614653061, 2.360793867 ], [ 32.617099815, 2.349252624 ], [ 32.614477975, 2.339916531 ], [ 32.616619457, 2.338075376 ], [ 32.622541963, 2.337695429 ], [ 32.624029367, 2.33584198 ], [ 32.621059039, 2.330074745 ], [ 32.620929813, 2.326713288 ], [ 32.626280313, 2.322257422 ], [ 32.646053494, 2.322426577 ], [ 32.657290564, 2.308466506 ], [ 32.66251811, 2.304097967 ], [ 32.659736594, 2.298088831 ], [ 32.655043506, 2.292762476 ], [ 32.654271775, 2.27428112 ], [ 32.647705639, 2.264355136 ], [ 32.639694314, 2.256288891 ], [ 32.627790065, 2.257994018 ], [ 32.624662956, 2.257191081 ], [ 32.621667692, 2.254151257 ], [ 32.616339902, 2.254962191 ], [ 32.608885542, 2.251525474 ], [ 32.600321917, 2.242567301 ], [ 32.587114591, 2.233323326 ], [ 32.580826055, 2.222118098 ], [ 32.576773816, 2.218590974 ], [ 32.580135699, 2.211864615 ], [ 32.592867149, 2.21032115 ], [ 32.594044185, 2.209109176 ], [ 32.59586293, 2.199194156 ], [ 32.606038416, 2.193813919 ], [ 32.613919653, 2.183330482 ], [ 32.614620784, 2.1791057 ], [ 32.618210627, 2.173823153 ], [ 32.623975802, 2.171228109 ], [ 32.632923676, 2.17139986 ], [ 32.626390976, 2.162187822 ], [ 32.624678744, 2.144566649 ] ] ] } },
{ "type": "Feature", "properties": { "shapeName": "Kotido", "shapeISO": "", "shapeID": "80733802B32525095134730", "shapeGroup": "UGA", "shapeType": "ADM2" }, "geometry": { "type": "Polygon", "coordinates": [ [ [ 33.965760814, 2.616704508 ], [ 33.986723899, 2.644158035 ], [ 33.986592521, 2.650986552 ], [ 33.982610073, 2.656081477 ], [ 33.982865806, 2.662637591 ], [ 33.986507136, 2.668957448 ], [ 34.019642065, 2.699035375 ], [ 34.031138362, 2.711857717 ], [ 34.047652607, 2.725680748 ], [ 34.070808803, 2.741181458 ], [ 34.084178485, 2.745373003 ], [ 34.09439553, 2.751870539 ], [ 34.103075459, 2.755358485 ], [ 34.117748216, 2.75814371 ], [ 34.148604439, 2.75961766 ], [ 34.191078228, 2.745923735 ], [ 34.260913632, 2.727058718 ], [ 34.26442397, 2.769208084 ], [ 34.281325486, 2.909928066 ], [ 34.284450294, 2.915530884 ], [ 34.305147416, 2.937958539 ], [ 34.348496696, 2.991037415 ], [ 34.397630309, 3.091925903 ], [ 34.34250444, 3.084495829 ], [ 34.256510895, 3.127370734 ], [ 34.213335901, 3.15015775 ], [ 34.214596794, 3.153204481 ], [ 34.21326927, 3.156477288 ], [ 34.21020422, 3.160272559 ], [ 34.207394319, 3.160870622 ], [ 34.205956297, 3.164552467 ], [ 34.202999997, 3.166488938 ], [ 34.19200298, 3.16738892 ], [ 34.18778029, 3.175071995 ], [ 34.187635822, 3.192859066 ], [ 34.156831808, 3.216150184 ], [ 34.147252989, 3.219370161 ], [ 34.118397705, 3.234445364 ], [ 34.113804374, 3.235063961 ], [ 34.104736079, 3.239313269 ], [ 34.085857485, 3.249509561 ], [ 34.082638201, 3.250621801 ], [ 34.070992805, 3.249942558 ], [ 34.053619045, 3.251195123 ], [ 34.044707253, 3.248826383 ], [ 34.024958382, 3.248499897 ], [ 34.011171332, 3.251583185 ], [ 34.002646827, 3.250145247 ], [ 33.991821268, 3.252520951 ], [ 33.949558356, 3.255414415 ], [ 33.919779753, 3.259337134 ], [ 33.910713428, 3.25724858 ], [ 33.905884588, 3.254313701 ], [ 33.902174604, 3.249661102 ], [ 33.904536752, 3.281871081 ], [ 33.902221371, 3.30440089 ], [ 33.907717554, 3.308182726 ], [ 33.892557813, 3.316418117 ], [ 33.888999551, 3.320714066 ], [ 33.888045697, 3.315650667 ], [ 33.878405285, 3.314778554 ], [ 33.877597959, 3.310228787 ], [ 33.876429527, 3.310229826 ], [ 33.874096793, 3.314929171 ], [ 33.872709111, 3.314783618 ], [ 33.871389162, 3.308546207 ], [ 33.869489509, 3.307446968 ], [ 33.865999957, 3.30856535 ], [ 33.864377525, 3.307378051 ], [ 33.861231652, 3.300775194 ], [ 33.851655584, 3.301819253 ], [ 33.823519427, 3.312777129 ], [ 33.740451395, 3.36146315 ], [ 33.740847818, 3.357139511 ], [ 33.736448407, 3.342053783 ], [ 33.734681758, 3.338250388 ], [ 33.73081279, 3.337181131 ], [ 33.729301679, 3.33470911 ], [ 33.728404597, 3.329572247 ], [ 33.731225245, 3.315180266 ], [ 33.727498633, 3.307540906 ], [ 33.727706283, 3.296456988 ], [ 33.725305445, 3.294968248 ], [ 33.72654427, 3.292907788 ], [ 33.721662152, 3.290472368 ], [ 33.71983059, 3.287871403 ], [ 33.715243188, 3.287897654 ], [ 33.712906802, 3.275994252 ], [ 33.707223519, 3.275378985 ], [ 33.701216969, 3.269396269 ], [ 33.70105578, 3.267308979 ], [ 33.696708649, 3.261707454 ], [ 33.697607644, 3.255150987 ], [ 33.693973364, 3.251975466 ], [ 33.693156314, 3.246273715 ], [ 33.686105496, 3.241084712 ], [ 33.675154776, 3.240619943 ], [ 33.66877671, 3.241604854 ], [ 33.667043131, 3.243349397 ], [ 33.665650583, 3.241588765 ], [ 33.661405503, 3.243716324 ], [ 33.657248381, 3.242175415 ], [ 33.652515603, 3.244648306 ], [ 33.646226611, 3.243744343 ], [ 33.642001086, 3.248323477 ], [ 33.637519333, 3.247799676 ], [ 33.635713024, 3.248944929 ], [ 33.634555561, 3.247402021 ], [ 33.631484283, 3.248475422 ], [ 33.629300121, 3.252254171 ], [ 33.629880777, 3.256121987 ], [ 33.623525523, 3.265115403 ], [ 33.613386809, 3.263323781 ], [ 33.607730977, 3.263781245 ], [ 33.602152652, 3.273010184 ], [ 33.598993454, 3.2726411 ], [ 33.59814514, 3.276402605 ], [ 33.587370351, 3.274471526 ], [ 33.585981798, 3.275640534 ], [ 33.58515814, 3.273133681 ], [ 33.583173192, 3.272564994 ], [ 33.582466196, 3.275671087 ], [ 33.578524694, 3.27461916 ], [ 33.575294759, 3.278410532 ], [ 33.569965847, 3.280607521 ], [ 33.562820589, 3.279614347 ], [ 33.56027007, 3.281695744 ], [ 33.559792202, 3.280163984 ], [ 33.554967134, 3.279948609 ], [ 33.550520212, 3.281461967 ], [ 33.554494233, 3.203415552 ], [ 33.559478771, 3.148935244 ], [ 33.559928588, 3.147950136 ], [ 33.573427966, 3.149639175 ], [ 33.580994602, 3.149123816 ], [ 33.613522615, 3.130622351 ], [ 33.628341553, 3.137466112 ], [ 33.641801734, 3.139413621 ], [ 33.677040518, 3.137961552 ], [ 33.69148533, 3.138721379 ], [ 33.704340303, 3.134641689 ], [ 33.707218014, 3.13085682 ], [ 33.6982749, 3.128501728 ], [ 33.692036378, 3.122159244 ], [ 33.68970503, 3.117112295 ], [ 33.688768857, 3.107223432 ], [ 33.681339382, 3.091441079 ], [ 33.660695084, 3.061276463 ], [ 33.664574712, 3.058421653 ], [ 33.680198321, 3.052606 ], [ 33.684614433, 3.052176274 ], [ 33.686967234, 3.053655766 ], [ 33.698875027, 3.040299305 ], [ 33.72131082, 3.021687146 ], [ 33.722827707, 3.017550792 ], [ 33.720549988, 2.990804945 ], [ 33.724416644, 2.984490808 ], [ 33.727692969, 2.98513373 ], [ 33.731270704, 2.980612679 ], [ 33.737981565, 2.978795506 ], [ 33.740011617, 2.975192559 ], [ 33.743803059, 2.973335492 ], [ 33.745023189, 2.970456216 ], [ 33.752133408, 2.96557652 ], [ 33.804068812, 2.983436923 ], [ 33.851203931, 2.949026792 ], [ 33.86584462, 2.943802084 ], [ 33.868546583, 2.937100769 ], [ 33.865202532, 2.922032285 ], [ 33.866073762, 2.919482874 ], [ 33.873274256, 2.912634793 ], [ 33.874781882, 2.894977599 ], [ 33.880305507, 2.886153104 ], [ 33.88940703, 2.875826684 ], [ 33.895385787, 2.861028604 ], [ 33.893360088, 2.844653749 ], [ 33.895720555, 2.829989669 ], [ 33.893478048, 2.821777048 ], [ 33.894933201, 2.816583768 ], [ 33.892089747, 2.810890156 ], [ 33.894566939, 2.806706622 ], [ 33.899024315, 2.803992962 ], [ 33.903421405, 2.796020057 ], [ 33.904297971, 2.790706371 ], [ 33.900855915, 2.789421729 ], [ 33.892041465, 2.752018717 ], [ 33.885913514, 2.732758731 ], [ 33.885949348, 2.724501971 ], [ 33.881888363, 2.696942837 ], [ 33.880907853, 2.670454803 ], [ 33.965760814, 2.616704508 ] ] ] } },
{ "type": "Feature", "properties": { "shapeName": "Kwania", "shapeISO": "", "shapeID": "80733802B3752991564966", "shapeGroup": "UGA", "shapeType": "ADM2" }, "geometry": { "type": "Polygon", "coordinates": [ [ [ 32.940447313, 1.813364798 ], [ 32.935522154, 1.834553326 ], [ 32.935629008, 1.840144539 ], [ 32.938495604, 1.847527209 ], [ 32.949866502, 1.8638036 ], [ 32.955017469, 1.876759422 ], [ 32.955748345, 1.88674762 ], [ 32.951533519, 1.906778145 ], [ 32.954557644, 1.914034131 ], [ 32.954309492, 1.925931271 ], [ 32.959106415, 1.935295307 ], [ 32.958486412, 1.940388899 ], [ 32.952623234, 1.946359933 ], [ 32.93806543, 1.952975962 ], [ 32.931465375, 1.962862903 ], [ 32.921778443, 1.966749542 ], [ 32.921864577, 1.970244306 ], [ 32.91772204, 1.976191707 ], [ 32.904304105, 1.963883914 ], [ 32.893345121, 1.961925758 ], [ 32.869162015, 1.945748341 ], [ 32.86593143, 1.95378284 ], [ 32.866405791, 1.972214768 ], [ 32.860484314, 1.989464846 ], [ 32.865529412, 1.990252377 ], [ 32.88447283, 2.002060467 ], [ 32.887153409, 2.009515578 ], [ 32.893520683, 2.015378619 ], [ 32.894112691, 2.020951756 ], [ 32.888606232, 2.03408797 ], [ 32.887879898, 2.045035071 ], [ 32.893089337, 2.062107559 ], [ 32.894232605, 2.07126999 ], [ 32.887189217, 2.076193686 ], [ 32.879506232, 2.078491111 ], [ 32.876972832, 2.082127899 ], [ 32.873006303, 2.084579379 ], [ 32.868817157, 2.084081436 ], [ 32.86004025, 2.07827236 ], [ 32.851282225, 2.087581139 ], [ 32.848658648, 2.104671072 ], [ 32.842640681, 2.102888172 ], [ 32.838715786, 2.098472731 ], [ 32.832767855, 2.096472669 ], [ 32.828352647, 2.091812878 ], [ 32.819497408, 2.098732985 ], [ 32.813297612, 2.097556116 ], [ 32.808362861, 2.095139915 ], [ 32.807175248, 2.090643313 ], [ 32.80484226, 2.087937912 ], [ 32.799169574, 2.085675395 ], [ 32.782665422, 2.11683167 ], [ 32.783395253, 2.118804058 ], [ 32.779645657, 2.133668032 ], [ 32.77468806, 2.137286177 ], [ 32.752620546, 2.137101814 ], [ 32.749494798, 2.136405605 ], [ 32.74667526, 2.132700656 ], [ 32.740560009, 2.132113703 ], [ 32.724033758, 2.133612247 ], [ 32.722795866, 2.13507684 ], [ 32.724032245, 2.142071566 ], [ 32.723166065, 2.146775627 ], [ 32.715206597, 2.149516992 ], [ 32.70878751, 2.149904799 ], [ 32.703556499, 2.145081672 ], [ 32.699933943, 2.135436736 ], [ 32.696386163, 2.131600059 ], [ 32.68365684, 2.132710272 ], [ 32.675704707, 2.136381725 ], [ 32.663654425, 2.135437139 ], [ 32.658714195, 2.130697532 ], [ 32.654033102, 2.130260421 ], [ 32.64620183, 2.132002865 ], [ 32.641808512, 2.136711273 ], [ 32.631012159, 2.136733453 ], [ 32.624678744, 2.144566649 ], [ 32.624881003, 2.137971403 ], [ 32.620467618, 2.124861147 ], [ 32.615368006, 2.122127672 ], [ 32.599047523, 2.12038647 ], [ 32.59690785, 2.118115109 ], [ 32.601174435, 2.092250781 ], [ 32.599664693, 2.082741972 ], [ 32.595601699, 2.074614438 ], [ 32.60610795, 2.065846818 ], [ 32.616319643, 2.065476503 ], [ 32.617187744, 2.064456197 ], [ 32.615326563, 2.051326111 ], [ 32.622307297, 2.039109177 ], [ 32.618359175, 2.027360932 ], [ 32.620902775, 2.023463314 ], [ 32.6334951, 2.023648958 ], [ 32.638459674, 2.022431885 ], [ 32.643423684, 2.023773007 ], [ 32.648689696, 2.028403314 ], [ 32.651171794, 2.028708405 ], [ 32.662675986, 2.021584397 ], [ 32.661684445, 2.004465255 ], [ 32.656428077, 1.992112134 ], [ 32.656663937, 1.982061425 ], [ 32.654535344, 1.972670098 ], [ 32.65470775, 1.967838986 ], [ 32.657845306, 1.958457798 ], [ 32.65541183, 1.946325142 ], [ 32.657809094, 1.937339447 ], [ 32.657416072, 1.929575616 ], [ 32.647903383, 1.92450076 ], [ 32.635891076, 1.922733734 ], [ 32.624358906, 1.916313166 ], [ 32.607066508, 1.903798166 ], [ 32.595457286, 1.900480098 ], [ 32.60243061, 1.892422451 ], [ 32.601318416, 1.891228227 ], [ 32.572633038, 1.879195332 ], [ 32.549486058, 1.875552584 ], [ 32.53987834, 1.87000427 ], [ 32.526803664, 1.857433163 ], [ 32.543570719, 1.835798607 ], [ 32.537697183, 1.828550459 ], [ 32.537941302, 1.814410098 ], [ 32.540006938, 1.806793072 ], [ 32.547179293, 1.79271777 ], [ 32.555682788, 1.787734971 ], [ 32.554263296, 1.745611783 ], [ 32.555842453, 1.742490943 ], [ 32.568231028, 1.733826798 ], [ 32.567831213, 1.702686854 ], [ 32.57084653, 1.693179106 ], [ 32.576055326, 1.689498118 ], [ 32.57778946, 1.673349536 ], [ 32.587122675, 1.65117991 ], [ 32.596632537, 1.655110915 ], [ 32.64001222, 1.679676919 ], [ 32.71376687, 1.747362028 ], [ 32.750606924, 1.774472706 ], [ 32.7983376, 1.826092947 ], [ 32.812285868, 1.834372678 ], [ 32.82158497, 1.836174035 ], [ 32.835892177, 1.832936506 ], [ 32.864507047, 1.814943944 ], [ 32.875629285, 1.810023045 ], [ 32.887654975, 1.806830154 ], [ 32.905972947, 1.806035043 ], [ 32.9277517, 1.812061526 ], [ 32.940447313, 1.813364798 ] ] ] } },
{ "type": "Feature", "properties": { "shapeName": "Lamwo", "shapeISO": "", "shapeID": "80733802B34283819160266", "shapeGroup": "UGA", "shapeType": "ADM2" }, "geometry": { "type": "Polygon", "coordinates": [ [ [ 32.363124688, 3.29907024 ], [ 32.369945509, 3.298921312 ], [ 32.376443871, 3.296493569 ], [ 32.382887143, 3.290676536 ], [ 32.386758456, 3.28460873 ], [ 32.388650371, 3.275131442 ], [ 32.396375676, 3.259644906 ], [ 32.401177587, 3.258154201 ], [ 32.414653237, 3.247572933 ], [ 32.423429448, 3.247162505 ], [ 32.431511845, 3.241185852 ], [ 32.436070455, 3.241019472 ], [ 32.44483524, 3.237888124 ], [ 32.448012689, 3.235184214 ], [ 32.446334807, 3.232363779 ], [ 32.447084368, 3.230731985 ], [ 32.457797637, 3.230824359 ], [ 32.459682047, 3.226092176 ], [ 32.4681731, 3.221988893 ], [ 32.468146485, 3.216922894 ], [ 32.478425646, 3.212567742 ], [ 32.48378446, 3.206127687 ], [ 32.487791891, 3.204259404 ], [ 32.491880966, 3.198076427 ], [ 32.489878252, 3.191478729 ], [ 32.490464012, 3.187293258 ], [ 32.495666125, 3.18607328 ], [ 32.496914439, 3.184147399 ], [ 32.495030635, 3.17764838 ], [ 32.500899234, 3.166440634 ], [ 32.502792717, 3.164635454 ], [ 32.504613817, 3.163865636 ], [ 32.507906763, 3.16440209 ], [ 32.511710762, 3.160581976 ], [ 32.520363799, 3.161113193 ], [ 32.523773975, 3.158259307 ], [ 32.531334369, 3.158921717 ], [ 32.537978328, 3.156596402 ], [ 32.547287578, 3.155634051 ], [ 32.549428137, 3.157743644 ], [ 32.551772621, 3.15671664 ], [ 32.554380466, 3.159895921 ], [ 32.552998804, 3.160635864 ], [ 32.55406819, 3.162023872 ], [ 32.562298257, 3.161402949 ], [ 32.570773729, 3.15681727 ], [ 32.602025016, 3.151244824 ], [ 32.609483618, 3.15300646 ], [ 32.614518101, 3.152360369 ], [ 32.619963388, 3.155029574 ], [ 32.624256077, 3.154791425 ], [ 32.628308646, 3.159167717 ], [ 32.632303192, 3.159109217 ], [ 32.637848643, 3.156773937 ], [ 32.639952817, 3.159613796 ], [ 32.651754939, 3.16159518 ], [ 32.66209677, 3.170575285 ], [ 32.666022425, 3.16800014 ], [ 32.668425208, 3.168524253 ], [ 32.672308205, 3.174161429 ], [ 32.67933494, 3.170271933 ], [ 32.685553092, 3.169325566 ], [ 32.686410014, 3.171696541 ], [ 32.684007723, 3.174669975 ], [ 32.686492562, 3.182343229 ], [ 32.690436863, 3.185275494 ], [ 32.697696604, 3.187236345 ], [ 32.703183455, 3.186580134 ], [ 32.703281119, 3.189401148 ], [ 32.706791931, 3.186698599 ], [ 32.709000106, 3.190100695 ], [ 32.705626677, 3.195658323 ], [ 32.705470425, 3.199943523 ], [ 32.707329952, 3.202826859 ], [ 32.709686586, 3.214656982 ], [ 32.714916095, 3.220175402 ], [ 32.713252648, 3.228501062 ], [ 32.714776028, 3.238589297 ], [ 32.719314347, 3.245266662 ], [ 32.717868337, 3.250096692 ], [ 32.715386754, 3.252330803 ], [ 32.711860347, 3.263157162 ], [ 32.713383692, 3.275469806 ], [ 32.717779941, 3.28762342 ], [ 32.717802017, 3.292325309 ], [ 32.715454591, 3.296692823 ], [ 32.709261242, 3.299899513 ], [ 32.702990001, 3.306237309 ], [ 32.695873018, 3.310873913 ], [ 32.694602362, 3.315396322 ], [ 32.706909563, 3.318531234 ], [ 32.713041421, 3.32380944 ], [ 32.716102419, 3.327793003 ], [ 32.72231249, 3.343091874 ], [ 32.731257488, 3.355186248 ], [ 32.731659258, 3.372142716 ], [ 32.729149548, 3.381165997 ], [ 32.730207646, 3.392096825 ], [ 32.734388929, 3.399906991 ], [ 32.738226146, 3.397247228 ], [ 32.74395631, 3.387963063 ], [ 32.747169062, 3.385811834 ], [ 32.755036217, 3.382641437 ], [ 32.763925529, 3.381164291 ], [ 32.768192485, 3.378714669 ], [ 32.797554971, 3.387106936 ], [ 32.817133615, 3.389480604 ], [ 32.829495749, 3.388836573 ], [ 32.86551841, 3.393349325 ], [ 32.873466701, 3.391402259 ], [ 32.881631501, 3.393064641 ], [ 32.885714056, 3.394706467 ], [ 32.895301527, 3.408691945 ], [ 32.904757078, 3.418548685 ], [ 32.912716041, 3.417251702 ], [ 32.915985194, 3.414352308 ], [ 32.914312668, 3.425122196 ], [ 32.91682785, 3.427073481 ], [ 32.930484964, 3.432585054 ], [ 32.934627305, 3.436177976 ], [ 32.940081849, 3.438180268 ], [ 32.950545177, 3.436004752 ], [ 32.94904644, 3.439761236 ], [ 32.950635165, 3.444452355 ], [ 32.957942359, 3.452541672 ], [ 32.965844512, 3.457188074 ], [ 32.966108745, 3.466316852 ], [ 32.968014272, 3.47072133 ], [ 32.981190213, 3.480001613 ], [ 32.990102055, 3.480857756 ], [ 32.9979327, 3.478487326 ], [ 33.003807254, 3.479574281 ], [ 33.007590999, 3.490041967 ], [ 33.012598619, 3.495971307 ], [ 33.014655644, 3.497736841 ], [ 33.028586287, 3.501696235 ], [ 33.026837927, 3.503081259 ], [ 33.029218204, 3.501899507 ], [ 33.032235968, 3.509570495 ], [ 33.044308086, 3.522189886 ], [ 33.055063257, 3.52053014 ], [ 33.062024832, 3.51555219 ], [ 33.071485806, 3.515237613 ], [ 33.077554936, 3.512995005 ], [ 33.087913254, 3.507845669 ], [ 33.092772365, 3.502100324 ], [ 33.108669264, 3.496805476 ], [ 33.122134086, 3.499541449 ], [ 33.131589709, 3.509320477 ], [ 33.141601984, 3.509069827 ], [ 33.148692031, 3.507074503 ], [ 33.152313149, 3.508091116 ], [ 33.162188484, 3.515889631 ], [ 33.183619599, 3.521934987 ], [ 33.198204725, 3.521557238 ], [ 33.239054474, 3.512651229 ], [ 33.271189085, 3.513921275 ], [ 33.267849236, 3.529857246 ], [ 33.269931789, 3.534419329 ], [ 33.269934974, 3.545414106 ], [ 33.274793023, 3.551369503 ], [ 33.273974082, 3.554601641 ], [ 33.275868024, 3.560906436 ], [ 33.283374692, 3.565403453 ], [ 33.289683564, 3.571421668 ], [ 33.306460741, 3.57290541 ], [ 33.307407573, 3.575186422 ], [ 33.305645613, 3.587322408 ], [ 33.299784297, 3.600473721 ], [ 33.298841406, 3.610296414 ], [ 33.29398922, 3.624017681 ], [ 33.293745478, 3.642712001 ], [ 33.302900644, 3.670306685 ], [ 33.312113346, 3.679207635 ], [ 33.318235201, 3.689565842 ], [ 33.312563825, 3.705758924 ], [ 33.315719668, 3.711017515 ], [ 33.317870434, 3.713430032 ], [ 33.320075758, 3.713745698 ], [ 33.321782604, 3.716723845 ], [ 33.325878087, 3.716657726 ], [ 33.329665042, 3.723402126 ], [ 33.326833327, 3.742444967 ], [ 33.33011761, 3.753153248 ], [ 33.329803863, 3.757589262 ], [ 33.327785653, 3.758794053 ], [ 33.329552974, 3.762217141 ], [ 33.328233541, 3.764106195 ], [ 33.179563975, 3.776032876 ], [ 33.08240442, 3.850151328 ], [ 33.07182395, 3.856363889 ], [ 33.063388296, 3.864550952 ], [ 33.02849989, 3.89090727 ], [ 32.901903938, 3.812892282 ], [ 32.720972317, 3.765098197 ], [ 32.41601628, 3.742908538 ], [ 32.197901204, 3.597779028 ], [ 32.195599488, 3.594689894 ], [ 32.203284567, 3.590451897 ], [ 32.207507988, 3.591999139 ], [ 32.209814729, 3.589299926 ], [ 32.211742677, 3.580426156 ], [ 32.215204847, 3.573869024 ], [ 32.21444263, 3.566922364 ], [ 32.21867185, 3.561523528 ], [ 32.209082591, 3.547237423 ], [ 32.207935039, 3.541833993 ], [ 32.209090788, 3.537590207 ], [ 32.204106407, 3.52793871 ], [ 32.202192446, 3.520605183 ], [ 32.202683172, 3.50498407 ], [ 32.200954283, 3.504088672 ], [ 32.198719027, 3.500572058 ], [ 32.201120269, 3.488019515 ], [ 32.208280579, 3.482184233 ], [ 32.214757487, 3.482721678 ], [ 32.218057659, 3.479988852 ], [ 32.218695819, 3.470147912 ], [ 32.222950323, 3.464785791 ], [ 32.220289718, 3.455716473 ], [ 32.225784839, 3.446936249 ], [ 32.227635722, 3.439273848 ], [ 32.232437556, 3.434127829 ], [ 32.246501236, 3.430671702 ], [ 32.253251165, 3.424374743 ], [ 32.25706146, 3.425105351 ], [ 32.265466977, 3.42176095 ], [ 32.26989019, 3.41831769 ], [ 32.268662312, 3.404242914 ], [ 32.272574042, 3.396682382 ], [ 32.272904185, 3.388353213 ], [ 32.278802123, 3.374360358 ], [ 32.278538082, 3.370683717 ], [ 32.290171013, 3.356369465 ], [ 32.289700778, 3.347924771 ], [ 32.295041526, 3.339656613 ], [ 32.300626238, 3.336501165 ], [ 32.304017445, 3.33677166 ], [ 32.314945126, 3.321709662 ], [ 32.326147436, 3.322598221 ], [ 32.330508068, 3.326181951 ], [ 32.335156054, 3.327487198 ], [ 32.345810039, 3.322190246 ], [ 32.356622343, 3.307625396 ], [ 32.358893184, 3.302016369 ], [ 32.363124688, 3.29907024 ] ] ] } },
{ "type": "Feature", "properties": { "shapeName": "Lira", "shapeISO": "", "shapeID": "80733802B97490518986168", "shapeGroup": "UGA", "shapeType": "ADM2" }, "geometry": { "type": "Polygon", "coordinates": [ [ [ 33.00999998, 2.497112054 ], [ 33.00144388, 2.499191581 ], [ 33.004787619, 2.503823738 ], [ 33.008952741, 2.504113226 ], [ 33.012879801, 2.507578269 ], [ 33.010345116, 2.512400447 ], [ 33.009750076, 2.520760059 ], [ 33.003109766, 2.528106413 ], [ 33.00659562, 2.530396207 ], [ 33.006127665, 2.532123927 ], [ 33.002172449, 2.533727604 ], [ 32.997873685, 2.528916399 ], [ 32.993105904, 2.526914185 ], [ 32.988028612, 2.529446348 ], [ 32.987827826, 2.533080592 ], [ 32.990061142, 2.53711025 ], [ 32.996234214, 2.537951539 ], [ 32.998793766, 2.548080331 ], [ 32.998291886, 2.553598995 ], [ 32.993800025, 2.556383559 ], [ 32.989007026, 2.557064945 ], [ 32.984791177, 2.559773761 ], [ 32.977589272, 2.55162184 ], [ 32.970989437, 2.555432613 ], [ 32.961161055, 2.550208128 ], [ 32.954402388, 2.550191081 ], [ 32.953080684, 2.552580208 ], [ 32.957873464, 2.558393485 ], [ 32.955765419, 2.562330518 ], [ 32.945736153, 2.560403643 ], [ 32.943351165, 2.563723453 ], [ 32.939253527, 2.564044069 ], [ 32.938345406, 2.569621013 ], [ 32.946884186, 2.570016236 ], [ 32.948687401, 2.576000474 ], [ 32.952147014, 2.578196854 ], [ 32.953017962, 2.581343207 ], [ 32.955152635, 2.582577134 ], [ 32.955275199, 2.586204645 ], [ 32.959924748, 2.593496845 ], [ 32.960047356, 2.595890516 ], [ 32.958010709, 2.597371064 ], [ 32.953863965, 2.595742233 ], [ 32.951704651, 2.596605845 ], [ 32.95458755, 2.603157685 ], [ 32.953679599, 2.60505778 ], [ 32.94992539, 2.604416036 ], [ 32.940785623, 2.595346859 ], [ 32.931903333, 2.591644863 ], [ 32.92929004, 2.59306365 ], [ 32.934479086, 2.604254921 ], [ 32.940355571, 2.609153588 ], [ 32.938048928, 2.611473112 ], [ 32.933166038, 2.609819505 ], [ 32.929105261, 2.606549582 ], [ 32.919707427, 2.60627757 ], [ 32.917474856, 2.601070589 ], [ 32.918787906, 2.596394395 ], [ 32.91471485, 2.594469327 ], [ 32.905157049, 2.601810028 ], [ 32.899955481, 2.59736778 ], [ 32.895698184, 2.598292817 ], [ 32.893195122, 2.601377221 ], [ 32.889906999, 2.602758845 ], [ 32.885318622, 2.601524586 ], [ 32.884067121, 2.602634936 ], [ 32.885514497, 2.60628725 ], [ 32.891305287, 2.606805983 ], [ 32.889771149, 2.613036766 ], [ 32.891905736, 2.61513449 ], [ 32.891512819, 2.618860668 ], [ 32.886838814, 2.614109947 ], [ 32.88404132, 2.616379971 ], [ 32.886225022, 2.618058205 ], [ 32.885243248, 2.620920633 ], [ 32.881268335, 2.618872074 ], [ 32.872986805, 2.619475845 ], [ 32.872373079, 2.622313618 ], [ 32.874998503, 2.62342435 ], [ 32.875636306, 2.625225827 ], [ 32.867317927, 2.625940595 ], [ 32.865465557, 2.623682458 ], [ 32.860803401, 2.623607914 ], [ 32.856669156, 2.620337763 ], [ 32.8508655, 2.624519812 ], [ 32.850791285, 2.629578563 ], [ 32.854569882, 2.631651868 ], [ 32.860408457, 2.644558547 ], [ 32.858297667, 2.64907417 ], [ 32.853537203, 2.649419088 ], [ 32.851880417, 2.653231465 ], [ 32.849255301, 2.64925817 ], [ 32.845868995, 2.649479842 ], [ 32.837342343, 2.646529863 ], [ 32.835452274, 2.651267564 ], [ 32.828631124, 2.647787206 ], [ 32.825400588, 2.651313978 ], [ 32.820373842, 2.6490568 ], [ 32.817527988, 2.645083421 ], [ 32.810645846, 2.639863233 ], [ 32.8167942, 2.6290187 ], [ 32.816623063, 2.624724901 ], [ 32.809214538, 2.612410054 ], [ 32.796837256, 2.600822343 ], [ 32.797538184, 2.590643269 ], [ 32.786315675, 2.587357105 ], [ 32.787395038, 2.575892203 ], [ 32.795795448, 2.566607698 ], [ 32.797221251, 2.562517764 ], [ 32.794497558, 2.550926038 ], [ 32.792181556, 2.546756084 ], [ 32.791168568, 2.533937354 ], [ 32.798307763, 2.517332079 ], [ 32.798520674, 2.502569043 ], [ 32.80296494, 2.501985118 ], [ 32.80813475, 2.508170339 ], [ 32.808280922, 2.510106449 ], [ 32.81157485, 2.510450722 ], [ 32.817271853, 2.515445562 ], [ 32.825397229, 2.519454571 ], [ 32.82978943, 2.504830307 ], [ 32.830157904, 2.498806221 ], [ 32.835823935, 2.49485627 ], [ 32.848933953, 2.497584112 ], [ 32.863322917, 2.507933065 ], [ 32.865791509, 2.50724571 ], [ 32.868527117, 2.502577648 ], [ 32.868291533, 2.497149321 ], [ 32.870399575, 2.493693511 ], [ 32.869821718, 2.48707997 ], [ 32.871285668, 2.484375009 ], [ 32.873811426, 2.483515772 ], [ 32.874437428, 2.477644214 ], [ 32.878014027, 2.472478611 ], [ 32.878238981, 2.465485162 ], [ 32.881508641, 2.462771304 ], [ 32.88279627, 2.447418348 ], [ 32.885381432, 2.444559663 ], [ 32.891801824, 2.444704954 ], [ 32.894280309, 2.443375216 ], [ 32.901798987, 2.434835242 ], [ 32.906048229, 2.426484988 ], [ 32.910416313, 2.409621313 ], [ 32.913508441, 2.406400711 ], [ 32.912104473, 2.401325143 ], [ 32.912989976, 2.395408332 ], [ 32.915834308, 2.394250469 ], [ 32.921074651, 2.386723511 ], [ 32.917361423, 2.373332606 ], [ 32.918968147, 2.369176313 ], [ 32.918215208, 2.356667725 ], [ 32.914689676, 2.347786989 ], [ 32.912832517, 2.346595583 ], [ 32.913424899, 2.342994676 ], [ 32.909499673, 2.334288196 ], [ 32.896884711, 2.329495052 ], [ 32.890912519, 2.33037198 ], [ 32.885319254, 2.329446397 ], [ 32.885177571, 2.326937092 ], [ 32.879462748, 2.325579532 ], [ 32.874334343, 2.327858063 ], [ 32.866489095, 2.32405334 ], [ 32.862820181, 2.325245283 ], [ 32.859603027, 2.324506875 ], [ 32.852944127, 2.310823118 ], [ 32.850288995, 2.301061987 ], [ 32.84612689, 2.30425205 ], [ 32.841009703, 2.303229152 ], [ 32.839105327, 2.304848383 ], [ 32.839005655, 2.306413535 ], [ 32.834790761, 2.309534326 ], [ 32.832280889, 2.31890691 ], [ 32.830183568, 2.32032736 ], [ 32.828105843, 2.320033555 ], [ 32.826968342, 2.321514919 ], [ 32.823157156, 2.320664099 ], [ 32.820903401, 2.323654072 ], [ 32.815015951, 2.325359829 ], [ 32.813454384, 2.3244216 ], [ 32.813184541, 2.32593596 ], [ 32.811948835, 2.324692634 ], [ 32.810420737, 2.32555134 ], [ 32.809642562, 2.322839545 ], [ 32.809461026, 2.318406408 ], [ 32.811374262, 2.313928317 ], [ 32.818454631, 2.306564847 ], [ 32.81892712, 2.3019418 ], [ 32.816253832, 2.294034225 ], [ 32.816030905, 2.287800692 ], [ 32.818176119, 2.281956491 ], [ 32.818491941, 2.273678363 ], [ 32.813169001, 2.265110003 ], [ 32.810488535, 2.248164289 ], [ 32.816161983, 2.242438154 ], [ 32.822409726, 2.23074092 ], [ 32.822469732, 2.227212524 ], [ 32.820304806, 2.222733903 ], [ 32.821078702, 2.218943227 ], [ 32.82436259, 2.217649875 ], [ 32.830025582, 2.218274797 ], [ 32.865208059, 2.205268562 ], [ 32.862852601, 2.202563231 ], [ 32.863958618, 2.198211626 ], [ 32.867024604, 2.193950669 ], [ 32.868456683, 2.195181217 ], [ 32.875189965, 2.194150416 ], [ 32.879514918, 2.190577123 ], [ 32.884834968, 2.191283227 ], [ 32.88802494, 2.189193564 ], [ 32.891140403, 2.183539283 ], [ 32.896299826, 2.182137332 ], [ 32.899029892, 2.17721583 ], [ 32.908190052, 2.177415459 ], [ 32.910518345, 2.174565724 ], [ 32.914853755, 2.172521303 ], [ 32.924147576, 2.146298296 ], [ 32.924749483, 2.132514131 ], [ 32.896949586, 2.11000591 ], [ 32.898970781, 2.101391239 ], [ 32.882161377, 2.092731647 ], [ 32.873006303, 2.084579379 ], [ 32.876972832, 2.082127899 ], [ 32.879506232, 2.078491111 ], [ 32.887189217, 2.076193686 ], [ 32.894232605, 2.07126999 ], [ 32.918251234, 2.080443049 ], [ 32.926370307, 2.078388217 ], [ 32.932368112, 2.072644372 ], [ 32.934882391, 2.071985748 ], [ 32.934607895, 2.065837287 ], [ 32.937939045, 2.059775768 ], [ 32.946349876, 2.060653659 ], [ 32.95079929, 2.058717693 ], [ 32.95492706, 2.062146722 ], [ 32.960114112, 2.061459271 ], [ 32.965669484, 2.064888307 ], [ 32.97705436, 2.067222704 ], [ 32.982312854, 2.061387297 ], [ 32.990902256, 2.046757968 ], [ 32.997516528, 2.040922516 ], [ 33.03415517, 2.012694731 ], [ 33.044884916, 2.011102153 ], [ 33.05367279, 2.015725031 ], [ 33.055753524, 2.019705749 ], [ 33.057329275, 2.031204746 ], [ 33.059855823, 2.037809143 ], [ 33.06715804, 2.046313263 ], [ 33.07954316, 2.05635513 ], [ 33.085223531, 2.064949711 ], [ 33.094636734, 2.068504738 ], [ 33.114654486, 2.067580591 ], [ 33.131284779, 2.0799378 ], [ 33.135506231, 2.086044315 ], [ 33.131494166, 2.097136551 ], [ 33.13554274, 2.108608076 ], [ 33.133108988, 2.120975835 ], [ 33.135265075, 2.131090434 ], [ 33.119479293, 2.144915901 ], [ 33.119196671, 2.153402215 ], [ 33.114295626, 2.155935815 ], [ 33.111722247, 2.160531995 ], [ 33.103299685, 2.165693244 ], [ 33.104494224, 2.167665456 ], [ 33.113016003, 2.170116636 ], [ 33.11594719, 2.1734096 ], [ 33.120318751, 2.173644483 ], [ 33.127978195, 2.170821118 ], [ 33.132079337, 2.173679682 ], [ 33.13970284, 2.175910828 ], [ 33.143953815, 2.182107258 ], [ 33.148474832, 2.182394065 ], [ 33.151698417, 2.190385038 ], [ 33.14809052, 2.193606861 ], [ 33.143733141, 2.206281008 ], [ 33.138703862, 2.209157419 ], [ 33.132504884, 2.216092998 ], [ 33.124529064, 2.229362664 ], [ 33.107103152, 2.233579324 ], [ 33.103663056, 2.23672588 ], [ 33.101749648, 2.244452453 ], [ 33.110276147, 2.24809232 ], [ 33.1073597, 2.250108803 ], [ 33.114705497, 2.26002398 ], [ 33.116284094, 2.266031199 ], [ 33.1094116, 2.275495119 ], [ 33.106756441, 2.282959266 ], [ 33.100809019, 2.287827096 ], [ 33.096706725, 2.288614488 ], [ 33.099219353, 2.296105404 ], [ 33.098366994, 2.301651402 ], [ 33.093355735, 2.308429306 ], [ 33.088719269, 2.30599276 ], [ 33.076844161, 2.303620779 ], [ 33.065120984, 2.302379326 ], [ 33.061019183, 2.303689074 ], [ 33.05924889, 2.307964123 ], [ 33.063261578, 2.31319398 ], [ 33.0605778, 2.319821236 ], [ 33.060740616, 2.323830203 ], [ 33.056087235, 2.32897147 ], [ 33.053299685, 2.325103543 ], [ 33.039258423, 2.327637706 ], [ 33.034043462, 2.32362619 ], [ 33.025881112, 2.322685728 ], [ 33.013492449, 2.309763382 ], [ 33.00896961, 2.309874128 ], [ 33.006207879, 2.311552942 ], [ 33.002350307, 2.325364479 ], [ 32.99732119, 2.331697629 ], [ 32.998067101, 2.346902338 ], [ 32.988978628, 2.351882323 ], [ 32.980177941, 2.359004989 ], [ 32.982436519, 2.369689778 ], [ 32.980926198, 2.376818961 ], [ 32.983223956, 2.381224983 ], [ 32.982474975, 2.396008116 ], [ 32.990323288, 2.402757412 ], [ 32.996456214, 2.412465097 ], [ 33.004523651, 2.417477247 ], [ 33.005109168, 2.421213741 ], [ 33.010879925, 2.426669172 ], [ 33.011682736, 2.42943761 ], [ 33.014676641, 2.432495536 ], [ 33.017583669, 2.432712634 ], [ 33.020675491, 2.436232097 ], [ 33.020218218, 2.437712939 ], [ 33.022142213, 2.438004587 ], [ 33.025502401, 2.441678286 ], [ 33.025979745, 2.44438339 ], [ 33.019866594, 2.454441498 ], [ 33.022132823, 2.458826675 ], [ 33.022287672, 2.464293086 ], [ 33.019817095, 2.471298186 ], [ 33.015487259, 2.474249699 ], [ 33.015668159, 2.477380063 ], [ 33.012552894, 2.484509946 ], [ 33.014080262, 2.490172568 ], [ 33.01226913, 2.495617882 ], [ 33.00999998, 2.497112054 ] ] ] } },
{ "type": "Feature", "properties": { "shapeName": "Madi Okollo", "shapeISO": "", "shapeID": "80733802B9750747646793", "shapeGroup": "UGA", "shapeType": "ADM2" }, "geometry": { "type": "Polygon", "coordinates": [ [ [ 31.539060923, 3.150743826 ], [ 31.500632712, 3.171404976 ], [ 31.495398753, 3.170856331 ], [ 31.491241177, 3.173042597 ], [ 31.488352508, 3.178131122 ], [ 31.483263023, 3.182354135 ], [ 31.478406104, 3.189050698 ], [ 31.468652589, 3.188354742 ], [ 31.462392095, 3.184932082 ], [ 31.454998146, 3.187129647 ], [ 31.450680604, 3.184278834 ], [ 31.447976126, 3.184850177 ], [ 31.439956967, 3.182359536 ], [ 31.411060262, 3.18055617 ], [ 31.408826763, 3.184046185 ], [ 31.406530898, 3.184050952 ], [ 31.405619141, 3.181007857 ], [ 31.402146638, 3.180081385 ], [ 31.401148226, 3.177959229 ], [ 31.396300327, 3.177419683 ], [ 31.384571783, 3.182638905 ], [ 31.383544165, 3.184603136 ], [ 31.386054105, 3.187727492 ], [ 31.384280373, 3.190314626 ], [ 31.385021944, 3.192593688 ], [ 31.375305211, 3.191923013 ], [ 31.373657309, 3.193449381 ], [ 31.372173391, 3.189421729 ], [ 31.373694643, 3.189455351 ], [ 31.373979659, 3.185898567 ], [ 31.369359379, 3.18227159 ], [ 31.369806194, 3.174533765 ], [ 31.362363014, 3.159082467 ], [ 31.357745868, 3.162817788 ], [ 31.349696249, 3.160440864 ], [ 31.351070082, 3.156220191 ], [ 31.347860055, 3.153686957 ], [ 31.347630334, 3.151673466 ], [ 31.349736609, 3.145216091 ], [ 31.347365847, 3.142169223 ], [ 31.344410481, 3.125825454 ], [ 31.338419226, 3.114767205 ], [ 31.345267663, 3.113841705 ], [ 31.348945363, 3.105171855 ], [ 31.335465422, 3.097418591 ], [ 31.322423295, 3.096338953 ], [ 31.318740908, 3.093181454 ], [ 31.317668422, 3.089296936 ], [ 31.313320749, 3.085653096 ], [ 31.311784011, 3.080600378 ], [ 31.304844803, 3.080529578 ], [ 31.30174028, 3.076079522 ], [ 31.298121231, 3.074381511 ], [ 31.288863919, 3.073725636 ], [ 31.283117504, 3.078587848 ], [ 31.277929395, 3.087215374 ], [ 31.253720047, 3.09883975 ], [ 31.249909351, 3.099007514 ], [ 31.245949668, 3.096812337 ], [ 31.245867173, 3.087706735 ], [ 31.252042411, 3.078365216 ], [ 31.246472597, 3.073385786 ], [ 31.241203847, 3.0780804 ], [ 31.239412842, 3.076200971 ], [ 31.23802955, 3.077027238 ], [ 31.235753226, 3.075415069 ], [ 31.227075229, 3.074523305 ], [ 31.225457035, 3.070792089 ], [ 31.222406355, 3.06832569 ], [ 31.212077067, 3.069136926 ], [ 31.208938017, 3.076076849 ], [ 31.206392726, 3.075877596 ], [ 31.20284829, 3.078747147 ], [ 31.197393324, 3.078786622 ], [ 31.183960242, 3.067812004 ], [ 31.171893384, 3.050641522 ], [ 31.170380918, 3.041520104 ], [ 31.171424317, 3.026771762 ], [ 31.168178081, 3.013228797 ], [ 31.1664252, 3.010768551 ], [ 31.164183788, 3.011056544 ], [ 31.164766872, 3.007810545 ], [ 31.169524497, 3.004357213 ], [ 31.170831418, 3.005293984 ], [ 31.179304537, 3.003854443 ], [ 31.181952211, 3.006108786 ], [ 31.187293194, 3.003867804 ], [ 31.192664157, 3.004326739 ], [ 31.193323019, 3.001524087 ], [ 31.196282868, 3.002428972 ], [ 31.196977059, 2.999072541 ], [ 31.198695525, 3.001048403 ], [ 31.201278026, 3.001087292 ], [ 31.204174171, 2.998842146 ], [ 31.20414392, 2.996280632 ], [ 31.192886925, 2.994496686 ], [ 31.188132279, 2.99618488 ], [ 31.182246978, 2.994444375 ], [ 31.18063077, 2.991718612 ], [ 31.181739722, 2.988024993 ], [ 31.178263945, 2.977949059 ], [ 31.167014867, 2.972433327 ], [ 31.161673022, 2.967713644 ], [ 31.159796499, 2.964310711 ], [ 31.160564004, 2.962567751 ], [ 31.156751372, 2.956234816 ], [ 31.146236988, 2.946387949 ], [ 31.138644015, 2.934356962 ], [ 31.134465735, 2.930892416 ], [ 31.131597249, 2.919715508 ], [ 31.132329828, 2.918422937 ], [ 31.127733594, 2.909604176 ], [ 31.125133351, 2.908172684 ], [ 31.120163121, 2.909155438 ], [ 31.115344887, 2.913587343 ], [ 31.110155969, 2.911778635 ], [ 31.096231954, 2.887717192 ], [ 31.103059072, 2.866255934 ], [ 31.104158582, 2.857449122 ], [ 31.10234865, 2.847493237 ], [ 31.096437849, 2.838087531 ], [ 31.087054107, 2.83160899 ], [ 31.077253214, 2.829036903 ], [ 31.063323894, 2.832056255 ], [ 31.049470472, 2.838334652 ], [ 31.042827045, 2.838486812 ], [ 31.036475835, 2.835050402 ], [ 31.029783581, 2.826911794 ], [ 31.018955801, 2.822220638 ], [ 31.016189524, 2.812866611 ], [ 31.01623952, 2.808250733 ], [ 31.012678342, 2.808086904 ], [ 31.009415107, 2.806084597 ], [ 31.005963156, 2.799489066 ], [ 31.009442579, 2.79459995 ], [ 31.007228179, 2.788022419 ], [ 31.008298607, 2.783425233 ], [ 31.014711618, 2.77237844 ], [ 31.014234019, 2.751051393 ], [ 30.999407948, 2.736226442 ], [ 30.992927217, 2.727619443 ], [ 30.981594161, 2.706239544 ], [ 30.976732848, 2.6877612 ], [ 30.978475689, 2.676264911 ], [ 30.983800551, 2.658143384 ], [ 30.984097267, 2.640485308 ], [ 30.981257926, 2.613858066 ], [ 30.982820695, 2.600582975 ], [ 30.984705317, 2.595598466 ], [ 31.020525866, 2.575218513 ], [ 31.066200673, 2.549711518 ], [ 31.10171686, 2.547680414 ], [ 31.1256385, 2.540735389 ], [ 31.13558177, 2.548149357 ], [ 31.138992951, 2.547562364 ], [ 31.142710691, 2.550492749 ], [ 31.152557349, 2.55299675 ], [ 31.15400462, 2.557821614 ], [ 31.155320303, 2.557823519 ], [ 31.157444231, 2.561604726 ], [ 31.16451832, 2.56610694 ], [ 31.166664591, 2.566388613 ], [ 31.167672425, 2.563761027 ], [ 31.173332981, 2.564065157 ], [ 31.176536722, 2.567863428 ], [ 31.179110623, 2.567277062 ], [ 31.182360323, 2.569549034 ], [ 31.186362294, 2.568749966 ], [ 31.190647439, 2.574606204 ], [ 31.192058699, 2.58051058 ], [ 31.198157469, 2.577089296 ], [ 31.203781849, 2.583969977 ], [ 31.208793361, 2.585096163 ], [ 31.221530253, 2.601184881 ], [ 31.221962562, 2.615702669 ], [ 31.224577825, 2.616926614 ], [ 31.226672627, 2.616068266 ], [ 31.22852717, 2.618280917 ], [ 31.232500879, 2.616435434 ], [ 31.233593816, 2.617465801 ], [ 31.235557087, 2.625579497 ], [ 31.233839886, 2.62950546 ], [ 31.237419421, 2.637784412 ], [ 31.245124137, 2.640427246 ], [ 31.247468119, 2.646095442 ], [ 31.252560912, 2.646281996 ], [ 31.253472139, 2.648659256 ], [ 31.255455341, 2.647483663 ], [ 31.257834734, 2.649115723 ], [ 31.258564308, 2.651962178 ], [ 31.263907675, 2.652784083 ], [ 31.267238492, 2.65533722 ], [ 31.266626383, 2.657051281 ], [ 31.26841606, 2.658031029 ], [ 31.268152388, 2.660268953 ], [ 31.274325424, 2.66975646 ], [ 31.275547829, 2.667640868 ], [ 31.278309935, 2.668152535 ], [ 31.28640972, 2.673691974 ], [ 31.287063398, 2.676346743 ], [ 31.288883853, 2.675784039 ], [ 31.289629902, 2.673667752 ], [ 31.291979976, 2.675362633 ], [ 31.285001492, 2.697843346 ], [ 31.285444639, 2.701905835 ], [ 31.300813567, 2.719157427 ], [ 31.309316902, 2.726078796 ], [ 31.318360109, 2.731973776 ], [ 31.32980855, 2.735209616 ], [ 31.330703111, 2.736994256 ], [ 31.326575551, 2.743468868 ], [ 31.325358447, 2.748144257 ], [ 31.326493593, 2.753101316 ], [ 31.329744022, 2.757657462 ], [ 31.33635819, 2.762375781 ], [ 31.348695707, 2.76588803 ], [ 31.357051956, 2.77034655 ], [ 31.386941768, 2.775592968 ], [ 31.38176142, 2.785984972 ], [ 31.381976385, 2.789486291 ], [ 31.378293141, 2.802117189 ], [ 31.361516012, 2.834246536 ], [ 31.362082813, 2.847006175 ], [ 31.36559122, 2.851061724 ], [ 31.372601983, 2.853183848 ], [ 31.374206096, 2.856485207 ], [ 31.375250105, 2.862047174 ], [ 31.371434532, 2.875067952 ], [ 31.371811873, 2.884563897 ], [ 31.379086734, 2.902276925 ], [ 31.393887288, 2.91611551 ], [ 31.398399715, 2.92318238 ], [ 31.398148756, 2.945780686 ], [ 31.403061113, 2.951213741 ], [ 31.414263485, 2.950764016 ], [ 31.417673957, 2.95229128 ], [ 31.414539409, 2.965091033 ], [ 31.41130356, 2.968676693 ], [ 31.403762804, 2.970148919 ], [ 31.402075245, 2.972362149 ], [ 31.401043059, 2.979550309 ], [ 31.402739071, 2.984345896 ], [ 31.43011567, 3.002328302 ], [ 31.434714292, 3.009723674 ], [ 31.435282618, 3.016869052 ], [ 31.442869962, 3.022062087 ], [ 31.454666683, 3.033781746 ], [ 31.46065667, 3.035165001 ], [ 31.474930561, 3.033467002 ], [ 31.478506755, 3.035515993 ], [ 31.477777263, 3.04189997 ], [ 31.474162125, 3.050522719 ], [ 31.477544569, 3.066960338 ], [ 31.486479269, 3.075067424 ], [ 31.501990454, 3.09814263 ], [ 31.506877421, 3.112927519 ], [ 31.516142067, 3.123929217 ], [ 31.524351744, 3.14289728 ], [ 31.530244565, 3.146188654 ], [ 31.536742912, 3.146776667 ], [ 31.539060923, 3.150743826 ] ] ] } },
{ "type": "Feature", "properties": { "shapeName": "Maracha", "shapeISO": "", "shapeID": "80733802B59437773830574", "shapeGroup": "UGA", "shapeType": "ADM2" }, "geometry": { "type": "Polygon", "coordinates": [ [ [ 31.069607702, 3.295618121 ], [ 31.064986486, 3.296500613 ], [ 31.061633731, 3.299345311 ], [ 31.059276814, 3.304057209 ], [ 31.054391896, 3.305173409 ], [ 31.052249491, 3.310669622 ], [ 31.047793932, 3.313936921 ], [ 31.045927338, 3.322292993 ], [ 31.045678517, 3.329046497 ], [ 31.041722881, 3.332587821 ], [ 31.038650975, 3.331796452 ], [ 31.031540478, 3.333780197 ], [ 31.01904199, 3.331523304 ], [ 31.009187182, 3.331551171 ], [ 30.986938184, 3.33828965 ], [ 30.987258138, 3.339626175 ], [ 30.983290294, 3.323823356 ], [ 30.980349522, 3.324881532 ], [ 30.979926738, 3.328171749 ], [ 30.977412973, 3.327478808 ], [ 30.97519482, 3.329385415 ], [ 30.975439178, 3.330749597 ], [ 30.97350753, 3.330615726 ], [ 30.973042896, 3.333302497 ], [ 30.971337362, 3.329842268 ], [ 30.966279604, 3.329875729 ], [ 30.965433759, 3.326556436 ], [ 30.963434892, 3.327548282 ], [ 30.963445883, 3.32574673 ], [ 30.962112529, 3.325604816 ], [ 30.962928805, 3.329121778 ], [ 30.95762856, 3.328965396 ], [ 30.957219711, 3.331296188 ], [ 30.951592544, 3.33478088 ], [ 30.950437892, 3.333516706 ], [ 30.946984591, 3.335531319 ], [ 30.947693519, 3.33288768 ], [ 30.946530491, 3.332018737 ], [ 30.941599468, 3.335784804 ], [ 30.936704197, 3.343108872 ], [ 30.937433073, 3.349510571 ], [ 30.932278089, 3.350194809 ], [ 30.931142669, 3.355828337 ], [ 30.928100787, 3.357727651 ], [ 30.924860438, 3.363977201 ], [ 30.917992329, 3.369305659 ], [ 30.912422998, 3.365731611 ], [ 30.91053792, 3.359570596 ], [ 30.903586761, 3.357430985 ], [ 30.895071169, 3.342811431 ], [ 30.888206231, 3.338438882 ], [ 30.891596163, 3.3292606 ], [ 30.888112499, 3.325455912 ], [ 30.890972516, 3.321655825 ], [ 30.893443709, 3.311592826 ], [ 30.887658628, 3.31328989 ], [ 30.882882531, 3.30629041 ], [ 30.878266253, 3.305166121 ], [ 30.875676751, 3.302758694 ], [ 30.874684423, 3.298569538 ], [ 30.876259752, 3.291854201 ], [ 30.869399664, 3.286955824 ], [ 30.867152955, 3.283316595 ], [ 30.871399513, 3.277765586 ], [ 30.86588171, 3.273432271 ], [ 30.856983145, 3.272174599 ], [ 30.846629159, 3.266962942 ], [ 30.842689927, 3.267026767 ], [ 30.83897533, 3.260572758 ], [ 30.836870678, 3.248327193 ], [ 30.842092579, 3.240048131 ], [ 30.841789302, 3.236395052 ], [ 30.836636983, 3.233048016 ], [ 30.830402659, 3.22435566 ], [ 30.827375321, 3.215010244 ], [ 30.830398883, 3.20148293 ], [ 30.825254085, 3.195252052 ], [ 30.822680794, 3.186965418 ], [ 30.815454653, 3.173931682 ], [ 30.810384089, 3.158732875 ], [ 30.809019982, 3.14497941 ], [ 30.809775323, 3.139656158 ], [ 30.802936896, 3.133223402 ], [ 30.812504022, 3.132474873 ], [ 30.81972457, 3.129549895 ], [ 30.820519402, 3.125814128 ], [ 30.818929089, 3.12014225 ], [ 30.823018728, 3.118252734 ], [ 30.834059423, 3.118101527 ], [ 30.840686431, 3.123842974 ], [ 30.855976246, 3.129256257 ], [ 30.859334515, 3.132667198 ], [ 30.867224168, 3.133159071 ], [ 30.872500439, 3.135271493 ], [ 30.877096919, 3.131807835 ], [ 30.880500216, 3.131042938 ], [ 30.883329765, 3.127758804 ], [ 30.883923918, 3.124199856 ], [ 30.893983934, 3.123438718 ], [ 30.905610168, 3.125130773 ], [ 30.919753679, 3.120150923 ], [ 30.923649724, 3.121670318 ], [ 30.932613106, 3.120870938 ], [ 30.93311574, 3.123753723 ], [ 30.938335153, 3.123904883 ], [ 30.940378227, 3.126032534 ], [ 30.939774025, 3.128920607 ], [ 30.94689053, 3.147235358 ], [ 30.952509138, 3.149686833 ], [ 30.95238037, 3.155104978 ], [ 30.954785643, 3.159588635 ], [ 30.958354197, 3.159184314 ], [ 30.960167297, 3.161028676 ], [ 30.958485735, 3.162852262 ], [ 30.960698424, 3.169419294 ], [ 30.961770003, 3.168259972 ], [ 30.962846851, 3.169486622 ], [ 30.969329742, 3.168940114 ], [ 30.972190697, 3.178020952 ], [ 30.974776546, 3.177346755 ], [ 30.978978229, 3.18628484 ], [ 30.9817768, 3.185534393 ], [ 30.987885675, 3.186798479 ], [ 30.991644439, 3.19015969 ], [ 30.998861834, 3.187789974 ], [ 30.999068359, 3.193628576 ], [ 31.003295796, 3.194749755 ], [ 31.002252179, 3.197926674 ], [ 30.998151689, 3.202264849 ], [ 30.996334905, 3.215203723 ], [ 31.000596134, 3.219688625 ], [ 31.003853004, 3.230444383 ], [ 31.009286777, 3.230017761 ], [ 31.010563667, 3.231160019 ], [ 31.011340051, 3.238566261 ], [ 31.010165719, 3.243013127 ], [ 31.012936739, 3.243377019 ], [ 31.014935441, 3.24652178 ], [ 31.017157347, 3.246091585 ], [ 31.020154161, 3.247694913 ], [ 31.027341832, 3.253871785 ], [ 31.023060726, 3.265026652 ], [ 31.026710626, 3.270354406 ], [ 31.031367547, 3.273341446 ], [ 31.032671729, 3.27703785 ], [ 31.034484525, 3.277301787 ], [ 31.036739952, 3.274751467 ], [ 31.04277347, 3.273950152 ], [ 31.044889017, 3.272001162 ], [ 31.049424119, 3.271066233 ], [ 31.053089377, 3.26783515 ], [ 31.056425436, 3.272768622 ], [ 31.057261767, 3.270284167 ], [ 31.06301928, 3.273549892 ], [ 31.066243494, 3.272351972 ], [ 31.072714738, 3.274951866 ], [ 31.067706096, 3.286590293 ], [ 31.073732161, 3.287562244 ], [ 31.069607702, 3.295618121 ] ] ] } },
{ "type": "Feature", "properties": { "shapeName": "Moroto", "shapeISO": "", "shapeID": "80733802B23048090966080", "shapeGroup": "UGA", "shapeType": "ADM2" }, "geometry": { "type": "Polygon", "coordinates": [ [ [ 34.934863679, 2.282673916 ], [ 34.918535734, 2.387403041 ], [ 34.920472806, 2.390792888 ], [ 34.91573501, 2.394580869 ], [ 34.915092881, 2.400218411 ], [ 34.917843115, 2.407211714 ], [ 34.917389513, 2.421966532 ], [ 34.920270197, 2.421715049 ], [ 34.922978693, 2.423937553 ], [ 34.926809039, 2.424426811 ], [ 34.926319309, 2.425947104 ], [ 34.9306059, 2.4260823 ], [ 34.933103456, 2.428199051 ], [ 34.932219037, 2.436275293 ], [ 34.936539216, 2.435314894 ], [ 34.938264242, 2.437715446 ], [ 34.937355407, 2.440967941 ], [ 34.941138644, 2.445326789 ], [ 34.940614478, 2.447306526 ], [ 34.944442927, 2.446452819 ], [ 34.942867219, 2.450165688 ], [ 34.945540722, 2.452423462 ], [ 34.946874106, 2.451219992 ], [ 34.949582956, 2.453619046 ], [ 34.954644542, 2.455131165 ], [ 34.953296728, 2.458472643 ], [ 34.955722944, 2.465801809 ], [ 34.954189471, 2.46832195 ], [ 34.955157684, 2.469689884 ], [ 34.949288726, 2.469483219 ], [ 34.937528105, 2.497179974 ], [ 34.933805588, 2.513221868 ], [ 34.913742257, 2.51386169 ], [ 34.905901664, 2.544532012 ], [ 34.898052401, 2.585298591 ], [ 34.894610242, 2.590136469 ], [ 34.881271527, 2.586699391 ], [ 34.879093634, 2.569680365 ], [ 34.868992718, 2.567865048 ], [ 34.852930291, 2.580855857 ], [ 34.839281315, 2.601499177 ], [ 34.832358874, 2.6181612 ], [ 34.799935361, 2.653115834 ], [ 34.791164982, 2.68066257 ], [ 34.776155991, 2.695158265 ], [ 34.784879059, 2.745808112 ], [ 34.784247384, 2.752454557 ], [ 34.778907499, 2.767612352 ], [ 34.776124668, 2.78507732 ], [ 34.767974975, 2.799725946 ], [ 34.767732732, 2.808456735 ], [ 34.762895402, 2.818221641 ], [ 34.755756185, 2.825679075 ], [ 34.752687844, 2.823115947 ], [ 34.749863821, 2.823428633 ], [ 34.737093157, 2.852267103 ], [ 34.712455616, 2.862544839 ], [ 34.709100561, 2.870720827 ], [ 34.702491361, 2.874965761 ], [ 34.693129271, 2.860157114 ], [ 34.685718303, 2.861328542 ], [ 34.66921382, 2.860407708 ], [ 34.653640481, 2.8648464 ], [ 34.640036428, 2.904015676 ], [ 34.599784487, 2.921962756 ], [ 34.589525041, 2.979390532 ], [ 34.588127588, 3.001097718 ], [ 34.585124238, 3.007881845 ], [ 34.577318547, 3.017774394 ], [ 34.576478912, 3.032489186 ], [ 34.573487209, 3.047351413 ], [ 34.575595308, 3.066173018 ], [ 34.573045474, 3.088679917 ], [ 34.56335798, 3.10478273 ], [ 34.559689482, 3.107657862 ], [ 34.553944512, 3.103933108 ], [ 34.545488772, 3.093424497 ], [ 34.520494937, 3.086333552 ], [ 34.513412175, 3.091434638 ], [ 34.50069206, 3.092595159 ], [ 34.496755796, 3.091173738 ], [ 34.487907417, 3.09677994 ], [ 34.442274552, 3.079757956 ], [ 34.399202592, 3.092859794 ], [ 34.397630309, 3.091925903 ], [ 34.348496696, 2.991037415 ], [ 34.305147416, 2.937958539 ], [ 34.284450294, 2.915530884 ], [ 34.281325486, 2.909928066 ], [ 34.284973559, 2.903636752 ], [ 34.287383795, 2.902154326 ], [ 34.290409248, 2.902459121 ], [ 34.291592146, 2.900156062 ], [ 34.294105448, 2.899454443 ], [ 34.295387449, 2.894438555 ], [ 34.298614671, 2.89246196 ], [ 34.299938822, 2.888576327 ], [ 34.304638341, 2.887194004 ], [ 34.306104091, 2.882034063 ], [ 34.312598484, 2.877382085 ], [ 34.31198225, 2.874711201 ], [ 34.315733272, 2.866157761 ], [ 34.323431948, 2.860209697 ], [ 34.326089541, 2.860679275 ], [ 34.333400793, 2.855615309 ], [ 34.336412665, 2.844308988 ], [ 34.335348515, 2.843138845 ], [ 34.338777007, 2.838654835 ], [ 34.341371727, 2.837829788 ], [ 34.342060748, 2.832732458 ], [ 34.34473692, 2.831660711 ], [ 34.346081898, 2.828247762 ], [ 34.348900358, 2.826518231 ], [ 34.35050926, 2.821584245 ], [ 34.34960359, 2.816036681 ], [ 34.350769022, 2.816446332 ], [ 34.3503376, 2.814515093 ], [ 34.353419938, 2.811243981 ], [ 34.351901062, 2.805614934 ], [ 34.353777282, 2.80209863 ], [ 34.353159857, 2.798359171 ], [ 34.354385683, 2.797987839 ], [ 34.353832501, 2.796796558 ], [ 34.355711191, 2.795438049 ], [ 34.357075586, 2.791161981 ], [ 34.360016933, 2.789740587 ], [ 34.359158061, 2.78832222 ], [ 34.361912603, 2.782436421 ], [ 34.362701529, 2.776599971 ], [ 34.361389581, 2.775283791 ], [ 34.362322102, 2.77222376 ], [ 34.3609625, 2.770154658 ], [ 34.362588551, 2.759658228 ], [ 34.364176766, 2.757020994 ], [ 34.362251732, 2.751564163 ], [ 34.36360493, 2.74803305 ], [ 34.361725135, 2.741164332 ], [ 34.363315054, 2.740033054 ], [ 34.362374532, 2.736033963 ], [ 34.364105057, 2.735090769 ], [ 34.36368035, 2.731985245 ], [ 34.476360504, 2.571288047 ], [ 34.478801339, 2.568983288 ], [ 34.479545025, 2.570164487 ], [ 34.481276612, 2.569726967 ], [ 34.481674758, 2.566304743 ], [ 34.484826933, 2.563968047 ], [ 34.494617202, 2.564780905 ], [ 34.498201483, 2.561697124 ], [ 34.499162189, 2.563313534 ], [ 34.500799351, 2.561667604 ], [ 34.504624657, 2.561072785 ], [ 34.542533037, 2.507887083 ], [ 34.574043003, 2.462170513 ], [ 34.571429867, 2.455792911 ], [ 34.572391237, 2.449163504 ], [ 34.571341137, 2.446201517 ], [ 34.572981361, 2.439726633 ], [ 34.57623888, 2.433977207 ], [ 34.580186292, 2.430559768 ], [ 34.580749551, 2.422389505 ], [ 34.579692224, 2.419090279 ], [ 34.583835725, 2.420573245 ], [ 34.585328315, 2.419798273 ], [ 34.591384382, 2.43838467 ], [ 34.600264072, 2.43679235 ], [ 34.606521798, 2.437670181 ], [ 34.608950867, 2.439796855 ], [ 34.612780447, 2.439337605 ], [ 34.614180664, 2.436512426 ], [ 34.620903491, 2.438430488 ], [ 34.622186804, 2.437328252 ], [ 34.622308635, 2.438920615 ], [ 34.626302224, 2.437203607 ], [ 34.628325439, 2.438134335 ], [ 34.632829777, 2.435030202 ], [ 34.633826244, 2.43280371 ], [ 34.635254196, 2.433304456 ], [ 34.642685506, 2.347708436 ], [ 34.649641057, 2.335568939 ], [ 34.653957258, 2.324365773 ], [ 34.661114781, 2.322323487 ], [ 34.661997482, 2.319176946 ], [ 34.659775541, 2.316175728 ], [ 34.662698576, 2.313827392 ], [ 34.660605622, 2.314069141 ], [ 34.660437635, 2.312801185 ], [ 34.664244973, 2.314040917 ], [ 34.666835074, 2.311764754 ], [ 34.666183879, 2.304084855 ], [ 34.668477902, 2.302897753 ], [ 34.668807881, 2.30028928 ], [ 34.671945911, 2.298754245 ], [ 34.672609727, 2.296863202 ], [ 34.674324222, 2.29846431 ], [ 34.676701486, 2.297289064 ], [ 34.678264517, 2.291401132 ], [ 34.674989026, 2.287205691 ], [ 34.676767458, 2.28244216 ], [ 34.68591567, 2.274344025 ], [ 34.702014686, 2.250565582 ], [ 34.70185293, 2.247280139 ], [ 34.708027325, 2.236860492 ], [ 34.711662651, 2.221504652 ], [ 34.72012507, 2.217323702 ], [ 34.724707195, 2.216943129 ], [ 34.738158287, 2.211758629 ], [ 34.759275563, 2.1935377 ], [ 34.762492437, 2.187389351 ], [ 34.774090185, 2.180744461 ], [ 34.776858466, 2.174212518 ], [ 34.779897801, 2.173034804 ], [ 34.780551529, 2.170105129 ], [ 34.7830318, 2.169365869 ], [ 34.784678597, 2.166941645 ], [ 34.787567916, 2.154830892 ], [ 34.791016737, 2.152248375 ], [ 34.790836227, 2.150316172 ], [ 34.791925328, 2.150559807 ], [ 34.793597044, 2.146149529 ], [ 34.798457058, 2.140831743 ], [ 34.797803037, 2.131255413 ], [ 34.799921561, 2.129310368 ], [ 34.799268884, 2.126994419 ], [ 34.797753084, 2.126772593 ], [ 34.797931128, 2.122914733 ], [ 34.799276957, 2.123994124 ], [ 34.803929221, 2.1225142 ], [ 34.806994915, 2.12325606 ], [ 34.809164954, 2.13049098 ], [ 34.813586608, 2.132681794 ], [ 34.820124923, 2.140879245 ], [ 34.822331362, 2.140389028 ], [ 34.824792384, 2.143726853 ], [ 34.822703875, 2.149391627 ], [ 34.825201028, 2.150083003 ], [ 34.830450449, 2.160253167 ], [ 34.829009484, 2.164299736 ], [ 34.829738942, 2.165423755 ], [ 34.831238519, 2.164047951 ], [ 34.831182532, 2.165883611 ], [ 34.82853963, 2.171009292 ], [ 34.831315427, 2.17548109 ], [ 34.830398229, 2.176490085 ], [ 34.832885756, 2.176716429 ], [ 34.83254316, 2.179027594 ], [ 34.836101538, 2.178329111 ], [ 34.839073981, 2.181299674 ], [ 34.840391098, 2.186014886 ], [ 34.842574194, 2.185452949 ], [ 34.845442731, 2.187838836 ], [ 34.845018629, 2.192390836 ], [ 34.847393214, 2.19142446 ], [ 34.849747614, 2.194797378 ], [ 34.848885542, 2.196700757 ], [ 34.850738871, 2.198247331 ], [ 34.849975588, 2.199292831 ], [ 34.851918799, 2.199349656 ], [ 34.849501469, 2.20441682 ], [ 34.849164189, 2.208146643 ], [ 34.850628423, 2.209274126 ], [ 34.847774176, 2.211454268 ], [ 34.846734214, 2.218494957 ], [ 34.85151292, 2.220424799 ], [ 34.851050901, 2.222949979 ], [ 34.852402391, 2.222837092 ], [ 34.852453973, 2.224494413 ], [ 34.854405489, 2.22276303 ], [ 34.854868685, 2.225101801 ], [ 34.857496492, 2.225757854 ], [ 34.857412267, 2.22859475 ], [ 34.859425182, 2.228961802 ], [ 34.861354749, 2.22684883 ], [ 34.862029628, 2.232109304 ], [ 34.864216595, 2.2307128 ], [ 34.864934473, 2.234364084 ], [ 34.866034943, 2.232151857 ], [ 34.868112057, 2.236584361 ], [ 34.869256397, 2.235135305 ], [ 34.868549213, 2.242010589 ], [ 34.870321714, 2.243115624 ], [ 34.868277616, 2.244369737 ], [ 34.868568921, 2.249079369 ], [ 34.871241509, 2.251125654 ], [ 34.872224058, 2.25024088 ], [ 34.873878703, 2.252959944 ], [ 34.875035497, 2.250979391 ], [ 34.875739971, 2.252427424 ], [ 34.882450275, 2.252630756 ], [ 34.881823885, 2.257261124 ], [ 34.885533007, 2.259429697 ], [ 34.888174434, 2.264515205 ], [ 34.887515927, 2.271442712 ], [ 34.889307857, 2.271617048 ], [ 34.890364375, 2.273594692 ], [ 34.898129766, 2.274644624 ], [ 34.901411132, 2.272042807 ], [ 34.901864133, 2.269215028 ], [ 34.905587597, 2.268892038 ], [ 34.913050207, 2.280155414 ], [ 34.918113668, 2.283611881 ], [ 34.921275457, 2.283607628 ], [ 34.92278877, 2.285619931 ], [ 34.931180417, 2.282145353 ], [ 34.934863679, 2.282673916 ] ] ] } },
{ "type": "Feature", "properties": { "shapeName": "Moyo", "shapeISO": "", "shapeID": "80733802B88492435217668", "shapeGroup": "UGA", "shapeType": "ADM2" }, "geometry": { "type": "Polygon", "coordinates": [ [ [ 32.000665705, 3.576762124 ], [ 32.000412298, 3.585842659 ], [ 31.975698263, 3.586293866 ], [ 31.966469242, 3.58514662 ], [ 31.957849132, 3.586575429 ], [ 31.957662866, 3.592199777 ], [ 31.953858059, 3.605307005 ], [ 31.952704999, 3.627070824 ], [ 31.955148552, 3.635197971 ], [ 31.961489056, 3.645940638 ], [ 31.961290984, 3.651673286 ], [ 31.95917871, 3.656826571 ], [ 31.950397934, 3.66605043 ], [ 31.93261679, 3.696578001 ], [ 31.916093262, 3.717595744 ], [ 31.907123518, 3.734427227 ], [ 31.897765355, 3.747327739 ], [ 31.882031978, 3.764070944 ], [ 31.870540198, 3.782034142 ], [ 31.842526954, 3.801009835 ], [ 31.828067436, 3.81572462 ], [ 31.813491154, 3.822097792 ], [ 31.803498738, 3.821887222 ], [ 31.796509066, 3.819275289 ], [ 31.796783309, 3.812770537 ], [ 31.802202321, 3.809638128 ], [ 31.803757547, 3.805438983 ], [ 31.801411451, 3.798879016 ], [ 31.783465422, 3.787016853 ], [ 31.756863231, 3.766218582 ], [ 31.741209927, 3.752534742 ], [ 31.737883959, 3.747172368 ], [ 31.730130464, 3.752412471 ], [ 31.729617484, 3.746543042 ], [ 31.725484968, 3.734355499 ], [ 31.722805978, 3.733767944 ], [ 31.720768579, 3.729359663 ], [ 31.717496207, 3.727201097 ], [ 31.712122078, 3.716514072 ], [ 31.708251021, 3.716568219 ], [ 31.702839978, 3.710876693 ], [ 31.702300236, 3.713506996 ], [ 31.700154847, 3.714462344 ], [ 31.694797721, 3.712659608 ], [ 31.692720505, 3.707810561 ], [ 31.691705913, 3.709304723 ], [ 31.688612276, 3.70720619 ], [ 31.683902782, 3.710489626 ], [ 31.680322619, 3.715210552 ], [ 31.674517455, 3.714394166 ], [ 31.656585094, 3.719093197 ], [ 31.643200841, 3.728734441 ], [ 31.634506272, 3.728661108 ], [ 31.633134532, 3.729975124 ], [ 31.621612707, 3.728969955 ], [ 31.621674497, 3.727534253 ], [ 31.618696527, 3.727768864 ], [ 31.618218055, 3.729084257 ], [ 31.613637246, 3.726085783 ], [ 31.612931622, 3.720341493 ], [ 31.608290573, 3.717821516 ], [ 31.607641427, 3.714051538 ], [ 31.605380287, 3.712911288 ], [ 31.604604814, 3.713747602 ], [ 31.600086137, 3.709193768 ], [ 31.600802905, 3.707818944 ], [ 31.599314907, 3.707337985 ], [ 31.597657969, 3.700694845 ], [ 31.589947876, 3.699695464 ], [ 31.589176292, 3.698078979 ], [ 31.580840472, 3.697407562 ], [ 31.579296298, 3.694832653 ], [ 31.577510315, 3.694530662 ], [ 31.575717605, 3.686999364 ], [ 31.566893051, 3.686945833 ], [ 31.566599722, 3.684193474 ], [ 31.561275741, 3.680745003 ], [ 31.553654282, 3.680373675 ], [ 31.550394086, 3.671155588 ], [ 31.539835468, 3.66446807 ], [ 31.538352267, 3.661115559 ], [ 31.536625646, 3.660993082 ], [ 31.532763679, 3.655782163 ], [ 31.530858048, 3.655898677 ], [ 31.528722238, 3.651109352 ], [ 31.526578248, 3.651345114 ], [ 31.522122499, 3.645176052 ], [ 31.519620874, 3.645650501 ], [ 31.515916813, 3.643679117 ], [ 31.515954712, 3.636822173 ], [ 31.516926577, 3.63468454 ], [ 31.52347825, 3.631817293 ], [ 31.524712212, 3.62587596 ], [ 31.526786444, 3.622790957 ], [ 31.531108866, 3.621354022 ], [ 31.531371058, 3.617423425 ], [ 31.535510134, 3.610198584 ], [ 31.534752086, 3.604158788 ], [ 31.536636468, 3.601237299 ], [ 31.533669857, 3.595205174 ], [ 31.535508997, 3.59414947 ], [ 31.53499898, 3.588048658 ], [ 31.537737151, 3.585958873 ], [ 31.537645263, 3.58024189 ], [ 31.535535996, 3.579173256 ], [ 31.536670879, 3.576560223 ], [ 31.539541442, 3.572403351 ], [ 31.538632624, 3.563140704 ], [ 31.541425266, 3.559996226 ], [ 31.553884057, 3.559510635 ], [ 31.56159571, 3.563367424 ], [ 31.563165304, 3.560986517 ], [ 31.566517661, 3.560283536 ], [ 31.567854026, 3.561324639 ], [ 31.570688165, 3.560018628 ], [ 31.569893215, 3.558377946 ], [ 31.57271902, 3.554986111 ], [ 31.574643203, 3.551128494 ], [ 31.57447843, 3.548084062 ], [ 31.57610051, 3.546659826 ], [ 31.574155336, 3.544412842 ], [ 31.575344022, 3.543187188 ], [ 31.586112845, 3.543826835 ], [ 31.606392846, 3.551180279 ], [ 31.618177503, 3.552571 ], [ 31.6993545, 3.553216506 ], [ 31.720545111, 3.543486998 ], [ 31.72788806, 3.544368815 ], [ 31.739677715, 3.551577747 ], [ 31.745350213, 3.551157104 ], [ 31.747962456, 3.549763714 ], [ 31.748862111, 3.545388776 ], [ 31.757742021, 3.537693748 ], [ 31.761361898, 3.522416594 ], [ 31.76449266, 3.514973198 ], [ 31.769389369, 3.508686424 ], [ 31.773864542, 3.513511481 ], [ 31.781198093, 3.515148323 ], [ 31.784314948, 3.517617137 ], [ 31.787500484, 3.522239686 ], [ 31.794806334, 3.52826489 ], [ 31.802318579, 3.540823015 ], [ 31.813864385, 3.548435323 ], [ 31.817900221, 3.549633656 ], [ 31.835297341, 3.549200741 ], [ 31.845260468, 3.545154979 ], [ 31.85364791, 3.537023721 ], [ 31.861677285, 3.524227788 ], [ 31.870742985, 3.518495127 ], [ 31.879925093, 3.51579266 ], [ 31.89832577, 3.514249817 ], [ 31.914128964, 3.508723578 ], [ 31.920690602, 3.50966289 ], [ 31.940010829, 3.518441132 ], [ 31.949382524, 3.52429519 ], [ 31.949763532, 3.527461552 ], [ 31.947430899, 3.533636985 ], [ 31.948317525, 3.539463303 ], [ 31.954408746, 3.551726912 ], [ 31.965759978, 3.565416629 ], [ 31.970726729, 3.56912186 ], [ 31.985305765, 3.5752982 ], [ 31.995396984, 3.574875162 ], [ 32.000665705, 3.576762124 ] ] ] } },
{ "type": "Feature", "properties": { "shapeName": "Nabilatuk", "shapeISO": "", "shapeID": "80733802B19595256269518", "shapeGroup": "UGA", "shapeType": "ADM2" }, "geometry": { "type": "Polygon", "coordinates": [ [ [ 34.222213104, 1.640185996 ], [ 34.229001916, 1.640082106 ], [ 34.229070111, 1.637204171 ], [ 34.260634524, 1.636471128 ], [ 34.261373399, 1.639628086 ], [ 34.269277791, 1.640352573 ], [ 34.27540265, 1.646292684 ], [ 34.278658316, 1.644759723 ], [ 34.284878499, 1.651010648 ], [ 34.291284116, 1.649942033 ], [ 34.298488882, 1.653214258 ], [ 34.304996013, 1.66197641 ], [ 34.311760005, 1.663658185 ], [ 34.314685687, 1.666430858 ], [ 34.316792548, 1.671105655 ], [ 34.316381298, 1.678198012 ], [ 34.317689131, 1.678795104 ], [ 34.319066818, 1.677263316 ], [ 34.320565782, 1.679319366 ], [ 34.323524832, 1.678635642 ], [ 34.327020639, 1.680785966 ], [ 34.327926186, 1.684086191 ], [ 34.326300295, 1.687663234 ], [ 34.329121707, 1.694298853 ], [ 34.327198709, 1.697911997 ], [ 34.327592368, 1.700004649 ], [ 34.334169219, 1.705920051 ], [ 34.336234098, 1.718368497 ], [ 34.338626626, 1.72335393 ], [ 34.342254007, 1.726520617 ], [ 34.341924942, 1.731830881 ], [ 34.343556491, 1.736338451 ], [ 34.345507023, 1.738107057 ], [ 34.350165716, 1.737338281 ], [ 34.360819817, 1.744836822 ], [ 34.365300414, 1.754410387 ], [ 34.367865527, 1.755211354 ], [ 34.369235726, 1.758565108 ], [ 34.373897416, 1.762389513 ], [ 34.375496293, 1.766689276 ], [ 34.374357743, 1.768381845 ], [ 34.374887008, 1.771234425 ], [ 34.376426625, 1.772437538 ], [ 34.376485412, 1.774874708 ], [ 34.378936577, 1.775675719 ], [ 34.377613082, 1.777726832 ], [ 34.378288708, 1.783639384 ], [ 34.380295814, 1.783373391 ], [ 34.380536566, 1.785796127 ], [ 34.383118797, 1.786009182 ], [ 34.383063447, 1.788188371 ], [ 34.386368619, 1.787841777 ], [ 34.386882797, 1.789533088 ], [ 34.388164016, 1.788127133 ], [ 34.392776963, 1.789625214 ], [ 34.400744934, 1.788647953 ], [ 34.408964967, 1.796478782 ], [ 34.411122744, 1.796066149 ], [ 34.415228027, 1.79870083 ], [ 34.417591956, 1.797208008 ], [ 34.416977175, 1.795517152 ], [ 34.420229429, 1.796410996 ], [ 34.418811244, 1.818598947 ], [ 34.432264836, 1.865922084 ], [ 34.446954182, 1.870300609 ], [ 34.455930282, 1.877760303 ], [ 34.461273776, 1.879807803 ], [ 34.475065904, 1.880577826 ], [ 34.484100044, 1.882622082 ], [ 34.492942094, 1.887206965 ], [ 34.501398623, 1.895212026 ], [ 34.506965374, 1.894064183 ], [ 34.510814355, 1.89970562 ], [ 34.517514369, 1.902874231 ], [ 34.52446289, 1.914391681 ], [ 34.529717364, 1.914466461 ], [ 34.533941576, 1.911084241 ], [ 34.54629759, 1.916954957 ], [ 34.549118125, 1.913421725 ], [ 34.570661815, 1.935904375 ], [ 34.580844324, 1.942745204 ], [ 34.586487728, 1.948912188 ], [ 34.594284702, 1.946682475 ], [ 34.600084511, 1.958529136 ], [ 34.599814278, 1.964278563 ], [ 34.602588456, 1.966909346 ], [ 34.604546201, 1.972596566 ], [ 34.608245543, 1.977040839 ], [ 34.614752445, 1.978770253 ], [ 34.614540769, 1.982674484 ], [ 34.619022079, 1.986526637 ], [ 34.622044189, 1.986812907 ], [ 34.624700092, 1.989776482 ], [ 34.627829073, 1.990551323 ], [ 34.626502453, 1.992117431 ], [ 34.627831157, 1.995289821 ], [ 34.633216736, 2.000357009 ], [ 34.636360925, 1.999441653 ], [ 34.636997876, 1.997090824 ], [ 34.634739479, 1.993544259 ], [ 34.630430409, 1.977084742 ], [ 34.630464074, 1.97271549 ], [ 34.632049945, 1.967745436 ], [ 34.635330825, 1.963627685 ], [ 34.638032536, 1.963043528 ], [ 34.641777891, 1.964297163 ], [ 34.646828089, 1.968508725 ], [ 34.648848325, 1.98123223 ], [ 34.657112763, 2.004975692 ], [ 34.660214819, 2.009060926 ], [ 34.666436045, 2.009299836 ], [ 34.67010854, 2.00704353 ], [ 34.675076567, 2.008373532 ], [ 34.680513432, 2.001842956 ], [ 34.684017731, 2.000017634 ], [ 34.692256896, 2.008004381 ], [ 34.700773454, 1.998596587 ], [ 34.710087609, 1.993668708 ], [ 34.718396117, 1.993350367 ], [ 34.720997755, 1.99070816 ], [ 34.728558843, 2.006531907 ], [ 34.73112548, 2.020546878 ], [ 34.731681637, 2.037891488 ], [ 34.73316523, 2.042171051 ], [ 34.727629592, 2.053116141 ], [ 34.724556309, 2.064139992 ], [ 34.726093405, 2.082619062 ], [ 34.724425021, 2.086725665 ], [ 34.716932865, 2.095844646 ], [ 34.717617231, 2.100759889 ], [ 34.713430723, 2.110374533 ], [ 34.713104971, 2.118306458 ], [ 34.70904119, 2.126868188 ], [ 34.707518483, 2.136836269 ], [ 34.69420493, 2.148059103 ], [ 34.703904692, 2.144277657 ], [ 34.720220309, 2.133118494 ], [ 34.729800471, 2.129007352 ], [ 34.754847803, 2.123228851 ], [ 34.763244791, 2.124282568 ], [ 34.76699631, 2.127853323 ], [ 34.774340194, 2.131071685 ], [ 34.77624051, 2.130174721 ], [ 34.777675622, 2.132422918 ], [ 34.778084281, 2.131208841 ], [ 34.781213164, 2.131128443 ], [ 34.786443675, 2.135194972 ], [ 34.789569059, 2.135853685 ], [ 34.792609288, 2.139492439 ], [ 34.793597044, 2.146149529 ], [ 34.791925328, 2.150559807 ], [ 34.790836227, 2.150316172 ], [ 34.791016737, 2.152248375 ], [ 34.787567916, 2.154830892 ], [ 34.784678597, 2.166941645 ], [ 34.7830318, 2.169365869 ], [ 34.780551529, 2.170105129 ], [ 34.779897801, 2.173034804 ], [ 34.776858466, 2.174212518 ], [ 34.774090185, 2.180744461 ], [ 34.762492437, 2.187389351 ], [ 34.759275563, 2.1935377 ], [ 34.738158287, 2.211758629 ], [ 34.724707195, 2.216943129 ], [ 34.72012507, 2.217323702 ], [ 34.711662651, 2.221504652 ], [ 34.708027325, 2.236860492 ], [ 34.70185293, 2.247280139 ], [ 34.702014686, 2.250565582 ], [ 34.68591567, 2.274344025 ], [ 34.676767458, 2.28244216 ], [ 34.674989026, 2.287205691 ], [ 34.678264517, 2.291401132 ], [ 34.676701486, 2.297289064 ], [ 34.674324222, 2.29846431 ], [ 34.672609727, 2.296863202 ], [ 34.671945911, 2.298754245 ], [ 34.668807881, 2.30028928 ], [ 34.668477902, 2.302897753 ], [ 34.666183879, 2.304084855 ], [ 34.666835074, 2.311764754 ], [ 34.664244973, 2.314040917 ], [ 34.660437635, 2.312801185 ], [ 34.660605622, 2.314069141 ], [ 34.662698576, 2.313827392 ], [ 34.659775541, 2.316175728 ], [ 34.661997482, 2.319176946 ], [ 34.661114781, 2.322323487 ], [ 34.653957258, 2.324365773 ], [ 34.649641057, 2.335568939 ], [ 34.642685506, 2.347708436 ], [ 34.635254196, 2.433304456 ], [ 34.633826244, 2.43280371 ], [ 34.632829777, 2.435030202 ], [ 34.628325439, 2.438134335 ], [ 34.626302224, 2.437203607 ], [ 34.622308635, 2.438920615 ], [ 34.622186804, 2.437328252 ], [ 34.620903491, 2.438430488 ], [ 34.614180664, 2.436512426 ], [ 34.612780447, 2.439337605 ], [ 34.608950867, 2.439796855 ], [ 34.606521798, 2.437670181 ], [ 34.600264072, 2.43679235 ], [ 34.591384382, 2.43838467 ], [ 34.585328315, 2.419798273 ], [ 34.511162613, 2.183655383 ], [ 34.505223492, 2.156733229 ], [ 34.500994561, 2.14898898 ], [ 34.488205697, 2.110065651 ], [ 34.479993133, 2.09190872 ], [ 34.438767104, 2.036675362 ], [ 34.433758881, 2.033173183 ], [ 34.395660593, 1.989995569 ], [ 34.308958972, 1.924395046 ], [ 34.249886497, 1.891019851 ], [ 34.222780324, 1.880048404 ], [ 34.222213104, 1.640185996 ] ] ] } },
{ "type": "Feature", "properties": { "shapeName": "Nakapiripirit", "shapeISO": "", "shapeID": "80733802B56465415133853", "shapeGroup": "UGA", "shapeType": "ADM2" }, "geometry": { "type": "Polygon", "coordinates": [ [ [ 34.22956819, 1.561541322 ], [ 34.260374755, 1.561650022 ], [ 34.262286504, 1.558718685 ], [ 34.267492205, 1.558739438 ], [ 34.272157687, 1.54980256 ], [ 34.271633136, 1.547099946 ], [ 34.277301918, 1.546486546 ], [ 34.280796842, 1.547704316 ], [ 34.283482287, 1.546745887 ], [ 34.296892035, 1.552526158 ], [ 34.299294203, 1.554797019 ], [ 34.304082708, 1.552988107 ], [ 34.306864549, 1.554230179 ], [ 34.328065115, 1.550963779 ], [ 34.330016091, 1.553928516 ], [ 34.336495957, 1.558146104 ], [ 34.339324667, 1.558335634 ], [ 34.343285285, 1.563033185 ], [ 34.342384237, 1.566478108 ], [ 34.347554972, 1.567802255 ], [ 34.357333219, 1.563263227 ], [ 34.362440468, 1.558356513 ], [ 34.363677755, 1.560317048 ], [ 34.370513658, 1.563744886 ], [ 34.374577194, 1.562187484 ], [ 34.375718826, 1.563263075 ], [ 34.378725006, 1.562316289 ], [ 34.386285634, 1.565396754 ], [ 34.388768625, 1.564043687 ], [ 34.390932357, 1.565166416 ], [ 34.395780646, 1.564254248 ], [ 34.393896216, 1.562723883 ], [ 34.396349684, 1.562376101 ], [ 34.398938087, 1.558714817 ], [ 34.404498718, 1.556749767 ], [ 34.406945178, 1.554141004 ], [ 34.410772722, 1.555286509 ], [ 34.414348128, 1.55259327 ], [ 34.423749583, 1.553986097 ], [ 34.430683045, 1.561216599 ], [ 34.430470151, 1.562723604 ], [ 34.432394839, 1.561885134 ], [ 34.431350612, 1.56422984 ], [ 34.433560999, 1.564084803 ], [ 34.433658151, 1.567122337 ], [ 34.434846173, 1.566523565 ], [ 34.435999978, 1.568017649 ], [ 34.434027749, 1.568856142 ], [ 34.43592913, 1.568687407 ], [ 34.436619701, 1.570552538 ], [ 34.437902561, 1.569594917 ], [ 34.440233549, 1.57200902 ], [ 34.442752037, 1.570572183 ], [ 34.443917829, 1.572197788 ], [ 34.445224047, 1.570666123 ], [ 34.444630703, 1.571934191 ], [ 34.447567202, 1.573474849 ], [ 34.451106975, 1.570960972 ], [ 34.452914502, 1.572562202 ], [ 34.453887751, 1.570743751 ], [ 34.453390153, 1.572968473 ], [ 34.454886926, 1.572034621 ], [ 34.456171876, 1.574114574 ], [ 34.455897435, 1.572524219 ], [ 34.457253367, 1.574125759 ], [ 34.458036965, 1.573048901 ], [ 34.458418599, 1.574962068 ], [ 34.45963054, 1.574602434 ], [ 34.461224469, 1.576658247 ], [ 34.459918664, 1.578740023 ], [ 34.464006762, 1.578617524 ], [ 34.462724004, 1.579670824 ], [ 34.464626073, 1.580506591 ], [ 34.46392575, 1.581714941 ], [ 34.465494322, 1.581498563 ], [ 34.464045, 1.582288886 ], [ 34.465304826, 1.582431495 ], [ 34.465044726, 1.584345101 ], [ 34.470036088, 1.584293692 ], [ 34.471534096, 1.585129735 ], [ 34.470607816, 1.586111019 ], [ 34.471809372, 1.58786812 ], [ 34.475729931, 1.586095378 ], [ 34.475160423, 1.587411267 ], [ 34.476657131, 1.586429554 ], [ 34.478844949, 1.587982622 ], [ 34.479247691, 1.586140671 ], [ 34.482016873, 1.58636589 ], [ 34.482324956, 1.585098026 ], [ 34.483895009, 1.586962462 ], [ 34.486271314, 1.586219292 ], [ 34.48582383, 1.591959841 ], [ 34.486359624, 1.59335862 ], [ 34.48887811, 1.591993488 ], [ 34.488594235, 1.593883182 ], [ 34.486740871, 1.594673817 ], [ 34.489238419, 1.597255079 ], [ 34.488740515, 1.598953591 ], [ 34.495290923, 1.601974342 ], [ 34.495432732, 1.600874019 ], [ 34.497904975, 1.60132664 ], [ 34.497547177, 1.599580927 ], [ 34.499566606, 1.598359634 ], [ 34.497926026, 1.597595501 ], [ 34.499373947, 1.594915678 ], [ 34.499755234, 1.596278689 ], [ 34.501358361, 1.595098935 ], [ 34.516615502, 1.595865242 ], [ 34.515936053, 1.597722212 ], [ 34.520073075, 1.599273522 ], [ 34.520937221, 1.598156112 ], [ 34.521138639, 1.599849168 ], [ 34.53262603, 1.597611256 ], [ 34.545281163, 1.598189849 ], [ 34.546866939, 1.595930714 ], [ 34.546264731, 1.593783471 ], [ 34.548402689, 1.594005126 ], [ 34.54860311, 1.592623313 ], [ 34.549615814, 1.593913837 ], [ 34.549847057, 1.59157868 ], [ 34.56254401, 1.588093335 ], [ 34.568662804, 1.580438601 ], [ 34.570583428, 1.581112407 ], [ 34.575019368, 1.579196502 ], [ 34.575461525, 1.580485098 ], [ 34.578432368, 1.580590342 ], [ 34.583795553, 1.583480377 ], [ 34.585656661, 1.585774794 ], [ 34.592155108, 1.583019557 ], [ 34.593284022, 1.584667952 ], [ 34.593299006, 1.579424191 ], [ 34.595363822, 1.578275031 ], [ 34.598619906, 1.578381195 ], [ 34.601274967, 1.576173317 ], [ 34.604620124, 1.577090168 ], [ 34.607135373, 1.57610934 ], [ 34.607362697, 1.574298609 ], [ 34.608544601, 1.575208282 ], [ 34.6131435, 1.573745752 ], [ 34.617817234, 1.576633399 ], [ 34.61946186, 1.572825218 ], [ 34.621980256, 1.573024241 ], [ 34.623194196, 1.56907866 ], [ 34.624512533, 1.568699524 ], [ 34.628667854, 1.572574579 ], [ 34.63087023, 1.57694368 ], [ 34.641344987, 1.573295784 ], [ 34.66390555, 1.571546859 ], [ 34.671633863, 1.5728236 ], [ 34.691239664, 1.568752752 ], [ 34.704761357, 1.575804329 ], [ 34.707164117, 1.575550002 ], [ 34.713436012, 1.58416269 ], [ 34.724530711, 1.583424262 ], [ 34.724855345, 1.587786927 ], [ 34.728525817, 1.594579592 ], [ 34.732203238, 1.597177518 ], [ 34.73270304, 1.60522305 ], [ 34.740525329, 1.613149264 ], [ 34.753800414, 1.615634218 ], [ 34.761763144, 1.624028096 ], [ 34.766093993, 1.623582899 ], [ 34.766825819, 1.625741213 ], [ 34.770136937, 1.626034849 ], [ 34.774087943, 1.63034392 ], [ 34.776404092, 1.631187229 ], [ 34.777317494, 1.630151868 ], [ 34.778600875, 1.631982424 ], [ 34.782676542, 1.632446634 ], [ 34.785675245, 1.635779192 ], [ 34.791130614, 1.635222874 ], [ 34.792841018, 1.637837119 ], [ 34.798610907, 1.639164182 ], [ 34.801198162, 1.643606283 ], [ 34.804120232, 1.642631222 ], [ 34.808096775, 1.643875671 ], [ 34.808337731, 1.648894199 ], [ 34.812299173, 1.653569924 ], [ 34.81465672, 1.664033198 ], [ 34.816795814, 1.667076084 ], [ 34.817316736, 1.676438888 ], [ 34.816160651, 1.681010603 ], [ 34.820031344, 1.687330353 ], [ 34.818824036, 1.692682679 ], [ 34.820345438, 1.694798621 ], [ 34.820184555, 1.701506563 ], [ 34.818378236, 1.704382083 ], [ 34.818879487, 1.712821818 ], [ 34.846835922, 1.727045774 ], [ 34.842065907, 1.737747151 ], [ 34.834891894, 1.743754236 ], [ 34.821173874, 1.747411448 ], [ 34.808841528, 1.754033878 ], [ 34.82382807, 1.763536088 ], [ 34.827577444, 1.764182688 ], [ 34.836624561, 1.762612982 ], [ 34.841672214, 1.768980911 ], [ 34.845548003, 1.76676601 ], [ 34.847488017, 1.767804544 ], [ 34.848784802, 1.771965155 ], [ 34.845169748, 1.776390827 ], [ 34.845947288, 1.778340944 ], [ 34.849048641, 1.777297337 ], [ 34.854486149, 1.785615638 ], [ 34.856815297, 1.787954332 ], [ 34.860177004, 1.788731255 ], [ 34.861213367, 1.790941196 ], [ 34.860054049, 1.794974207 ], [ 34.853338092, 1.80083375 ], [ 34.853211196, 1.803174949 ], [ 34.86019203, 1.80355795 ], [ 34.861487218, 1.806027731 ], [ 34.86084327, 1.808369455 ], [ 34.859164916, 1.81045213 ], [ 34.850114701, 1.809030805 ], [ 34.847017673, 1.814366437 ], [ 34.847278195, 1.816317066 ], [ 34.855555516, 1.820340354 ], [ 34.85904924, 1.823718259 ], [ 34.860473472, 1.825927776 ], [ 34.858150653, 1.829831966 ], [ 34.858670146, 1.832172485 ], [ 34.852436023, 1.830709741 ], [ 34.85052817, 1.834131871 ], [ 34.848564982, 1.839782765 ], [ 34.851186478, 1.845706479 ], [ 34.848166666, 1.856507105 ], [ 34.841694144, 1.860321939 ], [ 34.838408926, 1.855586503 ], [ 34.832688281, 1.854492382 ], [ 34.835304374, 1.862867342 ], [ 34.834468184, 1.867607117 ], [ 34.827743229, 1.871422235 ], [ 34.831113503, 1.877003832 ], [ 34.832555143, 1.883036919 ], [ 34.830961601, 1.889315598 ], [ 34.828415828, 1.934794878 ], [ 34.865189861, 1.996871825 ], [ 34.867740085, 1.99890717 ], [ 34.872904801, 1.999194248 ], [ 34.871454193, 2.000260202 ], [ 34.874009748, 2.001059272 ], [ 34.873971923, 2.004039416 ], [ 34.868713835, 2.008755995 ], [ 34.869779617, 2.013887281 ], [ 34.865497101, 2.014951576 ], [ 34.866140867, 2.019127137 ], [ 34.864085045, 2.02288443 ], [ 34.861550082, 2.022729219 ], [ 34.861218697, 2.025147669 ], [ 34.857711225, 2.025178539 ], [ 34.857272354, 2.027775298 ], [ 34.855323496, 2.0289581 ], [ 34.857353144, 2.030732197 ], [ 34.855218816, 2.038554336 ], [ 34.856352251, 2.039418111 ], [ 34.856714035, 2.038084642 ], [ 34.857740614, 2.041499077 ], [ 34.853566686, 2.044638264 ], [ 34.853535888, 2.046140226 ], [ 34.8550538, 2.045885219 ], [ 34.85587522, 2.047581992 ], [ 34.854767653, 2.051272327 ], [ 34.852954061, 2.048903212 ], [ 34.850594497, 2.054244643 ], [ 34.850702728, 2.056414869 ], [ 34.853047162, 2.056783721 ], [ 34.851055048, 2.057084151 ], [ 34.848479865, 2.060409844 ], [ 34.847156148, 2.05968823 ], [ 34.847944426, 2.063387654 ], [ 34.845747432, 2.064414307 ], [ 34.845191893, 2.066629052 ], [ 34.843313079, 2.068026805 ], [ 34.840284288, 2.067034765 ], [ 34.841282454, 2.073965931 ], [ 34.840422097, 2.075487778 ], [ 34.838122659, 2.075619848 ], [ 34.8388974, 2.077173347 ], [ 34.836480919, 2.076994895 ], [ 34.832363356, 2.080718572 ], [ 34.832593031, 2.082269481 ], [ 34.827093495, 2.085044756 ], [ 34.828177011, 2.086456692 ], [ 34.825283709, 2.086872034 ], [ 34.82280329, 2.0905112 ], [ 34.821077084, 2.089692273 ], [ 34.821092449, 2.091456753 ], [ 34.819030969, 2.091375356 ], [ 34.818737672, 2.093257588 ], [ 34.815598116, 2.095626905 ], [ 34.815853022, 2.099359597 ], [ 34.812878556, 2.101896623 ], [ 34.812296705, 2.104659674 ], [ 34.807119446, 2.104408406 ], [ 34.806750993, 2.10714864 ], [ 34.804117979, 2.10763676 ], [ 34.803778971, 2.109161128 ], [ 34.802979947, 2.107726694 ], [ 34.801957592, 2.108413267 ], [ 34.802139604, 2.112527141 ], [ 34.800153672, 2.111492364 ], [ 34.797179258, 2.114005552 ], [ 34.797931128, 2.122914733 ], [ 34.797753084, 2.126772593 ], [ 34.799268884, 2.126994419 ], [ 34.799921561, 2.129310368 ], [ 34.797803037, 2.131255413 ], [ 34.798457058, 2.140831743 ], [ 34.793597044, 2.146149529 ], [ 34.792609288, 2.139492439 ], [ 34.789569059, 2.135853685 ], [ 34.786443675, 2.135194972 ], [ 34.781213164, 2.131128443 ], [ 34.778084281, 2.131208841 ], [ 34.777675622, 2.132422918 ], [ 34.77624051, 2.130174721 ], [ 34.774340194, 2.131071685 ], [ 34.76699631, 2.127853323 ], [ 34.763244791, 2.124282568 ], [ 34.754847803, 2.123228851 ], [ 34.729800471, 2.129007352 ], [ 34.720220309, 2.133118494 ], [ 34.703904692, 2.144277657 ], [ 34.69420493, 2.148059103 ], [ 34.707518483, 2.136836269 ], [ 34.70904119, 2.126868188 ], [ 34.713104971, 2.118306458 ], [ 34.713430723, 2.110374533 ], [ 34.717617231, 2.100759889 ], [ 34.716932865, 2.095844646 ], [ 34.724425021, 2.086725665 ], [ 34.726093405, 2.082619062 ], [ 34.724556309, 2.064139992 ], [ 34.727629592, 2.053116141 ], [ 34.73316523, 2.042171051 ], [ 34.731681637, 2.037891488 ], [ 34.73112548, 2.020546878 ], [ 34.728558843, 2.006531907 ], [ 34.720997755, 1.99070816 ], [ 34.718396117, 1.993350367 ], [ 34.710087609, 1.993668708 ], [ 34.700773454, 1.998596587 ], [ 34.692256896, 2.008004381 ], [ 34.684017731, 2.000017634 ], [ 34.680513432, 2.001842956 ], [ 34.675076567, 2.008373532 ], [ 34.67010854, 2.00704353 ], [ 34.666436045, 2.009299836 ], [ 34.660214819, 2.009060926 ], [ 34.657112763, 2.004975692 ], [ 34.648848325, 1.98123223 ], [ 34.646828089, 1.968508725 ], [ 34.641777891, 1.964297163 ], [ 34.638032536, 1.963043528 ], [ 34.635330825, 1.963627685 ], [ 34.632049945, 1.967745436 ], [ 34.630464074, 1.97271549 ], [ 34.630430409, 1.977084742 ], [ 34.634739479, 1.993544259 ], [ 34.636997876, 1.997090824 ], [ 34.636360925, 1.999441653 ], [ 34.633216736, 2.000357009 ], [ 34.627831157, 1.995289821 ], [ 34.626502453, 1.992117431 ], [ 34.627829073, 1.990551323 ], [ 34.624700092, 1.989776482 ], [ 34.622044189, 1.986812907 ], [ 34.619022079, 1.986526637 ], [ 34.614540769, 1.982674484 ], [ 34.614752445, 1.978770253 ], [ 34.608245543, 1.977040839 ], [ 34.604546201, 1.972596566 ], [ 34.602588456, 1.966909346 ], [ 34.599814278, 1.964278563 ], [ 34.600084511, 1.958529136 ], [ 34.594284702, 1.946682475 ], [ 34.586487728, 1.948912188 ], [ 34.580844324, 1.942745204 ], [ 34.570661815, 1.935904375 ], [ 34.549118125, 1.913421725 ], [ 34.54629759, 1.916954957 ], [ 34.533941576, 1.911084241 ], [ 34.529717364, 1.914466461 ], [ 34.52446289, 1.914391681 ], [ 34.517514369, 1.902874231 ], [ 34.510814355, 1.89970562 ], [ 34.506965374, 1.894064183 ], [ 34.501398623, 1.895212026 ], [ 34.492942094, 1.887206965 ], [ 34.484100044, 1.882622082 ], [ 34.475065904, 1.880577826 ], [ 34.461273776, 1.879807803 ], [ 34.455930282, 1.877760303 ], [ 34.446954182, 1.870300609 ], [ 34.432264836, 1.865922084 ], [ 34.418811244, 1.818598947 ], [ 34.420229429, 1.796410996 ], [ 34.416977175, 1.795517152 ], [ 34.417591956, 1.797208008 ], [ 34.415228027, 1.79870083 ], [ 34.411122744, 1.796066149 ], [ 34.408964967, 1.796478782 ], [ 34.400744934, 1.788647953 ], [ 34.392776963, 1.789625214 ], [ 34.388164016, 1.788127133 ], [ 34.386882797, 1.789533088 ], [ 34.386368619, 1.787841777 ], [ 34.383063447, 1.788188371 ], [ 34.383118797, 1.786009182 ], [ 34.380536566, 1.785796127 ], [ 34.380295814, 1.783373391 ], [ 34.378288708, 1.783639384 ], [ 34.377613082, 1.777726832 ], [ 34.378936577, 1.775675719 ], [ 34.376485412, 1.774874708 ], [ 34.376426625, 1.772437538 ], [ 34.374887008, 1.771234425 ], [ 34.374357743, 1.768381845 ], [ 34.375496293, 1.766689276 ], [ 34.373897416, 1.762389513 ], [ 34.369235726, 1.758565108 ], [ 34.367865527, 1.755211354 ], [ 34.365300414, 1.754410387 ], [ 34.360819817, 1.744836822 ], [ 34.350165716, 1.737338281 ], [ 34.345507023, 1.738107057 ], [ 34.343556491, 1.736338451 ], [ 34.341924942, 1.731830881 ], [ 34.342254007, 1.726520617 ], [ 34.338626626, 1.72335393 ], [ 34.336234098, 1.718368497 ], [ 34.334169219, 1.705920051 ], [ 34.327592368, 1.700004649 ], [ 34.327198709, 1.697911997 ], [ 34.329121707, 1.694298853 ], [ 34.326300295, 1.687663234 ], [ 34.327926186, 1.684086191 ], [ 34.327020639, 1.680785966 ], [ 34.323524832, 1.678635642 ], [ 34.320565782, 1.679319366 ], [ 34.319066818, 1.677263316 ], [ 34.317689131, 1.678795104 ], [ 34.316381298, 1.678198012 ], [ 34.316792548, 1.671105655 ], [ 34.314685687, 1.666430858 ], [ 34.311760005, 1.663658185 ], [ 34.304996013, 1.66197641 ], [ 34.298488882, 1.653214258 ], [ 34.291284116, 1.649942033 ], [ 34.284878499, 1.651010648 ], [ 34.278658316, 1.644759723 ], [ 34.27540265, 1.646292684 ], [ 34.269277791, 1.640352573 ], [ 34.261373399, 1.639628086 ], [ 34.260634524, 1.636471128 ], [ 34.229070111, 1.637204171 ], [ 34.229507155, 1.579334968 ], [ 34.22956819, 1.561541322 ] ] ] } },
{ "type": "Feature", "properties": { "shapeName": "Napak", "shapeISO": "", "shapeID": "80733802B45213665516137", "shapeGroup": "UGA", "shapeType": "ADM2" }, "geometry": { "type": "Polygon", "coordinates": [ [ [ 33.908789179, 2.305826935 ], [ 34.211972483, 2.118646702 ], [ 34.223194413, 1.980863587 ], [ 34.222780324, 1.880048404 ], [ 34.249886497, 1.891019851 ], [ 34.308958972, 1.924395046 ], [ 34.395660593, 1.989995569 ], [ 34.433758881, 2.033173183 ], [ 34.438767104, 2.036675362 ], [ 34.479993133, 2.09190872 ], [ 34.488205697, 2.110065651 ], [ 34.500994561, 2.14898898 ], [ 34.505223492, 2.156733229 ], [ 34.511162613, 2.183655383 ], [ 34.585328315, 2.419798273 ], [ 34.583835725, 2.420573245 ], [ 34.579692224, 2.419090279 ], [ 34.580749551, 2.422389505 ], [ 34.580186292, 2.430559768 ], [ 34.57623888, 2.433977207 ], [ 34.572981361, 2.439726633 ], [ 34.571341137, 2.446201517 ], [ 34.572391237, 2.449163504 ], [ 34.571429867, 2.455792911 ], [ 34.574043003, 2.462170513 ], [ 34.542533037, 2.507887083 ], [ 34.504624657, 2.561072785 ], [ 34.500799351, 2.561667604 ], [ 34.499162189, 2.563313534 ], [ 34.498201483, 2.561697124 ], [ 34.494617202, 2.564780905 ], [ 34.484826933, 2.563968047 ], [ 34.481674758, 2.566304743 ], [ 34.481276612, 2.569726967 ], [ 34.479545025, 2.570164487 ], [ 34.478801339, 2.568983288 ], [ 34.476360504, 2.571288047 ], [ 34.36368035, 2.731985245 ], [ 34.364105057, 2.735090769 ], [ 34.362374532, 2.736033963 ], [ 34.363315054, 2.740033054 ], [ 34.361725135, 2.741164332 ], [ 34.36360493, 2.74803305 ], [ 34.362251732, 2.751564163 ], [ 34.364176766, 2.757020994 ], [ 34.362588551, 2.759658228 ], [ 34.3609625, 2.770154658 ], [ 34.362322102, 2.77222376 ], [ 34.361389581, 2.775283791 ], [ 34.362701529, 2.776599971 ], [ 34.361912603, 2.782436421 ], [ 34.359158061, 2.78832222 ], [ 34.360016933, 2.789740587 ], [ 34.357075586, 2.791161981 ], [ 34.355711191, 2.795438049 ], [ 34.353832501, 2.796796558 ], [ 34.354385683, 2.797987839 ], [ 34.353159857, 2.798359171 ], [ 34.353777282, 2.80209863 ], [ 34.351901062, 2.805614934 ], [ 34.353419938, 2.811243981 ], [ 34.3503376, 2.814515093 ], [ 34.350769022, 2.816446332 ], [ 34.34960359, 2.816036681 ], [ 34.35050926, 2.821584245 ], [ 34.348900358, 2.826518231 ], [ 34.346081898, 2.828247762 ], [ 34.34473692, 2.831660711 ], [ 34.342060748, 2.832732458 ], [ 34.341371727, 2.837829788 ], [ 34.338777007, 2.838654835 ], [ 34.335348515, 2.843138845 ], [ 34.336412665, 2.844308988 ], [ 34.333400793, 2.855615309 ], [ 34.326089541, 2.860679275 ], [ 34.323431948, 2.860209697 ], [ 34.315733272, 2.866157761 ], [ 34.31198225, 2.874711201 ], [ 34.312598484, 2.877382085 ], [ 34.306104091, 2.882034063 ], [ 34.304638341, 2.887194004 ], [ 34.299938822, 2.888576327 ], [ 34.298614671, 2.89246196 ], [ 34.295387449, 2.894438555 ], [ 34.294105448, 2.899454443 ], [ 34.291592146, 2.900156062 ], [ 34.290409248, 2.902459121 ], [ 34.287383795, 2.902154326 ], [ 34.284973559, 2.903636752 ], [ 34.281325486, 2.909928066 ], [ 34.26442397, 2.769208084 ], [ 34.260913632, 2.727058718 ], [ 34.191078228, 2.745923735 ], [ 34.148604439, 2.75961766 ], [ 34.117748216, 2.75814371 ], [ 34.103075459, 2.755358485 ], [ 34.09439553, 2.751870539 ], [ 34.084178485, 2.745373003 ], [ 34.070808803, 2.741181458 ], [ 34.047652607, 2.725680748 ], [ 34.031138362, 2.711857717 ], [ 34.019642065, 2.699035375 ], [ 33.986507136, 2.668957448 ], [ 33.982865806, 2.662637591 ], [ 33.982610073, 2.656081477 ], [ 33.986592521, 2.650986552 ], [ 33.986723899, 2.644158035 ], [ 33.965760814, 2.616704508 ], [ 33.980315731, 2.587662841 ], [ 33.986418453, 2.570755638 ], [ 34.011204468, 2.54529032 ], [ 34.012830269, 2.539772329 ], [ 34.015709475, 2.539458915 ], [ 34.014160738, 2.536994974 ], [ 34.014443914, 2.533931243 ], [ 34.017489238, 2.533043291 ], [ 34.016635167, 2.534998207 ], [ 34.018027395, 2.536211485 ], [ 34.018427012, 2.532544532 ], [ 34.021320281, 2.532705192 ], [ 34.023755721, 2.527928503 ], [ 34.026922099, 2.529721003 ], [ 34.030913729, 2.525112639 ], [ 34.031473149, 2.522070616 ], [ 34.032972413, 2.52216515 ], [ 34.033350709, 2.519053496 ], [ 34.031271443, 2.517276433 ], [ 34.031311736, 2.514184184 ], [ 34.032340378, 2.510553766 ], [ 34.034623594, 2.509307907 ], [ 34.036084981, 2.50610661 ], [ 34.03685606, 2.495932737 ], [ 34.035854804, 2.495719615 ], [ 34.036828772, 2.49486358 ], [ 34.035802905, 2.487334301 ], [ 34.034801021, 2.48733501 ], [ 34.036720962, 2.484798187 ], [ 34.035416099, 2.47928525 ], [ 34.037001721, 2.476870862 ], [ 34.035729855, 2.475741494 ], [ 34.037522917, 2.475098726 ], [ 34.035798197, 2.473083791 ], [ 34.037352315, 2.471066546 ], [ 34.035075606, 2.470976503 ], [ 34.035142554, 2.468807571 ], [ 34.037267286, 2.468958805 ], [ 34.035148168, 2.46685252 ], [ 34.03733265, 2.467339735 ], [ 34.03349757, 2.465463748 ], [ 34.034521286, 2.457856635 ], [ 34.031148742, 2.453505944 ], [ 34.032768324, 2.44983909 ], [ 34.03195751, 2.446754327 ], [ 34.031075608, 2.447274237 ], [ 34.030201083, 2.445228151 ], [ 34.029409641, 2.445961833 ], [ 34.028894422, 2.440387225 ], [ 34.02771201, 2.439838181 ], [ 34.028519924, 2.43339204 ], [ 34.030135556, 2.43109984 ], [ 34.02759169, 2.428932693 ], [ 34.023457615, 2.430768387 ], [ 34.021962868, 2.433243785 ], [ 34.018018329, 2.432513316 ], [ 34.017781221, 2.430527869 ], [ 34.009617192, 2.424439053 ], [ 34.01010701, 2.423033514 ], [ 34.007436857, 2.422546536 ], [ 34.006692, 2.417689894 ], [ 34.003351053, 2.418211432 ], [ 34.004858979, 2.416423363 ], [ 34.004746442, 2.413368641 ], [ 34.005957585, 2.414467553 ], [ 34.006811539, 2.413122878 ], [ 34.00523743, 2.411565973 ], [ 34.006672267, 2.408815702 ], [ 34.003488645, 2.407443144 ], [ 34.004552781, 2.406892583 ], [ 34.003765864, 2.406068295 ], [ 34.005101375, 2.406159072 ], [ 34.003246226, 2.404678714 ], [ 34.004582317, 2.401966682 ], [ 34.002768035, 2.399485858 ], [ 33.998720929, 2.401358154 ], [ 33.996860911, 2.399901044 ], [ 33.994890816, 2.400463443 ], [ 33.989577205, 2.40469315 ], [ 33.987121997, 2.402787714 ], [ 33.985822838, 2.405742998 ], [ 33.980215534, 2.404873474 ], [ 33.980930736, 2.406763734 ], [ 33.976435252, 2.409256114 ], [ 33.978241455, 2.406143401 ], [ 33.977193626, 2.404947462 ], [ 33.975719183, 2.406145219 ], [ 33.973383377, 2.400654051 ], [ 33.970765715, 2.40034478 ], [ 33.970433741, 2.401972528 ], [ 33.968197476, 2.40262035 ], [ 33.968579587, 2.404606595 ], [ 33.964462616, 2.404011184 ], [ 33.96284685, 2.407267362 ], [ 33.960083223, 2.402422661 ], [ 33.961961637, 2.400434819 ], [ 33.956368173, 2.398069281 ], [ 33.956533808, 2.396728857 ], [ 33.952726903, 2.397162335 ], [ 33.951920193, 2.400513682 ], [ 33.949207895, 2.401018203 ], [ 33.947919988, 2.396698992 ], [ 33.945696505, 2.397787657 ], [ 33.942773964, 2.394373821 ], [ 33.930986799, 2.389616367 ], [ 33.922693788, 2.388257168 ], [ 33.907817499, 2.380361929 ], [ 33.900362039, 2.37878043 ], [ 33.89610242, 2.376006508 ], [ 33.895141617, 2.372771242 ], [ 33.891952472, 2.370159235 ], [ 33.891539982, 2.367432688 ], [ 33.88725216, 2.36421517 ], [ 33.884963188, 2.359710939 ], [ 33.873462403, 2.356333385 ], [ 33.871186514, 2.35810097 ], [ 33.865873685, 2.357902562 ], [ 33.859011273, 2.345639737 ], [ 33.85611104, 2.347619942 ], [ 33.853397011, 2.347452507 ], [ 33.84937007, 2.343775903 ], [ 33.908789179, 2.305826935 ] ] ] } },
{ "type": "Feature", "properties": { "shapeName": "Nebbi", "shapeISO": "", "shapeID": "80733802B19066366240557", "shapeGroup": "UGA", "shapeType": "ADM2" }, "geometry": { "type": "Polygon", "coordinates": [ [ [ 31.020525866, 2.575218513 ], [ 31.019372412, 2.573555175 ], [ 31.016751988, 2.573746132 ], [ 31.014905448, 2.576609362 ], [ 31.013688689, 2.569833232 ], [ 31.008856837, 2.569839654 ], [ 31.008459322, 2.568410818 ], [ 31.006234989, 2.568232993 ], [ 31.007295842, 2.565732419 ], [ 31.002412809, 2.560329303 ], [ 31.003321731, 2.557569528 ], [ 30.997539988, 2.555148383 ], [ 30.996041621, 2.551474863 ], [ 30.993935679, 2.552751808 ], [ 30.99619186, 2.547838842 ], [ 30.994200862, 2.544017854 ], [ 30.995390923, 2.541573891 ], [ 30.993444713, 2.534352691 ], [ 30.99407065, 2.528089239 ], [ 30.991089062, 2.520100331 ], [ 31.009742373, 2.519525284 ], [ 31.012650267, 2.521150575 ], [ 31.021838652, 2.52215978 ], [ 31.031791459, 2.507779983 ], [ 31.039448393, 2.500102817 ], [ 31.045442523, 2.49732861 ], [ 31.056457729, 2.500344328 ], [ 31.060756867, 2.498673166 ], [ 31.070032017, 2.49911902 ], [ 31.071282624, 2.496354154 ], [ 31.074588769, 2.496975624 ], [ 31.075523649, 2.494524039 ], [ 31.074121601, 2.495431327 ], [ 31.071762454, 2.49375255 ], [ 31.071025643, 2.488354861 ], [ 31.06536162, 2.487939472 ], [ 31.060446227, 2.481255154 ], [ 31.053434186, 2.479030885 ], [ 31.054026408, 2.477739488 ], [ 31.052715949, 2.476875974 ], [ 31.05125447, 2.477795116 ], [ 31.042445643, 2.45790686 ], [ 31.037309868, 2.43650465 ], [ 31.036113842, 2.433415738 ], [ 31.034663277, 2.433820388 ], [ 31.034069283, 2.428446964 ], [ 31.029476176, 2.416402757 ], [ 31.029062607, 2.406243416 ], [ 31.027468037, 2.40602566 ], [ 31.027045847, 2.403213137 ], [ 31.019428115, 2.395484051 ], [ 31.015749739, 2.385860317 ], [ 31.021430663, 2.385184399 ], [ 31.021923743, 2.382026248 ], [ 31.023616137, 2.383536404 ], [ 31.024278743, 2.381814355 ], [ 31.026182337, 2.381912893 ], [ 31.02699626, 2.384307196 ], [ 31.027489576, 2.381268687 ], [ 31.02920049, 2.380242177 ], [ 31.028457786, 2.377776186 ], [ 31.037090091, 2.37002322 ], [ 31.073840092, 2.343201206 ], [ 31.069185125, 2.335967237 ], [ 31.070101443, 2.330559987 ], [ 31.072675377, 2.327057638 ], [ 31.073709737, 2.321243697 ], [ 31.076362222, 2.321091871 ], [ 31.076699657, 2.317586347 ], [ 31.078840429, 2.317350031 ], [ 31.079904205, 2.314168595 ], [ 31.085708448, 2.308205702 ], [ 31.07885388, 2.301555083 ], [ 31.075356017, 2.301334824 ], [ 31.073981268, 2.303726077 ], [ 31.070029249, 2.302523969 ], [ 31.075958176, 2.299241638 ], [ 31.076521297, 2.295604798 ], [ 31.08101461, 2.294079403 ], [ 31.083491034, 2.295040107 ], [ 31.08351077, 2.293173451 ], [ 31.088622646, 2.286180433 ], [ 31.095663806, 2.28563967 ], [ 31.097921696, 2.279145215 ], [ 31.108773679, 2.275079554 ], [ 31.113521224, 2.27017987 ], [ 31.116377353, 2.2706863 ], [ 31.117897493, 2.269539597 ], [ 31.119495041, 2.271121281 ], [ 31.125581036, 2.263626643 ], [ 31.131358315, 2.261767623 ], [ 31.133477874, 2.262703814 ], [ 31.133764284, 2.268459971 ], [ 31.136189638, 2.267817026 ], [ 31.137643455, 2.274292728 ], [ 31.139459641, 2.277885044 ], [ 31.142269579, 2.278989696 ], [ 31.141833064, 2.280628501 ], [ 31.150148167, 2.280484021 ], [ 31.150928573, 2.278355042 ], [ 31.153365191, 2.27741293 ], [ 31.156628342, 2.279020753 ], [ 31.158527682, 2.277204369 ], [ 31.160243206, 2.27830755 ], [ 31.162378327, 2.27553415 ], [ 31.164697539, 2.275285911 ], [ 31.172769743, 2.278192418 ], [ 31.172893003, 2.280107224 ], [ 31.175765218, 2.28242054 ], [ 31.178498494, 2.281131736 ], [ 31.183000894, 2.283602748 ], [ 31.185284051, 2.283174936 ], [ 31.187515187, 2.286061808 ], [ 31.199773249, 2.288112114 ], [ 31.200384273, 2.290015615 ], [ 31.202668377, 2.289994649 ], [ 31.203718743, 2.291527755 ], [ 31.20383009, 2.218125873 ], [ 31.248275541, 2.197434081 ], [ 31.259423955, 2.189236063 ], [ 31.266236121, 2.210281421 ], [ 31.267246883, 2.22098874 ], [ 31.2643458, 2.237658397 ], [ 31.260733597, 2.245190887 ], [ 31.257470905, 2.245378905 ], [ 31.258210119, 2.248110568 ], [ 31.256932302, 2.24955611 ], [ 31.264711962, 2.249482028 ], [ 31.271387807, 2.254266299 ], [ 31.273939216, 2.258827067 ], [ 31.274750332, 2.269613312 ], [ 31.276968401, 2.27243181 ], [ 31.283457192, 2.274218513 ], [ 31.284201623, 2.276761973 ], [ 31.286534854, 2.276219667 ], [ 31.287242118, 2.278031804 ], [ 31.289104412, 2.297975734 ], [ 31.283019236, 2.297320557 ], [ 31.284535851, 2.299502206 ], [ 31.280500486, 2.299589317 ], [ 31.280600035, 2.30397116 ], [ 31.284101686, 2.310850966 ], [ 31.294270794, 2.346448653 ], [ 31.289442874, 2.394046898 ], [ 31.291617424, 2.411024403 ], [ 31.289434619, 2.44925761 ], [ 31.287390927, 2.451439259 ], [ 31.28384577, 2.452193852 ], [ 31.274992808, 2.446340163 ], [ 31.273445456, 2.448196009 ], [ 31.266250471, 2.44812398 ], [ 31.250403445, 2.444544751 ], [ 31.250321084, 2.44708927 ], [ 31.253240613, 2.451486564 ], [ 31.259256153, 2.45516716 ], [ 31.259670855, 2.458089507 ], [ 31.263812932, 2.462395205 ], [ 31.271122896, 2.46388837 ], [ 31.275393153, 2.468323246 ], [ 31.281933741, 2.469643365 ], [ 31.283127427, 2.472440121 ], [ 31.286441184, 2.47308301 ], [ 31.289911256, 2.480673825 ], [ 31.303802044, 2.484991227 ], [ 31.308104333, 2.492556819 ], [ 31.308705789, 2.497493104 ], [ 31.308292405, 2.503840579 ], [ 31.305198872, 2.510816022 ], [ 31.298683256, 2.542113513 ], [ 31.29329643, 2.541828906 ], [ 31.291102809, 2.538244643 ], [ 31.284153417, 2.540269222 ], [ 31.280469575, 2.549792376 ], [ 31.27979641, 2.557802383 ], [ 31.277932027, 2.560087841 ], [ 31.278676235, 2.570627405 ], [ 31.289278868, 2.584611667 ], [ 31.291620813, 2.590147891 ], [ 31.293195491, 2.591256639 ], [ 31.294533725, 2.590006393 ], [ 31.296656235, 2.641733666 ], [ 31.29546322, 2.66140644 ], [ 31.291979976, 2.675362633 ], [ 31.289629902, 2.673667752 ], [ 31.288883853, 2.675784039 ], [ 31.287063398, 2.676346743 ], [ 31.28640972, 2.673691974 ], [ 31.278309935, 2.668152535 ], [ 31.275547829, 2.667640868 ], [ 31.274325424, 2.66975646 ], [ 31.268152388, 2.660268953 ], [ 31.26841606, 2.658031029 ], [ 31.266626383, 2.657051281 ], [ 31.267238492, 2.65533722 ], [ 31.263907675, 2.652784083 ], [ 31.258564308, 2.651962178 ], [ 31.257834734, 2.649115723 ], [ 31.255455341, 2.647483663 ], [ 31.253472139, 2.648659256 ], [ 31.252560912, 2.646281996 ], [ 31.247468119, 2.646095442 ], [ 31.245124137, 2.640427246 ], [ 31.237419421, 2.637784412 ], [ 31.233839886, 2.62950546 ], [ 31.235557087, 2.625579497 ], [ 31.233593816, 2.617465801 ], [ 31.232500879, 2.616435434 ], [ 31.22852717, 2.618280917 ], [ 31.226672627, 2.616068266 ], [ 31.224577825, 2.616926614 ], [ 31.221962562, 2.615702669 ], [ 31.221530253, 2.601184881 ], [ 31.208793361, 2.585096163 ], [ 31.203781849, 2.583969977 ], [ 31.198157469, 2.577089296 ], [ 31.192058699, 2.58051058 ], [ 31.190647439, 2.574606204 ], [ 31.186362294, 2.568749966 ], [ 31.182360323, 2.569549034 ], [ 31.179110623, 2.567277062 ], [ 31.176536722, 2.567863428 ], [ 31.173332981, 2.564065157 ], [ 31.167672425, 2.563761027 ], [ 31.166664591, 2.566388613 ], [ 31.16451832, 2.56610694 ], [ 31.157444231, 2.561604726 ], [ 31.155320303, 2.557823519 ], [ 31.15400462, 2.557821614 ], [ 31.152557349, 2.55299675 ], [ 31.142710691, 2.550492749 ], [ 31.138992951, 2.547562364 ], [ 31.13558177, 2.548149357 ], [ 31.1256385, 2.540735389 ], [ 31.10171686, 2.547680414 ], [ 31.066200673, 2.549711518 ], [ 31.020525866, 2.575218513 ] ] ] } },
{ "type": "Feature", "properties": { "shapeName": "Nwoya", "shapeISO": "", "shapeID": "80733802B68640994895712", "shapeGroup": "UGA", "shapeType": "ADM2" }, "geometry": { "type": "Polygon", "coordinates": [ [ [ 31.442314808, 2.676856965 ], [ 31.440394013, 2.668686963 ], [ 31.431097723, 2.659922519 ], [ 31.425680839, 2.652640751 ], [ 31.423653742, 2.646575805 ], [ 31.415151744, 2.635652715 ], [ 31.415760765, 2.630803634 ], [ 31.412451334, 2.625722209 ], [ 31.411402231, 2.621022574 ], [ 31.416581639, 2.607275262 ], [ 31.432545628, 2.58664539 ], [ 31.443931245, 2.581354882 ], [ 31.461323051, 2.563378245 ], [ 31.464839613, 2.552962614 ], [ 31.466257791, 2.532617119 ], [ 31.478007424, 2.505387633 ], [ 31.480874248, 2.502511283 ], [ 31.492333181, 2.498336842 ], [ 31.495289634, 2.495571667 ], [ 31.501143852, 2.494911815 ], [ 31.512613143, 2.496506003 ], [ 31.519428243, 2.494464185 ], [ 31.52741372, 2.487211876 ], [ 31.529866148, 2.481065915 ], [ 31.521350688, 2.467499963 ], [ 31.511139618, 2.460373615 ], [ 31.494378078, 2.453327688 ], [ 31.487020155, 2.44643876 ], [ 31.48313597, 2.440311077 ], [ 31.476946706, 2.420714797 ], [ 31.476295735, 2.39284147 ], [ 31.473635379, 2.372589975 ], [ 31.468648883, 2.359218725 ], [ 31.462480894, 2.350089147 ], [ 31.454334789, 2.342473605 ], [ 31.439320062, 2.333228245 ], [ 31.402115165, 2.317526623 ], [ 31.377494797, 2.299469204 ], [ 31.350396785, 2.270991725 ], [ 31.343273941, 2.26106844 ], [ 31.33651384, 2.247427379 ], [ 31.345401606, 2.245105295 ], [ 31.353203719, 2.246488381 ], [ 31.356952397, 2.244765152 ], [ 31.360307097, 2.246339405 ], [ 31.370220243, 2.246507598 ], [ 31.381115857, 2.240591305 ], [ 31.386932989, 2.238948775 ], [ 31.388925818, 2.236791585 ], [ 31.397943294, 2.235191791 ], [ 31.401922093, 2.237198525 ], [ 31.403051442, 2.23951622 ], [ 31.414434691, 2.235870779 ], [ 31.427993461, 2.237540984 ], [ 31.431468327, 2.236406114 ], [ 31.433969407, 2.233424853 ], [ 31.446072463, 2.229825616 ], [ 31.466866471, 2.227199466 ], [ 31.473487002, 2.230410938 ], [ 31.484748061, 2.242895486 ], [ 31.490618113, 2.247013641 ], [ 31.512233471, 2.25075869 ], [ 31.525593585, 2.256665874 ], [ 31.529373283, 2.260327958 ], [ 31.537624505, 2.273409244 ], [ 31.554225664, 2.284250192 ], [ 31.573842784, 2.285665499 ], [ 31.58859632, 2.280751902 ], [ 31.603025614, 2.271930926 ], [ 31.607854741, 2.271349471 ], [ 31.619304101, 2.27437674 ], [ 31.624203789, 2.274057219 ], [ 31.626525432, 2.272813517 ], [ 31.635755608, 2.259665643 ], [ 31.64451495, 2.258265983 ], [ 31.649529514, 2.259876213 ], [ 31.653614221, 2.265324707 ], [ 31.666379929, 2.273591266 ], [ 31.676909237, 2.275166465 ], [ 31.686725224, 2.278649353 ], [ 31.693972656, 2.275775117 ], [ 31.696101936, 2.276247342 ], [ 31.697513889, 2.280867286 ], [ 31.696370273, 2.285158835 ], [ 31.699156561, 2.288870459 ], [ 31.707940548, 2.287112989 ], [ 31.721780341, 2.290635154 ], [ 31.727266117, 2.293674016 ], [ 31.732614484, 2.294091931 ], [ 31.736893992, 2.296680506 ], [ 31.741392954, 2.29557505 ], [ 31.750353065, 2.30154315 ], [ 31.751868822, 2.30722968 ], [ 31.763497445, 2.316209093 ], [ 31.765155368, 2.321426007 ], [ 31.769121225, 2.327118011 ], [ 31.775417138, 2.331326525 ], [ 31.780484309, 2.331416314 ], [ 31.784791762, 2.333226668 ], [ 31.784333155, 2.33918643 ], [ 31.796233353, 2.345335154 ], [ 31.79923475, 2.349726556 ], [ 31.808448625, 2.357813 ], [ 31.814564034, 2.359382372 ], [ 31.824644376, 2.365210664 ], [ 31.828475043, 2.365707815 ], [ 31.833219591, 2.369187156 ], [ 31.849796665, 2.358863709 ], [ 31.853962035, 2.361104033 ], [ 31.854704144, 2.366071308 ], [ 31.856940837, 2.3664986 ], [ 31.868710282, 2.359199629 ], [ 31.882119854, 2.363065016 ], [ 31.887091899, 2.362867972 ], [ 31.891073859, 2.359769984 ], [ 31.900105084, 2.362565645 ], [ 31.908940161, 2.359270622 ], [ 31.913322397, 2.36416186 ], [ 31.917091568, 2.365763116 ], [ 31.927125831, 2.3603255 ], [ 31.935036157, 2.348092862 ], [ 31.936149956, 2.343498525 ], [ 31.944109177, 2.344870486 ], [ 31.944464766, 2.343622453 ], [ 31.941345175, 2.340571692 ], [ 31.942081076, 2.338826437 ], [ 31.95569104, 2.340672979 ], [ 31.960944988, 2.336959116 ], [ 31.966786312, 2.325846239 ], [ 31.970710651, 2.324863139 ], [ 31.973353972, 2.327153654 ], [ 31.976980828, 2.32601654 ], [ 31.979551063, 2.326796351 ], [ 31.979149791, 2.318546309 ], [ 31.982193831, 2.317345427 ], [ 31.990105069, 2.318255709 ], [ 31.996841977, 2.310734402 ], [ 32.008010915, 2.309104999 ], [ 32.013098388, 2.306476216 ], [ 32.015884095, 2.303710118 ], [ 32.018619966, 2.295724498 ], [ 32.022817895, 2.289033425 ], [ 32.023591635, 2.279752858 ], [ 32.025628094, 2.276524857 ], [ 32.032926233, 2.277190157 ], [ 32.041915393, 2.284053035 ], [ 32.05324771, 2.282504688 ], [ 32.084756566, 2.262687205 ], [ 32.090114188, 2.255942222 ], [ 32.09532712, 2.252245642 ], [ 32.107848617, 2.246907154 ], [ 32.109859988, 2.244845872 ], [ 32.120318618, 2.245820184 ], [ 32.124619248, 2.242656625 ], [ 32.129349478, 2.242921806 ], [ 32.132913578, 2.240644297 ], [ 32.136976062, 2.236195983 ], [ 32.14566107, 2.231108077 ], [ 32.148485173, 2.221547864 ], [ 32.165943344, 2.22204639 ], [ 32.174629159, 2.218297093 ], [ 32.189222845, 2.217002548 ], [ 32.193738471, 2.224875339 ], [ 32.200843239, 2.227457441 ], [ 32.213094469, 2.237822177 ], [ 32.214059806, 2.241468387 ], [ 32.221185777, 2.243543844 ], [ 32.222866218, 2.246376264 ], [ 32.24330265, 2.241140132 ], [ 32.247320993, 2.243449061 ], [ 32.248749161, 2.246769846 ], [ 32.250700881, 2.246807041 ], [ 32.252798261, 2.25163893 ], [ 32.258991924, 2.253818361 ], [ 32.255136234, 2.259870073 ], [ 32.253623853, 2.269749977 ], [ 32.248667643, 2.281146292 ], [ 32.242656656, 2.286392599 ], [ 32.242049382, 2.289520641 ], [ 32.244101518, 2.294312949 ], [ 32.243505191, 2.299883732 ], [ 32.235177404, 2.319169976 ], [ 32.231763464, 2.331346386 ], [ 32.231007574, 2.344032011 ], [ 32.23325808, 2.349438854 ], [ 32.233761207, 2.357518756 ], [ 32.230284339, 2.371236639 ], [ 32.2319382, 2.377625196 ], [ 32.23181001, 2.386796758 ], [ 32.229962942, 2.401843538 ], [ 32.22795536, 2.406818754 ], [ 32.228867049, 2.411421061 ], [ 32.232324188, 2.414738529 ], [ 32.233741591, 2.420711373 ], [ 32.228613701, 2.438387056 ], [ 32.229709102, 2.443653812 ], [ 32.22857238, 2.453629335 ], [ 32.230094878, 2.462039969 ], [ 32.228522148, 2.486849977 ], [ 32.230298488, 2.497259628 ], [ 32.227492324, 2.504139877 ], [ 32.234437695, 2.513931592 ], [ 32.238329341, 2.512827861 ], [ 32.246811672, 2.517953298 ], [ 32.25543576, 2.515939212 ], [ 32.264656586, 2.510267358 ], [ 32.283362045, 2.511448602 ], [ 32.290917223, 2.510544788 ], [ 32.297061468, 2.504522944 ], [ 32.289735916, 2.512434369 ], [ 32.287478746, 2.519298383 ], [ 32.276810674, 2.523814273 ], [ 32.271885163, 2.529070457 ], [ 32.271714246, 2.541271526 ], [ 32.267062591, 2.545680667 ], [ 32.261937131, 2.556019554 ], [ 32.262654387, 2.564293422 ], [ 32.261557096, 2.570123801 ], [ 32.263950332, 2.574492966 ], [ 32.263235725, 2.581023799 ], [ 32.264998247, 2.586665124 ], [ 32.259465282, 2.590772056 ], [ 32.262942557, 2.59404184 ], [ 32.261117529, 2.595050727 ], [ 32.257600539, 2.608026924 ], [ 32.250665026, 2.61876254 ], [ 32.246994727, 2.61861427 ], [ 32.236162971, 2.623123328 ], [ 32.228273075, 2.619898641 ], [ 32.216426977, 2.617880091 ], [ 32.211975422, 2.6182789 ], [ 32.205149068, 2.622015919 ], [ 32.199943999, 2.619278432 ], [ 32.192037333, 2.61774432 ], [ 32.18474037, 2.626960791 ], [ 32.188455713, 2.631335559 ], [ 32.181901672, 2.636070267 ], [ 32.180036174, 2.644984367 ], [ 32.171749237, 2.655778946 ], [ 32.169092079, 2.664627365 ], [ 32.157529835, 2.670450775 ], [ 32.14911289, 2.679468849 ], [ 32.145726839, 2.68077912 ], [ 32.14506287, 2.683159065 ], [ 32.143305528, 2.683135919 ], [ 32.141099536, 2.68816398 ], [ 32.134760719, 2.691216921 ], [ 32.133259272, 2.693319363 ], [ 32.132197721, 2.692622814 ], [ 32.128855545, 2.694842182 ], [ 32.12540603, 2.692106325 ], [ 32.126811526, 2.695279487 ], [ 32.128782249, 2.696046884 ], [ 32.128558868, 2.698194115 ], [ 32.132145688, 2.700631463 ], [ 32.132295696, 2.703836669 ], [ 32.136608862, 2.70568528 ], [ 32.139829278, 2.710098512 ], [ 32.14526858, 2.711471766 ], [ 32.147813287, 2.713640039 ], [ 32.149752627, 2.713148151 ], [ 32.150045228, 2.716295732 ], [ 32.160766101, 2.718656199 ], [ 32.166201586, 2.718340699 ], [ 32.172289179, 2.722359605 ], [ 32.1707807, 2.730249071 ], [ 32.174207495, 2.737438021 ], [ 32.17406354, 2.743062616 ], [ 32.178799036, 2.747143915 ], [ 32.180425092, 2.75267291 ], [ 32.187657825, 2.762344902 ], [ 32.193605412, 2.761286034 ], [ 32.198474763, 2.75779418 ], [ 32.196363635, 2.775002585 ], [ 32.194053199, 2.778300802 ], [ 32.191728565, 2.779118122 ], [ 32.179135773, 2.779935007 ], [ 32.167227729, 2.777281442 ], [ 32.155248281, 2.777653553 ], [ 32.14446711, 2.773666218 ], [ 32.143397834, 2.76949314 ], [ 32.136438635, 2.767054773 ], [ 32.133300988, 2.769807828 ], [ 32.129325781, 2.782847451 ], [ 32.123559375, 2.78436219 ], [ 32.115885288, 2.799848718 ], [ 32.113945461, 2.802515771 ], [ 32.109096344, 2.804838319 ], [ 32.103149501, 2.803676087 ], [ 32.095761828, 2.806199037 ], [ 32.08987208, 2.804864665 ], [ 32.086421282, 2.801537348 ], [ 32.079133929, 2.800546904 ], [ 32.073772697, 2.793634327 ], [ 32.067882857, 2.793733859 ], [ 32.059207818, 2.787637175 ], [ 32.048645186, 2.786294524 ], [ 32.045652471, 2.777856265 ], [ 32.04292902, 2.775604483 ], [ 32.041303142, 2.776550642 ], [ 32.037966784, 2.772563637 ], [ 32.034144873, 2.772878477 ], [ 32.028512773, 2.767786919 ], [ 32.018914821, 2.771126379 ], [ 32.01127493, 2.779713906 ], [ 32.009432708, 2.779148532 ], [ 32.002942484, 2.781293924 ], [ 31.993103926, 2.787023868 ], [ 31.976411387, 2.788670284 ], [ 31.97599764, 2.786865329 ], [ 31.972308904, 2.784659152 ], [ 31.97260268, 2.782944247 ], [ 31.967728925, 2.781383458 ], [ 31.967016109, 2.782670973 ], [ 31.965552433, 2.780440983 ], [ 31.960407073, 2.78679435 ], [ 31.954797273, 2.789930012 ], [ 31.947721521, 2.791172359 ], [ 31.941320243, 2.79563159 ], [ 31.930915177, 2.797267449 ], [ 31.920739465, 2.793003577 ], [ 31.916818551, 2.794001005 ], [ 31.913267349, 2.792598774 ], [ 31.909228952, 2.794218695 ], [ 31.902643415, 2.79235484 ], [ 31.900456028, 2.788896492 ], [ 31.901301423, 2.786575101 ], [ 31.900006606, 2.785903323 ], [ 31.900307744, 2.783627024 ], [ 31.898130374, 2.782293396 ], [ 31.899297378, 2.778125073 ], [ 31.892672452, 2.77863124 ], [ 31.887928485, 2.7831143 ], [ 31.883257886, 2.782590038 ], [ 31.878141855, 2.784534477 ], [ 31.873512097, 2.784582398 ], [ 31.873395615, 2.783614312 ], [ 31.870364359, 2.786055032 ], [ 31.86173459, 2.786932049 ], [ 31.859372937, 2.788912985 ], [ 31.849616958, 2.788938846 ], [ 31.823099243, 2.794967752 ], [ 31.823425341, 2.796732837 ], [ 31.821014748, 2.800051864 ], [ 31.814754846, 2.802586012 ], [ 31.810693931, 2.802130754 ], [ 31.803491645, 2.805982215 ], [ 31.802742731, 2.810333108 ], [ 31.800581019, 2.810037935 ], [ 31.797567488, 2.817840125 ], [ 31.786923837, 2.822626972 ], [ 31.78522629, 2.824250447 ], [ 31.786290158, 2.826079116 ], [ 31.783528336, 2.827701493 ], [ 31.781312712, 2.82731498 ], [ 31.777158475, 2.82957721 ], [ 31.771556789, 2.827624779 ], [ 31.770803885, 2.829405672 ], [ 31.765440419, 2.828322735 ], [ 31.762073796, 2.830125413 ], [ 31.759988791, 2.833363015 ], [ 31.756539668, 2.832298462 ], [ 31.753515264, 2.834044131 ], [ 31.751170679, 2.832299761 ], [ 31.751445837, 2.827682544 ], [ 31.747882474, 2.826645972 ], [ 31.745985414, 2.828607919 ], [ 31.747560059, 2.830269691 ], [ 31.742266868, 2.833985189 ], [ 31.735600863, 2.831819898 ], [ 31.73049954, 2.827884678 ], [ 31.725883607, 2.82728386 ], [ 31.71763718, 2.829629039 ], [ 31.715646054, 2.83197259 ], [ 31.711122799, 2.83051339 ], [ 31.714534094, 2.825780984 ], [ 31.712538579, 2.826599344 ], [ 31.712532396, 2.824454547 ], [ 31.711007457, 2.823507498 ], [ 31.70586903, 2.823147054 ], [ 31.705436801, 2.821718925 ], [ 31.708287022, 2.820372817 ], [ 31.707665062, 2.819136121 ], [ 31.702556414, 2.820848852 ], [ 31.700994501, 2.823571939 ], [ 31.699756646, 2.823195653 ], [ 31.693037154, 2.818885596 ], [ 31.690976835, 2.813698765 ], [ 31.691422078, 2.811385369 ], [ 31.687559983, 2.808207622 ], [ 31.686836773, 2.804826557 ], [ 31.683310535, 2.80264837 ], [ 31.683224298, 2.80574674 ], [ 31.682178511, 2.805989281 ], [ 31.676510571, 2.803390782 ], [ 31.675385184, 2.800750094 ], [ 31.671859831, 2.798857854 ], [ 31.659974828, 2.801193515 ], [ 31.660078512, 2.80419576 ], [ 31.656262244, 2.808715096 ], [ 31.657267919, 2.811094131 ], [ 31.655751761, 2.81319731 ], [ 31.658369273, 2.81366342 ], [ 31.655806644, 2.815770814 ], [ 31.654095327, 2.816158964 ], [ 31.653327501, 2.813778989 ], [ 31.651906323, 2.815834127 ], [ 31.650430261, 2.815315781 ], [ 31.649054622, 2.816655791 ], [ 31.646911293, 2.815663513 ], [ 31.646524959, 2.813615616 ], [ 31.644527173, 2.813623636 ], [ 31.641639525, 2.818544285 ], [ 31.638281591, 2.816961073 ], [ 31.636713634, 2.817586941 ], [ 31.636422994, 2.815729313 ], [ 31.634422526, 2.8147841 ], [ 31.634224593, 2.812068218 ], [ 31.632132492, 2.81236254 ], [ 31.632045705, 2.815317864 ], [ 31.630477627, 2.815896056 ], [ 31.626090945, 2.81214835 ], [ 31.625675561, 2.808218011 ], [ 31.621489106, 2.807996412 ], [ 31.62224586, 2.806468255 ], [ 31.619331098, 2.801761471 ], [ 31.616572432, 2.801820129 ], [ 31.607357504, 2.806384578 ], [ 31.602097993, 2.805142478 ], [ 31.59708662, 2.799061873 ], [ 31.600123958, 2.796619134 ], [ 31.595667258, 2.793276811 ], [ 31.591196595, 2.793437539 ], [ 31.586591397, 2.787998742 ], [ 31.57970126, 2.790409045 ], [ 31.580349878, 2.784210698 ], [ 31.577821292, 2.78145645 ], [ 31.577256547, 2.775096106 ], [ 31.575345104, 2.77191048 ], [ 31.572540607, 2.772541171 ], [ 31.571025753, 2.775120795 ], [ 31.571039042, 2.779886705 ], [ 31.566238299, 2.78104953 ], [ 31.557283328, 2.77636662 ], [ 31.557300557, 2.774007406 ], [ 31.550438169, 2.76922089 ], [ 31.551141039, 2.765405389 ], [ 31.548043938, 2.763415919 ], [ 31.546289545, 2.765376863 ], [ 31.54301893, 2.760838327 ], [ 31.538115555, 2.759237239 ], [ 31.53462418, 2.752245114 ], [ 31.537950584, 2.751183518 ], [ 31.535661954, 2.749143204 ], [ 31.534617454, 2.749814553 ], [ 31.534125688, 2.747020207 ], [ 31.532704224, 2.747015958 ], [ 31.538599208, 2.743835827 ], [ 31.53689092, 2.739155463 ], [ 31.535464248, 2.739059693 ], [ 31.535034385, 2.741304116 ], [ 31.531610772, 2.74058714 ], [ 31.527804075, 2.743069705 ], [ 31.528212227, 2.738318104 ], [ 31.525216423, 2.737887743 ], [ 31.526977048, 2.7366942 ], [ 31.52417195, 2.735690803 ], [ 31.52579025, 2.734067425 ], [ 31.521175638, 2.735881243 ], [ 31.518228797, 2.733779437 ], [ 31.517802551, 2.73163036 ], [ 31.520466661, 2.730580272 ], [ 31.521178561, 2.73234736 ], [ 31.521512378, 2.731249036 ], [ 31.518042512, 2.729003881 ], [ 31.520041341, 2.727285075 ], [ 31.515714452, 2.726281377 ], [ 31.516167797, 2.724395136 ], [ 31.513980402, 2.724108174 ], [ 31.514362116, 2.722580085 ], [ 31.512792535, 2.722818559 ], [ 31.508705161, 2.719761416 ], [ 31.503949511, 2.719712712 ], [ 31.502429866, 2.717085895 ], [ 31.50067033, 2.719383982 ], [ 31.498258286, 2.716841309 ], [ 31.496008938, 2.716627364 ], [ 31.495952444, 2.713792007 ], [ 31.492921041, 2.715356663 ], [ 31.492654572, 2.712551211 ], [ 31.490391274, 2.711492682 ], [ 31.490693436, 2.709713471 ], [ 31.48970508, 2.70853589 ], [ 31.489343494, 2.709862595 ], [ 31.48790447, 2.709287695 ], [ 31.487489004, 2.705697833 ], [ 31.485509448, 2.705635017 ], [ 31.481719516, 2.702131413 ], [ 31.48607221, 2.699301606 ], [ 31.483703669, 2.698484253 ], [ 31.484924002, 2.693991575 ], [ 31.48405712, 2.691607648 ], [ 31.481388068, 2.691272528 ], [ 31.481872374, 2.687713967 ], [ 31.480331679, 2.684484653 ], [ 31.471698029, 2.680824187 ], [ 31.470546531, 2.678198625 ], [ 31.46787388, 2.680789222 ], [ 31.46628554, 2.679731538 ], [ 31.467366359, 2.678888361 ], [ 31.464967033, 2.678764686 ], [ 31.46481575, 2.679820172 ], [ 31.463378281, 2.678038789 ], [ 31.461727893, 2.678639957 ], [ 31.461492282, 2.675171002 ], [ 31.459916957, 2.675711935 ], [ 31.459463661, 2.678425951 ], [ 31.4530471, 2.676819224 ], [ 31.452205279, 2.678416745 ], [ 31.449295896, 2.678443212 ], [ 31.448663221, 2.68067439 ], [ 31.447258072, 2.677083329 ], [ 31.44566622, 2.678830679 ], [ 31.446745563, 2.679163843 ], [ 31.446383585, 2.680792121 ], [ 31.44398749, 2.678134813 ], [ 31.444558911, 2.676898908 ], [ 31.442314808, 2.676856965 ] ] ] } },
{ "type": "Feature", "properties": { "shapeName": "Obongi", "shapeISO": "", "shapeID": "80733802B62731586129060", "shapeGroup": "UGA", "shapeType": "ADM2" }, "geometry": { "type": "Polygon", "coordinates": [ [ [ 31.769389369, 3.508686424 ], [ 31.76449266, 3.514973198 ], [ 31.761361898, 3.522416594 ], [ 31.757742021, 3.537693748 ], [ 31.748862111, 3.545388776 ], [ 31.747962456, 3.549763714 ], [ 31.745350213, 3.551157104 ], [ 31.739677715, 3.551577747 ], [ 31.72788806, 3.544368815 ], [ 31.720545111, 3.543486998 ], [ 31.6993545, 3.553216506 ], [ 31.618177503, 3.552571 ], [ 31.606392846, 3.551180279 ], [ 31.586112845, 3.543826835 ], [ 31.575344022, 3.543187188 ], [ 31.574155336, 3.544412842 ], [ 31.57610051, 3.546659826 ], [ 31.57447843, 3.548084062 ], [ 31.574643203, 3.551128494 ], [ 31.57271902, 3.554986111 ], [ 31.569893215, 3.558377946 ], [ 31.570688165, 3.560018628 ], [ 31.567854026, 3.561324639 ], [ 31.566517661, 3.560283536 ], [ 31.563165304, 3.560986517 ], [ 31.56159571, 3.563367424 ], [ 31.553884057, 3.559510635 ], [ 31.541425266, 3.559996226 ], [ 31.538632624, 3.563140704 ], [ 31.539541442, 3.572403351 ], [ 31.536670879, 3.576560223 ], [ 31.453056147, 3.446571838 ], [ 31.444917856, 3.389704321 ], [ 31.443906485, 3.389290634 ], [ 31.441307631, 3.363282363 ], [ 31.427191917, 3.266054606 ], [ 31.439659393, 3.241310726 ], [ 31.451377755, 3.225066174 ], [ 31.470969246, 3.203653096 ], [ 31.478406104, 3.189050698 ], [ 31.483263023, 3.182354135 ], [ 31.488352508, 3.178131122 ], [ 31.491241177, 3.173042597 ], [ 31.495398753, 3.170856331 ], [ 31.500632712, 3.171404976 ], [ 31.539060923, 3.150743826 ], [ 31.543556136, 3.156897645 ], [ 31.543905017, 3.164187742 ], [ 31.549933428, 3.175845161 ], [ 31.561892119, 3.19290132 ], [ 31.564256189, 3.20711316 ], [ 31.571332349, 3.218772146 ], [ 31.571655707, 3.2224084 ], [ 31.568838816, 3.229775499 ], [ 31.562951475, 3.237952182 ], [ 31.562156847, 3.243504209 ], [ 31.563193006, 3.250098939 ], [ 31.566766979, 3.257502244 ], [ 31.576971476, 3.260926485 ], [ 31.580421773, 3.263780339 ], [ 31.586667441, 3.284346939 ], [ 31.586999579, 3.300075492 ], [ 31.594111975, 3.307746191 ], [ 31.598567057, 3.315729658 ], [ 31.605954264, 3.323093237 ], [ 31.604373811, 3.342769417 ], [ 31.605165127, 3.347110918 ], [ 31.609743002, 3.352917624 ], [ 31.622031964, 3.355308909 ], [ 31.62902992, 3.359297069 ], [ 31.633260969, 3.364046364 ], [ 31.637053305, 3.37251783 ], [ 31.650461583, 3.38528808 ], [ 31.657983649, 3.395907428 ], [ 31.658555808, 3.404221894 ], [ 31.653584258, 3.416248416 ], [ 31.651245725, 3.426580704 ], [ 31.652581467, 3.433338427 ], [ 31.658417052, 3.442901689 ], [ 31.665840302, 3.450777714 ], [ 31.681010946, 3.457618649 ], [ 31.687166929, 3.468390387 ], [ 31.695219254, 3.477844247 ], [ 31.6995761, 3.488622545 ], [ 31.707173858, 3.496836648 ], [ 31.723893692, 3.496760152 ], [ 31.73854447, 3.493731942 ], [ 31.751476985, 3.496969288 ], [ 31.769389369, 3.508686424 ] ] ] } },
{ "type": "Feature", "properties": { "shapeName": "Omoro", "shapeISO": "", "shapeID": "80733802B52825817315592", "shapeGroup": "UGA", "shapeType": "ADM2" }, "geometry": { "type": "Polygon", "coordinates": [ [ [ 32.198474763, 2.75779418 ], [ 32.193605412, 2.761286034 ], [ 32.187657825, 2.762344902 ], [ 32.180425092, 2.75267291 ], [ 32.178799036, 2.747143915 ], [ 32.17406354, 2.743062616 ], [ 32.174207495, 2.737438021 ], [ 32.1707807, 2.730249071 ], [ 32.172289179, 2.722359605 ], [ 32.166201586, 2.718340699 ], [ 32.160766101, 2.718656199 ], [ 32.150045228, 2.716295732 ], [ 32.149752627, 2.713148151 ], [ 32.147813287, 2.713640039 ], [ 32.14526858, 2.711471766 ], [ 32.139829278, 2.710098512 ], [ 32.136608862, 2.70568528 ], [ 32.132295696, 2.703836669 ], [ 32.132145688, 2.700631463 ], [ 32.128558868, 2.698194115 ], [ 32.128782249, 2.696046884 ], [ 32.126811526, 2.695279487 ], [ 32.12540603, 2.692106325 ], [ 32.128855545, 2.694842182 ], [ 32.132197721, 2.692622814 ], [ 32.133259272, 2.693319363 ], [ 32.134760719, 2.691216921 ], [ 32.141099536, 2.68816398 ], [ 32.143305528, 2.683135919 ], [ 32.14506287, 2.683159065 ], [ 32.145726839, 2.68077912 ], [ 32.14911289, 2.679468849 ], [ 32.157529835, 2.670450775 ], [ 32.169092079, 2.664627365 ], [ 32.171749237, 2.655778946 ], [ 32.180036174, 2.644984367 ], [ 32.181901672, 2.636070267 ], [ 32.188455713, 2.631335559 ], [ 32.18474037, 2.626960791 ], [ 32.192037333, 2.61774432 ], [ 32.199943999, 2.619278432 ], [ 32.205149068, 2.622015919 ], [ 32.211975422, 2.6182789 ], [ 32.216426977, 2.617880091 ], [ 32.228273075, 2.619898641 ], [ 32.236162971, 2.623123328 ], [ 32.246994727, 2.61861427 ], [ 32.250665026, 2.61876254 ], [ 32.257600539, 2.608026924 ], [ 32.261117529, 2.595050727 ], [ 32.262942557, 2.59404184 ], [ 32.259465282, 2.590772056 ], [ 32.264998247, 2.586665124 ], [ 32.263235725, 2.581023799 ], [ 32.263950332, 2.574492966 ], [ 32.261557096, 2.570123801 ], [ 32.262654387, 2.564293422 ], [ 32.261937131, 2.556019554 ], [ 32.267062591, 2.545680667 ], [ 32.271714246, 2.541271526 ], [ 32.271885163, 2.529070457 ], [ 32.276810674, 2.523814273 ], [ 32.287478746, 2.519298383 ], [ 32.289735916, 2.512434369 ], [ 32.297061468, 2.504522944 ], [ 32.323663779, 2.492131834 ], [ 32.329512525, 2.487468059 ], [ 32.336751356, 2.486538382 ], [ 32.348349981, 2.489250942 ], [ 32.357259917, 2.486921938 ], [ 32.360694775, 2.484310202 ], [ 32.363481437, 2.476198708 ], [ 32.376396247, 2.477754887 ], [ 32.389486999, 2.48311075 ], [ 32.395460218, 2.482205439 ], [ 32.403310034, 2.474614116 ], [ 32.405781961, 2.467521766 ], [ 32.40864035, 2.465035317 ], [ 32.408166083, 2.463838738 ], [ 32.413453037, 2.460037894 ], [ 32.415448612, 2.453256245 ], [ 32.420209002, 2.451799735 ], [ 32.425084932, 2.445838458 ], [ 32.425670825, 2.453168822 ], [ 32.429991097, 2.460827673 ], [ 32.429642701, 2.46344732 ], [ 32.427522967, 2.465120802 ], [ 32.430587681, 2.468615829 ], [ 32.434420556, 2.466895533 ], [ 32.437635734, 2.473632565 ], [ 32.43653673, 2.477125042 ], [ 32.44006093, 2.484101514 ], [ 32.43979717, 2.49483201 ], [ 32.441490202, 2.498403546 ], [ 32.438417, 2.505290484 ], [ 32.447785299, 2.517488713 ], [ 32.444520906, 2.526991632 ], [ 32.445907468, 2.530873374 ], [ 32.451826653, 2.538010553 ], [ 32.450562434, 2.545938813 ], [ 32.452013053, 2.54898799 ], [ 32.450367701, 2.554636083 ], [ 32.458338176, 2.560224246 ], [ 32.45833658, 2.564015728 ], [ 32.456565094, 2.566743304 ], [ 32.458689557, 2.572649192 ], [ 32.458279934, 2.577516466 ], [ 32.461603897, 2.578068671 ], [ 32.470183335, 2.589856658 ], [ 32.48024879, 2.613793612 ], [ 32.519838265, 2.619732404 ], [ 32.542145404, 2.620223777 ], [ 32.549146602, 2.617437784 ], [ 32.561896309, 2.617027102 ], [ 32.656393894, 2.601610559 ], [ 32.658534067, 2.603802089 ], [ 32.666270077, 2.60540084 ], [ 32.697666868, 2.605314725 ], [ 32.699570022, 2.60997193 ], [ 32.739041937, 2.605733339 ], [ 32.751567303, 2.606091808 ], [ 32.768187885, 2.603309239 ], [ 32.777203761, 2.60462182 ], [ 32.778724277, 2.606206151 ], [ 32.78594849, 2.603585513 ], [ 32.786315675, 2.587357105 ], [ 32.797538184, 2.590643269 ], [ 32.796837256, 2.600822343 ], [ 32.809214538, 2.612410054 ], [ 32.816623063, 2.624724901 ], [ 32.8167942, 2.6290187 ], [ 32.810645846, 2.639863233 ], [ 32.817527988, 2.645083421 ], [ 32.820373842, 2.6490568 ], [ 32.825400588, 2.651313978 ], [ 32.825127341, 2.656378708 ], [ 32.821988801, 2.657541033 ], [ 32.821528442, 2.659095278 ], [ 32.822188899, 2.660827661 ], [ 32.829385357, 2.665147536 ], [ 32.826351839, 2.674484857 ], [ 32.822647029, 2.674887728 ], [ 32.813787745, 2.665240184 ], [ 32.80786424, 2.669581851 ], [ 32.80174151, 2.665202699 ], [ 32.797918974, 2.664134221 ], [ 32.797280197, 2.674266804 ], [ 32.792607528, 2.676923762 ], [ 32.785360852, 2.690377369 ], [ 32.782175379, 2.689332685 ], [ 32.78064135, 2.690471446 ], [ 32.778835052, 2.696557831 ], [ 32.775389628, 2.697577587 ], [ 32.77392617, 2.699807918 ], [ 32.77337048, 2.705989453 ], [ 32.762264986, 2.720213368 ], [ 32.750734871, 2.732491209 ], [ 32.745408509, 2.73610546 ], [ 32.741257427, 2.741655306 ], [ 32.738761595, 2.7424112 ], [ 32.737033764, 2.747318685 ], [ 32.730168908, 2.754552452 ], [ 32.725386769, 2.752490626 ], [ 32.723672955, 2.754230033 ], [ 32.723611251, 2.761463995 ], [ 32.721715805, 2.766636401 ], [ 32.716290841, 2.76900118 ], [ 32.707671255, 2.764861249 ], [ 32.706416756, 2.767438396 ], [ 32.703381682, 2.76893606 ], [ 32.698054856, 2.76772893 ], [ 32.694313587, 2.771799434 ], [ 32.695690749, 2.77640003 ], [ 32.700628824, 2.776036651 ], [ 32.700196086, 2.780005855 ], [ 32.706044156, 2.783556864 ], [ 32.704529793, 2.785270177 ], [ 32.693746256, 2.786298879 ], [ 32.688464604, 2.784400437 ], [ 32.687244101, 2.788498137 ], [ 32.688710519, 2.79218139 ], [ 32.687881502, 2.795466662 ], [ 32.68892728, 2.796894473 ], [ 32.691779638, 2.796475082 ], [ 32.692756955, 2.800212379 ], [ 32.677077351, 2.814793441 ], [ 32.677199582, 2.817545165 ], [ 32.670667751, 2.825615533 ], [ 32.669733536, 2.829515001 ], [ 32.664624836, 2.834615141 ], [ 32.660891332, 2.835462214 ], [ 32.660834942, 2.83850974 ], [ 32.657962114, 2.843334196 ], [ 32.65970907, 2.839931956 ], [ 32.653603436, 2.837361166 ], [ 32.653961451, 2.83589746 ], [ 32.649543912, 2.832480539 ], [ 32.64818995, 2.833456008 ], [ 32.648025185, 2.829308463 ], [ 32.644629447, 2.825455258 ], [ 32.638768329, 2.82402814 ], [ 32.634465967, 2.820110428 ], [ 32.632477355, 2.808810142 ], [ 32.628073283, 2.803711064 ], [ 32.628738082, 2.801322937 ], [ 32.625916797, 2.798509965 ], [ 32.625534623, 2.795582207 ], [ 32.622266317, 2.793090096 ], [ 32.615741443, 2.791380181 ], [ 32.609853453, 2.794626872 ], [ 32.604771095, 2.794445392 ], [ 32.599317575, 2.796690615 ], [ 32.595640105, 2.79591892 ], [ 32.57720467, 2.783919416 ], [ 32.565111528, 2.784441456 ], [ 32.5487944, 2.777681235 ], [ 32.545294128, 2.781326557 ], [ 32.54045423, 2.781825444 ], [ 32.534181532, 2.788923691 ], [ 32.530554184, 2.790796928 ], [ 32.521960459, 2.790035875 ], [ 32.518317575, 2.798650243 ], [ 32.516683152, 2.79839276 ], [ 32.515098836, 2.80047223 ], [ 32.516257116, 2.809653542 ], [ 32.51378038, 2.808137351 ], [ 32.510050639, 2.810369997 ], [ 32.508366462, 2.806902403 ], [ 32.503629371, 2.805629202 ], [ 32.501205102, 2.800902936 ], [ 32.497674262, 2.800613024 ], [ 32.492427742, 2.795397283 ], [ 32.48500378, 2.794527288 ], [ 32.484013464, 2.790905515 ], [ 32.479580705, 2.78570208 ], [ 32.466264667, 2.786923413 ], [ 32.463789947, 2.78333389 ], [ 32.461591646, 2.783281912 ], [ 32.460709142, 2.784974378 ], [ 32.45597177, 2.786103176 ], [ 32.454040718, 2.793098341 ], [ 32.450701435, 2.793708033 ], [ 32.44571559, 2.790869418 ], [ 32.443326701, 2.787365605 ], [ 32.44009943, 2.786456577 ], [ 32.437079347, 2.780776904 ], [ 32.431822996, 2.778354314 ], [ 32.428034451, 2.774252193 ], [ 32.423213218, 2.776584339 ], [ 32.420206299, 2.779986478 ], [ 32.416352288, 2.779967021 ], [ 32.413151358, 2.777482161 ], [ 32.411046644, 2.772974901 ], [ 32.408391126, 2.772580124 ], [ 32.403962016, 2.779652709 ], [ 32.389795411, 2.78305054 ], [ 32.382977616, 2.77558366 ], [ 32.375127339, 2.779511825 ], [ 32.369941628, 2.780327893 ], [ 32.363329871, 2.779804037 ], [ 32.345840341, 2.774626857 ], [ 32.332064804, 2.773613125 ], [ 32.332344335, 2.765860062 ], [ 32.335737408, 2.762901365 ], [ 32.336201309, 2.757700502 ], [ 32.330864877, 2.748616836 ], [ 32.330153967, 2.743627593 ], [ 32.321892067, 2.744512956 ], [ 32.312559991, 2.743240076 ], [ 32.304970905, 2.737556123 ], [ 32.300813211, 2.736615181 ], [ 32.290820235, 2.738355103 ], [ 32.283111889, 2.737538648 ], [ 32.280768003, 2.740372479 ], [ 32.280364518, 2.747586883 ], [ 32.274418679, 2.752198505 ], [ 32.27219779, 2.756558114 ], [ 32.253828399, 2.7574812 ], [ 32.249620618, 2.760265272 ], [ 32.246204561, 2.760558952 ], [ 32.247819612, 2.765782157 ], [ 32.236119443, 2.768003437 ], [ 32.219495723, 2.758425497 ], [ 32.211723397, 2.756030565 ], [ 32.203180986, 2.755786629 ], [ 32.198474763, 2.75779418 ] ] ] } },
{ "type": "Feature", "properties": { "shapeName": "Otuke", "shapeISO": "", "shapeID": "80733802B8091798186671", "shapeGroup": "UGA", "shapeType": "ADM2" }, "geometry": { "type": "Polygon", "coordinates": [ [ [ 33.735994146, 2.417496766 ], [ 33.738637821, 2.423064058 ], [ 33.737554069, 2.427446417 ], [ 33.743084156, 2.428709487 ], [ 33.742814315, 2.431800452 ], [ 33.745247834, 2.4355478 ], [ 33.739942209, 2.438542256 ], [ 33.739328889, 2.445493832 ], [ 33.734973457, 2.448239498 ], [ 33.733788162, 2.447495376 ], [ 33.732110627, 2.44944513 ], [ 33.728644071, 2.448077822 ], [ 33.727614515, 2.451349834 ], [ 33.705471558, 2.460444991 ], [ 33.696316113, 2.482055108 ], [ 33.687810572, 2.49130749 ], [ 33.669540297, 2.505389909 ], [ 33.652511465, 2.489717218 ], [ 33.640118446, 2.482086694 ], [ 33.627346716, 2.471159431 ], [ 33.614600283, 2.489754248 ], [ 33.615035613, 2.49293945 ], [ 33.606099576, 2.495823583 ], [ 33.607776751, 2.499659051 ], [ 33.593258523, 2.510926006 ], [ 33.588141113, 2.516002407 ], [ 33.584629066, 2.522921021 ], [ 33.580076191, 2.52639696 ], [ 33.575289953, 2.541364499 ], [ 33.570156095, 2.544563991 ], [ 33.56844608, 2.548548974 ], [ 33.557273434, 2.554923723 ], [ 33.553215751, 2.558860529 ], [ 33.551478805, 2.568590664 ], [ 33.539331875, 2.587846898 ], [ 33.532980631, 2.603729621 ], [ 33.530849695, 2.605191751 ], [ 33.526262537, 2.602820928 ], [ 33.525467959, 2.60450975 ], [ 33.52308202, 2.604333012 ], [ 33.522550371, 2.600814062 ], [ 33.51856507, 2.600753508 ], [ 33.519324122, 2.598602581 ], [ 33.516584333, 2.597430656 ], [ 33.515938051, 2.594453844 ], [ 33.512172781, 2.592144807 ], [ 33.50748111, 2.593381982 ], [ 33.506879284, 2.591018324 ], [ 33.504174866, 2.589899675 ], [ 33.504969781, 2.588975129 ], [ 33.503122442, 2.587651733 ], [ 33.501408793, 2.589234265 ], [ 33.49976479, 2.588168498 ], [ 33.496725374, 2.589022837 ], [ 33.494756203, 2.592516147 ], [ 33.493730675, 2.591254611 ], [ 33.49118617, 2.59232203 ], [ 33.491203319, 2.590953446 ], [ 33.48893214, 2.590447785 ], [ 33.484408937, 2.593293318 ], [ 33.4801044, 2.590246782 ], [ 33.477154114, 2.593233893 ], [ 33.477720548, 2.595579803 ], [ 33.475008133, 2.596691696 ], [ 33.471295966, 2.594489142 ], [ 33.469211296, 2.596551681 ], [ 33.46621457, 2.593469049 ], [ 33.460197908, 2.596306185 ], [ 33.459472251, 2.593409323 ], [ 33.455787309, 2.593117402 ], [ 33.454231272, 2.590896239 ], [ 33.448673666, 2.592542301 ], [ 33.443812972, 2.590891061 ], [ 33.445944429, 2.596124701 ], [ 33.445715673, 2.59934195 ], [ 33.44406382, 2.60066657 ], [ 33.444711192, 2.607215986 ], [ 33.442308031, 2.608407675 ], [ 33.444261647, 2.610424309 ], [ 33.443944082, 2.612024071 ], [ 33.441576373, 2.613517902 ], [ 33.439826441, 2.612754246 ], [ 33.439031594, 2.614069798 ], [ 33.436945857, 2.613306256 ], [ 33.435242027, 2.618114668 ], [ 33.440288963, 2.621409929 ], [ 33.441218892, 2.627283842 ], [ 33.439611046, 2.628564119 ], [ 33.438143635, 2.627160505 ], [ 33.437499654, 2.630333362 ], [ 33.434070342, 2.628539416 ], [ 33.43336504, 2.633320819 ], [ 33.431721493, 2.633641317 ], [ 33.42757648, 2.632123099 ], [ 33.428926693, 2.626763823 ], [ 33.416601865, 2.607785528 ], [ 33.413559154, 2.59893516 ], [ 33.410774428, 2.595301323 ], [ 33.396176526, 2.595981418 ], [ 33.364296571, 2.605535684 ], [ 33.356157826, 2.605191427 ], [ 33.351749025, 2.607867665 ], [ 33.314927143, 2.612027719 ], [ 33.30798926, 2.608092497 ], [ 33.299337833, 2.607303648 ], [ 33.291329048, 2.595894561 ], [ 33.277932639, 2.596395279 ], [ 33.27354929, 2.594938758 ], [ 33.266011567, 2.595109235 ], [ 33.258827768, 2.597519136 ], [ 33.240652101, 2.593328127 ], [ 33.226236285, 2.594802985 ], [ 33.222781956, 2.596817584 ], [ 33.213600352, 2.595429412 ], [ 33.206867115, 2.598528042 ], [ 33.19517862, 2.593117441 ], [ 33.186359019, 2.585829879 ], [ 33.183288559, 2.585399457 ], [ 33.157432315, 2.619118631 ], [ 33.10056164, 2.599205406 ], [ 33.072991983, 2.588785836 ], [ 33.066945745, 2.577415915 ], [ 33.059019614, 2.572796399 ], [ 33.050605455, 2.564071583 ], [ 33.043655401, 2.561678098 ], [ 33.034646477, 2.555945373 ], [ 33.02919584, 2.548453101 ], [ 33.026672925, 2.547854718 ], [ 33.021853163, 2.544324046 ], [ 33.021805529, 2.542624489 ], [ 33.015712456, 2.539369094 ], [ 33.011820953, 2.531697191 ], [ 33.00659562, 2.530396207 ], [ 33.003109766, 2.528106413 ], [ 33.009750076, 2.520760059 ], [ 33.010345116, 2.512400447 ], [ 33.012879801, 2.507578269 ], [ 33.008952741, 2.504113226 ], [ 33.004787619, 2.503823738 ], [ 33.00144388, 2.499191581 ], [ 33.00999998, 2.497112054 ], [ 33.016128467, 2.502348954 ], [ 33.02113856, 2.501073227 ], [ 33.028088083, 2.50490006 ], [ 33.033383825, 2.505578474 ], [ 33.035335154, 2.501896215 ], [ 33.038762293, 2.499281478 ], [ 33.042719267, 2.48850332 ], [ 33.046395693, 2.486821503 ], [ 33.049595911, 2.487944177 ], [ 33.054910607, 2.493499257 ], [ 33.054208624, 2.49920855 ], [ 33.057445707, 2.503379167 ], [ 33.065418482, 2.499859434 ], [ 33.07218973, 2.500537616 ], [ 33.073022584, 2.499533332 ], [ 33.06876346, 2.49533469 ], [ 33.071176041, 2.489518194 ], [ 33.083231295, 2.495092272 ], [ 33.08664325, 2.493468922 ], [ 33.090101137, 2.489364492 ], [ 33.084988045, 2.48167605 ], [ 33.088495264, 2.475009187 ], [ 33.09622822, 2.481057635 ], [ 33.097598444, 2.48368499 ], [ 33.102451794, 2.485973426 ], [ 33.103601138, 2.484782223 ], [ 33.102161295, 2.482902245 ], [ 33.101440974, 2.476689827 ], [ 33.103774544, 2.475148204 ], [ 33.114341236, 2.48960417 ], [ 33.117336852, 2.490795018 ], [ 33.120668955, 2.489533538 ], [ 33.123339536, 2.49130828 ], [ 33.128308759, 2.490490372 ], [ 33.124186531, 2.485189152 ], [ 33.124899597, 2.480706608 ], [ 33.126370684, 2.479844395 ], [ 33.128583964, 2.48119519 ], [ 33.131565279, 2.487229405 ], [ 33.133241142, 2.487242102 ], [ 33.136937715, 2.481850551 ], [ 33.137539138, 2.483420232 ], [ 33.139394034, 2.482853899 ], [ 33.142144933, 2.487048166 ], [ 33.147223932, 2.489273553 ], [ 33.149412542, 2.484536004 ], [ 33.146798462, 2.483686159 ], [ 33.141941285, 2.476449172 ], [ 33.136888622, 2.473498593 ], [ 33.135868294, 2.469127263 ], [ 33.138410029, 2.467959179 ], [ 33.142976161, 2.46991558 ], [ 33.148531813, 2.469377634 ], [ 33.150015605, 2.471099225 ], [ 33.150198081, 2.470031713 ], [ 33.148291764, 2.465842315 ], [ 33.146077762, 2.465635951 ], [ 33.140597603, 2.458401272 ], [ 33.13918971, 2.451503494 ], [ 33.134982907, 2.450505739 ], [ 33.135708385, 2.447272727 ], [ 33.138922484, 2.445648477 ], [ 33.142003558, 2.446810222 ], [ 33.143559109, 2.44926828 ], [ 33.148402877, 2.450578802 ], [ 33.151277067, 2.455912078 ], [ 33.155217455, 2.458474134 ], [ 33.159349887, 2.456566659 ], [ 33.159779209, 2.454570234 ], [ 33.157971944, 2.453229601 ], [ 33.159823468, 2.453080396 ], [ 33.159837758, 2.448670493 ], [ 33.154489632, 2.440909098 ], [ 33.150208787, 2.439866703 ], [ 33.147700788, 2.437590086 ], [ 33.144959136, 2.430569778 ], [ 33.148247287, 2.430969698 ], [ 33.150038633, 2.425364626 ], [ 33.153599578, 2.426701485 ], [ 33.161612673, 2.437654462 ], [ 33.165416416, 2.438770318 ], [ 33.170793031, 2.444246597 ], [ 33.172863566, 2.45271177 ], [ 33.175360749, 2.452374221 ], [ 33.177230196, 2.44950161 ], [ 33.178107736, 2.451410444 ], [ 33.182712578, 2.453463524 ], [ 33.182639674, 2.454793466 ], [ 33.190643106, 2.45600466 ], [ 33.189180669, 2.45063086 ], [ 33.184722168, 2.449826289 ], [ 33.182528856, 2.446008692 ], [ 33.181249219, 2.440969599 ], [ 33.184581212, 2.437914009 ], [ 33.185179694, 2.435378921 ], [ 33.18221802, 2.432122871 ], [ 33.176229476, 2.429992413 ], [ 33.172561724, 2.424665909 ], [ 33.174087864, 2.421128466 ], [ 33.177315178, 2.42009138 ], [ 33.178477616, 2.421652812 ], [ 33.180624089, 2.419340093 ], [ 33.185069827, 2.418864751 ], [ 33.182389855, 2.41653737 ], [ 33.180454982, 2.407012244 ], [ 33.184717691, 2.404392955 ], [ 33.18785424, 2.405571711 ], [ 33.193382622, 2.417148404 ], [ 33.196107495, 2.413947362 ], [ 33.198452522, 2.416244135 ], [ 33.196488581, 2.417102013 ], [ 33.199153204, 2.418418635 ], [ 33.199091769, 2.414758573 ], [ 33.201649754, 2.415692354 ], [ 33.20519706, 2.414436062 ], [ 33.206125384, 2.411664069 ], [ 33.209779133, 2.409642046 ], [ 33.210235401, 2.406456643 ], [ 33.216188431, 2.406348508 ], [ 33.217801622, 2.402075617 ], [ 33.220785739, 2.402029193 ], [ 33.212996514, 2.393847386 ], [ 33.215980888, 2.390087686 ], [ 33.213810168, 2.388121419 ], [ 33.217522962, 2.386695492 ], [ 33.222904195, 2.387019385 ], [ 33.226419246, 2.383031465 ], [ 33.219476065, 2.373686694 ], [ 33.219368066, 2.371305129 ], [ 33.232528867, 2.371982678 ], [ 33.235385187, 2.375515331 ], [ 33.233396369, 2.379517982 ], [ 33.235738137, 2.379891002 ], [ 33.235633985, 2.383175212 ], [ 33.237709298, 2.383979145 ], [ 33.242459454, 2.384552805 ], [ 33.24429623, 2.382168329 ], [ 33.247427852, 2.381356533 ], [ 33.244520875, 2.368923727 ], [ 33.247384115, 2.363018012 ], [ 33.245878804, 2.357264306 ], [ 33.254397897, 2.356321864 ], [ 33.251517272, 2.352006911 ], [ 33.251492989, 2.348252358 ], [ 33.249220724, 2.347682798 ], [ 33.24979719, 2.346063258 ], [ 33.250826363, 2.345502151 ], [ 33.258442079, 2.350956171 ], [ 33.263213482, 2.350774332 ], [ 33.261475733, 2.346802974 ], [ 33.262546185, 2.344550039 ], [ 33.266021515, 2.34859344 ], [ 33.277218475, 2.350111164 ], [ 33.278026987, 2.348057309 ], [ 33.281453641, 2.347387132 ], [ 33.2835349, 2.342944581 ], [ 33.287533017, 2.343993224 ], [ 33.289807545, 2.341893825 ], [ 33.28792668, 2.339315791 ], [ 33.287569066, 2.330558269 ], [ 33.289401286, 2.328974648 ], [ 33.293113808, 2.330050481 ], [ 33.293517693, 2.32866619 ], [ 33.295207656, 2.329642921 ], [ 33.294137083, 2.331009259 ], [ 33.296826512, 2.331967683 ], [ 33.296909157, 2.329344007 ], [ 33.294957381, 2.326331736 ], [ 33.295657798, 2.320957613 ], [ 33.299989272, 2.322368041 ], [ 33.30325046, 2.326384249 ], [ 33.303559107, 2.323941467 ], [ 33.307009661, 2.322366523 ], [ 33.30911463, 2.318901027 ], [ 33.311090201, 2.320121948 ], [ 33.313066427, 2.326852539 ], [ 33.316660041, 2.326562225 ], [ 33.320609341, 2.323186767 ], [ 33.321526127, 2.325493562 ], [ 33.324358507, 2.327193759 ], [ 33.324573655, 2.33145488 ], [ 33.326287038, 2.331526858 ], [ 33.32750013, 2.329183384 ], [ 33.331116491, 2.327626437 ], [ 33.332648728, 2.330129219 ], [ 33.33593642, 2.331081267 ], [ 33.33922116, 2.334382651 ], [ 33.340268455, 2.336924619 ], [ 33.343457694, 2.338072813 ], [ 33.349013402, 2.334253579 ], [ 33.353892879, 2.339562966 ], [ 33.354049844, 2.337409855 ], [ 33.357007018, 2.336125963 ], [ 33.35751104, 2.337204651 ], [ 33.360578241, 2.332785022 ], [ 33.365741967, 2.332910338 ], [ 33.368217657, 2.335397622 ], [ 33.375640005, 2.327018101 ], [ 33.382268841, 2.332218342 ], [ 33.382387442, 2.330110355 ], [ 33.37976908, 2.328057395 ], [ 33.381744021, 2.3267179 ], [ 33.387860616, 2.331330195 ], [ 33.392238829, 2.328678202 ], [ 33.394893013, 2.33213341 ], [ 33.398747276, 2.329354888 ], [ 33.401176647, 2.336845105 ], [ 33.406567868, 2.342262691 ], [ 33.408615812, 2.346523221 ], [ 33.411804524, 2.345689957 ], [ 33.411709375, 2.347101315 ], [ 33.41343534, 2.347878842 ], [ 33.414886509, 2.347037041 ], [ 33.413720576, 2.346775026 ], [ 33.414338313, 2.344721178 ], [ 33.418646267, 2.345959323 ], [ 33.42026554, 2.35087134 ], [ 33.425203885, 2.352842073 ], [ 33.428774582, 2.356667837 ], [ 33.428502065, 2.358884427 ], [ 33.430966276, 2.363778064 ], [ 33.433593869, 2.360728417 ], [ 33.435974283, 2.361831396 ], [ 33.437282425, 2.360220625 ], [ 33.442923536, 2.364127107 ], [ 33.442589568, 2.362164028 ], [ 33.445575244, 2.359231859 ], [ 33.448122795, 2.362650777 ], [ 33.450097997, 2.362243022 ], [ 33.448693329, 2.360805017 ], [ 33.451953376, 2.359826885 ], [ 33.454881201, 2.36231383 ], [ 33.457605247, 2.36045831 ], [ 33.458841089, 2.356169658 ], [ 33.461150043, 2.35875631 ], [ 33.466539967, 2.357741247 ], [ 33.470824114, 2.359892959 ], [ 33.477902525, 2.356832677 ], [ 33.484922523, 2.357264485 ], [ 33.488145741, 2.352368986 ], [ 33.493405464, 2.355334499 ], [ 33.49764031, 2.351578531 ], [ 33.499139629, 2.351957961 ], [ 33.499540386, 2.354544831 ], [ 33.500930058, 2.353673016 ], [ 33.50296508, 2.354807013 ], [ 33.503206016, 2.352577982 ], [ 33.510639136, 2.351866055 ], [ 33.516278677, 2.349270293 ], [ 33.518152646, 2.35068801 ], [ 33.51835508, 2.353362659 ], [ 33.521537154, 2.35180783 ], [ 33.523679288, 2.352943358 ], [ 33.524808326, 2.35119108 ], [ 33.52571505, 2.352836056 ], [ 33.527503308, 2.351710878 ], [ 33.534983258, 2.352030979 ], [ 33.538007175, 2.357355507 ], [ 33.549066513, 2.354451004 ], [ 33.549523051, 2.355565008 ], [ 33.553383703, 2.355776476 ], [ 33.558562135, 2.351841986 ], [ 33.560892121, 2.353397623 ], [ 33.561754264, 2.350431583 ], [ 33.563985928, 2.350528988 ], [ 33.563333268, 2.347809338 ], [ 33.565417552, 2.345989754 ], [ 33.566018603, 2.341893254 ], [ 33.568591933, 2.3410238 ], [ 33.568459053, 2.334650082 ], [ 33.571033513, 2.336615233 ], [ 33.576143785, 2.332479035 ], [ 33.579567205, 2.332318849 ], [ 33.580300813, 2.333793193 ], [ 33.58393045, 2.326991916 ], [ 33.587759835, 2.330595007 ], [ 33.593167694, 2.33044526 ], [ 33.594486255, 2.328445737 ], [ 33.595839219, 2.330788209 ], [ 33.601670998, 2.331621343 ], [ 33.607190196, 2.335167696 ], [ 33.60721126, 2.336370569 ], [ 33.609592694, 2.333864223 ], [ 33.613009059, 2.333926687 ], [ 33.616903095, 2.33620247 ], [ 33.617507513, 2.340150956 ], [ 33.619901282, 2.338544177 ], [ 33.623893502, 2.341786596 ], [ 33.625214194, 2.344686121 ], [ 33.623130098, 2.346702393 ], [ 33.625427715, 2.348651157 ], [ 33.625298673, 2.351502178 ], [ 33.628003241, 2.352811743 ], [ 33.628166947, 2.354630385 ], [ 33.632647056, 2.355988285 ], [ 33.632038809, 2.358412596 ], [ 33.639421485, 2.35593395 ], [ 33.642922655, 2.357015789 ], [ 33.651881714, 2.355509529 ], [ 33.65305737, 2.356814049 ], [ 33.659029107, 2.353782463 ], [ 33.671392898, 2.35660828 ], [ 33.674134205, 2.355646613 ], [ 33.672645449, 2.359918146 ], [ 33.675784586, 2.364868669 ], [ 33.676011099, 2.367868088 ], [ 33.678641983, 2.368913799 ], [ 33.678755582, 2.371106794 ], [ 33.681062342, 2.370907572 ], [ 33.685241847, 2.374654901 ], [ 33.688026985, 2.374710102 ], [ 33.691869344, 2.379292343 ], [ 33.692123979, 2.382178545 ], [ 33.696120799, 2.386152292 ], [ 33.701156331, 2.385753555 ], [ 33.701551228, 2.387804906 ], [ 33.707094211, 2.389485734 ], [ 33.707083053, 2.39515934 ], [ 33.709742025, 2.395992724 ], [ 33.711592494, 2.398908531 ], [ 33.71422904, 2.398751145 ], [ 33.716572369, 2.404110714 ], [ 33.71918029, 2.403130775 ], [ 33.72283325, 2.405327043 ], [ 33.726304309, 2.41013288 ], [ 33.729774523, 2.413307774 ], [ 33.734484468, 2.414510688 ], [ 33.734457329, 2.416481995 ], [ 33.735994146, 2.417496766 ] ] ] } },
{ "type": "Feature", "properties": { "shapeName": "Oyam", "shapeISO": "", "shapeID": "80733802B36887038883185", "shapeGroup": "UGA", "shapeType": "ADM2" }, "geometry": { "type": "Polygon", "coordinates": [ [ [ 32.576773816, 2.218590974 ], [ 32.580826055, 2.222118098 ], [ 32.587114591, 2.233323326 ], [ 32.600321917, 2.242567301 ], [ 32.608885542, 2.251525474 ], [ 32.616339902, 2.254962191 ], [ 32.621667692, 2.254151257 ], [ 32.624662956, 2.257191081 ], [ 32.627790065, 2.257994018 ], [ 32.639694314, 2.256288891 ], [ 32.647705639, 2.264355136 ], [ 32.654271775, 2.27428112 ], [ 32.655043506, 2.292762476 ], [ 32.659736594, 2.298088831 ], [ 32.66251811, 2.304097967 ], [ 32.657290564, 2.308466506 ], [ 32.646053494, 2.322426577 ], [ 32.626280313, 2.322257422 ], [ 32.620929813, 2.326713288 ], [ 32.621059039, 2.330074745 ], [ 32.624029367, 2.33584198 ], [ 32.622541963, 2.337695429 ], [ 32.616619457, 2.338075376 ], [ 32.614477975, 2.339916531 ], [ 32.617099815, 2.349252624 ], [ 32.614653061, 2.360793867 ], [ 32.615966419, 2.364231494 ], [ 32.62049968, 2.368264924 ], [ 32.6275964, 2.370382102 ], [ 32.632536701, 2.376147463 ], [ 32.640437366, 2.381158502 ], [ 32.643175918, 2.387384576 ], [ 32.650937351, 2.397209244 ], [ 32.658180267, 2.39672213 ], [ 32.661154307, 2.394857364 ], [ 32.663649457, 2.40005015 ], [ 32.668179437, 2.402695883 ], [ 32.680405237, 2.417075471 ], [ 32.693510563, 2.415041918 ], [ 32.695789382, 2.418798978 ], [ 32.694012691, 2.427358763 ], [ 32.69669619, 2.42941769 ], [ 32.697289993, 2.432264335 ], [ 32.695057581, 2.437727893 ], [ 32.703010499, 2.445779426 ], [ 32.707324779, 2.457830604 ], [ 32.693362054, 2.4699349 ], [ 32.706384056, 2.473313239 ], [ 32.716317612, 2.467396104 ], [ 32.730400876, 2.464661744 ], [ 32.740624822, 2.467105597 ], [ 32.748647787, 2.471830938 ], [ 32.752902298, 2.470833774 ], [ 32.757135917, 2.472577587 ], [ 32.774261818, 2.473564928 ], [ 32.778563491, 2.474994259 ], [ 32.785273351, 2.480918355 ], [ 32.791982863, 2.48310378 ], [ 32.795471714, 2.490483304 ], [ 32.799123468, 2.492744286 ], [ 32.802658218, 2.497777493 ], [ 32.80296494, 2.501985118 ], [ 32.798520674, 2.502569043 ], [ 32.798307763, 2.517332079 ], [ 32.791168568, 2.533937354 ], [ 32.792181556, 2.546756084 ], [ 32.794497558, 2.550926038 ], [ 32.797221251, 2.562517764 ], [ 32.795795448, 2.566607698 ], [ 32.787395038, 2.575892203 ], [ 32.786315675, 2.587357105 ], [ 32.78594849, 2.603585513 ], [ 32.778724277, 2.606206151 ], [ 32.777203761, 2.60462182 ], [ 32.768187885, 2.603309239 ], [ 32.751567303, 2.606091808 ], [ 32.739041937, 2.605733339 ], [ 32.699570022, 2.60997193 ], [ 32.697666868, 2.605314725 ], [ 32.666270077, 2.60540084 ], [ 32.658534067, 2.603802089 ], [ 32.656393894, 2.601610559 ], [ 32.561896309, 2.617027102 ], [ 32.549146602, 2.617437784 ], [ 32.542145404, 2.620223777 ], [ 32.519838265, 2.619732404 ], [ 32.48024879, 2.613793612 ], [ 32.470183335, 2.589856658 ], [ 32.461603897, 2.578068671 ], [ 32.458279934, 2.577516466 ], [ 32.458689557, 2.572649192 ], [ 32.456565094, 2.566743304 ], [ 32.45833658, 2.564015728 ], [ 32.458338176, 2.560224246 ], [ 32.450367701, 2.554636083 ], [ 32.452013053, 2.54898799 ], [ 32.450562434, 2.545938813 ], [ 32.451826653, 2.538010553 ], [ 32.445907468, 2.530873374 ], [ 32.444520906, 2.526991632 ], [ 32.447785299, 2.517488713 ], [ 32.438417, 2.505290484 ], [ 32.441490202, 2.498403546 ], [ 32.43979717, 2.49483201 ], [ 32.44006093, 2.484101514 ], [ 32.43653673, 2.477125042 ], [ 32.437635734, 2.473632565 ], [ 32.434420556, 2.466895533 ], [ 32.430587681, 2.468615829 ], [ 32.427522967, 2.465120802 ], [ 32.429642701, 2.46344732 ], [ 32.429991097, 2.460827673 ], [ 32.425670825, 2.453168822 ], [ 32.425084932, 2.445838458 ], [ 32.420209002, 2.451799735 ], [ 32.415448612, 2.453256245 ], [ 32.413453037, 2.460037894 ], [ 32.408166083, 2.463838738 ], [ 32.40864035, 2.465035317 ], [ 32.405781961, 2.467521766 ], [ 32.403310034, 2.474614116 ], [ 32.395460218, 2.482205439 ], [ 32.389486999, 2.48311075 ], [ 32.376396247, 2.477754887 ], [ 32.363481437, 2.476198708 ], [ 32.360694775, 2.484310202 ], [ 32.357259917, 2.486921938 ], [ 32.348349981, 2.489250942 ], [ 32.336751356, 2.486538382 ], [ 32.329512525, 2.487468059 ], [ 32.323663779, 2.492131834 ], [ 32.297061468, 2.504522944 ], [ 32.290917223, 2.510544788 ], [ 32.283362045, 2.511448602 ], [ 32.264656586, 2.510267358 ], [ 32.25543576, 2.515939212 ], [ 32.246811672, 2.517953298 ], [ 32.238329341, 2.512827861 ], [ 32.234437695, 2.513931592 ], [ 32.227492324, 2.504139877 ], [ 32.230298488, 2.497259628 ], [ 32.228522148, 2.486849977 ], [ 32.230094878, 2.462039969 ], [ 32.22857238, 2.453629335 ], [ 32.229709102, 2.443653812 ], [ 32.228613701, 2.438387056 ], [ 32.233741591, 2.420711373 ], [ 32.232324188, 2.414738529 ], [ 32.228867049, 2.411421061 ], [ 32.22795536, 2.406818754 ], [ 32.229962942, 2.401843538 ], [ 32.23181001, 2.386796758 ], [ 32.2319382, 2.377625196 ], [ 32.230284339, 2.371236639 ], [ 32.233761207, 2.357518756 ], [ 32.23325808, 2.349438854 ], [ 32.231007574, 2.344032011 ], [ 32.231763464, 2.331346386 ], [ 32.235177404, 2.319169976 ], [ 32.243505191, 2.299883732 ], [ 32.244101518, 2.294312949 ], [ 32.242049382, 2.289520641 ], [ 32.242656656, 2.286392599 ], [ 32.248667643, 2.281146292 ], [ 32.253623853, 2.269749977 ], [ 32.255136234, 2.259870073 ], [ 32.258991924, 2.253818361 ], [ 32.261842102, 2.253044188 ], [ 32.262833286, 2.250161919 ], [ 32.273210966, 2.245738638 ], [ 32.277995561, 2.241003478 ], [ 32.2841793, 2.237714545 ], [ 32.290843122, 2.225338712 ], [ 32.296594412, 2.220269714 ], [ 32.296980995, 2.215372579 ], [ 32.304048405, 2.212814375 ], [ 32.316873229, 2.194828725 ], [ 32.316854512, 2.185665843 ], [ 32.32209047, 2.166380069 ], [ 32.321173909, 2.155586516 ], [ 32.318451736, 2.146811312 ], [ 32.318781302, 2.140587717 ], [ 32.320981957, 2.13614643 ], [ 32.328982097, 2.129797123 ], [ 32.332769735, 2.124838709 ], [ 32.328483422, 2.110117224 ], [ 32.330175959, 2.10319673 ], [ 32.341821338, 2.090739131 ], [ 32.343366061, 2.083189719 ], [ 32.351587946, 2.077185668 ], [ 32.35277437, 2.074426784 ], [ 32.40781246, 2.072007078 ], [ 32.435687913, 2.076054183 ], [ 32.459972126, 2.084283941 ], [ 32.465301877, 2.088408335 ], [ 32.479839022, 2.105336936 ], [ 32.486641124, 2.108564062 ], [ 32.49243896, 2.108999356 ], [ 32.497029993, 2.105575366 ], [ 32.499576581, 2.105387059 ], [ 32.508138748, 2.108307055 ], [ 32.528511888, 2.12940251 ], [ 32.539269128, 2.145510923 ], [ 32.552451585, 2.158294859 ], [ 32.554103814, 2.163185935 ], [ 32.554995148, 2.177237266 ], [ 32.557693426, 2.185883353 ], [ 32.557586349, 2.191611512 ], [ 32.562697814, 2.198858484 ], [ 32.56581211, 2.2155527 ], [ 32.569188125, 2.21933165 ], [ 32.576773816, 2.218590974 ] ] ] } },
{ "type": "Feature", "properties": { "shapeName": "Pader", "shapeISO": "", "shapeID": "80733802B4842080465460", "shapeGroup": "UGA", "shapeType": "ADM2" }, "geometry": { "type": "MultiPolygon", "coordinates": [ [ [ [ 33.131341892, 3.074035468 ], [ 33.123505553, 3.070942833 ], [ 33.124273129, 3.071922544 ], [ 33.120199349, 3.071510611 ], [ 33.103407537, 3.080367473 ], [ 33.08346547, 3.078323629 ], [ 33.08161836, 3.083924921 ], [ 33.080466641, 3.098410971 ], [ 33.082052527, 3.108116441 ], [ 33.081084154, 3.10981439 ], [ 33.069083485, 3.113911758 ], [ 33.067931144, 3.121734252 ], [ 33.059429511, 3.133323537 ], [ 33.060084341, 3.138242214 ], [ 33.035209199, 3.125350512 ], [ 33.025879011, 3.123896822 ], [ 33.023650404, 3.127811335 ], [ 33.023455188, 3.133626645 ], [ 33.018935627, 3.136880503 ], [ 32.98430559, 3.200327856 ], [ 32.935602598, 3.23654281 ], [ 32.932887682, 3.235968141 ], [ 32.918908329, 3.240018121 ], [ 32.9116522, 3.24642092 ], [ 32.917893833, 3.23675554 ], [ 32.91821326, 3.228137742 ], [ 32.925353757, 3.215932382 ], [ 32.926246652, 3.209653294 ], [ 32.871747647, 3.181837964 ], [ 32.870666864, 3.160087308 ], [ 32.865119205, 3.15931225 ], [ 32.864096515, 3.157806655 ], [ 32.85988946, 3.158382752 ], [ 32.856128105, 3.162482899 ], [ 32.845737898, 3.163858967 ], [ 32.843512105, 3.163350337 ], [ 32.84344352, 3.161487927 ], [ 32.840001541, 3.160846669 ], [ 32.83095005, 3.161421885 ], [ 32.827936361, 3.163259448 ], [ 32.825269412, 3.162301519 ], [ 32.820791825, 3.165963123 ], [ 32.813516863, 3.165399313 ], [ 32.808169827, 3.170197699 ], [ 32.806788809, 3.169239959 ], [ 32.804240352, 3.171345939 ], [ 32.795536818, 3.169417319 ], [ 32.785711714, 3.178906334 ], [ 32.7822585, 3.179910964 ], [ 32.781661615, 3.187211614 ], [ 32.783862823, 3.194812073 ], [ 32.782504626, 3.198545957 ], [ 32.780015678, 3.200209038 ], [ 32.780764151, 3.208048554 ], [ 32.779072867, 3.210178587 ], [ 32.775501239, 3.207640484 ], [ 32.771766006, 3.208598544 ], [ 32.770381527, 3.205772264 ], [ 32.767702569, 3.205017634 ], [ 32.765056069, 3.209864955 ], [ 32.761327943, 3.203535044 ], [ 32.756800421, 3.202581432 ], [ 32.754062786, 3.204485602 ], [ 32.752443649, 3.20392497 ], [ 32.75157339, 3.192775351 ], [ 32.746960621, 3.193632802 ], [ 32.743310831, 3.18941197 ], [ 32.742285414, 3.187509505 ], [ 32.743054888, 3.180893417 ], [ 32.738840758, 3.182342372 ], [ 32.737866226, 3.18041796 ], [ 32.729675694, 3.175847896 ], [ 32.717753229, 3.184593717 ], [ 32.713808915, 3.181402927 ], [ 32.707724395, 3.18420587 ], [ 32.703988427, 3.182865675 ], [ 32.702057751, 3.186227225 ], [ 32.697696604, 3.187236345 ], [ 32.690436863, 3.185275494 ], [ 32.686492562, 3.182343229 ], [ 32.684007723, 3.174669975 ], [ 32.686410014, 3.171696541 ], [ 32.685553092, 3.169325566 ], [ 32.67933494, 3.170271933 ], [ 32.672308205, 3.174161429 ], [ 32.668425208, 3.168524253 ], [ 32.666022425, 3.16800014 ], [ 32.66209677, 3.170575285 ], [ 32.651754939, 3.16159518 ], [ 32.639952817, 3.159613796 ], [ 32.637848643, 3.156773937 ], [ 32.632303192, 3.159109217 ], [ 32.628308646, 3.159167717 ], [ 32.624256077, 3.154791425 ], [ 32.619963388, 3.155029574 ], [ 32.614518101, 3.152360369 ], [ 32.609483618, 3.15300646 ], [ 32.602025016, 3.151244824 ], [ 32.570773729, 3.15681727 ], [ 32.562298257, 3.161402949 ], [ 32.55406819, 3.162023872 ], [ 32.552998804, 3.160635864 ], [ 32.554380466, 3.159895921 ], [ 32.551772621, 3.15671664 ], [ 32.549428137, 3.157743644 ], [ 32.547287578, 3.155634051 ], [ 32.537978328, 3.156596402 ], [ 32.531334369, 3.158921717 ], [ 32.523773975, 3.158259307 ], [ 32.520363799, 3.161113193 ], [ 32.511710762, 3.160581976 ], [ 32.507906763, 3.16440209 ], [ 32.504613817, 3.163865636 ], [ 32.507440621, 3.16413189 ], [ 32.508734601, 3.163482313 ], [ 32.512317033, 3.157340716 ], [ 32.517055455, 3.157989218 ], [ 32.5162027, 3.148270682 ], [ 32.51353626, 3.147048686 ], [ 32.513561022, 3.145014104 ], [ 32.516267174, 3.137535268 ], [ 32.521186987, 3.131876601 ], [ 32.521783601, 3.128980673 ], [ 32.520414835, 3.12803456 ], [ 32.517413775, 3.129660845 ], [ 32.49199519, 3.132697122 ], [ 32.470297131, 3.126306793 ], [ 32.470937884, 3.122448664 ], [ 32.475164814, 3.119653094 ], [ 32.484159631, 3.109658073 ], [ 32.486503962, 3.100290906 ], [ 32.495132211, 3.089842385 ], [ 32.499797738, 3.08673958 ], [ 32.510012547, 3.068547897 ], [ 32.511465625, 3.067160258 ], [ 32.514989641, 3.067090056 ], [ 32.516800135, 3.065128097 ], [ 32.517457193, 3.060065859 ], [ 32.528048037, 3.043901562 ], [ 32.527835199, 3.04055037 ], [ 32.532800936, 3.037476719 ], [ 32.533279003, 3.033144431 ], [ 32.535482852, 3.029806252 ], [ 32.538412012, 3.028538878 ], [ 32.546689426, 3.020176599 ], [ 32.552490564, 3.011717464 ], [ 32.559269546, 2.997052232 ], [ 32.575650447, 2.970930272 ], [ 32.57834359, 2.964783268 ], [ 32.578122944, 2.961419013 ], [ 32.585467734, 2.951738778 ], [ 32.589200126, 2.949831931 ], [ 32.605091175, 2.927864218 ], [ 32.633456459, 2.881903352 ], [ 32.635496497, 2.877794917 ], [ 32.634512349, 2.875465895 ], [ 32.636696997, 2.872834298 ], [ 32.639571225, 2.872338779 ], [ 32.649520508, 2.856264847 ], [ 32.65777808, 2.846031487 ], [ 32.657962114, 2.843334196 ], [ 32.660834942, 2.83850974 ], [ 32.660891332, 2.835462214 ], [ 32.664624836, 2.834615141 ], [ 32.669733536, 2.829515001 ], [ 32.670667751, 2.825615533 ], [ 32.677199582, 2.817545165 ], [ 32.677077351, 2.814793441 ], [ 32.692756955, 2.800212379 ], [ 32.691779638, 2.796475082 ], [ 32.68892728, 2.796894473 ], [ 32.687881502, 2.795466662 ], [ 32.688710519, 2.79218139 ], [ 32.687244101, 2.788498137 ], [ 32.688464604, 2.784400437 ], [ 32.693746256, 2.786298879 ], [ 32.704529793, 2.785270177 ], [ 32.706044156, 2.783556864 ], [ 32.700196086, 2.780005855 ], [ 32.700628824, 2.776036651 ], [ 32.695690749, 2.77640003 ], [ 32.694313587, 2.771799434 ], [ 32.698054856, 2.76772893 ], [ 32.703381682, 2.76893606 ], [ 32.706416756, 2.767438396 ], [ 32.707671255, 2.764861249 ], [ 32.716290841, 2.76900118 ], [ 32.721715805, 2.766636401 ], [ 32.723611251, 2.761463995 ], [ 32.723672955, 2.754230033 ], [ 32.725386769, 2.752490626 ], [ 32.730168908, 2.754552452 ], [ 32.737033764, 2.747318685 ], [ 32.738761595, 2.7424112 ], [ 32.741257427, 2.741655306 ], [ 32.745408509, 2.73610546 ], [ 32.750734871, 2.732491209 ], [ 32.762264986, 2.720213368 ], [ 32.77337048, 2.705989453 ], [ 32.77392617, 2.699807918 ], [ 32.775389628, 2.697577587 ], [ 32.778835052, 2.696557831 ], [ 32.78064135, 2.690471446 ], [ 32.782175379, 2.689332685 ], [ 32.785360852, 2.690377369 ], [ 32.792607528, 2.676923762 ], [ 32.797280197, 2.674266804 ], [ 32.797918974, 2.664134221 ], [ 32.80174151, 2.665202699 ], [ 32.80786424, 2.669581851 ], [ 32.813787745, 2.665240184 ], [ 32.822647029, 2.674887728 ], [ 32.826351839, 2.674484857 ], [ 32.829385357, 2.665147536 ], [ 32.822188899, 2.660827661 ], [ 32.821528442, 2.659095278 ], [ 32.821988801, 2.657541033 ], [ 32.825127341, 2.656378708 ], [ 32.825400588, 2.651313978 ], [ 32.828631124, 2.647787206 ], [ 32.835452274, 2.651267564 ], [ 32.837342343, 2.646529863 ], [ 32.845868995, 2.649479842 ], [ 32.849255301, 2.64925817 ], [ 32.851880417, 2.653231465 ], [ 32.853537203, 2.649419088 ], [ 32.858297667, 2.64907417 ], [ 32.860408457, 2.644558547 ], [ 32.854569882, 2.631651868 ], [ 32.850791285, 2.629578563 ], [ 32.8508655, 2.624519812 ], [ 32.856669156, 2.620337763 ], [ 32.860803401, 2.623607914 ], [ 32.865465557, 2.623682458 ], [ 32.867317927, 2.625940595 ], [ 32.875636306, 2.625225827 ], [ 32.874998503, 2.62342435 ], [ 32.872373079, 2.622313618 ], [ 32.872986805, 2.619475845 ], [ 32.881268335, 2.618872074 ], [ 32.885243248, 2.620920633 ], [ 32.886225022, 2.618058205 ], [ 32.88404132, 2.616379971 ], [ 32.886838814, 2.614109947 ], [ 32.891512819, 2.618860668 ], [ 32.891905736, 2.61513449 ], [ 32.889771149, 2.613036766 ], [ 32.891305287, 2.606805983 ], [ 32.885514497, 2.60628725 ], [ 32.884067121, 2.602634936 ], [ 32.885318622, 2.601524586 ], [ 32.889906999, 2.602758845 ], [ 32.893195122, 2.601377221 ], [ 32.895698184, 2.598292817 ], [ 32.899955481, 2.59736778 ], [ 32.905157049, 2.601810028 ], [ 32.91471485, 2.594469327 ], [ 32.918787906, 2.596394395 ], [ 32.917474856, 2.601070589 ], [ 32.919707427, 2.60627757 ], [ 32.929105261, 2.606549582 ], [ 32.933166038, 2.609819505 ], [ 32.938048928, 2.611473112 ], [ 32.940355571, 2.609153588 ], [ 32.934479086, 2.604254921 ], [ 32.92929004, 2.59306365 ], [ 32.931903333, 2.591644863 ], [ 32.940785623, 2.595346859 ], [ 32.94992539, 2.604416036 ], [ 32.953679599, 2.60505778 ], [ 32.95458755, 2.603157685 ], [ 32.951704651, 2.596605845 ], [ 32.953863965, 2.595742233 ], [ 32.958010709, 2.597371064 ], [ 32.960047356, 2.595890516 ], [ 32.959924748, 2.593496845 ], [ 32.955275199, 2.586204645 ], [ 32.955152635, 2.582577134 ], [ 32.953017962, 2.581343207 ], [ 32.952147014, 2.578196854 ], [ 32.948687401, 2.576000474 ], [ 32.946884186, 2.570016236 ], [ 32.938345406, 2.569621013 ], [ 32.939253527, 2.564044069 ], [ 32.943351165, 2.563723453 ], [ 32.945736153, 2.560403643 ], [ 32.955765419, 2.562330518 ], [ 32.957873464, 2.558393485 ], [ 32.953080684, 2.552580208 ], [ 32.954402388, 2.550191081 ], [ 32.961161055, 2.550208128 ], [ 32.970989437, 2.555432613 ], [ 32.977589272, 2.55162184 ], [ 32.984791177, 2.559773761 ], [ 32.989007026, 2.557064945 ], [ 32.993800025, 2.556383559 ], [ 32.998291886, 2.553598995 ], [ 32.998793766, 2.548080331 ], [ 32.996234214, 2.537951539 ], [ 32.990061142, 2.53711025 ], [ 32.987827826, 2.533080592 ], [ 32.988028612, 2.529446348 ], [ 32.993105904, 2.526914185 ], [ 32.997873685, 2.528916399 ], [ 33.002172449, 2.533727604 ], [ 33.006127665, 2.532123927 ], [ 33.00659562, 2.530396207 ], [ 33.011820953, 2.531697191 ], [ 33.015712456, 2.539369094 ], [ 33.021805529, 2.542624489 ], [ 33.021853163, 2.544324046 ], [ 33.026672925, 2.547854718 ], [ 33.02919584, 2.548453101 ], [ 33.034646477, 2.555945373 ], [ 33.043655401, 2.561678098 ], [ 33.050605455, 2.564071583 ], [ 33.059019614, 2.572796399 ], [ 33.066945745, 2.577415915 ], [ 33.072991983, 2.588785836 ], [ 33.10056164, 2.599205406 ], [ 33.091745861, 2.625168696 ], [ 33.086091263, 2.636669369 ], [ 33.086216259, 2.641422196 ], [ 33.090319428, 2.647143543 ], [ 33.078091708, 2.667534851 ], [ 33.072492753, 2.666874132 ], [ 33.066021298, 2.669803704 ], [ 33.06191865, 2.674021065 ], [ 33.056172914, 2.686000315 ], [ 33.04761589, 2.689910095 ], [ 33.045122606, 2.695517853 ], [ 33.041824495, 2.698857491 ], [ 33.039739214, 2.705080707 ], [ 33.040068013, 2.708397426 ], [ 33.035795236, 2.715999816 ], [ 33.024665055, 2.720581968 ], [ 33.016972875, 2.730648956 ], [ 33.012912509, 2.732189132 ], [ 33.018034295, 2.743808604 ], [ 33.017410762, 2.747097698 ], [ 33.021018829, 2.760067316 ], [ 33.036243546, 2.804937451 ], [ 33.041183478, 2.810526642 ], [ 33.044695139, 2.817599986 ], [ 33.052872763, 2.821680946 ], [ 33.046611874, 2.826013869 ], [ 33.041505646, 2.832824227 ], [ 33.033875668, 2.833195502 ], [ 33.031685516, 2.834990862 ], [ 33.030614185, 2.833578588 ], [ 33.029257313, 2.837552221 ], [ 33.028424053, 2.836403249 ], [ 33.025793445, 2.837468518 ], [ 33.022893056, 2.836242841 ], [ 33.023012117, 2.837726958 ], [ 33.019964902, 2.839282932 ], [ 33.023143256, 2.847888332 ], [ 33.023905064, 2.847098388 ], [ 33.026214354, 2.848438824 ], [ 33.030951883, 2.846978535 ], [ 33.033225458, 2.847971871 ], [ 33.03622497, 2.843232193 ], [ 33.034332207, 2.83883976 ], [ 33.036308139, 2.838073701 ], [ 33.039022131, 2.839222605 ], [ 33.040236434, 2.843986079 ], [ 33.046103651, 2.849220981 ], [ 33.047841554, 2.849364533 ], [ 33.048948428, 2.845905549 ], [ 33.052090788, 2.842889314 ], [ 33.056709535, 2.847724426 ], [ 33.059256868, 2.847867921 ], [ 33.058090207, 2.84523488 ], [ 33.060316021, 2.843092373 ], [ 33.059577769, 2.838233142 ], [ 33.063207939, 2.832045162 ], [ 33.064517343, 2.832811087 ], [ 33.069052283, 2.829399755 ], [ 33.071813819, 2.829184155 ], [ 33.073956534, 2.831386249 ], [ 33.076194304, 2.8307398 ], [ 33.0790149, 2.823857634 ], [ 33.083823659, 2.822205624 ], [ 33.086144951, 2.824635083 ], [ 33.085478612, 2.827866668 ], [ 33.086907064, 2.828728306 ], [ 33.084871729, 2.830272412 ], [ 33.086443059, 2.831756405 ], [ 33.086157666, 2.835610326 ], [ 33.088788829, 2.842635713 ], [ 33.095704758, 2.843580677 ], [ 33.098585837, 2.849062072 ], [ 33.100788012, 2.84955259 ], [ 33.100812022, 2.8518745 ], [ 33.098979022, 2.853430584 ], [ 33.100717015, 2.854483668 ], [ 33.101573919, 2.852784053 ], [ 33.102573922, 2.854028702 ], [ 33.104121278, 2.852951387 ], [ 33.106144498, 2.84897761 ], [ 33.108096754, 2.850006734 ], [ 33.110167878, 2.84924054 ], [ 33.110215299, 2.847277688 ], [ 33.111381831, 2.847229697 ], [ 33.110524561, 2.84488393 ], [ 33.116333382, 2.844643985 ], [ 33.116821037, 2.840873817 ], [ 33.124616934, 2.833536232 ], [ 33.124211836, 2.829897811 ], [ 33.126235345, 2.829586415 ], [ 33.127711075, 2.827168585 ], [ 33.138306114, 2.837364623 ], [ 33.147329237, 2.840858339 ], [ 33.148651024, 2.844867653 ], [ 33.151270058, 2.847141349 ], [ 33.157388047, 2.844651056 ], [ 33.158578087, 2.84244867 ], [ 33.160670217, 2.844378316 ], [ 33.162078586, 2.842593056 ], [ 33.162008807, 2.844000252 ], [ 33.16368831, 2.844633246 ], [ 33.162743892, 2.846427542 ], [ 33.163898402, 2.845794144 ], [ 33.162079269, 2.847483026 ], [ 33.163304035, 2.848819677 ], [ 33.162079649, 2.850191857 ], [ 33.16725817, 2.85226671 ], [ 33.168483228, 2.855538235 ], [ 33.167189003, 2.85786028 ], [ 33.17250721, 2.857859488 ], [ 33.172786532, 2.85395451 ], [ 33.176210751, 2.856341651 ], [ 33.178832575, 2.859473503 ], [ 33.177921044, 2.861039776 ], [ 33.179669139, 2.86443915 ], [ 33.184570217, 2.866195486 ], [ 33.189546867, 2.870811265 ], [ 33.188728077, 2.873683911 ], [ 33.190156491, 2.873409095 ], [ 33.192299627, 2.876070028 ], [ 33.192216407, 2.880885718 ], [ 33.194780045, 2.885574225 ], [ 33.196355485, 2.885088161 ], [ 33.194591339, 2.887665275 ], [ 33.19484392, 2.890579981 ], [ 33.18352413, 2.900802091 ], [ 33.184840156, 2.912061909 ], [ 33.182653713, 2.918994402 ], [ 33.190553477, 2.934053495 ], [ 33.198955505, 2.955234127 ], [ 33.194933697, 2.956196841 ], [ 33.188163593, 2.961409442 ], [ 33.176470665, 2.976947949 ], [ 33.172347289, 2.985227208 ], [ 33.165717669, 2.990403468 ], [ 33.157950687, 3.006237532 ], [ 33.152426453, 3.012219291 ], [ 33.143692771, 3.016738699 ], [ 33.142446677, 3.019795281 ], [ 33.1429107, 3.025876691 ], [ 33.139239824, 3.031994792 ], [ 33.139473415, 3.051572694 ], [ 33.138211397, 3.052362429 ], [ 33.13899413, 3.053366791 ], [ 33.137696419, 3.0541685 ], [ 33.136672768, 3.060519402 ], [ 33.13386646, 3.066392468 ], [ 33.131273145, 3.066943409 ], [ 33.13340694, 3.070147943 ], [ 33.133235047, 3.072803044 ], [ 33.131341892, 3.074035468 ] ] ], [ [ [ 32.500899234, 3.166440634 ], [ 32.495030635, 3.17764838 ], [ 32.500551841, 3.166821078 ], [ 32.500899234, 3.166440634 ] ] ] ] } },
{ "type": "Feature", "properties": { "shapeName": "Pakwach", "shapeISO": "", "shapeID": "80733802B85272798927232", "shapeGroup": "UGA", "shapeType": "ADM2" }, "geometry": { "type": "Polygon", "coordinates": [ [ [ 31.386941768, 2.775592968 ], [ 31.357051956, 2.77034655 ], [ 31.348695707, 2.76588803 ], [ 31.33635819, 2.762375781 ], [ 31.329744022, 2.757657462 ], [ 31.326493593, 2.753101316 ], [ 31.325358447, 2.748144257 ], [ 31.326575551, 2.743468868 ], [ 31.330703111, 2.736994256 ], [ 31.32980855, 2.735209616 ], [ 31.318360109, 2.731973776 ], [ 31.309316902, 2.726078796 ], [ 31.300813567, 2.719157427 ], [ 31.285444639, 2.701905835 ], [ 31.285001492, 2.697843346 ], [ 31.291979976, 2.675362633 ], [ 31.29546322, 2.66140644 ], [ 31.296656235, 2.641733666 ], [ 31.294533725, 2.590006393 ], [ 31.293195491, 2.591256639 ], [ 31.291620813, 2.590147891 ], [ 31.289278868, 2.584611667 ], [ 31.278676235, 2.570627405 ], [ 31.277932027, 2.560087841 ], [ 31.27979641, 2.557802383 ], [ 31.280469575, 2.549792376 ], [ 31.284153417, 2.540269222 ], [ 31.291102809, 2.538244643 ], [ 31.29329643, 2.541828906 ], [ 31.298683256, 2.542113513 ], [ 31.305198872, 2.510816022 ], [ 31.308292405, 2.503840579 ], [ 31.308705789, 2.497493104 ], [ 31.308104333, 2.492556819 ], [ 31.303802044, 2.484991227 ], [ 31.289911256, 2.480673825 ], [ 31.286441184, 2.47308301 ], [ 31.283127427, 2.472440121 ], [ 31.281933741, 2.469643365 ], [ 31.275393153, 2.468323246 ], [ 31.271122896, 2.46388837 ], [ 31.263812932, 2.462395205 ], [ 31.259670855, 2.458089507 ], [ 31.259256153, 2.45516716 ], [ 31.253240613, 2.451486564 ], [ 31.250321084, 2.44708927 ], [ 31.250403445, 2.444544751 ], [ 31.266250471, 2.44812398 ], [ 31.273445456, 2.448196009 ], [ 31.274992808, 2.446340163 ], [ 31.28384577, 2.452193852 ], [ 31.287390927, 2.451439259 ], [ 31.289434619, 2.44925761 ], [ 31.291617424, 2.411024403 ], [ 31.289442874, 2.394046898 ], [ 31.294270794, 2.346448653 ], [ 31.284101686, 2.310850966 ], [ 31.280600035, 2.30397116 ], [ 31.280500486, 2.299589317 ], [ 31.284535851, 2.299502206 ], [ 31.283019236, 2.297320557 ], [ 31.289104412, 2.297975734 ], [ 31.287242118, 2.278031804 ], [ 31.286534854, 2.276219667 ], [ 31.284201623, 2.276761973 ], [ 31.283457192, 2.274218513 ], [ 31.276968401, 2.27243181 ], [ 31.274750332, 2.269613312 ], [ 31.273939216, 2.258827067 ], [ 31.271387807, 2.254266299 ], [ 31.264711962, 2.249482028 ], [ 31.256932302, 2.24955611 ], [ 31.258210119, 2.248110568 ], [ 31.257470905, 2.245378905 ], [ 31.260733597, 2.245190887 ], [ 31.2643458, 2.237658397 ], [ 31.267246883, 2.22098874 ], [ 31.266236121, 2.210281421 ], [ 31.259423955, 2.189236063 ], [ 31.306406807, 2.154186778 ], [ 31.33651384, 2.247427379 ], [ 31.343273941, 2.26106844 ], [ 31.350396785, 2.270991725 ], [ 31.377494797, 2.299469204 ], [ 31.402115165, 2.317526623 ], [ 31.439320062, 2.333228245 ], [ 31.454334789, 2.342473605 ], [ 31.462480894, 2.350089147 ], [ 31.468648883, 2.359218725 ], [ 31.473635379, 2.372589975 ], [ 31.476295735, 2.39284147 ], [ 31.476946706, 2.420714797 ], [ 31.48313597, 2.440311077 ], [ 31.487020155, 2.44643876 ], [ 31.494378078, 2.453327688 ], [ 31.511139618, 2.460373615 ], [ 31.521350688, 2.467499963 ], [ 31.529866148, 2.481065915 ], [ 31.52741372, 2.487211876 ], [ 31.519428243, 2.494464185 ], [ 31.512613143, 2.496506003 ], [ 31.501143852, 2.494911815 ], [ 31.495289634, 2.495571667 ], [ 31.492333181, 2.498336842 ], [ 31.480874248, 2.502511283 ], [ 31.478007424, 2.505387633 ], [ 31.466257791, 2.532617119 ], [ 31.464839613, 2.552962614 ], [ 31.461323051, 2.563378245 ], [ 31.443931245, 2.581354882 ], [ 31.432545628, 2.58664539 ], [ 31.416581639, 2.607275262 ], [ 31.411402231, 2.621022574 ], [ 31.412451334, 2.625722209 ], [ 31.415760765, 2.630803634 ], [ 31.415151744, 2.635652715 ], [ 31.423653742, 2.646575805 ], [ 31.425680839, 2.652640751 ], [ 31.431097723, 2.659922519 ], [ 31.440394013, 2.668686963 ], [ 31.442314808, 2.676856965 ], [ 31.442414761, 2.679829202 ], [ 31.445836991, 2.685251856 ], [ 31.452012422, 2.688821419 ], [ 31.453916182, 2.703108453 ], [ 31.453834952, 2.707730953 ], [ 31.45040629, 2.718040922 ], [ 31.451962633, 2.724927957 ], [ 31.449009531, 2.739284309 ], [ 31.438030883, 2.75658076 ], [ 31.43235067, 2.761491076 ], [ 31.423154219, 2.762265684 ], [ 31.414744036, 2.76028731 ], [ 31.402215378, 2.765778322 ], [ 31.393604085, 2.767930428 ], [ 31.386941768, 2.775592968 ] ] ] } },
{ "type": "Feature", "properties": { "shapeName": "Yumbe", "shapeISO": "", "shapeID": "80733802B37746416579587", "shapeGroup": "UGA", "shapeType": "ADM2" }, "geometry": { "type": "Polygon", "coordinates": [ [ [ 31.408826763, 3.184046185 ], [ 31.411060262, 3.18055617 ], [ 31.439956967, 3.182359536 ], [ 31.447976126, 3.184850177 ], [ 31.450680604, 3.184278834 ], [ 31.454998146, 3.187129647 ], [ 31.462392095, 3.184932082 ], [ 31.468652589, 3.188354742 ], [ 31.478406104, 3.189050698 ], [ 31.470969246, 3.203653096 ], [ 31.451377755, 3.225066174 ], [ 31.439659393, 3.241310726 ], [ 31.427191917, 3.266054606 ], [ 31.441307631, 3.363282363 ], [ 31.443906485, 3.389290634 ], [ 31.444917856, 3.389704321 ], [ 31.453056147, 3.446571838 ], [ 31.536670879, 3.576560223 ], [ 31.535535996, 3.579173256 ], [ 31.537645263, 3.58024189 ], [ 31.537737151, 3.585958873 ], [ 31.53499898, 3.588048658 ], [ 31.535508997, 3.59414947 ], [ 31.533669857, 3.595205174 ], [ 31.536636468, 3.601237299 ], [ 31.534752086, 3.604158788 ], [ 31.535510134, 3.610198584 ], [ 31.531371058, 3.617423425 ], [ 31.531108866, 3.621354022 ], [ 31.526786444, 3.622790957 ], [ 31.524712212, 3.62587596 ], [ 31.52347825, 3.631817293 ], [ 31.516926577, 3.63468454 ], [ 31.515954712, 3.636822173 ], [ 31.505717294, 3.638775051 ], [ 31.502971888, 3.640991847 ], [ 31.503081183, 3.648702273 ], [ 31.509052291, 3.669275672 ], [ 31.508571968, 3.674170427 ], [ 31.489709164, 3.680188982 ], [ 31.450369398, 3.699088974 ], [ 31.415286126, 3.720141139 ], [ 31.352324125, 3.750650714 ], [ 31.28984633, 3.793813286 ], [ 31.165881963, 3.793971686 ], [ 31.152977418, 3.777301041 ], [ 31.149726055, 3.776713672 ], [ 31.143345169, 3.7714811 ], [ 31.141883628, 3.771873539 ], [ 31.135702524, 3.768457686 ], [ 31.134206802, 3.764847829 ], [ 31.129739956, 3.765411327 ], [ 31.127569537, 3.762163655 ], [ 31.122609489, 3.760150893 ], [ 31.122778817, 3.757223987 ], [ 31.120369838, 3.757360734 ], [ 31.118027455, 3.753238455 ], [ 31.115733388, 3.753012809 ], [ 31.114463221, 3.754492072 ], [ 31.110235432, 3.752777402 ], [ 31.108101919, 3.748918519 ], [ 31.105008276, 3.749887951 ], [ 31.103603782, 3.745915224 ], [ 31.100377633, 3.744151382 ], [ 31.100811593, 3.741665635 ], [ 31.105394975, 3.740092582 ], [ 31.101821994, 3.738956858 ], [ 31.10046505, 3.735840888 ], [ 31.099622421, 3.590996324 ], [ 31.091089524, 3.578903992 ], [ 31.092003295, 3.568706836 ], [ 31.089419763, 3.566075463 ], [ 31.089490915, 3.562711045 ], [ 31.087150752, 3.558494912 ], [ 31.087054891, 3.556833434 ], [ 31.088918297, 3.555437362 ], [ 31.088098594, 3.553654538 ], [ 31.089536398, 3.553237975 ], [ 31.087320047, 3.55048217 ], [ 31.086410762, 3.543630504 ], [ 31.090222968, 3.536440661 ], [ 31.089780117, 3.532292459 ], [ 31.094280875, 3.525211899 ], [ 31.089208335, 3.475806325 ], [ 31.09223963, 3.47283298 ], [ 31.092291686, 3.461817943 ], [ 31.089757982, 3.455673236 ], [ 31.09294477, 3.449780852 ], [ 31.093382155, 3.444146645 ], [ 31.09555651, 3.442052208 ], [ 31.097643411, 3.4430104 ], [ 31.102577086, 3.437936789 ], [ 31.096410447, 3.433423967 ], [ 31.095170961, 3.426807495 ], [ 31.090288677, 3.419912924 ], [ 31.089776076, 3.407439162 ], [ 31.088668304, 3.406958373 ], [ 31.087396405, 3.40014637 ], [ 31.080388736, 3.393512585 ], [ 31.083500989, 3.39363591 ], [ 31.085328709, 3.390035915 ], [ 31.082096486, 3.387471601 ], [ 31.08268274, 3.384640205 ], [ 31.080861855, 3.382158764 ], [ 31.080810922, 3.376232554 ], [ 31.075780419, 3.375550519 ], [ 31.068496174, 3.370482483 ], [ 31.064251864, 3.375527513 ], [ 31.058831606, 3.362652041 ], [ 31.050467877, 3.324457648 ], [ 31.045927338, 3.322292993 ], [ 31.047793932, 3.313936921 ], [ 31.052249491, 3.310669622 ], [ 31.054391896, 3.305173409 ], [ 31.059276814, 3.304057209 ], [ 31.061633731, 3.299345311 ], [ 31.064986486, 3.296500613 ], [ 31.069607702, 3.295618121 ], [ 31.070865668, 3.302813036 ], [ 31.074766954, 3.302943717 ], [ 31.075719274, 3.299024773 ], [ 31.080446972, 3.297012014 ], [ 31.084505316, 3.297353934 ], [ 31.084532319, 3.301520956 ], [ 31.090492888, 3.304398386 ], [ 31.094779473, 3.304353916 ], [ 31.098863183, 3.300599173 ], [ 31.11883441, 3.314756107 ], [ 31.121182523, 3.309867162 ], [ 31.124841851, 3.307275153 ], [ 31.129816756, 3.306837137 ], [ 31.13126075, 3.302174112 ], [ 31.137299343, 3.3050105 ], [ 31.136931413, 3.319680176 ], [ 31.138069183, 3.323569435 ], [ 31.144739171, 3.330308049 ], [ 31.145579825, 3.333512139 ], [ 31.14098256, 3.338779023 ], [ 31.143493697, 3.345931391 ], [ 31.148447883, 3.347364142 ], [ 31.15133626, 3.350115105 ], [ 31.172348039, 3.351137797 ], [ 31.174757437, 3.346887718 ], [ 31.177623544, 3.345160119 ], [ 31.178849317, 3.340180825 ], [ 31.183848458, 3.339104284 ], [ 31.184305206, 3.336740867 ], [ 31.189751487, 3.341886439 ], [ 31.190918446, 3.340172299 ], [ 31.200342223, 3.338843679 ], [ 31.20430096, 3.336089492 ], [ 31.203725668, 3.333197595 ], [ 31.206176483, 3.329682192 ], [ 31.210959042, 3.325995548 ], [ 31.211735727, 3.322456413 ], [ 31.218399759, 3.317658307 ], [ 31.217939908, 3.314515129 ], [ 31.221677593, 3.31174652 ], [ 31.229258268, 3.311224233 ], [ 31.233652639, 3.3140075 ], [ 31.235334237, 3.310814036 ], [ 31.23303276, 3.309163825 ], [ 31.23297919, 3.307153968 ], [ 31.234945044, 3.304745772 ], [ 31.237554918, 3.304310198 ], [ 31.236285935, 3.300345828 ], [ 31.238497789, 3.298818519 ], [ 31.238808028, 3.295680008 ], [ 31.241508604, 3.294298155 ], [ 31.239405439, 3.291680676 ], [ 31.240875278, 3.289730937 ], [ 31.246019982, 3.288170507 ], [ 31.24840737, 3.284250872 ], [ 31.252506281, 3.281731504 ], [ 31.25690577, 3.281586099 ], [ 31.265008823, 3.287285114 ], [ 31.266468929, 3.285355824 ], [ 31.269737187, 3.284889313 ], [ 31.273180835, 3.28178301 ], [ 31.277048304, 3.280587725 ], [ 31.281305385, 3.27634518 ], [ 31.283277756, 3.278878194 ], [ 31.289915848, 3.278311285 ], [ 31.294175423, 3.276264504 ], [ 31.29430796, 3.274160786 ], [ 31.295528353, 3.274093074 ], [ 31.297906429, 3.275842118 ], [ 31.29813075, 3.278125934 ], [ 31.306293942, 3.283955451 ], [ 31.305274623, 3.279319123 ], [ 31.308911073, 3.279976115 ], [ 31.308412085, 3.276587249 ], [ 31.311335502, 3.273105641 ], [ 31.308041497, 3.270451821 ], [ 31.311663926, 3.268093995 ], [ 31.314672762, 3.268223496 ], [ 31.315994046, 3.269613478 ], [ 31.315457902, 3.271344871 ], [ 31.317218367, 3.272046504 ], [ 31.319166855, 3.271099433 ], [ 31.318024684, 3.269088149 ], [ 31.319341006, 3.266843607 ], [ 31.327284088, 3.265976427 ], [ 31.330239735, 3.262351018 ], [ 31.330791372, 3.258363948 ], [ 31.332891067, 3.255457923 ], [ 31.332246026, 3.253954236 ], [ 31.333398518, 3.254012522 ], [ 31.33760425, 3.247620166 ], [ 31.336640936, 3.245012823 ], [ 31.340754556, 3.237991122 ], [ 31.342388501, 3.228333671 ], [ 31.341560133, 3.226537185 ], [ 31.343359831, 3.223692556 ], [ 31.347088402, 3.224950604 ], [ 31.350553087, 3.223262433 ], [ 31.350249799, 3.222022256 ], [ 31.353422631, 3.21956646 ], [ 31.360596198, 3.223806532 ], [ 31.367383555, 3.221411758 ], [ 31.385207464, 3.223585553 ], [ 31.389536686, 3.219697021 ], [ 31.393210429, 3.220870525 ], [ 31.398536911, 3.218610602 ], [ 31.399637136, 3.216799963 ], [ 31.398044833, 3.210541378 ], [ 31.399220518, 3.207681466 ], [ 31.403642614, 3.205228631 ], [ 31.404361567, 3.202138278 ], [ 31.407629726, 3.200803427 ], [ 31.40736979, 3.197740438 ], [ 31.40883588, 3.196680138 ], [ 31.407772671, 3.194563254 ], [ 31.409895266, 3.195102545 ], [ 31.410727712, 3.192969822 ], [ 31.411198983, 3.189438437 ], [ 31.408826763, 3.184046185 ] ] ] } },
{ "type": "Feature", "properties": { "shapeName": "Zombo", "shapeISO": "", "shapeID": "80733802B68982961046331", "shapeGroup": "UGA", "shapeType": "ADM2" }, "geometry": { "type": "Polygon", "coordinates": [ [ [ 30.792029923, 2.644431438 ], [ 30.787120622, 2.643088486 ], [ 30.788055066, 2.63378446 ], [ 30.791279447, 2.63306999 ], [ 30.791612035, 2.631863916 ], [ 30.780835623, 2.614086909 ], [ 30.78154391, 2.611657959 ], [ 30.779721252, 2.60939673 ], [ 30.780359227, 2.603657213 ], [ 30.779203194, 2.601014467 ], [ 30.777246413, 2.599288806 ], [ 30.773269477, 2.599434834 ], [ 30.772037967, 2.595528636 ], [ 30.767575488, 2.595910903 ], [ 30.761301257, 2.59362954 ], [ 30.757924386, 2.588444651 ], [ 30.753957011, 2.588118338 ], [ 30.750784348, 2.583354066 ], [ 30.75464016, 2.576044994 ], [ 30.753522305, 2.569449821 ], [ 30.758292885, 2.561988952 ], [ 30.756503183, 2.554005454 ], [ 30.759554916, 2.547429606 ], [ 30.757208436, 2.538039248 ], [ 30.760177735, 2.514877016 ], [ 30.762509721, 2.507159765 ], [ 30.759236872, 2.494860058 ], [ 30.751866453, 2.494027315 ], [ 30.747054546, 2.488411056 ], [ 30.746791715, 2.478279634 ], [ 30.744097237, 2.469204759 ], [ 30.744932681, 2.457045462 ], [ 30.740765932, 2.451287736 ], [ 30.74204527, 2.44574805 ], [ 30.749196168, 2.438157647 ], [ 30.752338097, 2.416793697 ], [ 30.755370227, 2.420039463 ], [ 30.755888751, 2.423648761 ], [ 30.763301528, 2.425592284 ], [ 30.765566297, 2.428370071 ], [ 30.77105154, 2.428026521 ], [ 30.772442417, 2.430837778 ], [ 30.778624625, 2.435788553 ], [ 30.784155145, 2.431383159 ], [ 30.789589372, 2.432305781 ], [ 30.796727083, 2.42491787 ], [ 30.806388662, 2.421968953 ], [ 30.815790192, 2.423152953 ], [ 30.820478218, 2.420931343 ], [ 30.823571122, 2.421035153 ], [ 30.827579529, 2.421667082 ], [ 30.83073107, 2.424017122 ], [ 30.834523129, 2.42407499 ], [ 30.835231212, 2.417397215 ], [ 30.833180662, 2.414309384 ], [ 30.838298658, 2.411945422 ], [ 30.840304073, 2.406622214 ], [ 30.838584332, 2.401086062 ], [ 30.841704234, 2.401237655 ], [ 30.846408957, 2.394380302 ], [ 30.845500019, 2.390710068 ], [ 30.848560214, 2.382032343 ], [ 30.854456161, 2.378857793 ], [ 30.856449689, 2.374334912 ], [ 30.865133683, 2.373282246 ], [ 30.865566059, 2.368157875 ], [ 30.866854483, 2.36706205 ], [ 30.873414091, 2.366075458 ], [ 30.874321217, 2.362828061 ], [ 30.877099919, 2.360720514 ], [ 30.8757459, 2.356511456 ], [ 30.876635889, 2.351627167 ], [ 30.881715048, 2.344053486 ], [ 30.881904645, 2.338665578 ], [ 30.884994276, 2.337335359 ], [ 30.887658463, 2.338154631 ], [ 30.88965752, 2.336188367 ], [ 30.891945755, 2.33724563 ], [ 30.905575925, 2.329382892 ], [ 30.91126192, 2.328596826 ], [ 30.91317473, 2.338643927 ], [ 30.925515499, 2.336336469 ], [ 30.928463169, 2.332588071 ], [ 30.934105518, 2.332138767 ], [ 30.937050521, 2.333739998 ], [ 30.938015845, 2.33680226 ], [ 30.942462402, 2.340804153 ], [ 30.94674679, 2.356204193 ], [ 30.95004804, 2.359163746 ], [ 30.949598423, 2.362484205 ], [ 30.942891914, 2.364032408 ], [ 30.944139641, 2.368695352 ], [ 30.942492029, 2.371498977 ], [ 30.945560653, 2.378615925 ], [ 30.950131374, 2.383968392 ], [ 30.948867116, 2.389807826 ], [ 30.955514812, 2.397842023 ], [ 30.960253558, 2.394233769 ], [ 30.96657494, 2.40064218 ], [ 30.969289344, 2.399764914 ], [ 30.981173976, 2.404347399 ], [ 30.984505312, 2.402730853 ], [ 30.992991102, 2.402859849 ], [ 31.003392485, 2.395699354 ], [ 31.007085574, 2.398265486 ], [ 31.008761686, 2.397657769 ], [ 31.011088465, 2.39529211 ], [ 31.012463891, 2.38733718 ], [ 31.015749739, 2.385860317 ], [ 31.019428115, 2.395484051 ], [ 31.027045847, 2.403213137 ], [ 31.027468037, 2.40602566 ], [ 31.029062607, 2.406243416 ], [ 31.029476176, 2.416402757 ], [ 31.034069283, 2.428446964 ], [ 31.034663277, 2.433820388 ], [ 31.036113842, 2.433415738 ], [ 31.037309868, 2.43650465 ], [ 31.042445643, 2.45790686 ], [ 31.05125447, 2.477795116 ], [ 31.052715949, 2.476875974 ], [ 31.054026408, 2.477739488 ], [ 31.053434186, 2.479030885 ], [ 31.060446227, 2.481255154 ], [ 31.06536162, 2.487939472 ], [ 31.071025643, 2.488354861 ], [ 31.071762454, 2.49375255 ], [ 31.074121601, 2.495431327 ], [ 31.075523649, 2.494524039 ], [ 31.074588769, 2.496975624 ], [ 31.071282624, 2.496354154 ], [ 31.070032017, 2.49911902 ], [ 31.060756867, 2.498673166 ], [ 31.056457729, 2.500344328 ], [ 31.045442523, 2.49732861 ], [ 31.039448393, 2.500102817 ], [ 31.031791459, 2.507779983 ], [ 31.021838652, 2.52215978 ], [ 31.012650267, 2.521150575 ], [ 31.009742373, 2.519525284 ], [ 30.991089062, 2.520100331 ], [ 30.99407065, 2.528089239 ], [ 30.993444713, 2.534352691 ], [ 30.995390923, 2.541573891 ], [ 30.994200862, 2.544017854 ], [ 30.99619186, 2.547838842 ], [ 30.993935679, 2.552751808 ], [ 30.996041621, 2.551474863 ], [ 30.997539988, 2.555148383 ], [ 31.003321731, 2.557569528 ], [ 31.002412809, 2.560329303 ], [ 31.007295842, 2.565732419 ], [ 31.006234989, 2.568232993 ], [ 31.008459322, 2.568410818 ], [ 31.008856837, 2.569839654 ], [ 31.013688689, 2.569833232 ], [ 31.014905448, 2.576609362 ], [ 31.016751988, 2.573746132 ], [ 31.019372412, 2.573555175 ], [ 31.020525866, 2.575218513 ], [ 30.984705317, 2.595598466 ], [ 30.982820695, 2.600582975 ], [ 30.981257926, 2.613858066 ], [ 30.984097267, 2.640485308 ], [ 30.983800551, 2.658143384 ], [ 30.978475689, 2.676264911 ], [ 30.976732848, 2.6877612 ], [ 30.973968153, 2.689550974 ], [ 30.97321469, 2.693397854 ], [ 30.967419488, 2.696265147 ], [ 30.958374736, 2.711229219 ], [ 30.952875503, 2.711228485 ], [ 30.950325932, 2.709432492 ], [ 30.951537177, 2.707367263 ], [ 30.9493075, 2.703814625 ], [ 30.95016032, 2.700947711 ], [ 30.947019695, 2.699176569 ], [ 30.946165761, 2.692508127 ], [ 30.943877742, 2.693107201 ], [ 30.940736657, 2.691628928 ], [ 30.938336273, 2.693191108 ], [ 30.940783994, 2.694040831 ], [ 30.937254724, 2.696271333 ], [ 30.93791682, 2.704841618 ], [ 30.932199656, 2.698677872 ], [ 30.932943996, 2.697007807 ], [ 30.93063417, 2.697038139 ], [ 30.930879248, 2.703303929 ], [ 30.926293616, 2.703398905 ], [ 30.923239182, 2.699307949 ], [ 30.923463751, 2.697730469 ], [ 30.920439313, 2.69611553 ], [ 30.91912915, 2.697651293 ], [ 30.918340301, 2.694494882 ], [ 30.914534414, 2.693470707 ], [ 30.913263628, 2.687489769 ], [ 30.915392938, 2.687486231 ], [ 30.912312559, 2.685351449 ], [ 30.91288154, 2.68323761 ], [ 30.911602625, 2.68103666 ], [ 30.911946812, 2.679287448 ], [ 30.914143715, 2.678265829 ], [ 30.914063381, 2.675350151 ], [ 30.911182978, 2.672629767 ], [ 30.911400822, 2.669871814 ], [ 30.909398515, 2.670857145 ], [ 30.905838829, 2.668492956 ], [ 30.904062464, 2.669169359 ], [ 30.902012509, 2.667127499 ], [ 30.896133753, 2.67297927 ], [ 30.895549518, 2.671153088 ], [ 30.892258423, 2.669295595 ], [ 30.89127643, 2.670266435 ], [ 30.890618137, 2.667867266 ], [ 30.88924085, 2.667586479 ], [ 30.887368054, 2.668604396 ], [ 30.885733973, 2.673121157 ], [ 30.882694319, 2.670325194 ], [ 30.880170679, 2.67001709 ], [ 30.877204105, 2.672147137 ], [ 30.875045197, 2.671876934 ], [ 30.873385156, 2.674245402 ], [ 30.871293846, 2.673189296 ], [ 30.86498502, 2.67489683 ], [ 30.861211819, 2.671604559 ], [ 30.858271499, 2.673166499 ], [ 30.857817844, 2.675030799 ], [ 30.856879278, 2.672454367 ], [ 30.852844114, 2.670812273 ], [ 30.853031964, 2.66944043 ], [ 30.850035918, 2.6703043 ], [ 30.849768973, 2.671806013 ], [ 30.846541, 2.669282461 ], [ 30.845758269, 2.669933859 ], [ 30.841383114, 2.663397791 ], [ 30.837753991, 2.661107546 ], [ 30.833535849, 2.66124767 ], [ 30.826341488, 2.658539297 ], [ 30.818930317, 2.659392587 ], [ 30.812708789, 2.653788051 ], [ 30.800223934, 2.651980079 ], [ 30.798112716, 2.650167126 ], [ 30.796671182, 2.64587259 ], [ 30.792029923, 2.644431438 ] ] ] } },
{ "type": "Feature", "properties": { "shapeName": "Buhweju", "shapeISO": "", "shapeID": "80733802B4765070949693", "shapeGroup": "UGA", "shapeType": "ADM2" }, "geometry": { "type": "Polygon", "coordinates": [ [ [ 30.305693494, -0.433456873 ], [ 30.308180301, -0.434976023 ], [ 30.312970619, -0.442297967 ], [ 30.316376719, -0.443898812 ], [ 30.317238681, -0.451996599 ], [ 30.319549991, -0.455512992 ], [ 30.328460146, -0.457784704 ], [ 30.331801052, -0.455960381 ], [ 30.337400759, -0.456748721 ], [ 30.339023203, -0.453459665 ], [ 30.343191446, -0.450849346 ], [ 30.347780851, -0.449242332 ], [ 30.3511086, -0.451728883 ], [ 30.360549303, -0.446336829 ], [ 30.368670236, -0.456651801 ], [ 30.37421444, -0.455849469 ], [ 30.384570071, -0.434731779 ], [ 30.390239376, -0.432871936 ], [ 30.396857304, -0.437465488 ], [ 30.401731711, -0.428989556 ], [ 30.407869064, -0.432516469 ], [ 30.414942335, -0.433269044 ], [ 30.419919471, -0.428525735 ], [ 30.423508327, -0.428671554 ], [ 30.431489781, -0.425854323 ], [ 30.436847297, -0.425666305 ], [ 30.442003011, -0.430042539 ], [ 30.45715979, -0.429270309 ], [ 30.456451896, -0.425482998 ], [ 30.464424693, -0.423108519 ], [ 30.469987186, -0.416693027 ], [ 30.482754723, -0.411138411 ], [ 30.488214858, -0.394319313 ], [ 30.494056872, -0.393597984 ], [ 30.501822834, -0.388014405 ], [ 30.506334541, -0.367994978 ], [ 30.505361902, -0.347160476 ], [ 30.507855373, -0.323660437 ], [ 30.505449497, -0.311086997 ], [ 30.498812943, -0.296478941 ], [ 30.499583416, -0.288696818 ], [ 30.501057415, -0.285352828 ], [ 30.51258798, -0.276245347 ], [ 30.515583111, -0.266536415 ], [ 30.51519865, -0.264494277 ], [ 30.506317053, -0.261148275 ], [ 30.503438148, -0.260930776 ], [ 30.495942302, -0.255768223 ], [ 30.493605398, -0.258163006 ], [ 30.486698353, -0.259653013 ], [ 30.478584872, -0.255565988 ], [ 30.469225517, -0.258393192 ], [ 30.46648615, -0.263770521 ], [ 30.463550893, -0.265884916 ], [ 30.451965554, -0.265719847 ], [ 30.449243493, -0.26327894 ], [ 30.443930792, -0.266902207 ], [ 30.453545117, -0.285035128 ], [ 30.443855675, -0.288313883 ], [ 30.428620797, -0.288527377 ], [ 30.424421223, -0.28700802 ], [ 30.421643952, -0.282831782 ], [ 30.409129596, -0.282304795 ], [ 30.407124684, -0.27627599 ], [ 30.409187208, -0.26872968 ], [ 30.401956432, -0.258560417 ], [ 30.394406292, -0.259286319 ], [ 30.387364507, -0.257110988 ], [ 30.377325793, -0.235048038 ], [ 30.366035924, -0.220332509 ], [ 30.360349173, -0.197809604 ], [ 30.355561524, -0.193181571 ], [ 30.33456175, -0.192563763 ], [ 30.32144531, -0.196610474 ], [ 30.318945603, -0.191512995 ], [ 30.31529922, -0.188304169 ], [ 30.302486186, -0.198975202 ], [ 30.301513224, -0.201333765 ], [ 30.284058958, -0.211271711 ], [ 30.269094941, -0.218624944 ], [ 30.250645715, -0.222977639 ], [ 30.250817977, -0.229619766 ], [ 30.24908291, -0.230839408 ], [ 30.237510879, -0.226011544 ], [ 30.231019812, -0.229362934 ], [ 30.230054586, -0.232272567 ], [ 30.231940205, -0.234974913 ], [ 30.228344683, -0.251808894 ], [ 30.205821396, -0.267381039 ], [ 30.185493996, -0.276232031 ], [ 30.183915142, -0.277820759 ], [ 30.188309274, -0.281486096 ], [ 30.185634726, -0.283192959 ], [ 30.184183677, -0.286447544 ], [ 30.183823453, -0.290692149 ], [ 30.185084505, -0.290660547 ], [ 30.186241396, -0.298710638 ], [ 30.19014068, -0.299126537 ], [ 30.19114768, -0.300839601 ], [ 30.189667088, -0.302652938 ], [ 30.190636653, -0.303629526 ], [ 30.189153073, -0.304352684 ], [ 30.191035362, -0.308816424 ], [ 30.188881576, -0.308771106 ], [ 30.188500538, -0.313319103 ], [ 30.186604825, -0.31534042 ], [ 30.189081323, -0.317468687 ], [ 30.189496374, -0.321772817 ], [ 30.187671865, -0.323940233 ], [ 30.18471716, -0.324284666 ], [ 30.185033436, -0.325336441 ], [ 30.192803623, -0.330809546 ], [ 30.19224385, -0.332610017 ], [ 30.195568633, -0.329671476 ], [ 30.196755549, -0.330444161 ], [ 30.203863474, -0.327041398 ], [ 30.205614669, -0.328842536 ], [ 30.214335433, -0.330708049 ], [ 30.217057147, -0.332945526 ], [ 30.217804822, -0.335798807 ], [ 30.219853836, -0.336516315 ], [ 30.219723371, -0.335316524 ], [ 30.221583714, -0.335104899 ], [ 30.222222576, -0.337285127 ], [ 30.223872467, -0.336078524 ], [ 30.226466402, -0.33714734 ], [ 30.236368674, -0.345548554 ], [ 30.241143159, -0.34724582 ], [ 30.241290732, -0.349072372 ], [ 30.246913209, -0.352912256 ], [ 30.245035357, -0.364090547 ], [ 30.247781373, -0.371474666 ], [ 30.250285171, -0.374354131 ], [ 30.247400711, -0.379372957 ], [ 30.249526942, -0.385299424 ], [ 30.247416445, -0.391318193 ], [ 30.242940649, -0.395027541 ], [ 30.23722138, -0.395580348 ], [ 30.235226739, -0.394412887 ], [ 30.232491098, -0.398228137 ], [ 30.228253729, -0.39924048 ], [ 30.225147928, -0.397097136 ], [ 30.224073496, -0.399889408 ], [ 30.225612153, -0.400932385 ], [ 30.223892147, -0.402423757 ], [ 30.212612114, -0.395309283 ], [ 30.211905689, -0.398763182 ], [ 30.216123027, -0.402591585 ], [ 30.222384494, -0.405367971 ], [ 30.225677899, -0.409751884 ], [ 30.240273888, -0.41674236 ], [ 30.249891384, -0.423296762 ], [ 30.265732426, -0.428038425 ], [ 30.268603556, -0.427307452 ], [ 30.280011255, -0.432435529 ], [ 30.285428557, -0.427909873 ], [ 30.299622384, -0.427413525 ], [ 30.303122255, -0.428711398 ], [ 30.304131196, -0.433094826 ], [ 30.305693494, -0.433456873 ] ] ] } },
{ "type": "Feature", "properties": { "shapeName": "Buliisa", "shapeISO": "", "shapeID": "80733802B11338841077494", "shapeGroup": "UGA", "shapeType": "ADM2" }, "geometry": { "type": "Polygon", "coordinates": [ [ [ 31.33651384, 2.247427379 ], [ 31.306406807, 2.154186778 ], [ 31.30628946, 2.113618529 ], [ 31.07844621, 1.857360452 ], [ 31.250697869, 1.810352924 ], [ 31.308682974, 1.798425984 ], [ 31.322900332, 1.789784692 ], [ 31.33172698, 1.787929861 ], [ 31.333863276, 1.783437231 ], [ 31.342489054, 1.783535515 ], [ 31.343465093, 1.786900574 ], [ 31.345889118, 1.787255471 ], [ 31.351518968, 1.784004908 ], [ 31.35270336, 1.777033425 ], [ 31.358523978, 1.774931501 ], [ 31.361991632, 1.771823615 ], [ 31.36577026, 1.772469072 ], [ 31.368057319, 1.770816128 ], [ 31.368578197, 1.76709063 ], [ 31.36624899, 1.766211341 ], [ 31.367150821, 1.764276812 ], [ 31.36569804, 1.758713725 ], [ 31.370388596, 1.7538524 ], [ 31.369009175, 1.751753076 ], [ 31.369863615, 1.750035542 ], [ 31.367605561, 1.749056855 ], [ 31.369743804, 1.748606548 ], [ 31.37152189, 1.745343362 ], [ 31.374106603, 1.744992915 ], [ 31.37405677, 1.743500674 ], [ 31.377468671, 1.743386074 ], [ 31.37881237, 1.738024363 ], [ 31.377700138, 1.731837553 ], [ 31.375789927, 1.731673118 ], [ 31.375020959, 1.732983779 ], [ 31.373666134, 1.731336669 ], [ 31.374538464, 1.728696685 ], [ 31.378395178, 1.726963631 ], [ 31.37866133, 1.725091826 ], [ 31.376974164, 1.723218344 ], [ 31.375164826, 1.724329156 ], [ 31.373249053, 1.720474926 ], [ 31.375887009, 1.717565143 ], [ 31.373977786, 1.715917567 ], [ 31.375531525, 1.714490005 ], [ 31.374467496, 1.711703658 ], [ 31.376731066, 1.707780654 ], [ 31.379528197, 1.708587918 ], [ 31.389973086, 1.702727413 ], [ 31.389681303, 1.696251445 ], [ 31.396359494, 1.692346469 ], [ 31.40756811, 1.692865086 ], [ 31.410953186, 1.685527892 ], [ 31.403232839, 1.678900562 ], [ 31.402967989, 1.675095516 ], [ 31.405350136, 1.674558214 ], [ 31.415276765, 1.677262665 ], [ 31.421067836, 1.676668195 ], [ 31.430933852, 1.680840553 ], [ 31.443362616, 1.682168815 ], [ 31.44699063, 1.687444646 ], [ 31.453551713, 1.69212364 ], [ 31.462853266, 1.695097126 ], [ 31.468539739, 1.695221515 ], [ 31.471619114, 1.697890415 ], [ 31.474835093, 1.697233852 ], [ 31.481993959, 1.699156977 ], [ 31.487475772, 1.694547431 ], [ 31.497971281, 1.693866573 ], [ 31.502523395, 1.697974714 ], [ 31.502980306, 1.703907247 ], [ 31.505850226, 1.708044077 ], [ 31.506174488, 1.712238789 ], [ 31.513719031, 1.716169558 ], [ 31.515206028, 1.718357859 ], [ 31.516020318, 1.724140905 ], [ 31.511695931, 1.733365354 ], [ 31.519585915, 1.733491456 ], [ 31.523861665, 1.729390192 ], [ 31.526899114, 1.728733432 ], [ 31.536525562, 1.735841679 ], [ 31.542539527, 1.736415622 ], [ 31.556213938, 1.745504447 ], [ 31.556132459, 1.756618058 ], [ 31.57408579, 1.759194896 ], [ 31.587976344, 1.757331813 ], [ 31.588559821, 1.75955778 ], [ 31.588130944, 1.761876498 ], [ 31.584634164, 1.764626271 ], [ 31.587201021, 1.768712993 ], [ 31.587864458, 1.775405644 ], [ 31.583226005, 1.778562031 ], [ 31.585959254, 1.782816058 ], [ 31.58990609, 1.785038001 ], [ 31.589548542, 1.78730888 ], [ 31.584267853, 1.790728361 ], [ 31.585051412, 1.794002842 ], [ 31.582957823, 1.796274154 ], [ 31.586927918, 1.799882498 ], [ 31.586379069, 1.804878356 ], [ 31.584571099, 1.806456397 ], [ 31.586446929, 1.814057074 ], [ 31.585328571, 1.815706643 ], [ 31.582522578, 1.815133665 ], [ 31.579906131, 1.816401151 ], [ 31.581115791, 1.824623449 ], [ 31.576450355, 1.835452534 ], [ 31.579992934, 1.837674679 ], [ 31.581132588, 1.842383276 ], [ 31.580417416, 1.846709863 ], [ 31.582508701, 1.850486027 ], [ 31.581389504, 1.854119516 ], [ 31.582839841, 1.855027522 ], [ 31.58369374, 1.860596678 ], [ 31.576534321, 1.863155889 ], [ 31.574323677, 1.860503172 ], [ 31.571207112, 1.86325266 ], [ 31.569448477, 1.860265212 ], [ 31.566142297, 1.86148495 ], [ 31.557743029, 1.871645355 ], [ 31.560095239, 1.876855644 ], [ 31.556385933, 1.875231031 ], [ 31.55441012, 1.8797012 ], [ 31.551318349, 1.879964754 ], [ 31.55224466, 1.882713348 ], [ 31.550102984, 1.885725508 ], [ 31.550530127, 1.88790055 ], [ 31.553311691, 1.890051241 ], [ 31.552882049, 1.893636703 ], [ 31.548384701, 1.899374166 ], [ 31.545579088, 1.897821041 ], [ 31.540989042, 1.898037001 ], [ 31.538751764, 1.901981304 ], [ 31.543054816, 1.905515614 ], [ 31.550687462, 1.908524828 ], [ 31.5598671, 1.909509393 ], [ 31.579361045, 1.927840787 ], [ 31.580642918, 1.932807281 ], [ 31.586466792, 1.939857836 ], [ 31.620088299, 1.959376964 ], [ 31.623046523, 1.962970136 ], [ 31.618289426, 1.964006315 ], [ 31.610727546, 1.960391208 ], [ 31.608395637, 1.963120719 ], [ 31.606540806, 1.962359418 ], [ 31.604399567, 1.963813796 ], [ 31.603756567, 1.966155795 ], [ 31.600569052, 1.967093739 ], [ 31.5980009, 1.965752974 ], [ 31.587223664, 1.973259799 ], [ 31.565292747, 1.978929821 ], [ 31.539133632, 2.010561873 ], [ 31.537624505, 2.273409244 ], [ 31.529373283, 2.260327958 ], [ 31.525593585, 2.256665874 ], [ 31.512233471, 2.25075869 ], [ 31.490618113, 2.247013641 ], [ 31.484748061, 2.242895486 ], [ 31.473487002, 2.230410938 ], [ 31.466866471, 2.227199466 ], [ 31.446072463, 2.229825616 ], [ 31.433969407, 2.233424853 ], [ 31.431468327, 2.236406114 ], [ 31.427993461, 2.237540984 ], [ 31.414434691, 2.235870779 ], [ 31.403051442, 2.23951622 ], [ 31.401922093, 2.237198525 ], [ 31.397943294, 2.235191791 ], [ 31.388925818, 2.236791585 ], [ 31.386932989, 2.238948775 ], [ 31.381115857, 2.240591305 ], [ 31.370220243, 2.246507598 ], [ 31.360307097, 2.246339405 ], [ 31.356952397, 2.244765152 ], [ 31.353203719, 2.246488381 ], [ 31.345401606, 2.245105295 ], [ 31.33651384, 2.247427379 ] ] ] } },
{ "type": "Feature", "properties": { "shapeName": "Bundibugyo", "shapeISO": "", "shapeID": "80733802B42566618261188", "shapeGroup": "UGA", "shapeType": "ADM2" }, "geometry": { "type": "Polygon", "coordinates": [ [ [ 29.981713222, 0.425583958 ], [ 29.989548311, 0.441136513 ], [ 29.998596622, 0.472063421 ], [ 30.037796744, 0.493279958 ], [ 30.043201482, 0.507459835 ], [ 30.048447878, 0.512976113 ], [ 30.051374893, 0.520209605 ], [ 30.06213651, 0.52240211 ], [ 30.071489397, 0.531136985 ], [ 30.071028339, 0.540786201 ], [ 30.072625667, 0.541246479 ], [ 30.076045986, 0.547451389 ], [ 30.076044977, 0.549519131 ], [ 30.071933818, 0.555950055 ], [ 30.073986098, 0.559397332 ], [ 30.073527124, 0.564451578 ], [ 30.084668095, 0.570824799 ], [ 30.085697253, 0.578427637 ], [ 30.094459447, 0.579974184 ], [ 30.094720283, 0.592380748 ], [ 30.093023738, 0.595903173 ], [ 30.095360471, 0.600985433 ], [ 30.095724663, 0.608885323 ], [ 30.108267134, 0.612897664 ], [ 30.119569229, 0.623592582 ], [ 30.127801861, 0.647243079 ], [ 30.125829054, 0.65934552 ], [ 30.131963801, 0.66824039 ], [ 30.13265908, 0.672973259 ], [ 30.138184936, 0.675557889 ], [ 30.146225037, 0.690477283 ], [ 30.150097305, 0.69489668 ], [ 30.149924886, 0.697334541 ], [ 30.153374099, 0.70276802 ], [ 30.150275682, 0.708522411 ], [ 30.153060477, 0.709532983 ], [ 30.154604497, 0.715112226 ], [ 30.157109265, 0.716152313 ], [ 30.157431895, 0.718733957 ], [ 30.160686501, 0.722652691 ], [ 30.15996102, 0.727963496 ], [ 30.164393873, 0.732604526 ], [ 30.167119386, 0.734703608 ], [ 30.168102473, 0.741558488 ], [ 30.166721647, 0.743864492 ], [ 30.175111084, 0.75429926 ], [ 30.174483668, 0.762045554 ], [ 30.179662343, 0.764175963 ], [ 30.186899729, 0.771076326 ], [ 30.191892987, 0.770221999 ], [ 30.193851952, 0.771183885 ], [ 30.19443034, 0.772659451 ], [ 30.191681971, 0.780102111 ], [ 30.196853192, 0.793450861 ], [ 30.193680476, 0.798251595 ], [ 30.188669835, 0.79951747 ], [ 30.187731579, 0.801060605 ], [ 30.189638651, 0.80312031 ], [ 30.189704146, 0.806996976 ], [ 30.19302443, 0.810670087 ], [ 30.191861939, 0.816089689 ], [ 30.194023982, 0.819041573 ], [ 30.198555408, 0.820863029 ], [ 30.206334073, 0.838919834 ], [ 30.205620236, 0.842793567 ], [ 30.20095068, 0.843848758 ], [ 30.198905739, 0.847051078 ], [ 30.202150017, 0.851129313 ], [ 30.203157582, 0.855407119 ], [ 30.198515719, 0.869420363 ], [ 30.195182181, 0.872057098 ], [ 30.19706662, 0.876301865 ], [ 30.183205129, 0.886857216 ], [ 30.171497863, 0.887671535 ], [ 30.156282558, 0.885772947 ], [ 30.153196901, 0.884893949 ], [ 30.145522154, 0.887647411 ], [ 30.14361806, 0.883896717 ], [ 30.141917103, 0.887224686 ], [ 30.140337639, 0.887553383 ], [ 30.139745471, 0.882663969 ], [ 30.137987789, 0.882272686 ], [ 30.133293175, 0.884488545 ], [ 30.134272697, 0.889348244 ], [ 30.132513208, 0.891296432 ], [ 30.130397888, 0.891024827 ], [ 30.12622946, 0.887122426 ], [ 30.125304597, 0.888651353 ], [ 30.126672627, 0.891981675 ], [ 30.125509435, 0.893450423 ], [ 30.121771932, 0.891018027 ], [ 30.116495367, 0.894463046 ], [ 30.114559392, 0.893501735 ], [ 30.116143156, 0.887624377 ], [ 30.110751748, 0.885550621 ], [ 30.111924818, 0.890500361 ], [ 30.111057972, 0.894038825 ], [ 30.109419376, 0.893827573 ], [ 30.108229528, 0.891307237 ], [ 30.103758998, 0.89283331 ], [ 30.102686975, 0.892052649 ], [ 30.103017803, 0.888123883 ], [ 30.098353373, 0.889979719 ], [ 30.095230267, 0.883078987 ], [ 30.092071468, 0.883736322 ], [ 30.089774361, 0.887423548 ], [ 30.088478865, 0.886672713 ], [ 30.087738329, 0.881123571 ], [ 30.082852155, 0.880879772 ], [ 30.079189505, 0.878177596 ], [ 30.077294331, 0.882284989 ], [ 30.075149281, 0.882073343 ], [ 30.072351314, 0.878592075 ], [ 30.070233367, 0.881829501 ], [ 30.069339933, 0.881318932 ], [ 30.067525082, 0.877988417 ], [ 30.064084915, 0.876606077 ], [ 30.064087396, 0.873426975 ], [ 30.060561399, 0.867485883 ], [ 30.061160642, 0.86313759 ], [ 30.059522453, 0.862506491 ], [ 30.058106103, 0.863974962 ], [ 30.058936061, 0.86949403 ], [ 30.057891565, 0.871682579 ], [ 30.052397957, 0.867329509 ], [ 30.049715016, 0.869246829 ], [ 30.048728914, 0.872964951 ], [ 30.044709053, 0.87002264 ], [ 30.044011357, 0.866873032 ], [ 30.041597816, 0.867201028 ], [ 30.039395171, 0.864530099 ], [ 30.033196896, 0.866114717 ], [ 30.034020088, 0.861136907 ], [ 30.031660582, 0.85923493 ], [ 30.027483981, 0.864648495 ], [ 30.023506824, 0.864331326 ], [ 30.023274575, 0.86213301 ], [ 30.027332892, 0.858367973 ], [ 30.027647094, 0.855463534 ], [ 30.01462246, 0.856316859 ], [ 30.013220638, 0.853803627 ], [ 30.013848417, 0.84877986 ], [ 30.011588061, 0.847129513 ], [ 30.010338456, 0.849483653 ], [ 30.011583334, 0.853252813 ], [ 30.009944754, 0.854350579 ], [ 30.005032317, 0.853404671 ], [ 30.003553069, 0.85018487 ], [ 30.000278069, 0.849632779 ], [ 30.001332219, 0.847906536 ], [ 30.000632403, 0.845236882 ], [ 29.991818184, 0.847585065 ], [ 29.98550186, 0.846952086 ], [ 29.990266818, 0.836750521 ], [ 29.984650873, 0.838080695 ], [ 29.984808349, 0.836118269 ], [ 29.983092985, 0.835724427 ], [ 29.982940973, 0.830543189 ], [ 29.979043008, 0.828891646 ], [ 29.973711075, 0.815699336 ], [ 29.972307076, 0.816090774 ], [ 29.97020382, 0.813027637 ], [ 29.971296702, 0.811536947 ], [ 29.970051135, 0.808631471 ], [ 29.970096697, 0.799760903 ], [ 29.967213465, 0.796854225 ], [ 29.969554332, 0.794971946 ], [ 29.967605739, 0.793635988 ], [ 29.967841292, 0.791438141 ], [ 29.966904984, 0.792143955 ], [ 29.965736506, 0.790416077 ], [ 29.967453323, 0.78876883 ], [ 29.967220799, 0.786806142 ], [ 29.965037916, 0.785941031 ], [ 29.966520436, 0.78476461 ], [ 29.965040302, 0.78264401 ], [ 29.965898618, 0.781938133 ], [ 29.962274535, 0.77903097 ], [ 29.962121837, 0.77447784 ], [ 29.963914863, 0.775264144 ], [ 29.965243137, 0.771654081 ], [ 29.963842469, 0.767414047 ], [ 29.966026522, 0.766630607 ], [ 29.966808282, 0.763883643 ], [ 29.96525151, 0.759800503 ], [ 29.968761198, 0.759096488 ], [ 29.969270329, 0.755878314 ], [ 29.97200129, 0.75360371 ], [ 29.970443059, 0.75156159 ], [ 29.972629432, 0.747402565 ], [ 29.974813153, 0.747090081 ], [ 29.975843697, 0.743003307 ], [ 29.972682811, 0.729375735 ], [ 29.973965342, 0.729018044 ], [ 29.971063297, 0.727653534 ], [ 29.971350095, 0.7248928 ], [ 29.968857171, 0.724281558 ], [ 29.968644485, 0.722739601 ], [ 29.969998174, 0.722489521 ], [ 29.969359081, 0.71940546 ], [ 29.968041418, 0.719046013 ], [ 29.969129668, 0.716214108 ], [ 29.967562484, 0.716141347 ], [ 29.96688705, 0.714132955 ], [ 29.968133804, 0.713990363 ], [ 29.968277412, 0.712269365 ], [ 29.969737574, 0.712593041 ], [ 29.970238329, 0.709402173 ], [ 29.971716866, 0.708865309 ], [ 29.971470357, 0.704526542 ], [ 29.968658303, 0.701692058 ], [ 29.971742197, 0.697247904 ], [ 29.971388808, 0.692873213 ], [ 29.968916726, 0.687493193 ], [ 29.967705804, 0.687313134 ], [ 29.966533719, 0.682041539 ], [ 29.96371972, 0.68225488 ], [ 29.963542936, 0.680175121 ], [ 29.962047299, 0.67963633 ], [ 29.963315339, 0.673900181 ], [ 29.961251544, 0.670564282 ], [ 29.962055416, 0.666584779 ], [ 29.956702955, 0.653350667 ], [ 29.957630603, 0.650733763 ], [ 29.955053984, 0.641230434 ], [ 29.955432985, 0.632732861 ], [ 29.963063442, 0.618538427 ], [ 29.962388335, 0.615669562 ], [ 29.964793264, 0.614415987 ], [ 29.972584748, 0.598464418 ], [ 29.969935089, 0.591363411 ], [ 29.971345541, 0.584838356 ], [ 29.968071841, 0.578956161 ], [ 29.968198888, 0.574474214 ], [ 29.971976662, 0.57017349 ], [ 29.97187103, 0.567842778 ], [ 29.970339439, 0.567877821 ], [ 29.969610378, 0.56576192 ], [ 29.973139364, 0.560349485 ], [ 29.976913282, 0.56343511 ], [ 29.977592764, 0.558128713 ], [ 29.981012236, 0.557879496 ], [ 29.979002701, 0.552213125 ], [ 29.978561631, 0.543965908 ], [ 29.975391773, 0.543677449 ], [ 29.975036471, 0.541920307 ], [ 29.975306401, 0.536290993 ], [ 29.979796169, 0.532420734 ], [ 29.977553706, 0.529407679 ], [ 29.977003907, 0.524710216 ], [ 29.977540142, 0.520622843 ], [ 29.97969602, 0.518544212 ], [ 29.913181604, 0.436029026 ], [ 29.915681388, 0.424236305 ], [ 29.917869103, 0.420235727 ], [ 29.929844156, 0.417789589 ], [ 29.932362465, 0.415423021 ], [ 29.934865925, 0.408604748 ], [ 29.942584537, 0.406573605 ], [ 29.951778768, 0.40039135 ], [ 29.954958343, 0.401326258 ], [ 29.968549217, 0.41110474 ], [ 29.976730481, 0.418695702 ], [ 29.981713222, 0.425583958 ] ] ] } },
{ "type": "Feature", "properties": { "shapeName": "Bunyangabu", "shapeISO": "", "shapeID": "80733802B45608545797544", "shapeGroup": "UGA", "shapeType": "ADM2" }, "geometry": { "type": "Polygon", "coordinates": [ [ [ 29.981713222, 0.425583958 ], [ 29.989904622, 0.426678733 ], [ 29.993542513, 0.430501015 ], [ 29.999314307, 0.428619063 ], [ 30.001145684, 0.426463422 ], [ 30.007153218, 0.430587952 ], [ 30.019660243, 0.432279943 ], [ 30.023864835, 0.436810044 ], [ 30.029383387, 0.43825224 ], [ 30.03223415, 0.441494891 ], [ 30.03585865, 0.447324644 ], [ 30.037752053, 0.454370606 ], [ 30.041645146, 0.455801064 ], [ 30.045243942, 0.45960411 ], [ 30.051010483, 0.459723014 ], [ 30.054538677, 0.464122219 ], [ 30.058266198, 0.466053486 ], [ 30.062669055, 0.46694746 ], [ 30.065492086, 0.466017347 ], [ 30.068228032, 0.47321849 ], [ 30.071773672, 0.471036476 ], [ 30.073365146, 0.472610197 ], [ 30.078061772, 0.470463877 ], [ 30.079889825, 0.47127454 ], [ 30.081288456, 0.469724509 ], [ 30.083391757, 0.472955486 ], [ 30.087689063, 0.475029851 ], [ 30.091971793, 0.474278509 ], [ 30.093939069, 0.471774606 ], [ 30.097214045, 0.471845977 ], [ 30.103018078, 0.473646064 ], [ 30.111532216, 0.480310646 ], [ 30.112622524, 0.47890368 ], [ 30.115375575, 0.479094316 ], [ 30.116347, 0.477472722 ], [ 30.123004774, 0.478533562 ], [ 30.128110311, 0.481847986 ], [ 30.133765713, 0.476994919 ], [ 30.137140977, 0.470234198 ], [ 30.13966777, 0.457404467 ], [ 30.14332136, 0.456235711 ], [ 30.151917671, 0.449545996 ], [ 30.154919548, 0.449271527 ], [ 30.160074322, 0.44222426 ], [ 30.159431831, 0.440507319 ], [ 30.163530651, 0.433638937 ], [ 30.168666352, 0.431265635 ], [ 30.169114401, 0.428427758 ], [ 30.171321512, 0.428403684 ], [ 30.176313383, 0.424599504 ], [ 30.176202543, 0.420628893 ], [ 30.179059426, 0.417778807 ], [ 30.178628692, 0.414320953 ], [ 30.182575727, 0.409968307 ], [ 30.183708274, 0.403553135 ], [ 30.180125867, 0.393334853 ], [ 30.181145438, 0.39242851 ], [ 30.178959112, 0.389638626 ], [ 30.180550379, 0.387146546 ], [ 30.185999419, 0.386085963 ], [ 30.189109308, 0.386920208 ], [ 30.191205057, 0.382543843 ], [ 30.197348884, 0.379681207 ], [ 30.201556713, 0.375161387 ], [ 30.21468869, 0.371069435 ], [ 30.213867286, 0.368625104 ], [ 30.216215693, 0.36750387 ], [ 30.215652119, 0.362054607 ], [ 30.218802714, 0.356545098 ], [ 30.224340887, 0.353217304 ], [ 30.228376181, 0.353765136 ], [ 30.232028492, 0.351308103 ], [ 30.23898453, 0.342303953 ], [ 30.244618845, 0.340049203 ], [ 30.24625719, 0.340692836 ], [ 30.247655248, 0.338641555 ], [ 30.250779683, 0.339823475 ], [ 30.253927074, 0.339042042 ], [ 30.257609703, 0.336751175 ], [ 30.260401626, 0.337888885 ], [ 30.263537866, 0.336649022 ], [ 30.267470325, 0.338098439 ], [ 30.27308949, 0.336060243 ], [ 30.282912413, 0.339467525 ], [ 30.279751563, 0.343358178 ], [ 30.280446112, 0.346222191 ], [ 30.27755896, 0.347324445 ], [ 30.277810466, 0.351991462 ], [ 30.275155158, 0.352902849 ], [ 30.27279414, 0.35686353 ], [ 30.275918824, 0.359244312 ], [ 30.277035799, 0.362638927 ], [ 30.279530629, 0.362067686 ], [ 30.280742504, 0.363287638 ], [ 30.280980379, 0.367326713 ], [ 30.285566585, 0.373711926 ], [ 30.285424243, 0.377511675 ], [ 30.283737328, 0.379374184 ], [ 30.284652314, 0.383139087 ], [ 30.286885873, 0.384049342 ], [ 30.290473703, 0.382523207 ], [ 30.293253916, 0.386134548 ], [ 30.294620445, 0.391931317 ], [ 30.294240648, 0.401275395 ], [ 30.291615217, 0.405945087 ], [ 30.289928146, 0.40482022 ], [ 30.286625405, 0.405653499 ], [ 30.283334644, 0.409820632 ], [ 30.279033934, 0.409912061 ], [ 30.274507407, 0.40631097 ], [ 30.267664371, 0.407260294 ], [ 30.258896875, 0.411672954 ], [ 30.257281134, 0.410333097 ], [ 30.254857593, 0.410904295 ], [ 30.254857632, 0.412553263 ], [ 30.251427527, 0.415771194 ], [ 30.254049912, 0.418981042 ], [ 30.253622267, 0.421704997 ], [ 30.256034031, 0.428530262 ], [ 30.259942662, 0.433421288 ], [ 30.25909918, 0.440577934 ], [ 30.256663729, 0.44285778 ], [ 30.256081586, 0.44626267 ], [ 30.25729336, 0.447482687 ], [ 30.256449796, 0.455260662 ], [ 30.258576321, 0.458285913 ], [ 30.257281254, 0.46505972 ], [ 30.259015735, 0.466590956 ], [ 30.259764077, 0.471526683 ], [ 30.267379337, 0.473171503 ], [ 30.268971229, 0.476160414 ], [ 30.273010522, 0.47807643 ], [ 30.272214465, 0.480214513 ], [ 30.273283627, 0.482796642 ], [ 30.274970636, 0.483348048 ], [ 30.270551032, 0.485470446 ], [ 30.27195286, 0.487216474 ], [ 30.271501242, 0.491398223 ], [ 30.2729386, 0.495474393 ], [ 30.2706154, 0.497925254 ], [ 30.268846243, 0.504973357 ], [ 30.266468194, 0.506966054 ], [ 30.267713941, 0.508732264 ], [ 30.264076126, 0.513558215 ], [ 30.259829474, 0.513328776 ], [ 30.260197573, 0.51535096 ], [ 30.25801767, 0.516717148 ], [ 30.258767954, 0.518070217 ], [ 30.257409037, 0.518582328 ], [ 30.258003601, 0.520063485 ], [ 30.255880326, 0.521686007 ], [ 30.254592276, 0.526427333 ], [ 30.251591316, 0.525628737 ], [ 30.251364872, 0.527992442 ], [ 30.248910495, 0.528649164 ], [ 30.247651806, 0.532341267 ], [ 30.252313366, 0.533959238 ], [ 30.253275959, 0.535867736 ], [ 30.257890652, 0.536666999 ], [ 30.257749108, 0.537920037 ], [ 30.265435567, 0.538706291 ], [ 30.266200016, 0.5431779 ], [ 30.270007898, 0.549772505 ], [ 30.270489197, 0.555724979 ], [ 30.276816779, 0.561637165 ], [ 30.277269753, 0.563573991 ], [ 30.29056208, 0.566156974 ], [ 30.292529718, 0.571127619 ], [ 30.288307593, 0.580334575 ], [ 30.285552559, 0.582913618 ], [ 30.278012076, 0.580270428 ], [ 30.272763352, 0.582824467 ], [ 30.27009143, 0.586442755 ], [ 30.265222748, 0.58787406 ], [ 30.263524554, 0.591158268 ], [ 30.257848413, 0.592469724 ], [ 30.254238393, 0.595980008 ], [ 30.245313354, 0.595945821 ], [ 30.243298205, 0.597682875 ], [ 30.229649622, 0.590273114 ], [ 30.216908899, 0.590300848 ], [ 30.209625256, 0.59319887 ], [ 30.197002663, 0.587593792 ], [ 30.187768539, 0.587761242 ], [ 30.177704265, 0.595272953 ], [ 30.175272316, 0.602674009 ], [ 30.159847684, 0.606541816 ], [ 30.155371408, 0.609538226 ], [ 30.142027391, 0.614160684 ], [ 30.139888798, 0.61636861 ], [ 30.12745873, 0.619237158 ], [ 30.119569229, 0.623592582 ], [ 30.108267134, 0.612897664 ], [ 30.095724663, 0.608885323 ], [ 30.095360471, 0.600985433 ], [ 30.093023738, 0.595903173 ], [ 30.094720283, 0.592380748 ], [ 30.094459447, 0.579974184 ], [ 30.085697253, 0.578427637 ], [ 30.084668095, 0.570824799 ], [ 30.073527124, 0.564451578 ], [ 30.073986098, 0.559397332 ], [ 30.071933818, 0.555950055 ], [ 30.076044977, 0.549519131 ], [ 30.076045986, 0.547451389 ], [ 30.072625667, 0.541246479 ], [ 30.071028339, 0.540786201 ], [ 30.071489397, 0.531136985 ], [ 30.06213651, 0.52240211 ], [ 30.051374893, 0.520209605 ], [ 30.048447878, 0.512976113 ], [ 30.043201482, 0.507459835 ], [ 30.037796744, 0.493279958 ], [ 29.998596622, 0.472063421 ], [ 29.989548311, 0.441136513 ], [ 29.981713222, 0.425583958 ] ] ] } },
{ "type": "Feature", "properties": { "shapeName": "Bushenyi", "shapeISO": "", "shapeID": "80733802B2745287063812", "shapeGroup": "UGA", "shapeType": "ADM2" }, "geometry": { "type": "Polygon", "coordinates": [ [ [ 30.184183677, -0.286447544 ], [ 30.182448768, -0.284601835 ], [ 30.17844389, -0.284434037 ], [ 30.172786466, -0.298204932 ], [ 30.170248202, -0.300231359 ], [ 30.168958054, -0.304480409 ], [ 30.170388847, -0.308560703 ], [ 30.168398168, -0.310730979 ], [ 30.168202552, -0.30916932 ], [ 30.166757688, -0.310026959 ], [ 30.167745827, -0.312000681 ], [ 30.166286258, -0.31998849 ], [ 30.168377967, -0.322451601 ], [ 30.166885958, -0.324244457 ], [ 30.168509328, -0.325158708 ], [ 30.171156024, -0.324009693 ], [ 30.169625081, -0.327874674 ], [ 30.167473323, -0.328966985 ], [ 30.164262369, -0.334183912 ], [ 30.164534428, -0.336547843 ], [ 30.1665621, -0.337897853 ], [ 30.167550264, -0.337142636 ], [ 30.169031465, -0.339648667 ], [ 30.169105499, -0.345736752 ], [ 30.17292074, -0.351732812 ], [ 30.168510308, -0.354908861 ], [ 30.168972514, -0.356433986 ], [ 30.171196781, -0.356838424 ], [ 30.168876872, -0.357726489 ], [ 30.168789801, -0.359425599 ], [ 30.174692318, -0.364587179 ], [ 30.173159928, -0.364932693 ], [ 30.172846808, -0.367086068 ], [ 30.17692204, -0.371766548 ], [ 30.175372364, -0.372890103 ], [ 30.177500974, -0.374860057 ], [ 30.174800172, -0.375826392 ], [ 30.178842285, -0.381795293 ], [ 30.165776664, -0.380616258 ], [ 30.154840406, -0.373239186 ], [ 30.139521028, -0.371942069 ], [ 30.131915309, -0.373575104 ], [ 30.12375604, -0.372343558 ], [ 30.11269457, -0.366575114 ], [ 30.097269662, -0.355302662 ], [ 30.092386688, -0.355138265 ], [ 30.088951955, -0.351489998 ], [ 30.083821404, -0.351994296 ], [ 30.057722867, -0.36098616 ], [ 30.021526104, -0.376049941 ], [ 30.005291404, -0.38522687 ], [ 30.000546544, -0.386554551 ], [ 29.981754776, -0.387205576 ], [ 29.97694082, -0.389053973 ], [ 29.960045696, -0.40243936 ], [ 29.953391299, -0.411511186 ], [ 29.947436593, -0.421552339 ], [ 29.939288807, -0.444454979 ], [ 29.936513813, -0.448870403 ], [ 29.937752203, -0.452585602 ], [ 29.944150622, -0.459280267 ], [ 29.943315877, -0.461547052 ], [ 29.944560754, -0.466936274 ], [ 29.934152925, -0.493514661 ], [ 29.948005543, -0.493559427 ], [ 29.953371447, -0.49693252 ], [ 29.9577081, -0.502346837 ], [ 29.964900714, -0.490730924 ], [ 29.975832351, -0.485918131 ], [ 29.974936097, -0.482789946 ], [ 29.979098034, -0.477921854 ], [ 29.982526102, -0.469991627 ], [ 29.981822185, -0.463220527 ], [ 29.983490799, -0.460511097 ], [ 29.983832687, -0.4533548 ], [ 29.981956517, -0.447576653 ], [ 29.981588458, -0.437703266 ], [ 29.991891943, -0.442817681 ], [ 29.997969875, -0.448439774 ], [ 30.010123187, -0.453923367 ], [ 30.014558468, -0.454431874 ], [ 30.019205085, -0.458883623 ], [ 30.020483178, -0.46557846 ], [ 30.026060241, -0.46876856 ], [ 30.034495499, -0.467316705 ], [ 30.03589248, -0.465868955 ], [ 30.037569282, -0.469881003 ], [ 30.040636233, -0.47193413 ], [ 30.032779388, -0.479686892 ], [ 30.033601502, -0.488957948 ], [ 30.029843738, -0.502753593 ], [ 30.037646419, -0.513339332 ], [ 30.041046016, -0.525191727 ], [ 30.041740058, -0.53318821 ], [ 30.03997442, -0.536855645 ], [ 30.038670253, -0.536213514 ], [ 30.033292677, -0.538335857 ], [ 30.033041377, -0.540595534 ], [ 30.028701212, -0.540476733 ], [ 30.029496831, -0.542984863 ], [ 30.027548567, -0.544878493 ], [ 30.035454203, -0.551282583 ], [ 30.037493866, -0.54827489 ], [ 30.040347292, -0.547038484 ], [ 30.042932946, -0.547952319 ], [ 30.046461382, -0.551233856 ], [ 30.050069198, -0.559611343 ], [ 30.049703111, -0.562836748 ], [ 30.052754018, -0.566967422 ], [ 30.057530843, -0.566219207 ], [ 30.060570523, -0.569718155 ], [ 30.069769596, -0.570761928 ], [ 30.073802485, -0.576058767 ], [ 30.078853661, -0.579216704 ], [ 30.079915256, -0.583711675 ], [ 30.087181869, -0.588643154 ], [ 30.098318367, -0.600970089 ], [ 30.102687671, -0.597054451 ], [ 30.114812447, -0.590432545 ], [ 30.120260184, -0.589039889 ], [ 30.123303016, -0.596631587 ], [ 30.123063001, -0.601321071 ], [ 30.13015917, -0.610640844 ], [ 30.126843883, -0.629946998 ], [ 30.130285012, -0.63440781 ], [ 30.130150118, -0.640679316 ], [ 30.135545277, -0.644073465 ], [ 30.136914387, -0.653375541 ], [ 30.141879031, -0.653080189 ], [ 30.151050179, -0.655723949 ], [ 30.157029303, -0.661456261 ], [ 30.159565871, -0.666743863 ], [ 30.167814902, -0.652896122 ], [ 30.171548854, -0.651235563 ], [ 30.174332368, -0.6458967 ], [ 30.177733753, -0.6442811 ], [ 30.180169327, -0.63624014 ], [ 30.183126513, -0.632283848 ], [ 30.189311037, -0.629296169 ], [ 30.195875286, -0.630212393 ], [ 30.205118173, -0.625147899 ], [ 30.207930136, -0.622104091 ], [ 30.212976015, -0.622531485 ], [ 30.218143354, -0.625959094 ], [ 30.230546316, -0.619269487 ], [ 30.23728487, -0.621532202 ], [ 30.241743654, -0.62751689 ], [ 30.24780821, -0.628080376 ], [ 30.25105849, -0.625217409 ], [ 30.265360269, -0.624501943 ], [ 30.275915178, -0.620097363 ], [ 30.288686741, -0.620537724 ], [ 30.289777837, -0.609756967 ], [ 30.295592314, -0.599954546 ], [ 30.296646841, -0.595662398 ], [ 30.300404072, -0.591037184 ], [ 30.297264376, -0.587655739 ], [ 30.297475452, -0.583598136 ], [ 30.302388106, -0.577608808 ], [ 30.307330975, -0.576571871 ], [ 30.309723364, -0.573970263 ], [ 30.305922771, -0.563629832 ], [ 30.309243125, -0.548286042 ], [ 30.306831641, -0.545718368 ], [ 30.309139372, -0.530039564 ], [ 30.307751109, -0.524372712 ], [ 30.309193287, -0.518878657 ], [ 30.307875134, -0.51296771 ], [ 30.310403804, -0.502259568 ], [ 30.310415648, -0.493059595 ], [ 30.306431788, -0.48771695 ], [ 30.304956121, -0.480360024 ], [ 30.30534355, -0.474901667 ], [ 30.309299451, -0.470276113 ], [ 30.310434925, -0.462450244 ], [ 30.30704445, -0.459285907 ], [ 30.307608364, -0.455770616 ], [ 30.305902375, -0.452136993 ], [ 30.308121671, -0.447140195 ], [ 30.305693494, -0.433456873 ], [ 30.304131196, -0.433094826 ], [ 30.303122255, -0.428711398 ], [ 30.299622384, -0.427413525 ], [ 30.285428557, -0.427909873 ], [ 30.280011255, -0.432435529 ], [ 30.268603556, -0.427307452 ], [ 30.265732426, -0.428038425 ], [ 30.249891384, -0.423296762 ], [ 30.240273888, -0.41674236 ], [ 30.225677899, -0.409751884 ], [ 30.222384494, -0.405367971 ], [ 30.216123027, -0.402591585 ], [ 30.211905689, -0.398763182 ], [ 30.212612114, -0.395309283 ], [ 30.223892147, -0.402423757 ], [ 30.225612153, -0.400932385 ], [ 30.224073496, -0.399889408 ], [ 30.225147928, -0.397097136 ], [ 30.228253729, -0.39924048 ], [ 30.232491098, -0.398228137 ], [ 30.235226739, -0.394412887 ], [ 30.23722138, -0.395580348 ], [ 30.242940649, -0.395027541 ], [ 30.247416445, -0.391318193 ], [ 30.249526942, -0.385299424 ], [ 30.247400711, -0.379372957 ], [ 30.250285171, -0.374354131 ], [ 30.247781373, -0.371474666 ], [ 30.245035357, -0.364090547 ], [ 30.246913209, -0.352912256 ], [ 30.241290732, -0.349072372 ], [ 30.241143159, -0.34724582 ], [ 30.236368674, -0.345548554 ], [ 30.226466402, -0.33714734 ], [ 30.223872467, -0.336078524 ], [ 30.222222576, -0.337285127 ], [ 30.221583714, -0.335104899 ], [ 30.219723371, -0.335316524 ], [ 30.219853836, -0.336516315 ], [ 30.217804822, -0.335798807 ], [ 30.217057147, -0.332945526 ], [ 30.214335433, -0.330708049 ], [ 30.205614669, -0.328842536 ], [ 30.203863474, -0.327041398 ], [ 30.196755549, -0.330444161 ], [ 30.195568633, -0.329671476 ], [ 30.19224385, -0.332610017 ], [ 30.192803623, -0.330809546 ], [ 30.185033436, -0.325336441 ], [ 30.18471716, -0.324284666 ], [ 30.187671865, -0.323940233 ], [ 30.189496374, -0.321772817 ], [ 30.189081323, -0.317468687 ], [ 30.186604825, -0.31534042 ], [ 30.188500538, -0.313319103 ], [ 30.188881576, -0.308771106 ], [ 30.191035362, -0.308816424 ], [ 30.189153073, -0.304352684 ], [ 30.190636653, -0.303629526 ], [ 30.189667088, -0.302652938 ], [ 30.19114768, -0.300839601 ], [ 30.19014068, -0.299126537 ], [ 30.186241396, -0.298710638 ], [ 30.185084505, -0.290660547 ], [ 30.183823453, -0.290692149 ], [ 30.184183677, -0.286447544 ] ] ] } },
{ "type": "Feature", "properties": { "shapeName": "Hoima", "shapeISO": "", "shapeID": "80733802B8774476613934", "shapeGroup": "UGA", "shapeType": "ADM2" }, "geometry": { "type": "Polygon", "coordinates": [ [ [ 31.583002543, 1.357096717 ], [ 31.58185957, 1.362637696 ], [ 31.584312659, 1.364087045 ], [ 31.581040765, 1.371527752 ], [ 31.580238933, 1.397994393 ], [ 31.575285796, 1.400437622 ], [ 31.573785859, 1.405997646 ], [ 31.578899417, 1.421061872 ], [ 31.588213606, 1.433968946 ], [ 31.587917187, 1.439296011 ], [ 31.582753882, 1.442339317 ], [ 31.579453816, 1.442013865 ], [ 31.575905954, 1.446035 ], [ 31.569067427, 1.449021573 ], [ 31.559493032, 1.447682818 ], [ 31.553421568, 1.449296111 ], [ 31.550681253, 1.451578063 ], [ 31.542817897, 1.467293216 ], [ 31.529993388, 1.479765741 ], [ 31.529605623, 1.486580783 ], [ 31.526096613, 1.49392352 ], [ 31.50743958, 1.506929402 ], [ 31.503377272, 1.515832475 ], [ 31.498889134, 1.517004334 ], [ 31.496767388, 1.51915715 ], [ 31.494607527, 1.517452708 ], [ 31.488685023, 1.517520355 ], [ 31.482709915, 1.519957669 ], [ 31.48572103, 1.528782185 ], [ 31.483645632, 1.537428677 ], [ 31.47931005, 1.542093197 ], [ 31.478767017, 1.54598075 ], [ 31.483685676, 1.552785764 ], [ 31.477483367, 1.573247047 ], [ 31.483557299, 1.573929748 ], [ 31.486179354, 1.572712017 ], [ 31.487719268, 1.573885516 ], [ 31.489195469, 1.585213189 ], [ 31.488769062, 1.590214416 ], [ 31.486633826, 1.593739413 ], [ 31.484020049, 1.596403682 ], [ 31.477209235, 1.595651688 ], [ 31.470413497, 1.599948426 ], [ 31.462473528, 1.601615891 ], [ 31.460084569, 1.605150051 ], [ 31.45778594, 1.613468265 ], [ 31.452675849, 1.612462181 ], [ 31.44613868, 1.607061323 ], [ 31.436513948, 1.615947863 ], [ 31.421615064, 1.614196645 ], [ 31.418441196, 1.612170934 ], [ 31.405478206, 1.60989172 ], [ 31.401770042, 1.606362363 ], [ 31.395965021, 1.605242187 ], [ 31.387206665, 1.600743822 ], [ 31.38331586, 1.602766339 ], [ 31.380552852, 1.602283479 ], [ 31.374487156, 1.604295649 ], [ 31.372529576, 1.609915973 ], [ 31.367827083, 1.613714438 ], [ 31.368549747, 1.616590334 ], [ 31.37465107, 1.62341019 ], [ 31.374972562, 1.626672007 ], [ 31.373306452, 1.630335611 ], [ 31.375484743, 1.636723105 ], [ 31.373049039, 1.642806531 ], [ 31.379341388, 1.655969489 ], [ 31.37986661, 1.660381567 ], [ 31.378473179, 1.664251425 ], [ 31.380813932, 1.670098421 ], [ 31.380790361, 1.678029139 ], [ 31.383739647, 1.680280357 ], [ 31.385916382, 1.688487591 ], [ 31.388704005, 1.690283783 ], [ 31.389681303, 1.696251445 ], [ 31.389973086, 1.702727413 ], [ 31.379528197, 1.708587918 ], [ 31.376731066, 1.707780654 ], [ 31.374467496, 1.711703658 ], [ 31.375531525, 1.714490005 ], [ 31.373977786, 1.715917567 ], [ 31.375887009, 1.717565143 ], [ 31.373249053, 1.720474926 ], [ 31.375164826, 1.724329156 ], [ 31.376974164, 1.723218344 ], [ 31.37866133, 1.725091826 ], [ 31.378395178, 1.726963631 ], [ 31.374538464, 1.728696685 ], [ 31.373666134, 1.731336669 ], [ 31.375020959, 1.732983779 ], [ 31.375789927, 1.731673118 ], [ 31.377700138, 1.731837553 ], [ 31.37881237, 1.738024363 ], [ 31.377468671, 1.743386074 ], [ 31.37405677, 1.743500674 ], [ 31.374106603, 1.744992915 ], [ 31.37152189, 1.745343362 ], [ 31.369743804, 1.748606548 ], [ 31.367605561, 1.749056855 ], [ 31.369863615, 1.750035542 ], [ 31.369009175, 1.751753076 ], [ 31.370388596, 1.7538524 ], [ 31.36569804, 1.758713725 ], [ 31.367150821, 1.764276812 ], [ 31.36624899, 1.766211341 ], [ 31.368578197, 1.76709063 ], [ 31.368057319, 1.770816128 ], [ 31.36577026, 1.772469072 ], [ 31.361991632, 1.771823615 ], [ 31.358523978, 1.774931501 ], [ 31.35270336, 1.777033425 ], [ 31.351518968, 1.784004908 ], [ 31.345889118, 1.787255471 ], [ 31.343465093, 1.786900574 ], [ 31.342489054, 1.783535515 ], [ 31.333863276, 1.783437231 ], [ 31.33172698, 1.787929861 ], [ 31.322900332, 1.789784692 ], [ 31.308682974, 1.798425984 ], [ 31.250697869, 1.810352924 ], [ 31.07844621, 1.857360452 ], [ 30.803422413, 1.546935639 ], [ 30.890451658, 1.546937305 ], [ 30.95073032, 1.529166074 ], [ 30.957779851, 1.522557242 ], [ 30.958142623, 1.518244063 ], [ 30.963700728, 1.514402125 ], [ 30.97566531, 1.514127892 ], [ 30.979568409, 1.508882414 ], [ 30.994364588, 1.503436434 ], [ 30.996174031, 1.499268955 ], [ 30.991360029, 1.490641988 ], [ 30.992203734, 1.482032214 ], [ 30.989360316, 1.479602092 ], [ 30.986813294, 1.479740753 ], [ 30.983325368, 1.476409003 ], [ 30.984425559, 1.473083961 ], [ 30.981946808, 1.470310295 ], [ 30.985949178, 1.458788685 ], [ 30.981719135, 1.44755698 ], [ 30.984069009, 1.436546461 ], [ 30.983924673, 1.426464166 ], [ 30.990038944, 1.426266351 ], [ 30.989926677, 1.424968709 ], [ 30.994335713, 1.42246546 ], [ 30.993564568, 1.417830576 ], [ 30.996257319, 1.416540844 ], [ 30.998459841, 1.417914495 ], [ 30.999014966, 1.413492976 ], [ 31.000360083, 1.413917919 ], [ 31.004413513, 1.408169006 ], [ 31.011683062, 1.405428797 ], [ 31.012222259, 1.402118717 ], [ 31.015822036, 1.397491425 ], [ 31.019596349, 1.395872122 ], [ 31.021721584, 1.396682634 ], [ 31.023588974, 1.388494287 ], [ 31.031879865, 1.393817723 ], [ 31.035931202, 1.392625432 ], [ 31.038984187, 1.389299086 ], [ 31.045130318, 1.386323651 ], [ 31.049549511, 1.393631436 ], [ 31.05220434, 1.395442086 ], [ 31.068329765, 1.394106107 ], [ 31.07350548, 1.398226227 ], [ 31.083779812, 1.397650535 ], [ 31.088690071, 1.399954198 ], [ 31.090969626, 1.402630438 ], [ 31.094631243, 1.402334873 ], [ 31.097785126, 1.399620677 ], [ 31.104964123, 1.401571771 ], [ 31.110978813, 1.409568636 ], [ 31.115320587, 1.421555904 ], [ 31.123006288, 1.420183544 ], [ 31.127085059, 1.421168199 ], [ 31.12985823, 1.429438336 ], [ 31.130486286, 1.440156349 ], [ 31.132130692, 1.442802237 ], [ 31.127966562, 1.450738453 ], [ 31.123024594, 1.452985803 ], [ 31.125466452, 1.458707958 ], [ 31.130018598, 1.463375137 ], [ 31.131827701, 1.472993263 ], [ 31.138139229, 1.479049537 ], [ 31.132282398, 1.481824791 ], [ 31.135114796, 1.484606428 ], [ 31.131989691, 1.486735624 ], [ 31.133239723, 1.489752257 ], [ 31.131581508, 1.494811462 ], [ 31.128716601, 1.496854158 ], [ 31.124993257, 1.496320376 ], [ 31.12322743, 1.498532911 ], [ 31.114625828, 1.502518187 ], [ 31.117425865, 1.505990766 ], [ 31.117306731, 1.509934256 ], [ 31.115157421, 1.50979926 ], [ 31.113423706, 1.50706885 ], [ 31.109719652, 1.508165187 ], [ 31.109914385, 1.511824696 ], [ 31.11220366, 1.512617085 ], [ 31.112944965, 1.515762618 ], [ 31.116819139, 1.51930194 ], [ 31.116630821, 1.522306647 ], [ 31.120629484, 1.520195508 ], [ 31.119903798, 1.518098273 ], [ 31.123696501, 1.510696932 ], [ 31.126457928, 1.5104331 ], [ 31.132630986, 1.516393076 ], [ 31.133844156, 1.515747602 ], [ 31.133945986, 1.512685969 ], [ 31.142974588, 1.511645468 ], [ 31.148515973, 1.508838091 ], [ 31.151535231, 1.50543564 ], [ 31.159622062, 1.503628774 ], [ 31.166619815, 1.496744455 ], [ 31.171549772, 1.497472374 ], [ 31.176793091, 1.496270924 ], [ 31.185338218, 1.49061356 ], [ 31.192630464, 1.493156131 ], [ 31.204666155, 1.502402431 ], [ 31.209870911, 1.502905953 ], [ 31.215765028, 1.501662143 ], [ 31.222443678, 1.495260662 ], [ 31.228951033, 1.492399843 ], [ 31.230639855, 1.493060201 ], [ 31.231770159, 1.491491974 ], [ 31.243846419, 1.488801761 ], [ 31.247538771, 1.484971227 ], [ 31.249402796, 1.484802535 ], [ 31.255041322, 1.478070405 ], [ 31.271749414, 1.476797889 ], [ 31.276364875, 1.474039286 ], [ 31.281902107, 1.465964324 ], [ 31.288964742, 1.460572069 ], [ 31.283935802, 1.455273947 ], [ 31.279695983, 1.442423736 ], [ 31.271792767, 1.430760632 ], [ 31.27216476, 1.417897264 ], [ 31.267168411, 1.403443855 ], [ 31.270193985, 1.402122608 ], [ 31.272416276, 1.394618087 ], [ 31.277370001, 1.389772027 ], [ 31.279074332, 1.384016003 ], [ 31.285866586, 1.382631272 ], [ 31.296144729, 1.369695069 ], [ 31.299624508, 1.367400997 ], [ 31.303788944, 1.369229341 ], [ 31.308280341, 1.368555456 ], [ 31.31788159, 1.365249832 ], [ 31.319405349, 1.362301303 ], [ 31.331784094, 1.364635644 ], [ 31.337923257, 1.370558102 ], [ 31.340684533, 1.371108362 ], [ 31.34323209, 1.368283404 ], [ 31.347681953, 1.372087005 ], [ 31.350327197, 1.372307558 ], [ 31.356891014, 1.366247434 ], [ 31.359734123, 1.358995321 ], [ 31.362777957, 1.356595125 ], [ 31.364933515, 1.358916752 ], [ 31.374954278, 1.362656149 ], [ 31.381514806, 1.359467509 ], [ 31.388735793, 1.363107395 ], [ 31.391238145, 1.360201067 ], [ 31.396681766, 1.362833127 ], [ 31.404405533, 1.361848499 ], [ 31.407873017, 1.353554712 ], [ 31.408680495, 1.346673851 ], [ 31.404973978, 1.341353307 ], [ 31.404525824, 1.330409976 ], [ 31.407218613, 1.32748284 ], [ 31.410355543, 1.326903285 ], [ 31.412687558, 1.321735627 ], [ 31.411183104, 1.311712715 ], [ 31.41632587, 1.290503316 ], [ 31.413756658, 1.283224984 ], [ 31.416353072, 1.279678037 ], [ 31.418406658, 1.26896175 ], [ 31.440511077, 1.269797222 ], [ 31.44932721, 1.27419949 ], [ 31.456971579, 1.283381091 ], [ 31.455690411, 1.297309332 ], [ 31.459230763, 1.302630241 ], [ 31.464927062, 1.308129204 ], [ 31.481401562, 1.314182658 ], [ 31.500811651, 1.326166569 ], [ 31.51022952, 1.338045741 ], [ 31.514153625, 1.345979048 ], [ 31.530872318, 1.361556055 ], [ 31.540006275, 1.362014313 ], [ 31.549372621, 1.364673972 ], [ 31.557302815, 1.363592215 ], [ 31.56468403, 1.365375711 ], [ 31.572857566, 1.362074818 ], [ 31.577614212, 1.361898489 ], [ 31.583002543, 1.357096717 ] ] ] } },
{ "type": "Feature", "properties": { "shapeName": "Ibanda", "shapeISO": "", "shapeID": "80733802B69847157689046", "shapeGroup": "UGA", "shapeType": "ADM2" }, "geometry": { "type": "Polygon", "coordinates": [ [ [ 30.506317053, -0.261148275 ], [ 30.519930783, -0.252202533 ], [ 30.55244535, -0.245067828 ], [ 30.573830871, -0.234667606 ], [ 30.587024201, -0.238276274 ], [ 30.59062861, -0.241865606 ], [ 30.593847379, -0.236954024 ], [ 30.597898388, -0.22251052 ], [ 30.603415276, -0.219840157 ], [ 30.608344753, -0.20847386 ], [ 30.608914501, -0.203896679 ], [ 30.614314079, -0.192934966 ], [ 30.624534752, -0.186513297 ], [ 30.628881109, -0.181050571 ], [ 30.629772297, -0.174210874 ], [ 30.625390799, -0.163878854 ], [ 30.619071662, -0.162686999 ], [ 30.605298484, -0.148934367 ], [ 30.597690107, -0.146601398 ], [ 30.588283884, -0.147151794 ], [ 30.591321443, -0.135482382 ], [ 30.590714065, -0.130909849 ], [ 30.581112932, -0.128720033 ], [ 30.569451039, -0.112059779 ], [ 30.571040599, -0.105958473 ], [ 30.569964429, -0.10209867 ], [ 30.57269459, -0.102849124 ], [ 30.575906515, -0.101773698 ], [ 30.574308985, -0.085304183 ], [ 30.576490028, -0.081887498 ], [ 30.574665965, -0.079157556 ], [ 30.57570383, -0.074294527 ], [ 30.577822713, -0.073327444 ], [ 30.578922206, -0.070109541 ], [ 30.577830036, -0.064053215 ], [ 30.574020222, -0.061838441 ], [ 30.573963085, -0.059434015 ], [ 30.571655761, -0.058123238 ], [ 30.568562493, -0.043942064 ], [ 30.570369727, -0.042234718 ], [ 30.570222461, -0.03853076 ], [ 30.575546236, -0.037697986 ], [ 30.575429988, -0.03288256 ], [ 30.578885433, -0.030434674 ], [ 30.577233456, -0.02511706 ], [ 30.57899026, -0.023895059 ], [ 30.579758218, -0.016836184 ], [ 30.577477911, -0.014450667 ], [ 30.581953296, -0.007700245 ], [ 30.581798178, -0.005209328 ], [ 30.580301225, -0.004787666 ], [ 30.581418124, -0.002761359 ], [ 30.579188188, 0.004613769 ], [ 30.58361348, 0.011321196 ], [ 30.586314751, 0.01214926 ], [ 30.584924448, 0.012035757 ], [ 30.585500579, 0.014654372 ], [ 30.581884941, 0.01602037 ], [ 30.583371266, 0.016234754 ], [ 30.583129081, 0.018290124 ], [ 30.586413147, 0.020637652 ], [ 30.589266466, 0.017916131 ], [ 30.592360213, 0.01815156 ], [ 30.592806921, 0.019988385 ], [ 30.590762828, 0.021539351 ], [ 30.591712884, 0.028096422 ], [ 30.593458012, 0.030979891 ], [ 30.596656161, 0.030542831 ], [ 30.597127901, 0.032488952 ], [ 30.601056659, 0.033926573 ], [ 30.599831541, 0.035478161 ], [ 30.601060728, 0.037717924 ], [ 30.605081349, 0.039025265 ], [ 30.603310991, 0.042127231 ], [ 30.605264892, 0.044107042 ], [ 30.604496544, 0.047562113 ], [ 30.605999616, 0.047036758 ], [ 30.60793511, 0.049624203 ], [ 30.608270868, 0.047906923 ], [ 30.61077594, 0.048566935 ], [ 30.612825991, 0.047360662 ], [ 30.61528473, 0.058314594 ], [ 30.616508094, 0.057495001 ], [ 30.619363861, 0.058886428 ], [ 30.626144105, 0.064989996 ], [ 30.627788521, 0.070029544 ], [ 30.624060253, 0.073169598 ], [ 30.621842955, 0.077868805 ], [ 30.625654746, 0.080807169 ], [ 30.625287211, 0.082711262 ], [ 30.626660782, 0.083926116 ], [ 30.62513251, 0.086183217 ], [ 30.626668946, 0.086872666 ], [ 30.625128198, 0.088305907 ], [ 30.626192818, 0.089209697 ], [ 30.624713679, 0.090474923 ], [ 30.626980077, 0.09369572 ], [ 30.629328087, 0.093959702 ], [ 30.630503073, 0.097960823 ], [ 30.638032999, 0.100408307 ], [ 30.639528356, 0.10542824 ], [ 30.638547815, 0.110992518 ], [ 30.636315776, 0.111963235 ], [ 30.635944409, 0.11722793 ], [ 30.637502753, 0.119225732 ], [ 30.636650819, 0.12343127 ], [ 30.633846934, 0.12523457 ], [ 30.633755812, 0.127277432 ], [ 30.635485475, 0.128558771 ], [ 30.632063093, 0.129391477 ], [ 30.630367133, 0.132319831 ], [ 30.624945041, 0.130642006 ], [ 30.623755722, 0.13401861 ], [ 30.617449407, 0.136579948 ], [ 30.620469513, 0.14136004 ], [ 30.619609802, 0.142573092 ], [ 30.617305259, 0.14107275 ], [ 30.614604986, 0.142152005 ], [ 30.612965574, 0.147627121 ], [ 30.611453334, 0.148111163 ], [ 30.613680127, 0.151493063 ], [ 30.610908398, 0.153150701 ], [ 30.610891945, 0.156539389 ], [ 30.608754992, 0.157016304 ], [ 30.604545852, 0.153740362 ], [ 30.602921845, 0.155548685 ], [ 30.604933425, 0.165236189 ], [ 30.595352919, 0.160166541 ], [ 30.589777442, 0.160518402 ], [ 30.585780466, 0.158203867 ], [ 30.578753497, 0.159088871 ], [ 30.577405965, 0.155671888 ], [ 30.57329525, 0.155725639 ], [ 30.569431147, 0.152416852 ], [ 30.564870054, 0.153058101 ], [ 30.564061901, 0.150029902 ], [ 30.560539333, 0.147516631 ], [ 30.559215761, 0.148140179 ], [ 30.553989495, 0.145843669 ], [ 30.551120582, 0.146964189 ], [ 30.547810053, 0.145445262 ], [ 30.545541893, 0.142525415 ], [ 30.546668197, 0.141947042 ], [ 30.546047445, 0.139045456 ], [ 30.542007358, 0.134055513 ], [ 30.542321311, 0.13279009 ], [ 30.537132193, 0.131234862 ], [ 30.529051995, 0.122981544 ], [ 30.524911013, 0.122827488 ], [ 30.52417991, 0.120558668 ], [ 30.521675456, 0.119627434 ], [ 30.513886066, 0.122663736 ], [ 30.510716742, 0.12109069 ], [ 30.509436599, 0.118469332 ], [ 30.507252189, 0.118794524 ], [ 30.500062167, 0.111074821 ], [ 30.497563303, 0.102424602 ], [ 30.49408466, 0.09738076 ], [ 30.487480288, 0.098971043 ], [ 30.483638673, 0.094975695 ], [ 30.481455029, 0.095111109 ], [ 30.477405304, 0.099657179 ], [ 30.475460131, 0.100000488 ], [ 30.474480672, 0.10368812 ], [ 30.472112107, 0.104365811 ], [ 30.462888714, 0.101924669 ], [ 30.460316311, 0.097703525 ], [ 30.45761583, 0.098950611 ], [ 30.454816617, 0.094476398 ], [ 30.45336253, 0.095732619 ], [ 30.452818002, 0.08125314 ], [ 30.450590777, 0.074790585 ], [ 30.456092734, 0.073543622 ], [ 30.45561581, 0.070660354 ], [ 30.453974442, 0.069982383 ], [ 30.454977222, 0.066231518 ], [ 30.451974933, 0.061504303 ], [ 30.44522015, 0.058689475 ], [ 30.443572106, 0.054878064 ], [ 30.438009409, 0.051132903 ], [ 30.435239715, 0.047214025 ], [ 30.433442987, 0.048786603 ], [ 30.431029933, 0.045623137 ], [ 30.427721491, 0.04631895 ], [ 30.429249633, 0.043218912 ], [ 30.427557111, 0.041808896 ], [ 30.428745464, 0.039621699 ], [ 30.428117239, 0.037371172 ], [ 30.425601246, 0.037461474 ], [ 30.424858807, 0.036132843 ], [ 30.422968258, 0.037922336 ], [ 30.421657417, 0.036864833 ], [ 30.422932144, 0.035364542 ], [ 30.422219969, 0.032334682 ], [ 30.415426707, 0.026496486 ], [ 30.412219443, 0.024485953 ], [ 30.406412284, 0.024364773 ], [ 30.401566298, 0.013998101 ], [ 30.384665294, -0.002857737 ], [ 30.389157956, -0.018059476 ], [ 30.394387535, -0.021340309 ], [ 30.410053094, -0.049240986 ], [ 30.409992043, -0.053760005 ], [ 30.411603502, -0.057393369 ], [ 30.409489189, -0.062734759 ], [ 30.415393979, -0.072243103 ], [ 30.417015554, -0.081950106 ], [ 30.419411588, -0.08643316 ], [ 30.416308601, -0.101616943 ], [ 30.420193702, -0.106425526 ], [ 30.423946615, -0.115003032 ], [ 30.422719514, -0.119368342 ], [ 30.423457622, -0.124140548 ], [ 30.421599604, -0.129174606 ], [ 30.427661483, -0.133468342 ], [ 30.43080381, -0.138954849 ], [ 30.444085519, -0.143303687 ], [ 30.448056569, -0.142879324 ], [ 30.451804929, -0.145744889 ], [ 30.458180046, -0.147227897 ], [ 30.465701961, -0.152651807 ], [ 30.45626234, -0.160007939 ], [ 30.441678247, -0.166748692 ], [ 30.431937101, -0.18037704 ], [ 30.42381699, -0.182771009 ], [ 30.415705001, -0.182607166 ], [ 30.407512924, -0.178737721 ], [ 30.399104084, -0.178564821 ], [ 30.392558766, -0.173683426 ], [ 30.388733807, -0.161924608 ], [ 30.380949364, -0.154440288 ], [ 30.378073177, -0.144172982 ], [ 30.356541958, -0.152286336 ], [ 30.351706715, -0.149212958 ], [ 30.348048116, -0.140563546 ], [ 30.341144706, -0.143301145 ], [ 30.337143553, -0.142514422 ], [ 30.336398139, -0.140354373 ], [ 30.328669111, -0.138790024 ], [ 30.326199383, -0.135671834 ], [ 30.321974983, -0.133493359 ], [ 30.318276039, -0.133836382 ], [ 30.316371176, -0.131929294 ], [ 30.314509221, -0.13283283 ], [ 30.311389986, -0.130708725 ], [ 30.306316284, -0.130428032 ], [ 30.301588099, -0.127128937 ], [ 30.297885854, -0.121832744 ], [ 30.291869006, -0.118108833 ], [ 30.284615157, -0.118090062 ], [ 30.283244228, -0.115405909 ], [ 30.279847703, -0.116869597 ], [ 30.275668619, -0.112983266 ], [ 30.263549174, -0.114626873 ], [ 30.251348687, -0.118710388 ], [ 30.246081547, -0.124104859 ], [ 30.248152723, -0.126644424 ], [ 30.251594071, -0.127738245 ], [ 30.253207305, -0.131660422 ], [ 30.256069416, -0.133928996 ], [ 30.25627712, -0.136631054 ], [ 30.264351117, -0.144467014 ], [ 30.268179745, -0.150287295 ], [ 30.267454838, -0.154109852 ], [ 30.269145695, -0.155989763 ], [ 30.270806465, -0.15513146 ], [ 30.276112384, -0.164386082 ], [ 30.281012486, -0.166528535 ], [ 30.281822535, -0.168254732 ], [ 30.279982841, -0.170622194 ], [ 30.280596093, -0.177336838 ], [ 30.281769471, -0.179533023 ], [ 30.283722813, -0.179949019 ], [ 30.286413716, -0.187459274 ], [ 30.283480126, -0.190477217 ], [ 30.286320545, -0.20699754 ], [ 30.284058958, -0.211271711 ], [ 30.301513224, -0.201333765 ], [ 30.302486186, -0.198975202 ], [ 30.31529922, -0.188304169 ], [ 30.318945603, -0.191512995 ], [ 30.32144531, -0.196610474 ], [ 30.33456175, -0.192563763 ], [ 30.355561524, -0.193181571 ], [ 30.360349173, -0.197809604 ], [ 30.366035924, -0.220332509 ], [ 30.377325793, -0.235048038 ], [ 30.387364507, -0.257110988 ], [ 30.394406292, -0.259286319 ], [ 30.401956432, -0.258560417 ], [ 30.409187208, -0.26872968 ], [ 30.407124684, -0.27627599 ], [ 30.409129596, -0.282304795 ], [ 30.421643952, -0.282831782 ], [ 30.424421223, -0.28700802 ], [ 30.428620797, -0.288527377 ], [ 30.443855675, -0.288313883 ], [ 30.453545117, -0.285035128 ], [ 30.443930792, -0.266902207 ], [ 30.449243493, -0.26327894 ], [ 30.451965554, -0.265719847 ], [ 30.463550893, -0.265884916 ], [ 30.46648615, -0.263770521 ], [ 30.469225517, -0.258393192 ], [ 30.478584872, -0.255565988 ], [ 30.486698353, -0.259653013 ], [ 30.493605398, -0.258163006 ], [ 30.495942302, -0.255768223 ], [ 30.503438148, -0.260930776 ], [ 30.506317053, -0.261148275 ] ] ] } },
{ "type": "Feature", "properties": { "shapeName": "Isingiro", "shapeISO": "", "shapeID": "80733802B80679578634288", "shapeGroup": "UGA", "shapeType": "ADM2" }, "geometry": { "type": "Polygon", "coordinates": [ [ [ 31.092801462, -0.671400073 ], [ 31.078947987, -0.676892299 ], [ 31.052901672, -0.69443254 ], [ 31.040731045, -0.695937511 ], [ 31.01883093, -0.692790799 ], [ 31.007048661, -0.693807569 ], [ 30.976377181, -0.712257562 ], [ 30.966694106, -0.715128514 ], [ 30.95521643, -0.714146914 ], [ 30.915798089, -0.704852772 ], [ 30.890166886, -0.692406103 ], [ 30.881937907, -0.686589117 ], [ 30.87562708, -0.676174362 ], [ 30.870398862, -0.674931235 ], [ 30.865458485, -0.671578217 ], [ 30.862761395, -0.666721465 ], [ 30.866750957, -0.666588689 ], [ 30.86717811, -0.661628744 ], [ 30.865018148, -0.658946432 ], [ 30.867464971, -0.653340853 ], [ 30.865434674, -0.652336343 ], [ 30.865598125, -0.650466461 ], [ 30.863357832, -0.649715418 ], [ 30.864492556, -0.646594033 ], [ 30.86266783, -0.642847951 ], [ 30.8559271, -0.638418671 ], [ 30.856700363, -0.635997023 ], [ 30.85240361, -0.637004282 ], [ 30.851661085, -0.635539223 ], [ 30.847493209, -0.634305338 ], [ 30.847208159, -0.636521194 ], [ 30.8460373, -0.636442123 ], [ 30.845548067, -0.634065641 ], [ 30.846913398, -0.631991681 ], [ 30.845852541, -0.63015874 ], [ 30.843435847, -0.630107446 ], [ 30.843667834, -0.627828708 ], [ 30.841863435, -0.627023299 ], [ 30.840775041, -0.623804197 ], [ 30.836597496, -0.623397003 ], [ 30.8359804, -0.620615014 ], [ 30.834180839, -0.623298568 ], [ 30.833985446, -0.620057848 ], [ 30.829732427, -0.621027348 ], [ 30.817336225, -0.614786191 ], [ 30.813548295, -0.616211631 ], [ 30.810212203, -0.612165022 ], [ 30.80697688, -0.613732125 ], [ 30.80535105, -0.611565834 ], [ 30.802044807, -0.610957853 ], [ 30.798757254, -0.61417619 ], [ 30.79042219, -0.607131053 ], [ 30.786756412, -0.607792744 ], [ 30.784852854, -0.604699152 ], [ 30.786095262, -0.604033721 ], [ 30.778050311, -0.60337313 ], [ 30.777722902, -0.602326351 ], [ 30.773426915, -0.604802449 ], [ 30.771996069, -0.604062123 ], [ 30.770880679, -0.605941217 ], [ 30.76854905, -0.604331008 ], [ 30.768108033, -0.605779308 ], [ 30.765073759, -0.605046191 ], [ 30.764982718, -0.606265658 ], [ 30.762594455, -0.60616428 ], [ 30.759229868, -0.610616386 ], [ 30.758156216, -0.609701313 ], [ 30.757211535, -0.610592728 ], [ 30.756745177, -0.609254412 ], [ 30.754306325, -0.610312595 ], [ 30.749340887, -0.605646273 ], [ 30.745555479, -0.608941714 ], [ 30.74049221, -0.606893496 ], [ 30.736197756, -0.610556423 ], [ 30.734052991, -0.610228646 ], [ 30.735042004, -0.611910563 ], [ 30.732312705, -0.61325146 ], [ 30.729910325, -0.618417969 ], [ 30.726305906, -0.621232862 ], [ 30.727021875, -0.622166005 ], [ 30.725296533, -0.623004809 ], [ 30.724288327, -0.622046426 ], [ 30.722067009, -0.624244794 ], [ 30.723025101, -0.625701862 ], [ 30.718795319, -0.62706322 ], [ 30.714768147, -0.623469675 ], [ 30.714854443, -0.621988521 ], [ 30.713710069, -0.622766574 ], [ 30.707807968, -0.61463931 ], [ 30.706507262, -0.614879774 ], [ 30.703144374, -0.611371882 ], [ 30.694168417, -0.618695153 ], [ 30.687696594, -0.628231278 ], [ 30.674818262, -0.635332888 ], [ 30.65981646, -0.64142438 ], [ 30.657706858, -0.641540363 ], [ 30.647493798, -0.634331714 ], [ 30.639889324, -0.631799399 ], [ 30.64031271, -0.636923299 ], [ 30.642765971, -0.64002494 ], [ 30.643420531, -0.644319743 ], [ 30.648501162, -0.650312716 ], [ 30.650216929, -0.654770919 ], [ 30.649159651, -0.657908766 ], [ 30.646967508, -0.658832005 ], [ 30.643272075, -0.664779088 ], [ 30.648070138, -0.675120868 ], [ 30.648100423, -0.678134146 ], [ 30.645541182, -0.684700946 ], [ 30.644875563, -0.693927878 ], [ 30.641415897, -0.699092267 ], [ 30.640849725, -0.702379931 ], [ 30.642911885, -0.718253625 ], [ 30.635934294, -0.731714762 ], [ 30.638485721, -0.737093635 ], [ 30.646582617, -0.747039182 ], [ 30.645260787, -0.754858942 ], [ 30.641024763, -0.766215482 ], [ 30.64709135, -0.768020941 ], [ 30.648348824, -0.773444492 ], [ 30.651319059, -0.775240552 ], [ 30.656591611, -0.786186022 ], [ 30.650404329, -0.811657705 ], [ 30.65060643, -0.832137741 ], [ 30.652361679, -0.837239772 ], [ 30.648064196, -0.838987263 ], [ 30.640674796, -0.837814696 ], [ 30.637555729, -0.840797687 ], [ 30.635640528, -0.851082387 ], [ 30.630477989, -0.860843135 ], [ 30.63080251, -0.864371119 ], [ 30.614837095, -0.86774082 ], [ 30.602914384, -0.867352883 ], [ 30.598706582, -0.876727088 ], [ 30.600995489, -0.888118132 ], [ 30.597095619, -0.895157215 ], [ 30.581176365, -0.902828891 ], [ 30.570673579, -0.903725585 ], [ 30.56686435, -0.913992787 ], [ 30.564965649, -0.928354622 ], [ 30.563167185, -0.930586032 ], [ 30.541639529, -0.930814168 ], [ 30.532516959, -0.942648722 ], [ 30.529814571, -0.954668504 ], [ 30.52550213, -0.957783792 ], [ 30.522804844, -0.962527219 ], [ 30.516202274, -0.966092715 ], [ 30.506136536, -0.977926023 ], [ 30.501653682, -0.989990109 ], [ 30.504522199, -1.000989845 ], [ 30.50707676, -1.004986049 ], [ 30.504919209, -1.00891623 ], [ 30.504619712, -1.015453454 ], [ 30.49063347, -1.029167544 ], [ 30.490082684, -1.033587654 ], [ 30.487461785, -1.035540054 ], [ 30.487106058, -1.038877586 ], [ 30.485161818, -1.040414377 ], [ 30.483462624, -1.047952775 ], [ 30.478348414, -1.053188399 ], [ 30.478104967, -1.057510269 ], [ 30.486003242, -1.057604671 ], [ 30.495064475, -1.060468232 ], [ 30.502566449, -1.068357822 ], [ 30.509900914, -1.073183474 ], [ 30.519179456, -1.073333864 ], [ 30.527451405, -1.076144356 ], [ 30.53271676, -1.074006043 ], [ 30.539692548, -1.074695665 ], [ 30.549041325, -1.068625295 ], [ 30.555433547, -1.068220719 ], [ 30.559031498, -1.064632643 ], [ 30.563829127, -1.067069661 ], [ 30.569509332, -1.064034226 ], [ 30.577761553, -1.063739074 ], [ 30.586706486, -1.061065647 ], [ 30.595680726, -1.065296252 ], [ 30.610111148, -1.064522335 ], [ 30.616053675, -1.067377438 ], [ 30.629037646, -1.068845396 ], [ 30.633140968, -1.071189817 ], [ 30.634117647, -1.070042552 ], [ 30.632141073, -1.067283961 ], [ 30.63314061, -1.066516372 ], [ 30.6493294, -1.065923178 ], [ 30.649951828, -1.063943971 ], [ 30.658993689, -1.062341807 ], [ 30.661525683, -1.056558306 ], [ 30.6642809, -1.056632705 ], [ 30.668939199, -1.050669966 ], [ 30.668893525, -1.04505623 ], [ 30.672333201, -1.037148966 ], [ 30.677977607, -1.030987961 ], [ 30.692847096, -1.021145291 ], [ 30.698539, -1.015011249 ], [ 30.717971328, -1.01407587 ], [ 30.726320488, -1.009182011 ], [ 30.736981088, -1.006233328 ], [ 30.742534507, -1.003362393 ], [ 30.752156319, -0.992072133 ], [ 30.766639226, -0.984931648 ], [ 30.774532044, -0.986424528 ], [ 30.799123362, -0.999043549 ], [ 31.03610043, -0.999420437 ], [ 31.044289387, -1.001369376 ], [ 31.053684184, -0.999304359 ], [ 31.270800494, -0.999308782 ], [ 31.264322913, -0.984393211 ], [ 31.270841449, -0.949707014 ], [ 31.251099641, -0.932397625 ], [ 31.209893715, -0.901043267 ], [ 31.203490464, -0.887747118 ], [ 31.203477747, -0.883252823 ], [ 31.2061846, -0.880224772 ], [ 31.206274987, -0.877891768 ], [ 31.203729475, -0.873067507 ], [ 31.227062023, -0.855683148 ], [ 31.22764994, -0.847526668 ], [ 31.227245278, -0.844587574 ], [ 31.221741494, -0.837345691 ], [ 31.212809589, -0.834494541 ], [ 31.199682993, -0.825946232 ], [ 31.198138894, -0.826450708 ], [ 31.193740144, -0.824059695 ], [ 31.192329788, -0.822043637 ], [ 31.19159405, -0.81839589 ], [ 31.193989465, -0.812493271 ], [ 31.193005996, -0.804694789 ], [ 31.195008381, -0.790930698 ], [ 31.19973322, -0.777793515 ], [ 31.19787942, -0.769563751 ], [ 31.199953414, -0.758016932 ], [ 31.195819728, -0.749219855 ], [ 31.187400133, -0.739441566 ], [ 31.170528404, -0.729284981 ], [ 31.164917849, -0.720637913 ], [ 31.157835001, -0.713328601 ], [ 31.154377214, -0.705451101 ], [ 31.139632027, -0.693382468 ], [ 31.132243218, -0.688397144 ], [ 31.099702587, -0.676204236 ], [ 31.092801462, -0.671400073 ] ] ] } },
{ "type": "Feature", "properties": { "shapeName": "Kabale", "shapeISO": "", "shapeID": "80733802B30675933557608", "shapeGroup": "UGA", "shapeType": "ADM2" }, "geometry": { "type": "Polygon", "coordinates": [ [ [ 29.878873596, -1.35557224 ], [ 29.879010191, -1.379139765 ], [ 29.880911849, -1.386625745 ], [ 29.881201803, -1.405016282 ], [ 29.885489303, -1.412575 ], [ 29.883632159, -1.414397324 ], [ 29.883245531, -1.422664052 ], [ 29.888355983, -1.427966262 ], [ 29.887250231, -1.430840698 ], [ 29.890922375, -1.44281608 ], [ 29.891068789, -1.450831545 ], [ 29.894767951, -1.456483848 ], [ 29.89908665, -1.459370574 ], [ 29.912611048, -1.48135719 ], [ 29.922825906, -1.47980744 ], [ 29.931629175, -1.471634725 ], [ 29.946351495, -1.465665753 ], [ 29.957104122, -1.461670416 ], [ 29.961425588, -1.461841509 ], [ 29.971753705, -1.458630514 ], [ 29.976265977, -1.459037914 ], [ 29.97669677, -1.456628661 ], [ 29.982707805, -1.451099968 ], [ 29.993032519, -1.446892567 ], [ 29.997935389, -1.436814539 ], [ 30.008591153, -1.429158108 ], [ 30.013808797, -1.416672715 ], [ 30.019644483, -1.414127304 ], [ 30.021708063, -1.41343681 ], [ 30.025870719, -1.418841472 ], [ 30.036471915, -1.421340964 ], [ 30.037256966, -1.425395522 ], [ 30.039855176, -1.425967453 ], [ 30.042508812, -1.428776508 ], [ 30.052797532, -1.432034704 ], [ 30.055480062, -1.421759843 ], [ 30.053408704, -1.417588162 ], [ 30.053958946, -1.412539372 ], [ 30.051778886, -1.40570832 ], [ 30.052142583, -1.401376406 ], [ 30.064460913, -1.393611343 ], [ 30.069927005, -1.391998442 ], [ 30.070788735, -1.381998355 ], [ 30.073130745, -1.378911324 ], [ 30.081851959, -1.373609449 ], [ 30.086592794, -1.373836969 ], [ 30.089764549, -1.376605557 ], [ 30.094667131, -1.375609592 ], [ 30.097849765, -1.376689917 ], [ 30.103323716, -1.37248111 ], [ 30.111191694, -1.375913178 ], [ 30.119258883, -1.385381874 ], [ 30.120948765, -1.383643087 ], [ 30.12383254, -1.38334355 ], [ 30.125394343, -1.371023865 ], [ 30.128010125, -1.364504519 ], [ 30.136909773, -1.361960385 ], [ 30.139595504, -1.355427106 ], [ 30.144997391, -1.350746274 ], [ 30.152393024, -1.351517334 ], [ 30.169822432, -1.34523126 ], [ 30.162431351, -1.334920711 ], [ 30.164589593, -1.327710032 ], [ 30.161896949, -1.317725097 ], [ 30.165551657, -1.312770694 ], [ 30.167653065, -1.305672337 ], [ 30.174394322, -1.301530271 ], [ 30.169386525, -1.274517413 ], [ 30.161829514, -1.2641596 ], [ 30.164283488, -1.254332705 ], [ 30.163248794, -1.247695617 ], [ 30.16505106, -1.242856575 ], [ 30.161477007, -1.231364531 ], [ 30.163849095, -1.226478369 ], [ 30.162214203, -1.224802821 ], [ 30.155483371, -1.224734728 ], [ 30.150943355, -1.227358912 ], [ 30.144756464, -1.228391184 ], [ 30.144295252, -1.239375972 ], [ 30.140461601, -1.252623115 ], [ 30.139004896, -1.254346751 ], [ 30.135310439, -1.25455951 ], [ 30.133557406, -1.252644246 ], [ 30.134267876, -1.239447251 ], [ 30.132856153, -1.232803237 ], [ 30.128682436, -1.233508078 ], [ 30.123235196, -1.231918373 ], [ 30.116822699, -1.235490262 ], [ 30.111512777, -1.231400657 ], [ 30.107220943, -1.222379553 ], [ 30.093512604, -1.22129853 ], [ 30.089813875, -1.218879373 ], [ 30.080777623, -1.217353556 ], [ 30.076724138, -1.211332565 ], [ 30.063526885, -1.206405233 ], [ 30.059118914, -1.206093956 ], [ 30.052889547, -1.210991787 ], [ 30.048639282, -1.211392801 ], [ 30.044665243, -1.210204474 ], [ 30.037376259, -1.204756863 ], [ 30.029415925, -1.20344878 ], [ 30.027348271, -1.205632023 ], [ 30.023946689, -1.20203426 ], [ 30.019890355, -1.20024818 ], [ 30.011945468, -1.190520978 ], [ 30.005628728, -1.191612606 ], [ 30.005570184, -1.1961066 ], [ 30.008868262, -1.197903538 ], [ 30.013159513, -1.203128775 ], [ 30.009527241, -1.218282797 ], [ 30.006390567, -1.219808628 ], [ 30.004354208, -1.223068934 ], [ 30.005280004, -1.228890786 ], [ 29.998824849, -1.226966488 ], [ 29.991682029, -1.229423577 ], [ 29.987088103, -1.233679598 ], [ 29.979698093, -1.235460033 ], [ 29.975801292, -1.231495047 ], [ 29.971922147, -1.233634838 ], [ 29.967096528, -1.231542806 ], [ 29.957678233, -1.237152506 ], [ 29.964956572, -1.251865375 ], [ 29.952330353, -1.252775402 ], [ 29.942355675, -1.258411551 ], [ 29.941901927, -1.260915773 ], [ 29.939931218, -1.260806053 ], [ 29.940397573, -1.265001945 ], [ 29.935954178, -1.263836035 ], [ 29.93811326, -1.266779149 ], [ 29.932240441, -1.27071887 ], [ 29.930131373, -1.274985562 ], [ 29.921499152, -1.283894392 ], [ 29.917564002, -1.291951998 ], [ 29.907684156, -1.30520827 ], [ 29.905952126, -1.318663295 ], [ 29.906775432, -1.32649801 ], [ 29.909889725, -1.334405631 ], [ 29.909027679, -1.343672482 ], [ 29.882135291, -1.33653204 ], [ 29.878554875, -1.337662451 ], [ 29.877630704, -1.33811712 ], [ 29.881319457, -1.344089204 ], [ 29.882713969, -1.352419278 ], [ 29.882628257, -1.35502843 ], [ 29.878873596, -1.35557224 ] ] ] } },
{ "type": "Feature", "properties": { "shapeName": "Kabarole", "shapeISO": "", "shapeID": "80733802B83610576889606", "shapeGroup": "UGA", "shapeType": "ADM2" }, "geometry": { "type": "Polygon", "coordinates": [ [ [ 30.119569229, 0.623592582 ], [ 30.12745873, 0.619237158 ], [ 30.139888798, 0.61636861 ], [ 30.142027391, 0.614160684 ], [ 30.155371408, 0.609538226 ], [ 30.159847684, 0.606541816 ], [ 30.175272316, 0.602674009 ], [ 30.177704265, 0.595272953 ], [ 30.187768539, 0.587761242 ], [ 30.197002663, 0.587593792 ], [ 30.209625256, 0.59319887 ], [ 30.216908899, 0.590300848 ], [ 30.229649622, 0.590273114 ], [ 30.243298205, 0.597682875 ], [ 30.245313354, 0.595945821 ], [ 30.254238393, 0.595980008 ], [ 30.257848413, 0.592469724 ], [ 30.263524554, 0.591158268 ], [ 30.265222748, 0.58787406 ], [ 30.27009143, 0.586442755 ], [ 30.272763352, 0.582824467 ], [ 30.278012076, 0.580270428 ], [ 30.285552559, 0.582913618 ], [ 30.288307593, 0.580334575 ], [ 30.292529718, 0.571127619 ], [ 30.29056208, 0.566156974 ], [ 30.277269753, 0.563573991 ], [ 30.276816779, 0.561637165 ], [ 30.270489197, 0.555724979 ], [ 30.270007898, 0.549772505 ], [ 30.266200016, 0.5431779 ], [ 30.265435567, 0.538706291 ], [ 30.257749108, 0.537920037 ], [ 30.257890652, 0.536666999 ], [ 30.253275959, 0.535867736 ], [ 30.252313366, 0.533959238 ], [ 30.247651806, 0.532341267 ], [ 30.248910495, 0.528649164 ], [ 30.251364872, 0.527992442 ], [ 30.251591316, 0.525628737 ], [ 30.254592276, 0.526427333 ], [ 30.255880326, 0.521686007 ], [ 30.258003601, 0.520063485 ], [ 30.257409037, 0.518582328 ], [ 30.258767954, 0.518070217 ], [ 30.25801767, 0.516717148 ], [ 30.260197573, 0.51535096 ], [ 30.259829474, 0.513328776 ], [ 30.264076126, 0.513558215 ], [ 30.267713941, 0.508732264 ], [ 30.266468194, 0.506966054 ], [ 30.268846243, 0.504973357 ], [ 30.2706154, 0.497925254 ], [ 30.2729386, 0.495474393 ], [ 30.271501242, 0.491398223 ], [ 30.27195286, 0.487216474 ], [ 30.270551032, 0.485470446 ], [ 30.274970636, 0.483348048 ], [ 30.273283627, 0.482796642 ], [ 30.272214465, 0.480214513 ], [ 30.273010522, 0.47807643 ], [ 30.268971229, 0.476160414 ], [ 30.267379337, 0.473171503 ], [ 30.259764077, 0.471526683 ], [ 30.259015735, 0.466590956 ], [ 30.257281254, 0.46505972 ], [ 30.258576321, 0.458285913 ], [ 30.256449796, 0.455260662 ], [ 30.25729336, 0.447482687 ], [ 30.256081586, 0.44626267 ], [ 30.256663729, 0.44285778 ], [ 30.25909918, 0.440577934 ], [ 30.259942662, 0.433421288 ], [ 30.256034031, 0.428530262 ], [ 30.253622267, 0.421704997 ], [ 30.254049912, 0.418981042 ], [ 30.251427527, 0.415771194 ], [ 30.254857632, 0.412553263 ], [ 30.254857593, 0.410904295 ], [ 30.257281134, 0.410333097 ], [ 30.258896875, 0.411672954 ], [ 30.267664371, 0.407260294 ], [ 30.274507407, 0.40631097 ], [ 30.279033934, 0.409912061 ], [ 30.283334644, 0.409820632 ], [ 30.286625405, 0.405653499 ], [ 30.289928146, 0.40482022 ], [ 30.291615217, 0.405945087 ], [ 30.294240648, 0.401275395 ], [ 30.294620445, 0.391931317 ], [ 30.293253916, 0.386134548 ], [ 30.290473703, 0.382523207 ], [ 30.286885873, 0.384049342 ], [ 30.284652314, 0.383139087 ], [ 30.283737328, 0.379374184 ], [ 30.285424243, 0.377511675 ], [ 30.285566585, 0.373711926 ], [ 30.280980379, 0.367326713 ], [ 30.280742504, 0.363287638 ], [ 30.279530629, 0.362067686 ], [ 30.277035799, 0.362638927 ], [ 30.275918824, 0.359244312 ], [ 30.27279414, 0.35686353 ], [ 30.275155158, 0.352902849 ], [ 30.277810466, 0.351991462 ], [ 30.27755896, 0.347324445 ], [ 30.280446112, 0.346222191 ], [ 30.279751563, 0.343358178 ], [ 30.282912413, 0.339467525 ], [ 30.282213321, 0.333511355 ], [ 30.284506076, 0.331876375 ], [ 30.282628397, 0.325756645 ], [ 30.284611997, 0.321564209 ], [ 30.28639408, 0.321852589 ], [ 30.290753393, 0.314364218 ], [ 30.292582892, 0.313648871 ], [ 30.294031447, 0.305930834 ], [ 30.290526008, 0.299797724 ], [ 30.292866343, 0.298927467 ], [ 30.293162936, 0.295546036 ], [ 30.294624258, 0.295798258 ], [ 30.293008371, 0.294554109 ], [ 30.295823809, 0.29282389 ], [ 30.294065466, 0.292487775 ], [ 30.294302839, 0.290623875 ], [ 30.295490946, 0.291126782 ], [ 30.294172027, 0.289703663 ], [ 30.296215487, 0.289872722 ], [ 30.297616771, 0.285213653 ], [ 30.294425861, 0.280846098 ], [ 30.29216728, 0.271451935 ], [ 30.293426513, 0.270879441 ], [ 30.294290816, 0.266631783 ], [ 30.305242827, 0.268260588 ], [ 30.30682364, 0.27373754 ], [ 30.309223393, 0.273231999 ], [ 30.312621685, 0.275871674 ], [ 30.323705984, 0.27411192 ], [ 30.328078363, 0.275974627 ], [ 30.329789019, 0.274881485 ], [ 30.336596885, 0.275479508 ], [ 30.341385568, 0.28069526 ], [ 30.349190567, 0.276160186 ], [ 30.360513539, 0.278684264 ], [ 30.365991049, 0.281405867 ], [ 30.368877975, 0.280123169 ], [ 30.373107843, 0.280820044 ], [ 30.385428, 0.276240655 ], [ 30.388684098, 0.280308434 ], [ 30.388448657, 0.289924491 ], [ 30.384965087, 0.297471566 ], [ 30.385660541, 0.301257366 ], [ 30.381529543, 0.298218515 ], [ 30.378882455, 0.302096958 ], [ 30.374699002, 0.300115502 ], [ 30.369521388, 0.305851032 ], [ 30.369010148, 0.308211052 ], [ 30.373488926, 0.312576126 ], [ 30.377554756, 0.320633259 ], [ 30.380351518, 0.321697231 ], [ 30.378052734, 0.32480457 ], [ 30.379525229, 0.330378223 ], [ 30.378375188, 0.334327101 ], [ 30.383412, 0.335029507 ], [ 30.384176953, 0.338908816 ], [ 30.383327333, 0.348360836 ], [ 30.380749478, 0.352792056 ], [ 30.378016877, 0.353912882 ], [ 30.377933901, 0.356243104 ], [ 30.381926236, 0.358923599 ], [ 30.386714916, 0.365249691 ], [ 30.391919234, 0.368552773 ], [ 30.392810511, 0.370836112 ], [ 30.385219647, 0.392208203 ], [ 30.378934613, 0.396325118 ], [ 30.379315103, 0.401942093 ], [ 30.37721214, 0.402884167 ], [ 30.370867412, 0.400488105 ], [ 30.368788206, 0.401071694 ], [ 30.365841831, 0.404821226 ], [ 30.366305426, 0.410617482 ], [ 30.361469881, 0.413325509 ], [ 30.358404716, 0.419369295 ], [ 30.366793162, 0.429869593 ], [ 30.36775566, 0.435283943 ], [ 30.378667984, 0.446312699 ], [ 30.377182879, 0.455285856 ], [ 30.379297777, 0.456052761 ], [ 30.379879971, 0.461132196 ], [ 30.376529401, 0.464761725 ], [ 30.378252206, 0.467165445 ], [ 30.3745095, 0.472790234 ], [ 30.375697617, 0.475802883 ], [ 30.372964844, 0.479002773 ], [ 30.37026774, 0.479585602 ], [ 30.371931048, 0.484845366 ], [ 30.369851697, 0.489539659 ], [ 30.373190271, 0.493689794 ], [ 30.373980007, 0.497712901 ], [ 30.377281485, 0.498621971 ], [ 30.379039205, 0.500820724 ], [ 30.384122004, 0.500750806 ], [ 30.389632478, 0.502998673 ], [ 30.392613436, 0.505544319 ], [ 30.395262148, 0.512940176 ], [ 30.39877747, 0.514327226 ], [ 30.39892006, 0.515856441 ], [ 30.402423561, 0.5181395 ], [ 30.412506478, 0.522766492 ], [ 30.41743533, 0.529565981 ], [ 30.417316755, 0.534201294 ], [ 30.41930014, 0.536244925 ], [ 30.421366604, 0.536747457 ], [ 30.42421682, 0.535171528 ], [ 30.425665742, 0.536032237 ], [ 30.428124296, 0.541086671 ], [ 30.42889655, 0.550632522 ], [ 30.45414603, 0.564930817 ], [ 30.452787627, 0.567211685 ], [ 30.453619903, 0.569768662 ], [ 30.464268294, 0.572488986 ], [ 30.464738014, 0.575758289 ], [ 30.456911428, 0.581573464 ], [ 30.453870997, 0.578059792 ], [ 30.452243952, 0.581296813 ], [ 30.452885289, 0.582587364 ], [ 30.448728521, 0.582537898 ], [ 30.445569387, 0.584639309 ], [ 30.448075315, 0.585799189 ], [ 30.446709535, 0.592572614 ], [ 30.445070584, 0.592786987 ], [ 30.447184593, 0.594651597 ], [ 30.444702328, 0.604602448 ], [ 30.437707109, 0.604396415 ], [ 30.436566993, 0.602078224 ], [ 30.431685811, 0.60110849 ], [ 30.428930468, 0.60306662 ], [ 30.429239223, 0.605742841 ], [ 30.42722027, 0.604403939 ], [ 30.416923407, 0.611675167 ], [ 30.41377079, 0.610830639 ], [ 30.414929405, 0.620270452 ], [ 30.412898626, 0.62221067 ], [ 30.412592146, 0.626297292 ], [ 30.404573014, 0.628949663 ], [ 30.406143096, 0.635029513 ], [ 30.40187996, 0.636049022 ], [ 30.401371631, 0.637785638 ], [ 30.397311222, 0.639316075 ], [ 30.396701505, 0.640848292 ], [ 30.396598772, 0.643300267 ], [ 30.398424403, 0.645651084 ], [ 30.396797452, 0.65167816 ], [ 30.400246191, 0.655460193 ], [ 30.403899088, 0.656994648 ], [ 30.404506652, 0.659651359 ], [ 30.40836313, 0.660062063 ], [ 30.410086417, 0.66404758 ], [ 30.407750433, 0.667213575 ], [ 30.411099624, 0.667317534 ], [ 30.41191001, 0.670280869 ], [ 30.414447429, 0.670077883 ], [ 30.420433352, 0.674167874 ], [ 30.422867244, 0.677847318 ], [ 30.435178531, 0.715095349 ], [ 30.434996785, 0.723115663 ], [ 30.431207584, 0.72814336 ], [ 30.433118704, 0.737116494 ], [ 30.429543083, 0.743338942 ], [ 30.429660656, 0.750851584 ], [ 30.424986276, 0.75706303 ], [ 30.425811146, 0.760547725 ], [ 30.424603663, 0.765808118 ], [ 30.436058124, 0.764495267 ], [ 30.448771258, 0.768712822 ], [ 30.451983974, 0.77415352 ], [ 30.458429486, 0.778398377 ], [ 30.469153148, 0.794551406 ], [ 30.473529014, 0.804306799 ], [ 30.477226241, 0.806332498 ], [ 30.493085134, 0.839081149 ], [ 30.492119412, 0.840456444 ], [ 30.479453752, 0.843887966 ], [ 30.482263541, 0.850526533 ], [ 30.481617829, 0.854330077 ], [ 30.483301786, 0.861210734 ], [ 30.487276478, 0.869185578 ], [ 30.491294085, 0.873073205 ], [ 30.494705391, 0.881857113 ], [ 30.502938477, 0.894286529 ], [ 30.505346457, 0.900439404 ], [ 30.507760263, 0.898012953 ], [ 30.511136363, 0.899391216 ], [ 30.53051549, 0.926964121 ], [ 30.537801475, 0.928335096 ], [ 30.546145086, 0.926519815 ], [ 30.561326675, 0.94050207 ], [ 30.56220379, 0.944335807 ], [ 30.557685148, 0.946484202 ], [ 30.55562478, 0.951229594 ], [ 30.55145684, 0.955412777 ], [ 30.550739616, 0.961591918 ], [ 30.54417565, 0.964836195 ], [ 30.542733079, 0.973616326 ], [ 30.543512548, 0.975887032 ], [ 30.535900373, 0.967956152 ], [ 30.530015686, 0.966087935 ], [ 30.527712642, 0.962233678 ], [ 30.519244727, 0.95438109 ], [ 30.505391767, 0.943388397 ], [ 30.498310343, 0.939488592 ], [ 30.480862926, 0.919936972 ], [ 30.475723498, 0.920134081 ], [ 30.459166685, 0.913720388 ], [ 30.443370459, 0.913476071 ], [ 30.439162827, 0.910381182 ], [ 30.424638039, 0.90843238 ], [ 30.403694373, 0.900081146 ], [ 30.396819981, 0.895134105 ], [ 30.38351002, 0.892064969 ], [ 30.380808039, 0.889938303 ], [ 30.374932291, 0.890683356 ], [ 30.366031861, 0.884004242 ], [ 30.361761822, 0.876161164 ], [ 30.359973733, 0.880621156 ], [ 30.346482194, 0.899503721 ], [ 30.346021668, 0.885103316 ], [ 30.344481566, 0.883646082 ], [ 30.345043037, 0.88158277 ], [ 30.343098508, 0.880650042 ], [ 30.341343576, 0.873263234 ], [ 30.343498037, 0.869626899 ], [ 30.341366833, 0.866904426 ], [ 30.344251865, 0.859510845 ], [ 30.339818787, 0.856594977 ], [ 30.339100985, 0.853170203 ], [ 30.341359071, 0.851287698 ], [ 30.340435313, 0.850236824 ], [ 30.341833075, 0.844977115 ], [ 30.340602167, 0.84313851 ], [ 30.341980288, 0.842257166 ], [ 30.341809314, 0.838284204 ], [ 30.3386814, 0.835465267 ], [ 30.336473315, 0.835940079 ], [ 30.33439916, 0.834494278 ], [ 30.33571309, 0.829628176 ], [ 30.334429493, 0.827563644 ], [ 30.315787786, 0.82024234 ], [ 30.315352599, 0.818034816 ], [ 30.310375616, 0.814044852 ], [ 30.303884584, 0.814049809 ], [ 30.295433848, 0.808302473 ], [ 30.296114982, 0.798807065 ], [ 30.293474627, 0.795451984 ], [ 30.293360864, 0.792636431 ], [ 30.296464185, 0.789072701 ], [ 30.297510457, 0.785425059 ], [ 30.300418876, 0.784022293 ], [ 30.301951925, 0.779051101 ], [ 30.299170367, 0.776426067 ], [ 30.295863336, 0.773522032 ], [ 30.269791004, 0.761078436 ], [ 30.2580209, 0.746300359 ], [ 30.248059534, 0.736599717 ], [ 30.243192509, 0.74265562 ], [ 30.243094575, 0.745273022 ], [ 30.245242805, 0.74822057 ], [ 30.225611394, 0.750105861 ], [ 30.218474746, 0.752802692 ], [ 30.211987304, 0.748452262 ], [ 30.194410874, 0.731152088 ], [ 30.191801084, 0.726655571 ], [ 30.190262378, 0.718406053 ], [ 30.187698394, 0.716635209 ], [ 30.18624203, 0.716931759 ], [ 30.18606912, 0.720030232 ], [ 30.179911405, 0.722579821 ], [ 30.171897232, 0.73144004 ], [ 30.164393873, 0.732604526 ], [ 30.15996102, 0.727963496 ], [ 30.160686501, 0.722652691 ], [ 30.157431895, 0.718733957 ], [ 30.157109265, 0.716152313 ], [ 30.154604497, 0.715112226 ], [ 30.153060477, 0.709532983 ], [ 30.150275682, 0.708522411 ], [ 30.153374099, 0.70276802 ], [ 30.149924886, 0.697334541 ], [ 30.150097305, 0.69489668 ], [ 30.146225037, 0.690477283 ], [ 30.138184936, 0.675557889 ], [ 30.13265908, 0.672973259 ], [ 30.131963801, 0.66824039 ], [ 30.125829054, 0.65934552 ], [ 30.127801861, 0.647243079 ], [ 30.119569229, 0.623592582 ] ] ] } },
{ "type": "Feature", "properties": { "shapeName": "Kagadi", "shapeISO": "", "shapeID": "80733802B71547337781607", "shapeGroup": "UGA", "shapeType": "ADM2" }, "geometry": { "type": "Polygon", "coordinates": [ [ [ 30.561326675, 0.94050207 ], [ 30.561478752, 0.932280596 ], [ 30.568656604, 0.925950159 ], [ 30.571384754, 0.925499777 ], [ 30.5729698, 0.923412464 ], [ 30.573053288, 0.919454379 ], [ 30.583535053, 0.915962207 ], [ 30.586030369, 0.913381103 ], [ 30.598444551, 0.908118303 ], [ 30.616461049, 0.906321833 ], [ 30.617894648, 0.903240428 ], [ 30.623014889, 0.899285424 ], [ 30.623697054, 0.895866982 ], [ 30.626066909, 0.896521571 ], [ 30.626151542, 0.895359641 ], [ 30.629307387, 0.894905389 ], [ 30.630779663, 0.892167221 ], [ 30.6368762, 0.895087777 ], [ 30.638682556, 0.889858381 ], [ 30.643397313, 0.893679742 ], [ 30.645250429, 0.89342347 ], [ 30.643967281, 0.889661427 ], [ 30.647861756, 0.88943763 ], [ 30.65082457, 0.885999069 ], [ 30.651899142, 0.893229399 ], [ 30.6556213, 0.893658819 ], [ 30.664633911, 0.890558087 ], [ 30.670944813, 0.884246229 ], [ 30.672897883, 0.887428338 ], [ 30.674680419, 0.886168491 ], [ 30.677537285, 0.886806924 ], [ 30.677473819, 0.885030091 ], [ 30.679951368, 0.883112402 ], [ 30.685025236, 0.883245491 ], [ 30.68931887, 0.885127301 ], [ 30.695116082, 0.883784693 ], [ 30.69807293, 0.884967306 ], [ 30.702969558, 0.882554304 ], [ 30.705865143, 0.884851317 ], [ 30.707960673, 0.88272364 ], [ 30.721845908, 0.879792963 ], [ 30.724721206, 0.877184387 ], [ 30.726965785, 0.878420664 ], [ 30.729052163, 0.875273952 ], [ 30.728197216, 0.871359239 ], [ 30.73480548, 0.871680133 ], [ 30.736686971, 0.869530577 ], [ 30.736114967, 0.865376351 ], [ 30.737633375, 0.865125953 ], [ 30.738743701, 0.86177451 ], [ 30.745846964, 0.857694678 ], [ 30.75086219, 0.860712091 ], [ 30.756944761, 0.859234633 ], [ 30.760761854, 0.859785793 ], [ 30.762361398, 0.850399163 ], [ 30.767620211, 0.848459975 ], [ 30.773188099, 0.844015696 ], [ 30.780402585, 0.845610281 ], [ 30.783369075, 0.842065212 ], [ 30.783832588, 0.838420173 ], [ 30.788246967, 0.833856684 ], [ 30.79409405, 0.834600331 ], [ 30.7964646, 0.837377924 ], [ 30.805383545, 0.836439048 ], [ 30.810108273, 0.83847765 ], [ 30.816300526, 0.837886601 ], [ 30.822370856, 0.839994815 ], [ 30.828948296, 0.839286149 ], [ 30.835684107, 0.841972753 ], [ 30.841760136, 0.836840019 ], [ 30.852374735, 0.841990521 ], [ 30.858736007, 0.839237813 ], [ 30.869685812, 0.843947429 ], [ 30.871599194, 0.847937238 ], [ 30.870951625, 0.853571813 ], [ 30.878396068, 0.855777619 ], [ 30.886174255, 0.862963622 ], [ 30.883132973, 0.865708185 ], [ 30.879745437, 0.866343019 ], [ 30.879275667, 0.867920489 ], [ 30.882618659, 0.872733592 ], [ 30.886441453, 0.874271654 ], [ 30.886880293, 0.878453967 ], [ 30.891278769, 0.885823094 ], [ 30.886166267, 0.891747811 ], [ 30.893275208, 0.897803106 ], [ 30.902446581, 0.901500746 ], [ 30.907441153, 0.905541356 ], [ 30.911825462, 0.906780405 ], [ 30.910341692, 0.904072218 ], [ 30.912986679, 0.90752531 ], [ 30.92370919, 0.907789902 ], [ 30.92826122, 0.909447827 ], [ 30.931500306, 0.914789711 ], [ 30.930119289, 0.918675002 ], [ 30.935352246, 0.929744216 ], [ 30.938312861, 0.934045196 ], [ 30.944156372, 0.938462186 ], [ 30.944903488, 0.942111616 ], [ 30.952998757, 0.950467605 ], [ 30.957951447, 0.960710088 ], [ 30.961523183, 0.959439344 ], [ 30.965305268, 0.953815024 ], [ 30.965592062, 0.951088019 ], [ 30.978149179, 0.935995408 ], [ 30.981029881, 0.935509058 ], [ 30.983680954, 0.937606242 ], [ 30.984447775, 0.946621015 ], [ 30.992099876, 0.952366829 ], [ 31.023570692, 0.970032421 ], [ 31.027282317, 0.96559094 ], [ 31.033100417, 0.966989599 ], [ 31.034900076, 0.968354733 ], [ 31.035505825, 0.974622546 ], [ 31.045480088, 0.9749036 ], [ 31.054307223, 0.978447759 ], [ 31.060685877, 0.987698148 ], [ 31.067650023, 0.990243422 ], [ 31.074742475, 0.999494327 ], [ 31.082458508, 1.003794171 ], [ 31.09272397, 1.000680171 ], [ 31.101399885, 1.00245886 ], [ 31.110702353, 1.002383117 ], [ 31.119919732, 1.010275285 ], [ 31.12154786, 1.01308642 ], [ 31.122547593, 1.029695293 ], [ 31.132055035, 1.044060416 ], [ 31.127764522, 1.049428006 ], [ 31.12692227, 1.053108653 ], [ 31.124570791, 1.053654988 ], [ 31.123938322, 1.058181547 ], [ 31.119757069, 1.061337526 ], [ 31.12063128, 1.075171838 ], [ 31.117916111, 1.078715696 ], [ 31.117028045, 1.082891288 ], [ 31.114908188, 1.082889958 ], [ 31.113673802, 1.090474192 ], [ 31.115325129, 1.091765979 ], [ 31.113694606, 1.093397356 ], [ 31.11374264, 1.095557484 ], [ 31.115529103, 1.096798712 ], [ 31.114655573, 1.100865114 ], [ 31.109169426, 1.104656414 ], [ 31.109141843, 1.108860459 ], [ 31.107296374, 1.112058309 ], [ 31.108314382, 1.117176109 ], [ 31.106715742, 1.124797357 ], [ 31.109894541, 1.130409133 ], [ 31.108658287, 1.134699591 ], [ 31.102545088, 1.143229714 ], [ 31.100414904, 1.140271494 ], [ 31.096658408, 1.13937463 ], [ 31.090949103, 1.134258314 ], [ 31.087583615, 1.13387571 ], [ 31.083333638, 1.139300963 ], [ 31.084345563, 1.141592011 ], [ 31.076269813, 1.151259439 ], [ 31.069248084, 1.155891048 ], [ 31.06705089, 1.155765975 ], [ 31.065588246, 1.158557704 ], [ 31.060365854, 1.160922551 ], [ 31.054852992, 1.158310309 ], [ 31.050910724, 1.15193082 ], [ 31.050934265, 1.147478744 ], [ 31.047461252, 1.144225077 ], [ 31.047482352, 1.141743843 ], [ 31.040325793, 1.136778507 ], [ 31.031877383, 1.137706537 ], [ 31.023990126, 1.135977633 ], [ 31.005129798, 1.137349347 ], [ 30.999014965, 1.128332307 ], [ 30.984929317, 1.132632583 ], [ 30.978466009, 1.131666399 ], [ 30.974216905, 1.128126713 ], [ 30.972630194, 1.128583751 ], [ 30.969940645, 1.133735372 ], [ 30.96781127, 1.133495079 ], [ 30.9654822, 1.130300252 ], [ 30.957496026, 1.128250845 ], [ 30.956559819, 1.12637884 ], [ 30.95475417, 1.126908406 ], [ 30.952215556, 1.124918021 ], [ 30.948420977, 1.126470251 ], [ 30.938713443, 1.122604889 ], [ 30.929655434, 1.121973241 ], [ 30.923642958, 1.123324864 ], [ 30.923524352, 1.119922792 ], [ 30.920729039, 1.118209841 ], [ 30.918021632, 1.120027336 ], [ 30.914696424, 1.119676787 ], [ 30.908680068, 1.121840044 ], [ 30.901266154, 1.127730931 ], [ 30.897614415, 1.131468165 ], [ 30.898492573, 1.136191408 ], [ 30.890467824, 1.145630661 ], [ 30.881197203, 1.142074826 ], [ 30.878205616, 1.143375368 ], [ 30.875986761, 1.148494937 ], [ 30.867053798, 1.148701606 ], [ 30.856724014, 1.144117331 ], [ 30.850448107, 1.135313443 ], [ 30.849103194, 1.135683042 ], [ 30.848290327, 1.133352091 ], [ 30.833569918, 1.123752603 ], [ 30.833365549, 1.121966985 ], [ 30.83031972, 1.120735585 ], [ 30.81816683, 1.107167307 ], [ 30.816519057, 1.107643174 ], [ 30.81372803, 1.105833732 ], [ 30.813319889, 1.107800415 ], [ 30.807476626, 1.11140029 ], [ 30.808199561, 1.11551152 ], [ 30.802770425, 1.12028793 ], [ 30.795042672, 1.121032472 ], [ 30.793473698, 1.119280343 ], [ 30.786912363, 1.117280534 ], [ 30.780771968, 1.109470063 ], [ 30.77230006, 1.093318877 ], [ 30.767146446, 1.090821032 ], [ 30.765560637, 1.086924164 ], [ 30.767103393, 1.083640437 ], [ 30.764710264, 1.081882838 ], [ 30.764764462, 1.080039543 ], [ 30.758393031, 1.078453255 ], [ 30.759952156, 1.072288461 ], [ 30.748584231, 1.071247384 ], [ 30.74304698, 1.074192848 ], [ 30.737907337, 1.080439174 ], [ 30.723713082, 1.086901614 ], [ 30.70451809, 1.106903224 ], [ 30.690378893, 1.108940811 ], [ 30.6791076, 1.108043775 ], [ 30.672843981, 1.110592898 ], [ 30.666986466, 1.118936143 ], [ 30.662352183, 1.120159145 ], [ 30.649648009, 1.12748745 ], [ 30.616177414, 1.150966726 ], [ 30.562502741, 1.19447614 ], [ 30.550470387, 1.206360112 ], [ 30.551007952, 1.03697566 ], [ 30.549958814, 1.033279544 ], [ 30.544370649, 1.025782921 ], [ 30.538295988, 1.009212019 ], [ 30.53912142, 0.996348603 ], [ 30.542350529, 0.992102675 ], [ 30.549708443, 0.988626537 ], [ 30.553081329, 0.984521464 ], [ 30.545926757, 0.981455712 ], [ 30.546989383, 0.979384913 ], [ 30.545771939, 0.978731998 ], [ 30.546160242, 0.976975094 ], [ 30.543512548, 0.975887032 ], [ 30.542733079, 0.973616326 ], [ 30.54417565, 0.964836195 ], [ 30.550739616, 0.961591918 ], [ 30.55145684, 0.955412777 ], [ 30.55562478, 0.951229594 ], [ 30.557685148, 0.946484202 ], [ 30.56220379, 0.944335807 ], [ 30.561326675, 0.94050207 ] ] ] } },
{ "type": "Feature", "properties": { "shapeName": "Kakumiro", "shapeISO": "", "shapeID": "80733802B52683283586705", "shapeGroup": "UGA", "shapeType": "ADM2" }, "geometry": { "type": "Polygon", "coordinates": [ [ [ 31.29244254, 1.208158235 ], [ 31.285695672, 1.200867477 ], [ 31.277163876, 1.197741566 ], [ 31.268035382, 1.198458575 ], [ 31.258386402, 1.202761389 ], [ 31.239593675, 1.217152434 ], [ 31.221533977, 1.218010516 ], [ 31.217714031, 1.216827596 ], [ 31.215407002, 1.214306132 ], [ 31.209650915, 1.200421195 ], [ 31.203304795, 1.192504683 ], [ 31.183349516, 1.180842088 ], [ 31.174601675, 1.181065969 ], [ 31.162578438, 1.188196647 ], [ 31.152791712, 1.190797402 ], [ 31.131228781, 1.192044941 ], [ 31.127241342, 1.187255901 ], [ 31.119843742, 1.183919715 ], [ 31.11700676, 1.181010179 ], [ 31.119875377, 1.172980347 ], [ 31.119376884, 1.169367431 ], [ 31.115535692, 1.167880195 ], [ 31.107338789, 1.167870386 ], [ 31.105892262, 1.154877694 ], [ 31.103214829, 1.154703747 ], [ 31.098256487, 1.150448579 ], [ 31.094874164, 1.15156151 ], [ 31.090548746, 1.150048307 ], [ 31.084345563, 1.141592011 ], [ 31.083333638, 1.139300963 ], [ 31.087583615, 1.13387571 ], [ 31.090949103, 1.134258314 ], [ 31.096658408, 1.13937463 ], [ 31.100414904, 1.140271494 ], [ 31.102545088, 1.143229714 ], [ 31.108658287, 1.134699591 ], [ 31.109894541, 1.130409133 ], [ 31.106715742, 1.124797357 ], [ 31.108314382, 1.117176109 ], [ 31.107296374, 1.112058309 ], [ 31.109141843, 1.108860459 ], [ 31.109169426, 1.104656414 ], [ 31.114655573, 1.100865114 ], [ 31.115529103, 1.096798712 ], [ 31.11374264, 1.095557484 ], [ 31.113694606, 1.093397356 ], [ 31.115325129, 1.091765979 ], [ 31.113673802, 1.090474192 ], [ 31.114908188, 1.082889958 ], [ 31.117028045, 1.082891288 ], [ 31.117916111, 1.078715696 ], [ 31.12063128, 1.075171838 ], [ 31.119757069, 1.061337526 ], [ 31.123938322, 1.058181547 ], [ 31.124570791, 1.053654988 ], [ 31.12692227, 1.053108653 ], [ 31.127764522, 1.049428006 ], [ 31.132055035, 1.044060416 ], [ 31.122547593, 1.029695293 ], [ 31.12154786, 1.01308642 ], [ 31.119919732, 1.010275285 ], [ 31.121411159, 1.00032598 ], [ 31.125264549, 0.996386876 ], [ 31.123271187, 0.996239915 ], [ 31.120939326, 0.993414567 ], [ 31.122241233, 0.989071728 ], [ 31.120942637, 0.984112587 ], [ 31.12353292, 0.973709617 ], [ 31.120289654, 0.971257747 ], [ 31.122590768, 0.969107724 ], [ 31.121298408, 0.965802779 ], [ 31.123486626, 0.962261083 ], [ 31.122699473, 0.958398352 ], [ 31.118863402, 0.956782186 ], [ 31.118218303, 0.952489934 ], [ 31.120009529, 0.951008485 ], [ 31.12257698, 0.941798068 ], [ 31.128188258, 0.93756796 ], [ 31.130135528, 0.93789895 ], [ 31.131660374, 0.930979757 ], [ 31.13329711, 0.929355393 ], [ 31.133447349, 0.925085766 ], [ 31.145250115, 0.915169492 ], [ 31.15178981, 0.913489918 ], [ 31.161363875, 0.906868366 ], [ 31.163056563, 0.901785339 ], [ 31.163699251, 0.891361112 ], [ 31.166130602, 0.888972181 ], [ 31.168297078, 0.882862759 ], [ 31.167225231, 0.879453599 ], [ 31.172163331, 0.878897358 ], [ 31.172659066, 0.876010506 ], [ 31.180980777, 0.875592099 ], [ 31.184160225, 0.873392765 ], [ 31.183431639, 0.869005117 ], [ 31.184638604, 0.86506764 ], [ 31.187841947, 0.863035206 ], [ 31.18941704, 0.8592164 ], [ 31.192217414, 0.857852439 ], [ 31.194267537, 0.854199836 ], [ 31.19340942, 0.850909578 ], [ 31.190486991, 0.84898214 ], [ 31.191964445, 0.842587431 ], [ 31.196319928, 0.841149432 ], [ 31.195891177, 0.839814382 ], [ 31.19790794, 0.838403915 ], [ 31.198046082, 0.835200108 ], [ 31.202176586, 0.828188374 ], [ 31.20500183, 0.827945369 ], [ 31.206613759, 0.825390605 ], [ 31.208447708, 0.819424587 ], [ 31.212963697, 0.81252403 ], [ 31.21594108, 0.798851781 ], [ 31.221456233, 0.79150904 ], [ 31.224552017, 0.784046755 ], [ 31.227948986, 0.782473968 ], [ 31.226966134, 0.778612127 ], [ 31.228779518, 0.775389298 ], [ 31.238043382, 0.770479106 ], [ 31.239606067, 0.766373878 ], [ 31.245287894, 0.761904127 ], [ 31.250738512, 0.760603629 ], [ 31.255188006, 0.761909396 ], [ 31.265742854, 0.751173509 ], [ 31.288593584, 0.739807852 ], [ 31.317567812, 0.728870614 ], [ 31.351107912, 0.711385759 ], [ 31.354515274, 0.711386989 ], [ 31.369545514, 0.704718164 ], [ 31.374837168, 0.703398308 ], [ 31.382785857, 0.707422743 ], [ 31.384812384, 0.716281277 ], [ 31.392569678, 0.733051365 ], [ 31.402229301, 0.744142495 ], [ 31.40619141, 0.742163347 ], [ 31.40716425, 0.745073098 ], [ 31.408728894, 0.74513969 ], [ 31.409126356, 0.755431715 ], [ 31.407659959, 0.759338104 ], [ 31.40438737, 0.801282067 ], [ 31.409406357, 0.807967429 ], [ 31.421525641, 0.811237046 ], [ 31.429178267, 0.818475187 ], [ 31.434761508, 0.816894703 ], [ 31.444975953, 0.825354834 ], [ 31.44095957, 0.829875228 ], [ 31.437561512, 0.836973377 ], [ 31.437390826, 0.850157896 ], [ 31.44007632, 0.856775094 ], [ 31.449390426, 0.865005215 ], [ 31.450352756, 0.869991822 ], [ 31.449250786, 0.877634475 ], [ 31.453152427, 0.885180483 ], [ 31.454228289, 0.893199308 ], [ 31.452028218, 0.898906026 ], [ 31.448926503, 0.902281885 ], [ 31.446121125, 0.900937702 ], [ 31.446454019, 0.902537564 ], [ 31.444256, 0.903366098 ], [ 31.44588386, 0.905164016 ], [ 31.441761679, 0.908796149 ], [ 31.439508811, 0.909133209 ], [ 31.435675699, 0.916100811 ], [ 31.434358282, 0.92238057 ], [ 31.43484579, 0.929293112 ], [ 31.430309066, 0.938356078 ], [ 31.432580357, 0.949199569 ], [ 31.443351282, 0.952897653 ], [ 31.44666583, 0.956493592 ], [ 31.455162, 0.957188702 ], [ 31.459967207, 0.962286316 ], [ 31.469285458, 0.9677415 ], [ 31.475596101, 0.968260265 ], [ 31.485240079, 0.973460531 ], [ 31.486929653, 0.975073263 ], [ 31.487893554, 0.980750653 ], [ 31.490443982, 0.982361308 ], [ 31.49936102, 0.982980369 ], [ 31.509222181, 0.987796369 ], [ 31.510941912, 0.993585471 ], [ 31.517286522, 0.996066485 ], [ 31.519578945, 1.001485056 ], [ 31.526619838, 1.011057149 ], [ 31.528598543, 1.019731565 ], [ 31.527082849, 1.028160836 ], [ 31.522790423, 1.035022797 ], [ 31.514781421, 1.040590291 ], [ 31.513166579, 1.047209923 ], [ 31.506653465, 1.049467857 ], [ 31.499803699, 1.054059006 ], [ 31.492314618, 1.054787566 ], [ 31.486109625, 1.057552025 ], [ 31.480932536, 1.062725911 ], [ 31.480396122, 1.066546966 ], [ 31.476910782, 1.071698337 ], [ 31.467190316, 1.074144659 ], [ 31.466376379, 1.077560776 ], [ 31.462870444, 1.078809863 ], [ 31.457537283, 1.089237814 ], [ 31.453758699, 1.093560769 ], [ 31.450794543, 1.101284001 ], [ 31.439208719, 1.108677275 ], [ 31.431954028, 1.118906328 ], [ 31.426152951, 1.122719715 ], [ 31.426262857, 1.128761093 ], [ 31.423680668, 1.132051653 ], [ 31.422725772, 1.136609242 ], [ 31.422628056, 1.14791403 ], [ 31.420086012, 1.154686466 ], [ 31.41748799, 1.157551908 ], [ 31.409723461, 1.161490629 ], [ 31.397679465, 1.162994072 ], [ 31.392092743, 1.162439198 ], [ 31.383245842, 1.156510479 ], [ 31.37807305, 1.157918314 ], [ 31.367437061, 1.162859017 ], [ 31.360748443, 1.168959533 ], [ 31.351513747, 1.172101235 ], [ 31.345662176, 1.178545788 ], [ 31.342035074, 1.186113029 ], [ 31.333138891, 1.192664152 ], [ 31.319468651, 1.197801461 ], [ 31.30272693, 1.197673487 ], [ 31.297662175, 1.203358554 ], [ 31.297113412, 1.207174481 ], [ 31.29244254, 1.208158235 ] ] ] } },
{ "type": "Feature", "properties": { "shapeName": "Kamwenge", "shapeISO": "", "shapeID": "80733802B78235914900020", "shapeGroup": "UGA", "shapeType": "ADM2" }, "geometry": { "type": "Polygon", "coordinates": [ [ [ 30.604933425, 0.165236189 ], [ 30.6073066, 0.168362009 ], [ 30.612545533, 0.167418233 ], [ 30.61451215, 0.16903654 ], [ 30.617888679, 0.167843754 ], [ 30.621219529, 0.164282858 ], [ 30.625683443, 0.165666197 ], [ 30.632635446, 0.173992498 ], [ 30.641962238, 0.179489793 ], [ 30.643785362, 0.193510529 ], [ 30.645819011, 0.196475826 ], [ 30.650068185, 0.194189396 ], [ 30.656460759, 0.195813381 ], [ 30.663822659, 0.201964784 ], [ 30.665038829, 0.208185106 ], [ 30.669273848, 0.210093146 ], [ 30.672611233, 0.208177208 ], [ 30.686508736, 0.208043697 ], [ 30.699540322, 0.201726675 ], [ 30.706572517, 0.202224891 ], [ 30.712429648, 0.205868892 ], [ 30.720251884, 0.201133001 ], [ 30.722782297, 0.197345536 ], [ 30.729771682, 0.195737356 ], [ 30.742891138, 0.199807292 ], [ 30.749837337, 0.197683789 ], [ 30.753901974, 0.194701034 ], [ 30.761556914, 0.193734752 ], [ 30.765582415, 0.196131007 ], [ 30.768539982, 0.202794216 ], [ 30.773122994, 0.21083184 ], [ 30.771201868, 0.213498495 ], [ 30.772835264, 0.225549682 ], [ 30.778603177, 0.227873991 ], [ 30.7781946, 0.229573541 ], [ 30.77979104, 0.231662152 ], [ 30.781633964, 0.23137315 ], [ 30.786980515, 0.236499996 ], [ 30.786045424, 0.24020647 ], [ 30.788348422, 0.24436551 ], [ 30.789855737, 0.254021095 ], [ 30.797629728, 0.262240372 ], [ 30.799077345, 0.267854862 ], [ 30.802032926, 0.269591206 ], [ 30.802497929, 0.275738935 ], [ 30.805791061, 0.282230754 ], [ 30.811397366, 0.284736104 ], [ 30.810128189, 0.286977952 ], [ 30.811546711, 0.291046546 ], [ 30.814334758, 0.292068697 ], [ 30.820514356, 0.299881134 ], [ 30.823489079, 0.310378079 ], [ 30.822104183, 0.318207096 ], [ 30.831181655, 0.326951517 ], [ 30.831040213, 0.328886222 ], [ 30.833820369, 0.331445393 ], [ 30.843737247, 0.333273852 ], [ 30.850449125, 0.337560748 ], [ 30.854119882, 0.361709979 ], [ 30.859813391, 0.371403291 ], [ 30.858582456, 0.379051571 ], [ 30.854405714, 0.386854613 ], [ 30.852818407, 0.397059637 ], [ 30.852362784, 0.40061409 ], [ 30.83585808, 0.40364386 ], [ 30.832755123, 0.408120466 ], [ 30.825563213, 0.413488727 ], [ 30.822551101, 0.420710008 ], [ 30.818892332, 0.4250588 ], [ 30.814478892, 0.426174593 ], [ 30.811232121, 0.424958249 ], [ 30.809384907, 0.430910342 ], [ 30.795905488, 0.430774507 ], [ 30.793838626, 0.431908664 ], [ 30.784629851, 0.443237064 ], [ 30.781284197, 0.444105587 ], [ 30.775733501, 0.449853645 ], [ 30.771906757, 0.450449132 ], [ 30.765234796, 0.455301768 ], [ 30.76356428, 0.462235237 ], [ 30.75735571, 0.467684598 ], [ 30.755979857, 0.471390701 ], [ 30.737005125, 0.472921322 ], [ 30.726909426, 0.467105143 ], [ 30.704236826, 0.464525321 ], [ 30.695819743, 0.465101467 ], [ 30.691142154, 0.460968534 ], [ 30.689260989, 0.45831015 ], [ 30.690154513, 0.443205901 ], [ 30.679269188, 0.432493757 ], [ 30.672388767, 0.430475739 ], [ 30.66740812, 0.425203992 ], [ 30.666343982, 0.416977453 ], [ 30.663262761, 0.40882265 ], [ 30.658779465, 0.40548566 ], [ 30.651404032, 0.39601893 ], [ 30.648793656, 0.396650957 ], [ 30.642649823, 0.392635584 ], [ 30.641892445, 0.388233065 ], [ 30.639212364, 0.385339628 ], [ 30.639426852, 0.382917071 ], [ 30.635607953, 0.379978135 ], [ 30.635798763, 0.377410943 ], [ 30.630057709, 0.375122349 ], [ 30.626001589, 0.371622935 ], [ 30.618551275, 0.371539545 ], [ 30.614922495, 0.367669663 ], [ 30.607765545, 0.36413331 ], [ 30.594184262, 0.372698918 ], [ 30.591724782, 0.370926532 ], [ 30.590029964, 0.366921657 ], [ 30.580292138, 0.361820865 ], [ 30.563618232, 0.347136812 ], [ 30.558624849, 0.344703993 ], [ 30.558251268, 0.357207904 ], [ 30.56014185, 0.362659761 ], [ 30.563362561, 0.364191463 ], [ 30.5653346, 0.368842904 ], [ 30.553525552, 0.383370628 ], [ 30.550825202, 0.388862054 ], [ 30.547762869, 0.391089347 ], [ 30.548413193, 0.396088113 ], [ 30.547154635, 0.398428838 ], [ 30.54849444, 0.400282239 ], [ 30.546238587, 0.404312948 ], [ 30.545005248, 0.403480983 ], [ 30.542916745, 0.404790994 ], [ 30.537580432, 0.400260845 ], [ 30.535883685, 0.400938248 ], [ 30.535908002, 0.39938356 ], [ 30.533438403, 0.404209586 ], [ 30.529926022, 0.406242253 ], [ 30.527609848, 0.412984531 ], [ 30.527879508, 0.420071091 ], [ 30.525005833, 0.426108122 ], [ 30.5297594, 0.433620982 ], [ 30.531373456, 0.432310876 ], [ 30.534918923, 0.435692599 ], [ 30.53795657, 0.434256414 ], [ 30.537408003, 0.44032136 ], [ 30.540598916, 0.440855726 ], [ 30.542020893, 0.444327165 ], [ 30.540952382, 0.446134597 ], [ 30.544392559, 0.446379814 ], [ 30.544829498, 0.450781949 ], [ 30.5470836, 0.450330768 ], [ 30.547686564, 0.454784554 ], [ 30.545740464, 0.455883247 ], [ 30.546190323, 0.457865626 ], [ 30.542844623, 0.458438867 ], [ 30.543827698, 0.46169905 ], [ 30.542034527, 0.465484688 ], [ 30.540444569, 0.466057909 ], [ 30.537558395, 0.473067867 ], [ 30.532560779, 0.479600087 ], [ 30.522464838, 0.480495618 ], [ 30.518179999, 0.485069272 ], [ 30.519602814, 0.4865501 ], [ 30.515366695, 0.488568173 ], [ 30.511666763, 0.48594091 ], [ 30.509626113, 0.486394658 ], [ 30.50569613, 0.49299836 ], [ 30.496756199, 0.500836773 ], [ 30.496887305, 0.506894196 ], [ 30.499048869, 0.506847135 ], [ 30.501045996, 0.509262548 ], [ 30.503503186, 0.5087556 ], [ 30.503435117, 0.512393638 ], [ 30.505353992, 0.512456917 ], [ 30.503719715, 0.515228204 ], [ 30.505285234, 0.520928766 ], [ 30.504302546, 0.523659423 ], [ 30.506517086, 0.523819716 ], [ 30.505549076, 0.527031202 ], [ 30.507424373, 0.5282292 ], [ 30.506592423, 0.531600224 ], [ 30.50777378, 0.531741633 ], [ 30.508600192, 0.534721158 ], [ 30.506929142, 0.537529617 ], [ 30.506911841, 0.539009451 ], [ 30.508142041, 0.539076592 ], [ 30.507220615, 0.541769912 ], [ 30.504604926, 0.542561299 ], [ 30.503637478, 0.54589606 ], [ 30.499997993, 0.548159419 ], [ 30.49915633, 0.551894646 ], [ 30.496763807, 0.552648327 ], [ 30.493014463, 0.557929667 ], [ 30.488112819, 0.555966805 ], [ 30.484371949, 0.561513529 ], [ 30.480977594, 0.562959869 ], [ 30.478523555, 0.566626759 ], [ 30.474098496, 0.565422781 ], [ 30.474918474, 0.568339496 ], [ 30.46983474, 0.572425434 ], [ 30.469398322, 0.571116867 ], [ 30.46885453, 0.57410502 ], [ 30.465580364, 0.571087611 ], [ 30.464268294, 0.572488986 ], [ 30.453619903, 0.569768662 ], [ 30.452787627, 0.567211685 ], [ 30.45414603, 0.564930817 ], [ 30.42889655, 0.550632522 ], [ 30.428124296, 0.541086671 ], [ 30.425665742, 0.536032237 ], [ 30.42421682, 0.535171528 ], [ 30.421366604, 0.536747457 ], [ 30.41930014, 0.536244925 ], [ 30.417316755, 0.534201294 ], [ 30.41743533, 0.529565981 ], [ 30.412506478, 0.522766492 ], [ 30.402423561, 0.5181395 ], [ 30.39892006, 0.515856441 ], [ 30.39877747, 0.514327226 ], [ 30.395262148, 0.512940176 ], [ 30.392613436, 0.505544319 ], [ 30.389632478, 0.502998673 ], [ 30.384122004, 0.500750806 ], [ 30.379039205, 0.500820724 ], [ 30.377281485, 0.498621971 ], [ 30.373980007, 0.497712901 ], [ 30.373190271, 0.493689794 ], [ 30.369851697, 0.489539659 ], [ 30.371931048, 0.484845366 ], [ 30.37026774, 0.479585602 ], [ 30.372964844, 0.479002773 ], [ 30.375697617, 0.475802883 ], [ 30.3745095, 0.472790234 ], [ 30.378252206, 0.467165445 ], [ 30.376529401, 0.464761725 ], [ 30.379879971, 0.461132196 ], [ 30.379297777, 0.456052761 ], [ 30.377182879, 0.455285856 ], [ 30.378667984, 0.446312699 ], [ 30.36775566, 0.435283943 ], [ 30.366793162, 0.429869593 ], [ 30.358404716, 0.419369295 ], [ 30.361469881, 0.413325509 ], [ 30.366305426, 0.410617482 ], [ 30.365841831, 0.404821226 ], [ 30.368788206, 0.401071694 ], [ 30.370867412, 0.400488105 ], [ 30.37721214, 0.402884167 ], [ 30.379315103, 0.401942093 ], [ 30.378934613, 0.396325118 ], [ 30.385219647, 0.392208203 ], [ 30.392810511, 0.370836112 ], [ 30.391919234, 0.368552773 ], [ 30.386714916, 0.365249691 ], [ 30.381926236, 0.358923599 ], [ 30.377933901, 0.356243104 ], [ 30.378016877, 0.353912882 ], [ 30.380749478, 0.352792056 ], [ 30.383327333, 0.348360836 ], [ 30.384176953, 0.338908816 ], [ 30.383412, 0.335029507 ], [ 30.378375188, 0.334327101 ], [ 30.379525229, 0.330378223 ], [ 30.378052734, 0.32480457 ], [ 30.380351518, 0.321697231 ], [ 30.377554756, 0.320633259 ], [ 30.373488926, 0.312576126 ], [ 30.369010148, 0.308211052 ], [ 30.369521388, 0.305851032 ], [ 30.374699002, 0.300115502 ], [ 30.378882455, 0.302096958 ], [ 30.381529543, 0.298218515 ], [ 30.385660541, 0.301257366 ], [ 30.384965087, 0.297471566 ], [ 30.388448657, 0.289924491 ], [ 30.388684098, 0.280308434 ], [ 30.385428, 0.276240655 ], [ 30.373107843, 0.280820044 ], [ 30.368877975, 0.280123169 ], [ 30.365991049, 0.281405867 ], [ 30.360513539, 0.278684264 ], [ 30.349190567, 0.276160186 ], [ 30.341385568, 0.28069526 ], [ 30.336596885, 0.275479508 ], [ 30.329789019, 0.274881485 ], [ 30.328078363, 0.275974627 ], [ 30.323705984, 0.27411192 ], [ 30.312621685, 0.275871674 ], [ 30.309223393, 0.273231999 ], [ 30.30682364, 0.27373754 ], [ 30.305242827, 0.268260588 ], [ 30.294290816, 0.266631783 ], [ 30.294435506, 0.26513263 ], [ 30.292249496, 0.264987384 ], [ 30.291631435, 0.263074967 ], [ 30.287888824, 0.26102846 ], [ 30.28948026, 0.257564491 ], [ 30.288255892, 0.253130252 ], [ 30.289609891, 0.250884898 ], [ 30.288925881, 0.246926382 ], [ 30.29092244, 0.242403559 ], [ 30.288929858, 0.240170768 ], [ 30.290723002, 0.225189179 ], [ 30.287903342, 0.218710641 ], [ 30.28828755, 0.214600511 ], [ 30.28605298, 0.210924273 ], [ 30.288629908, 0.210159888 ], [ 30.289295546, 0.206728753 ], [ 30.292454117, 0.208403043 ], [ 30.298772819, 0.202880775 ], [ 30.301765511, 0.203048637 ], [ 30.300269602, 0.200202947 ], [ 30.300644298, 0.196813619 ], [ 30.304634449, 0.196897987 ], [ 30.308126277, 0.194387893 ], [ 30.315358748, 0.193301052 ], [ 30.32001529, 0.185351246 ], [ 30.321843954, 0.186606949 ], [ 30.324088941, 0.183426978 ], [ 30.317854303, 0.182505497 ], [ 30.322510218, 0.178489035 ], [ 30.322843289, 0.17455563 ], [ 30.326334866, 0.174054049 ], [ 30.326335178, 0.171961794 ], [ 30.329328307, 0.168949309 ], [ 30.331489541, 0.170037587 ], [ 30.333401647, 0.169284653 ], [ 30.33448217, 0.17070753 ], [ 30.339387091, 0.16987129 ], [ 30.339137837, 0.16844854 ], [ 30.343212052, 0.16326018 ], [ 30.342879919, 0.160247257 ], [ 30.357346733, 0.155491156 ], [ 30.360770279, 0.15656708 ], [ 30.362015677, 0.151370565 ], [ 30.365036093, 0.152545845 ], [ 30.374347133, 0.148642688 ], [ 30.378525923, 0.148787803 ], [ 30.382564982, 0.144486279 ], [ 30.392595856, 0.146244887 ], [ 30.396534455, 0.149857914 ], [ 30.400308146, 0.150599214 ], [ 30.406251633, 0.147298876 ], [ 30.414189064, 0.13996538 ], [ 30.412580164, 0.143640231 ], [ 30.416247505, 0.160322587 ], [ 30.426311671, 0.161846477 ], [ 30.432239254, 0.159007455 ], [ 30.439909266, 0.161873559 ], [ 30.449695828, 0.160500996 ], [ 30.455483263, 0.151906246 ], [ 30.458855576, 0.149647054 ], [ 30.459597803, 0.145959476 ], [ 30.465744368, 0.138006359 ], [ 30.466452854, 0.134734519 ], [ 30.470395404, 0.132265157 ], [ 30.477082641, 0.130939474 ], [ 30.477402194, 0.128246028 ], [ 30.479363526, 0.126339095 ], [ 30.475702096, 0.122759479 ], [ 30.479357426, 0.115131309 ], [ 30.476697007, 0.114859911 ], [ 30.476605014, 0.108053899 ], [ 30.472112107, 0.104365811 ], [ 30.474480672, 0.10368812 ], [ 30.475460131, 0.100000488 ], [ 30.477405304, 0.099657179 ], [ 30.481455029, 0.095111109 ], [ 30.483638673, 0.094975695 ], [ 30.487480288, 0.098971043 ], [ 30.49408466, 0.09738076 ], [ 30.497563303, 0.102424602 ], [ 30.500062167, 0.111074821 ], [ 30.507252189, 0.118794524 ], [ 30.509436599, 0.118469332 ], [ 30.510716742, 0.12109069 ], [ 30.513886066, 0.122663736 ], [ 30.521675456, 0.119627434 ], [ 30.52417991, 0.120558668 ], [ 30.524911013, 0.122827488 ], [ 30.529051995, 0.122981544 ], [ 30.537132193, 0.131234862 ], [ 30.542321311, 0.13279009 ], [ 30.542007358, 0.134055513 ], [ 30.546047445, 0.139045456 ], [ 30.546668197, 0.141947042 ], [ 30.545541893, 0.142525415 ], [ 30.547810053, 0.145445262 ], [ 30.551120582, 0.146964189 ], [ 30.553989495, 0.145843669 ], [ 30.559215761, 0.148140179 ], [ 30.560539333, 0.147516631 ], [ 30.564061901, 0.150029902 ], [ 30.564870054, 0.153058101 ], [ 30.569431147, 0.152416852 ], [ 30.57329525, 0.155725639 ], [ 30.577405965, 0.155671888 ], [ 30.578753497, 0.159088871 ], [ 30.585780466, 0.158203867 ], [ 30.589777442, 0.160518402 ], [ 30.595352919, 0.160166541 ], [ 30.604933425, 0.165236189 ] ] ] } },
{ "type": "Feature", "properties": { "shapeName": "Kanungu", "shapeISO": "", "shapeID": "80733802B38216909287240", "shapeGroup": "UGA", "shapeType": "ADM2" }, "geometry": { "type": "Polygon", "coordinates": [ [ [ 29.751627773, -1.078084456 ], [ 29.754668188, -1.0702808 ], [ 29.758496245, -1.06527312 ], [ 29.765418664, -1.064451991 ], [ 29.765728814, -1.063021017 ], [ 29.755555805, -1.049829207 ], [ 29.754220639, -1.043496594 ], [ 29.75561778, -1.035423527 ], [ 29.753282974, -1.031404212 ], [ 29.757772661, -1.029377892 ], [ 29.764457171, -1.028914229 ], [ 29.761646741, -1.025586466 ], [ 29.758869646, -1.024584164 ], [ 29.750499186, -1.025214439 ], [ 29.749767031, -1.021255129 ], [ 29.746597745, -1.019808516 ], [ 29.745858155, -1.017455489 ], [ 29.742201257, -1.017087761 ], [ 29.742649356, -1.015315458 ], [ 29.739394282, -1.013707453 ], [ 29.739789494, -1.012059488 ], [ 29.737588947, -1.010412202 ], [ 29.741943937, -1.00222426 ], [ 29.749365568, -1.00169043 ], [ 29.756063483, -0.995416596 ], [ 29.76373177, -0.993070362 ], [ 29.764394013, -0.99032542 ], [ 29.767127983, -0.987918418 ], [ 29.767408857, -0.992924817 ], [ 29.769727359, -0.992490225 ], [ 29.773744105, -0.998457059 ], [ 29.779662424, -1.001804067 ], [ 29.784504944, -1.009300795 ], [ 29.788652362, -1.010861439 ], [ 29.788821538, -1.012673221 ], [ 29.792227628, -1.013444265 ], [ 29.793854103, -1.018624556 ], [ 29.797432263, -1.018267635 ], [ 29.801280544, -1.021849774 ], [ 29.805672064, -1.030041577 ], [ 29.821302638, -1.027286275 ], [ 29.831467337, -1.034117952 ], [ 29.831822207, -1.035737586 ], [ 29.834126271, -1.035040665 ], [ 29.839440085, -1.044789965 ], [ 29.848340912, -1.050338538 ], [ 29.852383302, -1.056839232 ], [ 29.860747015, -1.063961074 ], [ 29.86544182, -1.065042974 ], [ 29.869318919, -1.070176727 ], [ 29.876361069, -1.066494407 ], [ 29.881612885, -1.061549684 ], [ 29.887785177, -1.050146771 ], [ 29.891031169, -1.049165514 ], [ 29.894092564, -1.049996659 ], [ 29.900021226, -1.046531223 ], [ 29.900195519, -1.041358092 ], [ 29.894296804, -1.030662788 ], [ 29.893044403, -1.025119661 ], [ 29.885262172, -1.019135599 ], [ 29.886907658, -1.014746991 ], [ 29.890087763, -1.012492424 ], [ 29.89121104, -1.007109391 ], [ 29.888532416, -1.006698415 ], [ 29.883089374, -0.999390867 ], [ 29.876890362, -0.995219366 ], [ 29.874667409, -0.99202875 ], [ 29.87034862, -0.990563876 ], [ 29.863311991, -0.978405411 ], [ 29.856502311, -0.970413171 ], [ 29.856450138, -0.966860588 ], [ 29.859327365, -0.962393671 ], [ 29.855961253, -0.95617617 ], [ 29.855349255, -0.950248042 ], [ 29.851488942, -0.943177303 ], [ 29.850872873, -0.9377017 ], [ 29.85412015, -0.927784221 ], [ 29.854448751, -0.913775621 ], [ 29.863555784, -0.910474313 ], [ 29.864182409, -0.908773186 ], [ 29.871281024, -0.905553671 ], [ 29.880773214, -0.897657687 ], [ 29.885715772, -0.896217895 ], [ 29.882564952, -0.892304078 ], [ 29.879167344, -0.883565426 ], [ 29.869454225, -0.873879095 ], [ 29.862573533, -0.862427317 ], [ 29.860288827, -0.8615122 ], [ 29.857635528, -0.854335917 ], [ 29.850534429, -0.850515073 ], [ 29.843837715, -0.844297908 ], [ 29.842174216, -0.84095585 ], [ 29.843628464, -0.831825777 ], [ 29.840910448, -0.825262463 ], [ 29.84130287, -0.821610999 ], [ 29.83783518, -0.815074366 ], [ 29.83508755, -0.812949731 ], [ 29.830829004, -0.813289716 ], [ 29.826345987, -0.809915236 ], [ 29.826948482, -0.804453106 ], [ 29.821317163, -0.79094396 ], [ 29.822776987, -0.773043888 ], [ 29.821909476, -0.768707445 ], [ 29.824081585, -0.756499637 ], [ 29.819380743, -0.749870305 ], [ 29.818873937, -0.745347971 ], [ 29.809080166, -0.739517579 ], [ 29.802502129, -0.722970403 ], [ 29.804783422, -0.715170942 ], [ 29.802399457, -0.711413149 ], [ 29.801812465, -0.701749112 ], [ 29.804941712, -0.696340793 ], [ 29.803595101, -0.69442644 ], [ 29.802264575, -0.694975898 ], [ 29.801689478, -0.692358172 ], [ 29.803780436, -0.691569548 ], [ 29.805187438, -0.687080209 ], [ 29.802167055, -0.686608534 ], [ 29.797080866, -0.680771851 ], [ 29.793985279, -0.671123482 ], [ 29.792014729, -0.672768937 ], [ 29.789076937, -0.671904395 ], [ 29.789882106, -0.670046431 ], [ 29.78745218, -0.667264856 ], [ 29.787245368, -0.664539513 ], [ 29.784152612, -0.663425281 ], [ 29.782588246, -0.659345103 ], [ 29.779162193, -0.657969525 ], [ 29.777563247, -0.654520247 ], [ 29.780639609, -0.653051667 ], [ 29.782864733, -0.647454237 ], [ 29.786393079, -0.646127785 ], [ 29.787835543, -0.641650317 ], [ 29.79877389, -0.635765878 ], [ 29.797083933, -0.634697213 ], [ 29.799031981, -0.633813474 ], [ 29.797554661, -0.631982721 ], [ 29.79869341, -0.630576495 ], [ 29.792525465, -0.62489648 ], [ 29.793849257, -0.620585768 ], [ 29.789361048, -0.616914775 ], [ 29.788058268, -0.619654329 ], [ 29.784946903, -0.621468243 ], [ 29.779511669, -0.620012545 ], [ 29.775305832, -0.621352016 ], [ 29.774685443, -0.620091318 ], [ 29.770805284, -0.624084476 ], [ 29.768367001, -0.630063069 ], [ 29.763262689, -0.627464232 ], [ 29.762574565, -0.628227016 ], [ 29.762310021, -0.626513514 ], [ 29.758242691, -0.625472294 ], [ 29.756394666, -0.622368662 ], [ 29.753777404, -0.621206242 ], [ 29.751020946, -0.621995964 ], [ 29.749418482, -0.620145858 ], [ 29.745339707, -0.622309764 ], [ 29.745437058, -0.619183628 ], [ 29.740521719, -0.615320016 ], [ 29.740499843, -0.613052802 ], [ 29.739243295, -0.613384512 ], [ 29.739720123, -0.609948873 ], [ 29.737160376, -0.609681471 ], [ 29.740733148, -0.602898709 ], [ 29.734609645, -0.598126036 ], [ 29.734184025, -0.596812665 ], [ 29.735891024, -0.596338607 ], [ 29.733450111, -0.595689629 ], [ 29.73410487, -0.591979891 ], [ 29.729878497, -0.586065387 ], [ 29.727508151, -0.586132517 ], [ 29.727698669, -0.584987366 ], [ 29.724097035, -0.58342938 ], [ 29.725353681, -0.582930589 ], [ 29.725298414, -0.577787672 ], [ 29.721780237, -0.572438187 ], [ 29.724864884, -0.568148335 ], [ 29.723394784, -0.568837658 ], [ 29.723478867, -0.567370149 ], [ 29.720563921, -0.566720364 ], [ 29.720061705, -0.556970788 ], [ 29.718038318, -0.552731093 ], [ 29.721856938, -0.549397146 ], [ 29.722772032, -0.545974272 ], [ 29.725261473, -0.545095881 ], [ 29.724588918, -0.541073456 ], [ 29.726273268, -0.539095795 ], [ 29.724905692, -0.538903014 ], [ 29.725570172, -0.537806468 ], [ 29.723059487, -0.535343805 ], [ 29.724544716, -0.530108255 ], [ 29.721654563, -0.527955161 ], [ 29.721987626, -0.52626139 ], [ 29.719546213, -0.526328519 ], [ 29.722097109, -0.522335876 ], [ 29.720106218, -0.522165195 ], [ 29.72058236, -0.519254591 ], [ 29.722218007, -0.51901893 ], [ 29.720950335, -0.518431937 ], [ 29.722064626, -0.518052131 ], [ 29.721046492, -0.516546822 ], [ 29.722397773, -0.516215169 ], [ 29.721000007, -0.51525805 ], [ 29.72133337, -0.513110852 ], [ 29.723433935, -0.509021895 ], [ 29.726041701, -0.508334532 ], [ 29.725189556, -0.506710199 ], [ 29.727691841, -0.504340186 ], [ 29.731436648, -0.504657187 ], [ 29.731011712, -0.502198352 ], [ 29.738297726, -0.493369428 ], [ 29.746426968, -0.494648831 ], [ 29.745931866, -0.490757933 ], [ 29.750224238, -0.487675036 ], [ 29.750175739, -0.471661429 ], [ 29.74894319, -0.471635388 ], [ 29.748080195, -0.468376271 ], [ 29.742533568, -0.468581265 ], [ 29.741088502, -0.467361596 ], [ 29.739110853, -0.465031277 ], [ 29.739586437, -0.462717218 ], [ 29.737690953, -0.461592233 ], [ 29.735741227, -0.452770736 ], [ 29.731701765, -0.449935693 ], [ 29.727689244, -0.442065269 ], [ 29.725200285, -0.442395044 ], [ 29.675796176, -0.336749955 ], [ 29.662290263, -0.411495904 ], [ 29.651388813, -0.463217755 ], [ 29.654548622, -0.469511228 ], [ 29.656350783, -0.468178111 ], [ 29.661668918, -0.472184622 ], [ 29.665177375, -0.471140894 ], [ 29.668469779, -0.474153511 ], [ 29.670958161, -0.474515902 ], [ 29.670917374, -0.482187867 ], [ 29.674055199, -0.485951968 ], [ 29.674098653, -0.49165539 ], [ 29.676372198, -0.494212862 ], [ 29.67476046, -0.494281549 ], [ 29.668107313, -0.501321137 ], [ 29.672003434, -0.505182116 ], [ 29.670999225, -0.517422157 ], [ 29.673851596, -0.5224506 ], [ 29.670980303, -0.527146407 ], [ 29.67322401, -0.537912895 ], [ 29.671303818, -0.538410472 ], [ 29.668918374, -0.543047462 ], [ 29.666974259, -0.543855214 ], [ 29.668279211, -0.548426787 ], [ 29.670151222, -0.54895526 ], [ 29.669801485, -0.556960724 ], [ 29.673263316, -0.555105848 ], [ 29.676581096, -0.555684751 ], [ 29.678025968, -0.556904485 ], [ 29.677063552, -0.560183905 ], [ 29.681542619, -0.560908183 ], [ 29.680948265, -0.563269562 ], [ 29.683152511, -0.563297549 ], [ 29.681480156, -0.565096112 ], [ 29.683044182, -0.565480863 ], [ 29.680815955, -0.565810777 ], [ 29.681857435, -0.567626358 ], [ 29.679091484, -0.573694427 ], [ 29.677290399, -0.573380806 ], [ 29.675236024, -0.578734272 ], [ 29.673245013, -0.578825968 ], [ 29.673314099, -0.581403341 ], [ 29.671606009, -0.583404628 ], [ 29.672778134, -0.584802847 ], [ 29.67066826, -0.585347711 ], [ 29.672255489, -0.586329106 ], [ 29.670240615, -0.586635508 ], [ 29.668850326, -0.591345863 ], [ 29.662449085, -0.593648406 ], [ 29.662506533, -0.595903577 ], [ 29.659521685, -0.593988841 ], [ 29.659827925, -0.596327996 ], [ 29.658264891, -0.594773925 ], [ 29.656841236, -0.596727965 ], [ 29.655823192, -0.595341978 ], [ 29.652409111, -0.596719498 ], [ 29.649269716, -0.595460706 ], [ 29.649291151, -0.598276554 ], [ 29.651518514, -0.598948974 ], [ 29.651066379, -0.60119121 ], [ 29.652724985, -0.601790955 ], [ 29.652306867, -0.605906491 ], [ 29.654084962, -0.605289474 ], [ 29.655965564, -0.609767372 ], [ 29.657368071, -0.61916014 ], [ 29.663206164, -0.624385503 ], [ 29.659942414, -0.63011824 ], [ 29.657274825, -0.631509039 ], [ 29.657581462, -0.633275489 ], [ 29.653583754, -0.638028349 ], [ 29.654032692, -0.639675757 ], [ 29.651116228, -0.641077962 ], [ 29.650648313, -0.647794416 ], [ 29.648680002, -0.649079145 ], [ 29.651225046, -0.652389144 ], [ 29.650900968, -0.657149124 ], [ 29.648244798, -0.659005178 ], [ 29.647945692, -0.662261849 ], [ 29.646002976, -0.661351228 ], [ 29.64450792, -0.663495908 ], [ 29.640647932, -0.673188377 ], [ 29.635561966, -0.675504835 ], [ 29.635180548, -0.677985756 ], [ 29.637503004, -0.678276749 ], [ 29.636292752, -0.679944696 ], [ 29.63687013, -0.683632597 ], [ 29.634523141, -0.684272184 ], [ 29.634591923, -0.686849461 ], [ 29.636440062, -0.687473592 ], [ 29.633652276, -0.690677486 ], [ 29.635025519, -0.692255166 ], [ 29.634430698, -0.694783379 ], [ 29.632415986, -0.694898634 ], [ 29.632779212, -0.699445133 ], [ 29.630027436, -0.702112157 ], [ 29.627421125, -0.701223976 ], [ 29.62769094, -0.70421923 ], [ 29.625936556, -0.704764502 ], [ 29.626270671, -0.715085577 ], [ 29.627596711, -0.716400695 ], [ 29.624620095, -0.718673463 ], [ 29.625685575, -0.719821024 ], [ 29.624555844, -0.724006515 ], [ 29.629363062, -0.728383143 ], [ 29.630713056, -0.732461938 ], [ 29.627912906, -0.736035512 ], [ 29.629152838, -0.740631551 ], [ 29.631284982, -0.741662031 ], [ 29.629530304, -0.742469724 ], [ 29.631008902, -0.745324323 ], [ 29.629964618, -0.746801618 ], [ 29.630744459, -0.749189467 ], [ 29.628430899, -0.751964618 ], [ 29.629689277, -0.755755979 ], [ 29.62834249, -0.757002408 ], [ 29.62974021, -0.758846249 ], [ 29.628982168, -0.76361686 ], [ 29.630918483, -0.765081418 ], [ 29.629837409, -0.769906117 ], [ 29.63091185, -0.772075142 ], [ 29.629079986, -0.773971932 ], [ 29.629777335, -0.77646609 ], [ 29.628379168, -0.775805981 ], [ 29.626655341, -0.777297278 ], [ 29.629216868, -0.782346794 ], [ 29.627629138, -0.785573009 ], [ 29.629317025, -0.7856431 ], [ 29.629418395, -0.787690292 ], [ 29.627109772, -0.788313888 ], [ 29.627106596, -0.791575441 ], [ 29.625572662, -0.792598372 ], [ 29.627396073, -0.794993262 ], [ 29.628808894, -0.794542788 ], [ 29.632354818, -0.79683433 ], [ 29.63169745, -0.799748649 ], [ 29.632729473, -0.801206385 ], [ 29.629934649, -0.805785259 ], [ 29.634666039, -0.811113398 ], [ 29.634215837, -0.813507344 ], [ 29.635763328, -0.816214443 ], [ 29.638381007, -0.816631978 ], [ 29.637414958, -0.818123555 ], [ 29.638031982, -0.821177235 ], [ 29.639805655, -0.821611744 ], [ 29.638906864, -0.824734149 ], [ 29.64003857, -0.82980055 ], [ 29.638142906, -0.830771227 ], [ 29.639379278, -0.834519163 ], [ 29.63650708, -0.834785243 ], [ 29.629923851, -0.847272362 ], [ 29.626068153, -0.861951072 ], [ 29.627588469, -0.868274563 ], [ 29.626874457, -0.872561863 ], [ 29.630118893, -0.881962184 ], [ 29.628203111, -0.885006069 ], [ 29.632161117, -0.890523052 ], [ 29.634221224, -0.896738158 ], [ 29.637324618, -0.899879729 ], [ 29.588110634, -0.899978961 ], [ 29.583148325, -0.902014359 ], [ 29.581640827, -0.90402678 ], [ 29.580950708, -0.914428121 ], [ 29.582093134, -0.918964759 ], [ 29.583645431, -0.921078302 ], [ 29.589170724, -0.923218942 ], [ 29.59270186, -0.932181199 ], [ 29.586386155, -0.941585144 ], [ 29.586852387, -0.943896927 ], [ 29.589861043, -0.945638553 ], [ 29.589884701, -0.951784863 ], [ 29.59247392, -0.95894997 ], [ 29.592701784, -0.964629498 ], [ 29.594254166, -0.96661885 ], [ 29.59280327, -0.972844159 ], [ 29.594674306, -0.976672996 ], [ 29.600969182, -0.980138033 ], [ 29.597031811, -0.987069008 ], [ 29.593637676, -0.986481173 ], [ 29.589582415, -0.980107192 ], [ 29.585384092, -0.981782496 ], [ 29.588988076, -0.990950101 ], [ 29.585537534, -0.998150359 ], [ 29.583820867, -1.007272698 ], [ 29.591385101, -1.012171951 ], [ 29.595916478, -1.01852419 ], [ 29.598462736, -1.024607905 ], [ 29.596933519, -1.027944115 ], [ 29.598277871, -1.029565777 ], [ 29.603800351, -1.02846778 ], [ 29.605523637, -1.026004844 ], [ 29.614314964, -1.027203782 ], [ 29.617875507, -1.030804863 ], [ 29.618231494, -1.033148333 ], [ 29.621673084, -1.033778119 ], [ 29.622592309, -1.031752047 ], [ 29.623742964, -1.034408433 ], [ 29.626739597, -1.034849406 ], [ 29.630819581, -1.03902211 ], [ 29.632644215, -1.03912875 ], [ 29.633591488, -1.037416741 ], [ 29.637767268, -1.040438041 ], [ 29.638898841, -1.043265757 ], [ 29.642794414, -1.043060566 ], [ 29.648631755, -1.048462927 ], [ 29.650643818, -1.048955477 ], [ 29.65286029, -1.046373736 ], [ 29.658645416, -1.047579083 ], [ 29.659688779, -1.049074927 ], [ 29.657340367, -1.05084692 ], [ 29.65728702, -1.05355432 ], [ 29.660094167, -1.055882251 ], [ 29.663424498, -1.057235913 ], [ 29.668886325, -1.055413132 ], [ 29.672929029, -1.05914965 ], [ 29.680112889, -1.054606288 ], [ 29.683031138, -1.05827787 ], [ 29.682794653, -1.060859639 ], [ 29.689903483, -1.057408611 ], [ 29.690264239, -1.058828945 ], [ 29.691733305, -1.058294989 ], [ 29.696284274, -1.06129222 ], [ 29.69640324, -1.059565463 ], [ 29.70094366, -1.058228775 ], [ 29.703179933, -1.058987057 ], [ 29.705488342, -1.056939863 ], [ 29.712350089, -1.059192152 ], [ 29.713542381, -1.064134794 ], [ 29.716417936, -1.064366071 ], [ 29.721482516, -1.071045872 ], [ 29.735233322, -1.071364982 ], [ 29.740637758, -1.074194246 ], [ 29.744541396, -1.078380479 ], [ 29.749448341, -1.076965388 ], [ 29.751627773, -1.078084456 ] ] ] } },
{ "type": "Feature", "properties": { "shapeName": "Kasese", "shapeISO": "", "shapeID": "80733802B80644136981000", "shapeGroup": "UGA", "shapeType": "ADM2" }, "geometry": { "type": "Polygon", "coordinates": [ [ [ 29.913181604, 0.436029026 ], [ 29.872547257, 0.385153125 ], [ 29.823593707, 0.172012412 ], [ 29.819895287, 0.166235755 ], [ 29.815241337, 0.163046104 ], [ 29.811627953, 0.164610564 ], [ 29.806151103, 0.165139901 ], [ 29.805342818, 0.164068074 ], [ 29.799194145, 0.166707369 ], [ 29.798864585, 0.167994727 ], [ 29.793764779, 0.167236628 ], [ 29.789334641, 0.169481057 ], [ 29.784797426, 0.165242673 ], [ 29.782951891, 0.167446053 ], [ 29.780154429, 0.167806093 ], [ 29.779820384, 0.166710023 ], [ 29.776892223, 0.166915267 ], [ 29.773208768, 0.162699997 ], [ 29.770982466, 0.164132043 ], [ 29.76932123, 0.163418537 ], [ 29.770528191, 0.155897862 ], [ 29.767241159, 0.14817873 ], [ 29.755973234, 0.139620976 ], [ 29.750782073, 0.134394377 ], [ 29.749922811, 0.131463681 ], [ 29.744681927, 0.131206427 ], [ 29.742661085, 0.12844367 ], [ 29.742780145, 0.126236609 ], [ 29.741544425, 0.127300732 ], [ 29.735492197, 0.124351139 ], [ 29.736553852, 0.121561668 ], [ 29.738545419, 0.121440618 ], [ 29.737724764, 0.120094827 ], [ 29.739906024, 0.119973593 ], [ 29.737224045, 0.11866532 ], [ 29.737438352, 0.113004771 ], [ 29.735944273, 0.112887027 ], [ 29.734040395, 0.109313909 ], [ 29.73389739, 0.102843391 ], [ 29.735258285, 0.101543179 ], [ 29.733673793, 0.0915587 ], [ 29.735055098, 0.088820617 ], [ 29.732771195, 0.088094361 ], [ 29.733083882, 0.084316541 ], [ 29.729232827, 0.079363098 ], [ 29.723397516, 0.078224895 ], [ 29.723501276, 0.076735247 ], [ 29.720961467, 0.075379303 ], [ 29.717641492, 0.075191941 ], [ 29.717899199, 0.06762484 ], [ 29.721257416, 0.063188609 ], [ 29.719107626, 0.061224575 ], [ 29.72047872, 0.059125925 ], [ 29.716578828, 0.053505374 ], [ 29.718130329, 0.052705407 ], [ 29.71734352, 0.050537448 ], [ 29.719344199, 0.049069705 ], [ 29.719743115, 0.041073448 ], [ 29.715830012, 0.034821431 ], [ 29.717673342, 0.031768959 ], [ 29.719593283, 0.031433308 ], [ 29.719377477, 0.030241896 ], [ 29.721631176, 0.030787712 ], [ 29.721436475, 0.028309321 ], [ 29.719547869, 0.026559582 ], [ 29.721088097, 0.026057497 ], [ 29.721126251, 0.02148159 ], [ 29.728017688, 0.017232129 ], [ 29.722982913, 0.011329997 ], [ 29.72882273, 0.00738031 ], [ 29.726833975, 0.004759259 ], [ 29.727846459, 0.001373754 ], [ 29.725387619, -0.000555625 ], [ 29.72676168, -0.001210884 ], [ 29.725206822, -0.001902545 ], [ 29.72541112, -0.0038053 ], [ 29.729175997, -0.004588208 ], [ 29.731152492, -0.010974912 ], [ 29.732399445, -0.010564742 ], [ 29.732858552, -0.01239773 ], [ 29.73189454, -0.0120503 ], [ 29.73131522, -0.014539754 ], [ 29.73312597, -0.017151517 ], [ 29.73231541, -0.021038719 ], [ 29.735687357, -0.023503243 ], [ 29.736516427, -0.022661354 ], [ 29.737588911, -0.023923739 ], [ 29.738398643, -0.022289883 ], [ 29.741292808, -0.023180008 ], [ 29.744287015, -0.029658593 ], [ 29.74210407, -0.029149994 ], [ 29.74049846, -0.03141301 ], [ 29.742000617, -0.032254665 ], [ 29.7393494, -0.035691697 ], [ 29.738236559, -0.035159598 ], [ 29.738139827, -0.037777122 ], [ 29.732175163, -0.036710104 ], [ 29.730545139, -0.040738907 ], [ 29.728035269, -0.040523636 ], [ 29.730254975, -0.044206524 ], [ 29.730477888, -0.048883601 ], [ 29.729008013, -0.052274989 ], [ 29.729746739, -0.056867412 ], [ 29.726608291, -0.058318719 ], [ 29.724908755, -0.06845189 ], [ 29.726427626, -0.070268224 ], [ 29.726798267, -0.077383258 ], [ 29.728632624, -0.079371197 ], [ 29.69933448, -0.210557686 ], [ 29.888466285, -0.208885564 ], [ 29.907359751, -0.198169527 ], [ 29.903422301, -0.186316199 ], [ 29.908189392, -0.18213008 ], [ 29.919586176, -0.182416508 ], [ 29.927144166, -0.176789722 ], [ 29.931081358, -0.177831144 ], [ 29.940654843, -0.184017503 ], [ 29.95452288, -0.188432837 ], [ 29.960076171, -0.185429429 ], [ 29.963713905, -0.173217922 ], [ 29.967427575, -0.17075379 ], [ 29.983460087, -0.173080533 ], [ 29.988774783, -0.171992707 ], [ 29.992852741, -0.162954262 ], [ 30.008797254, -0.145210219 ], [ 30.01665814, -0.140946385 ], [ 30.037314789, -0.135027277 ], [ 30.047253101, -0.130120487 ], [ 30.05062888, -0.124080261 ], [ 30.061786585, -0.113982227 ], [ 30.067974535, -0.112189514 ], [ 30.080127704, -0.115461164 ], [ 30.08190845, -0.11460473 ], [ 30.08777279, -0.103149066 ], [ 30.093679651, -0.096713861 ], [ 30.102893044, -0.101574562 ], [ 30.106579502, -0.101504465 ], [ 30.116566454, -0.095271904 ], [ 30.121844915, -0.091302844 ], [ 30.125442999, -0.086376648 ], [ 30.13401178, -0.080969027 ], [ 30.149172907, -0.077370439 ], [ 30.156141548, -0.072514433 ], [ 30.159927457, -0.075913034 ], [ 30.165737364, -0.072931375 ], [ 30.180502543, -0.074004712 ], [ 30.184879997, -0.072198205 ], [ 30.186886941, -0.077183806 ], [ 30.182796618, -0.085560004 ], [ 30.184452028, -0.088495051 ], [ 30.202060134, -0.078149755 ], [ 30.211437372, -0.076889657 ], [ 30.215992644, -0.078385607 ], [ 30.220323158, -0.069828198 ], [ 30.256051653, 0.040908011 ], [ 30.257221387, 0.048200844 ], [ 30.254609095, 0.054779592 ], [ 30.255088383, 0.064919015 ], [ 30.258974022, 0.072537367 ], [ 30.258903466, 0.079080099 ], [ 30.264101174, 0.086210623 ], [ 30.266693848, 0.103444351 ], [ 30.270298809, 0.112120206 ], [ 30.269096751, 0.114054009 ], [ 30.266632787, 0.114577913 ], [ 30.264435715, 0.12628961 ], [ 30.26571202, 0.129271952 ], [ 30.263779505, 0.13468488 ], [ 30.26633585, 0.148083606 ], [ 30.265046756, 0.154039051 ], [ 30.267640272, 0.155330308 ], [ 30.26830246, 0.157309267 ], [ 30.265792991, 0.181246614 ], [ 30.267175318, 0.184931147 ], [ 30.28605298, 0.210924273 ], [ 30.28828755, 0.214600511 ], [ 30.287903342, 0.218710641 ], [ 30.290723002, 0.225189179 ], [ 30.288929858, 0.240170768 ], [ 30.29092244, 0.242403559 ], [ 30.288925881, 0.246926382 ], [ 30.289609891, 0.250884898 ], [ 30.288255892, 0.253130252 ], [ 30.28948026, 0.257564491 ], [ 30.287888824, 0.26102846 ], [ 30.291631435, 0.263074967 ], [ 30.292249496, 0.264987384 ], [ 30.294435506, 0.26513263 ], [ 30.294290816, 0.266631783 ], [ 30.293426513, 0.270879441 ], [ 30.29216728, 0.271451935 ], [ 30.294425861, 0.280846098 ], [ 30.297616771, 0.285213653 ], [ 30.296215487, 0.289872722 ], [ 30.294172027, 0.289703663 ], [ 30.295490946, 0.291126782 ], [ 30.294302839, 0.290623875 ], [ 30.294065466, 0.292487775 ], [ 30.295823809, 0.29282389 ], [ 30.293008371, 0.294554109 ], [ 30.294624258, 0.295798258 ], [ 30.293162936, 0.295546036 ], [ 30.292866343, 0.298927467 ], [ 30.290526008, 0.299797724 ], [ 30.294031447, 0.305930834 ], [ 30.292582892, 0.313648871 ], [ 30.290753393, 0.314364218 ], [ 30.28639408, 0.321852589 ], [ 30.284611997, 0.321564209 ], [ 30.282628397, 0.325756645 ], [ 30.284506076, 0.331876375 ], [ 30.282213321, 0.333511355 ], [ 30.282912413, 0.339467525 ], [ 30.27308949, 0.336060243 ], [ 30.267470325, 0.338098439 ], [ 30.263537866, 0.336649022 ], [ 30.260401626, 0.337888885 ], [ 30.257609703, 0.336751175 ], [ 30.253927074, 0.339042042 ], [ 30.250779683, 0.339823475 ], [ 30.247655248, 0.338641555 ], [ 30.24625719, 0.340692836 ], [ 30.244618845, 0.340049203 ], [ 30.23898453, 0.342303953 ], [ 30.232028492, 0.351308103 ], [ 30.228376181, 0.353765136 ], [ 30.224340887, 0.353217304 ], [ 30.218802714, 0.356545098 ], [ 30.215652119, 0.362054607 ], [ 30.216215693, 0.36750387 ], [ 30.213867286, 0.368625104 ], [ 30.21468869, 0.371069435 ], [ 30.201556713, 0.375161387 ], [ 30.197348884, 0.379681207 ], [ 30.191205057, 0.382543843 ], [ 30.189109308, 0.386920208 ], [ 30.185999419, 0.386085963 ], [ 30.180550379, 0.387146546 ], [ 30.178959112, 0.389638626 ], [ 30.181145438, 0.39242851 ], [ 30.180125867, 0.393334853 ], [ 30.183708274, 0.403553135 ], [ 30.182575727, 0.409968307 ], [ 30.178628692, 0.414320953 ], [ 30.179059426, 0.417778807 ], [ 30.176202543, 0.420628893 ], [ 30.176313383, 0.424599504 ], [ 30.171321512, 0.428403684 ], [ 30.169114401, 0.428427758 ], [ 30.168666352, 0.431265635 ], [ 30.163530651, 0.433638937 ], [ 30.159431831, 0.440507319 ], [ 30.160074322, 0.44222426 ], [ 30.154919548, 0.449271527 ], [ 30.151917671, 0.449545996 ], [ 30.14332136, 0.456235711 ], [ 30.13966777, 0.457404467 ], [ 30.137140977, 0.470234198 ], [ 30.133765713, 0.476994919 ], [ 30.128110311, 0.481847986 ], [ 30.123004774, 0.478533562 ], [ 30.116347, 0.477472722 ], [ 30.115375575, 0.479094316 ], [ 30.112622524, 0.47890368 ], [ 30.111532216, 0.480310646 ], [ 30.103018078, 0.473646064 ], [ 30.097214045, 0.471845977 ], [ 30.093939069, 0.471774606 ], [ 30.091971793, 0.474278509 ], [ 30.087689063, 0.475029851 ], [ 30.083391757, 0.472955486 ], [ 30.081288456, 0.469724509 ], [ 30.079889825, 0.47127454 ], [ 30.078061772, 0.470463877 ], [ 30.073365146, 0.472610197 ], [ 30.071773672, 0.471036476 ], [ 30.068228032, 0.47321849 ], [ 30.065492086, 0.466017347 ], [ 30.062669055, 0.46694746 ], [ 30.058266198, 0.466053486 ], [ 30.054538677, 0.464122219 ], [ 30.051010483, 0.459723014 ], [ 30.045243942, 0.45960411 ], [ 30.041645146, 0.455801064 ], [ 30.037752053, 0.454370606 ], [ 30.03585865, 0.447324644 ], [ 30.03223415, 0.441494891 ], [ 30.029383387, 0.43825224 ], [ 30.023864835, 0.436810044 ], [ 30.019660243, 0.432279943 ], [ 30.007153218, 0.430587952 ], [ 30.001145684, 0.426463422 ], [ 29.999314307, 0.428619063 ], [ 29.993542513, 0.430501015 ], [ 29.989904622, 0.426678733 ], [ 29.981713222, 0.425583958 ], [ 29.976730481, 0.418695702 ], [ 29.968549217, 0.41110474 ], [ 29.954958343, 0.401326258 ], [ 29.951778768, 0.40039135 ], [ 29.942584537, 0.406573605 ], [ 29.934865925, 0.408604748 ], [ 29.932362465, 0.415423021 ], [ 29.929844156, 0.417789589 ], [ 29.917869103, 0.420235727 ], [ 29.915681388, 0.424236305 ], [ 29.913181604, 0.436029026 ] ] ] } },
{ "type": "Feature", "properties": { "shapeName": "Kazo", "shapeISO": "", "shapeID": "80733802B33447571332729", "shapeGroup": "UGA", "shapeType": "ADM2" }, "geometry": { "type": "Polygon", "coordinates": [ [ [ 31.013429904, 0.198242559 ], [ 31.008429299, 0.197726561 ], [ 30.999338997, 0.193511967 ], [ 30.9819763, 0.192958323 ], [ 30.955276762, 0.199663896 ], [ 30.946705123, 0.197953962 ], [ 30.927841454, 0.199958755 ], [ 30.917030496, 0.205897513 ], [ 30.910451281, 0.207298035 ], [ 30.905046397, 0.206085777 ], [ 30.894946951, 0.199764617 ], [ 30.891469346, 0.204827224 ], [ 30.885446494, 0.203994629 ], [ 30.879822777, 0.20713114 ], [ 30.874745485, 0.206135927 ], [ 30.873376009, 0.20353191 ], [ 30.870120771, 0.201795589 ], [ 30.861018564, 0.199552201 ], [ 30.843245877, 0.199802977 ], [ 30.833110788, 0.197731263 ], [ 30.810355746, 0.206624263 ], [ 30.797800204, 0.20834925 ], [ 30.790875541, 0.211268369 ], [ 30.778885966, 0.208590635 ], [ 30.775771459, 0.205453136 ], [ 30.770461885, 0.204485053 ], [ 30.768539982, 0.202794216 ], [ 30.765582415, 0.196131007 ], [ 30.761556914, 0.193734752 ], [ 30.753901974, 0.194701034 ], [ 30.749837337, 0.197683789 ], [ 30.742891138, 0.199807292 ], [ 30.729771682, 0.195737356 ], [ 30.722782297, 0.197345536 ], [ 30.720251884, 0.201133001 ], [ 30.712429648, 0.205868892 ], [ 30.706572517, 0.202224891 ], [ 30.699540322, 0.201726675 ], [ 30.686508736, 0.208043697 ], [ 30.672611233, 0.208177208 ], [ 30.669273848, 0.210093146 ], [ 30.665038829, 0.208185106 ], [ 30.663822659, 0.201964784 ], [ 30.656460759, 0.195813381 ], [ 30.650068185, 0.194189396 ], [ 30.645819011, 0.196475826 ], [ 30.643785362, 0.193510529 ], [ 30.641962238, 0.179489793 ], [ 30.632635446, 0.173992498 ], [ 30.625683443, 0.165666197 ], [ 30.621219529, 0.164282858 ], [ 30.617888679, 0.167843754 ], [ 30.61451215, 0.16903654 ], [ 30.612545533, 0.167418233 ], [ 30.6073066, 0.168362009 ], [ 30.604933425, 0.165236189 ], [ 30.602921845, 0.155548685 ], [ 30.604545852, 0.153740362 ], [ 30.608754992, 0.157016304 ], [ 30.610891945, 0.156539389 ], [ 30.610908398, 0.153150701 ], [ 30.613680127, 0.151493063 ], [ 30.611453334, 0.148111163 ], [ 30.612965574, 0.147627121 ], [ 30.614604986, 0.142152005 ], [ 30.617305259, 0.14107275 ], [ 30.619609802, 0.142573092 ], [ 30.620469513, 0.14136004 ], [ 30.617449407, 0.136579948 ], [ 30.623755722, 0.13401861 ], [ 30.624945041, 0.130642006 ], [ 30.630367133, 0.132319831 ], [ 30.632063093, 0.129391477 ], [ 30.635485475, 0.128558771 ], [ 30.633755812, 0.127277432 ], [ 30.633846934, 0.12523457 ], [ 30.636650819, 0.12343127 ], [ 30.637502753, 0.119225732 ], [ 30.635944409, 0.11722793 ], [ 30.636315776, 0.111963235 ], [ 30.638547815, 0.110992518 ], [ 30.639528356, 0.10542824 ], [ 30.638032999, 0.100408307 ], [ 30.630503073, 0.097960823 ], [ 30.629328087, 0.093959702 ], [ 30.626980077, 0.09369572 ], [ 30.624713679, 0.090474923 ], [ 30.626192818, 0.089209697 ], [ 30.625128198, 0.088305907 ], [ 30.626668946, 0.086872666 ], [ 30.62513251, 0.086183217 ], [ 30.626660782, 0.083926116 ], [ 30.625287211, 0.082711262 ], [ 30.625654746, 0.080807169 ], [ 30.621842955, 0.077868805 ], [ 30.624060253, 0.073169598 ], [ 30.627788521, 0.070029544 ], [ 30.626144105, 0.064989996 ], [ 30.619363861, 0.058886428 ], [ 30.616508094, 0.057495001 ], [ 30.61528473, 0.058314594 ], [ 30.612825991, 0.047360662 ], [ 30.61077594, 0.048566935 ], [ 30.608270868, 0.047906923 ], [ 30.60793511, 0.049624203 ], [ 30.605999616, 0.047036758 ], [ 30.604496544, 0.047562113 ], [ 30.605264892, 0.044107042 ], [ 30.603310991, 0.042127231 ], [ 30.605081349, 0.039025265 ], [ 30.601060728, 0.037717924 ], [ 30.599831541, 0.035478161 ], [ 30.601056659, 0.033926573 ], [ 30.597127901, 0.032488952 ], [ 30.596656161, 0.030542831 ], [ 30.593458012, 0.030979891 ], [ 30.591712884, 0.028096422 ], [ 30.590762828, 0.021539351 ], [ 30.592806921, 0.019988385 ], [ 30.592360213, 0.01815156 ], [ 30.589266466, 0.017916131 ], [ 30.586413147, 0.020637652 ], [ 30.583129081, 0.018290124 ], [ 30.583371266, 0.016234754 ], [ 30.581884941, 0.01602037 ], [ 30.585500579, 0.014654372 ], [ 30.584924448, 0.012035757 ], [ 30.586314751, 0.01214926 ], [ 30.58361348, 0.011321196 ], [ 30.579188188, 0.004613769 ], [ 30.581418124, -0.002761359 ], [ 30.580301225, -0.004787666 ], [ 30.581798178, -0.005209328 ], [ 30.581953296, -0.007700245 ], [ 30.577477911, -0.014450667 ], [ 30.579758218, -0.016836184 ], [ 30.57899026, -0.023895059 ], [ 30.577233456, -0.02511706 ], [ 30.578885433, -0.030434674 ], [ 30.575429988, -0.03288256 ], [ 30.575546236, -0.037697986 ], [ 30.570222461, -0.03853076 ], [ 30.570369727, -0.042234718 ], [ 30.568562493, -0.043942064 ], [ 30.571655761, -0.058123238 ], [ 30.573963085, -0.059434015 ], [ 30.574020222, -0.061838441 ], [ 30.577830036, -0.064053215 ], [ 30.578922206, -0.070109541 ], [ 30.577822713, -0.073327444 ], [ 30.57570383, -0.074294527 ], [ 30.574665965, -0.079157556 ], [ 30.576490028, -0.081887498 ], [ 30.574308985, -0.085304183 ], [ 30.575906515, -0.101773698 ], [ 30.57269459, -0.102849124 ], [ 30.569964429, -0.10209867 ], [ 30.571040599, -0.105958473 ], [ 30.569451039, -0.112059779 ], [ 30.581112932, -0.128720033 ], [ 30.590714065, -0.130909849 ], [ 30.591321443, -0.135482382 ], [ 30.588283884, -0.147151794 ], [ 30.597690107, -0.146601398 ], [ 30.605298484, -0.148934367 ], [ 30.619071662, -0.162686999 ], [ 30.625390799, -0.163878854 ], [ 30.640731082, -0.148875409 ], [ 30.640659758, -0.141767108 ], [ 30.647302794, -0.137295745 ], [ 30.648600295, -0.132739874 ], [ 30.653178298, -0.127949257 ], [ 30.655031931, -0.127277602 ], [ 30.669191639, -0.130175635 ], [ 30.676758365, -0.128600831 ], [ 30.677915282, -0.128049631 ], [ 30.677962181, -0.122518519 ], [ 30.68158413, -0.120709656 ], [ 30.694182568, -0.122999475 ], [ 30.709268289, -0.131560981 ], [ 30.718201494, -0.131800976 ], [ 30.719623656, -0.134074703 ], [ 30.724056035, -0.135817282 ], [ 30.723615576, -0.138415216 ], [ 30.727425653, -0.139424205 ], [ 30.726347133, -0.147080501 ], [ 30.727697818, -0.150412168 ], [ 30.736851635, -0.147922086 ], [ 30.736760426, -0.149205794 ], [ 30.741671158, -0.150829347 ], [ 30.74392326, -0.153362615 ], [ 30.747024278, -0.14828236 ], [ 30.754710061, -0.142260057 ], [ 30.76339369, -0.147314478 ], [ 30.792514789, -0.146747792 ], [ 30.799546726, -0.138313568 ], [ 30.799582512, -0.130240287 ], [ 30.803459746, -0.127899091 ], [ 30.813522183, -0.115450871 ], [ 30.835751933, -0.110886914 ], [ 30.848844197, -0.098393287 ], [ 30.85178929, -0.099469346 ], [ 30.854651621, -0.097923523 ], [ 30.864841597, -0.101233175 ], [ 30.875539933, -0.101541261 ], [ 30.890558945, -0.109417089 ], [ 30.891617068, -0.108054301 ], [ 30.896253442, -0.108257918 ], [ 30.905189899, -0.104322586 ], [ 30.916919299, -0.095101936 ], [ 30.915021461, -0.073285336 ], [ 30.932559248, -0.067213425 ], [ 30.940626775, -0.060968213 ], [ 30.943255957, -0.057242298 ], [ 30.93871285, -0.043490089 ], [ 30.933713933, -0.039972845 ], [ 30.936056939, -0.034801196 ], [ 30.93070223, -0.026021879 ], [ 30.926963244, -0.011853969 ], [ 30.923114966, -0.008083697 ], [ 30.917009407, 0.003769509 ], [ 30.913538531, 0.014347828 ], [ 30.914862013, 0.01933865 ], [ 30.913389921, 0.024763415 ], [ 30.92900955, 0.024646151 ], [ 30.934717016, 0.01719611 ], [ 30.941972804, 0.013597694 ], [ 30.944065072, 0.014818317 ], [ 30.948314361, 0.023245051 ], [ 30.953324414, 0.01923069 ], [ 30.963512463, 0.025650364 ], [ 30.966004207, 0.022214596 ], [ 30.976318981, 0.02429434 ], [ 30.979743555, 0.027232946 ], [ 30.983498788, 0.028236645 ], [ 30.987595657, 0.025931082 ], [ 31.0007706, 0.024421333 ], [ 31.008451078, 0.035389222 ], [ 31.020140143, 0.041990089 ], [ 31.025345901, 0.042508812 ], [ 31.036443155, 0.047059958 ], [ 31.046512036, 0.054587526 ], [ 31.052345549, 0.05716358 ], [ 31.054567211, 0.061350152 ], [ 31.052109811, 0.063918011 ], [ 31.053359498, 0.067751908 ], [ 31.052030329, 0.078041746 ], [ 31.049461398, 0.08226427 ], [ 31.04679978, 0.082137545 ], [ 31.044541882, 0.085374484 ], [ 31.042775325, 0.085446727 ], [ 31.044634404, 0.087273318 ], [ 31.044406825, 0.091550192 ], [ 31.049580348, 0.093774836 ], [ 31.047028462, 0.098630274 ], [ 31.051465779, 0.1053036 ], [ 31.050492827, 0.107419384 ], [ 31.053898915, 0.110068941 ], [ 31.054880114, 0.1147709 ], [ 31.056787441, 0.116769342 ], [ 31.047628108, 0.121931705 ], [ 31.051439838, 0.127013639 ], [ 31.048972758, 0.137041104 ], [ 31.049710488, 0.142312694 ], [ 31.047256458, 0.14665267 ], [ 31.042932924, 0.150251013 ], [ 31.033860332, 0.1518054 ], [ 31.031071709, 0.156452713 ], [ 31.016371228, 0.168911021 ], [ 31.013212558, 0.189670835 ], [ 31.013429904, 0.198242559 ] ] ] } },
{ "type": "Feature", "properties": { "shapeName": "Kibaale", "shapeISO": "", "shapeID": "80733802B76387893882692", "shapeGroup": "UGA", "shapeType": "ADM2" }, "geometry": { "type": "Polygon", "coordinates": [ [ [ 31.288593584, 0.739807852 ], [ 31.265742854, 0.751173509 ], [ 31.255188006, 0.761909396 ], [ 31.250738512, 0.760603629 ], [ 31.245287894, 0.761904127 ], [ 31.239606067, 0.766373878 ], [ 31.238043382, 0.770479106 ], [ 31.228779518, 0.775389298 ], [ 31.226966134, 0.778612127 ], [ 31.227948986, 0.782473968 ], [ 31.224552017, 0.784046755 ], [ 31.221456233, 0.79150904 ], [ 31.21594108, 0.798851781 ], [ 31.212963697, 0.81252403 ], [ 31.208447708, 0.819424587 ], [ 31.206613759, 0.825390605 ], [ 31.20500183, 0.827945369 ], [ 31.202176586, 0.828188374 ], [ 31.198046082, 0.835200108 ], [ 31.19790794, 0.838403915 ], [ 31.195891177, 0.839814382 ], [ 31.196319928, 0.841149432 ], [ 31.191964445, 0.842587431 ], [ 31.190486991, 0.84898214 ], [ 31.19340942, 0.850909578 ], [ 31.194267537, 0.854199836 ], [ 31.192217414, 0.857852439 ], [ 31.18941704, 0.8592164 ], [ 31.187841947, 0.863035206 ], [ 31.184638604, 0.86506764 ], [ 31.183431639, 0.869005117 ], [ 31.184160225, 0.873392765 ], [ 31.180980777, 0.875592099 ], [ 31.172659066, 0.876010506 ], [ 31.172163331, 0.878897358 ], [ 31.167225231, 0.879453599 ], [ 31.168297078, 0.882862759 ], [ 31.166130602, 0.888972181 ], [ 31.163699251, 0.891361112 ], [ 31.163056563, 0.901785339 ], [ 31.161363875, 0.906868366 ], [ 31.15178981, 0.913489918 ], [ 31.145250115, 0.915169492 ], [ 31.133447349, 0.925085766 ], [ 31.13329711, 0.929355393 ], [ 31.131660374, 0.930979757 ], [ 31.130135528, 0.93789895 ], [ 31.128188258, 0.93756796 ], [ 31.12257698, 0.941798068 ], [ 31.120009529, 0.951008485 ], [ 31.118218303, 0.952489934 ], [ 31.118863402, 0.956782186 ], [ 31.122699473, 0.958398352 ], [ 31.123486626, 0.962261083 ], [ 31.121298408, 0.965802779 ], [ 31.122590768, 0.969107724 ], [ 31.120289654, 0.971257747 ], [ 31.12353292, 0.973709617 ], [ 31.120942637, 0.984112587 ], [ 31.122241233, 0.989071728 ], [ 31.120939326, 0.993414567 ], [ 31.123271187, 0.996239915 ], [ 31.125264549, 0.996386876 ], [ 31.121411159, 1.00032598 ], [ 31.119919732, 1.010275285 ], [ 31.110702353, 1.002383117 ], [ 31.101399885, 1.00245886 ], [ 31.09272397, 1.000680171 ], [ 31.082458508, 1.003794171 ], [ 31.074742475, 0.999494327 ], [ 31.067650023, 0.990243422 ], [ 31.060685877, 0.987698148 ], [ 31.054307223, 0.978447759 ], [ 31.045480088, 0.9749036 ], [ 31.035505825, 0.974622546 ], [ 31.034900076, 0.968354733 ], [ 31.033100417, 0.966989599 ], [ 31.027282317, 0.96559094 ], [ 31.023570692, 0.970032421 ], [ 30.992099876, 0.952366829 ], [ 30.984447775, 0.946621015 ], [ 30.983680954, 0.937606242 ], [ 30.981029881, 0.935509058 ], [ 30.978149179, 0.935995408 ], [ 30.965592062, 0.951088019 ], [ 30.965305268, 0.953815024 ], [ 30.961523183, 0.959439344 ], [ 30.957951447, 0.960710088 ], [ 30.952998757, 0.950467605 ], [ 30.944903488, 0.942111616 ], [ 30.944156372, 0.938462186 ], [ 30.938312861, 0.934045196 ], [ 30.935352246, 0.929744216 ], [ 30.930119289, 0.918675002 ], [ 30.931500306, 0.914789711 ], [ 30.92826122, 0.909447827 ], [ 30.92370919, 0.907789902 ], [ 30.912986679, 0.90752531 ], [ 30.910341692, 0.904072218 ], [ 30.911825462, 0.906780405 ], [ 30.907441153, 0.905541356 ], [ 30.902446581, 0.901500746 ], [ 30.893275208, 0.897803106 ], [ 30.886166267, 0.891747811 ], [ 30.891278769, 0.885823094 ], [ 30.886880293, 0.878453967 ], [ 30.886441453, 0.874271654 ], [ 30.882618659, 0.872733592 ], [ 30.879275667, 0.867920489 ], [ 30.879745437, 0.866343019 ], [ 30.883132973, 0.865708185 ], [ 30.886174255, 0.862963622 ], [ 30.878396068, 0.855777619 ], [ 30.870951625, 0.853571813 ], [ 30.871599194, 0.847937238 ], [ 30.869685812, 0.843947429 ], [ 30.858736007, 0.839237813 ], [ 30.852374735, 0.841990521 ], [ 30.841760136, 0.836840019 ], [ 30.835684107, 0.841972753 ], [ 30.828948296, 0.839286149 ], [ 30.830923847, 0.835895182 ], [ 30.831012445, 0.826199368 ], [ 30.832539522, 0.825781079 ], [ 30.838284052, 0.829444656 ], [ 30.842559319, 0.829335244 ], [ 30.844725598, 0.827659903 ], [ 30.845506933, 0.820199753 ], [ 30.84440088, 0.811984138 ], [ 30.84565118, 0.810000912 ], [ 30.849899438, 0.808466363 ], [ 30.851622907, 0.80413622 ], [ 30.877116469, 0.787300173 ], [ 30.878839434, 0.783836145 ], [ 30.88303325, 0.780205709 ], [ 30.886615036, 0.779117751 ], [ 30.891003916, 0.77400639 ], [ 30.897972099, 0.774009886 ], [ 30.899446101, 0.768673467 ], [ 30.902334568, 0.766132063 ], [ 30.906903378, 0.763983325 ], [ 30.90845532, 0.762293446 ], [ 30.915746912, 0.757242326 ], [ 30.916741559, 0.760693845 ], [ 30.920119096, 0.753590327 ], [ 30.920117954, 0.746785694 ], [ 30.926414027, 0.735701486 ], [ 30.927878233, 0.722869152 ], [ 30.933829912, 0.719608664 ], [ 30.935027714, 0.714481703 ], [ 30.938573777, 0.711392975 ], [ 30.94755365, 0.708142762 ], [ 30.948445231, 0.706595779 ], [ 30.95419426, 0.706103288 ], [ 30.962884461, 0.699468779 ], [ 30.971756915, 0.696417148 ], [ 30.973059637, 0.692976895 ], [ 30.976830184, 0.690058194 ], [ 30.996179664, 0.680838504 ], [ 30.998744725, 0.678168411 ], [ 31.023582519, 0.667453674 ], [ 31.035996045, 0.664674123 ], [ 31.046212082, 0.657327538 ], [ 31.049038367, 0.662122782 ], [ 31.051200385, 0.661625864 ], [ 31.069464245, 0.650104526 ], [ 31.077900943, 0.647160828 ], [ 31.079128204, 0.645312284 ], [ 31.081714816, 0.646034446 ], [ 31.092159245, 0.64260532 ], [ 31.09290543, 0.638307354 ], [ 31.095724045, 0.636294987 ], [ 31.103442745, 0.635786031 ], [ 31.105421844, 0.637378734 ], [ 31.105455826, 0.648235307 ], [ 31.108074663, 0.65042657 ], [ 31.110699016, 0.648710866 ], [ 31.114120911, 0.649836619 ], [ 31.119726958, 0.657231492 ], [ 31.125430857, 0.65723366 ], [ 31.129757681, 0.653598711 ], [ 31.1309216, 0.655297821 ], [ 31.133488403, 0.655203089 ], [ 31.136315395, 0.658457955 ], [ 31.138312249, 0.657190682 ], [ 31.139143567, 0.658554723 ], [ 31.142637358, 0.658245015 ], [ 31.14527459, 0.660542821 ], [ 31.15340246, 0.660599095 ], [ 31.178560057, 0.653528027 ], [ 31.190663883, 0.645150415 ], [ 31.208819704, 0.638482604 ], [ 31.215540951, 0.631838417 ], [ 31.236673951, 0.641874436 ], [ 31.242412828, 0.652158392 ], [ 31.262527614, 0.679285804 ], [ 31.264076027, 0.680832821 ], [ 31.270168832, 0.680346703 ], [ 31.273262626, 0.68222881 ], [ 31.273974929, 0.695947618 ], [ 31.282057779, 0.708014295 ], [ 31.286525664, 0.708667082 ], [ 31.289523031, 0.714012782 ], [ 31.289963077, 0.719158585 ], [ 31.286774291, 0.733527128 ], [ 31.288593584, 0.739807852 ] ] ] } },
{ "type": "Feature", "properties": { "shapeName": "Kikuube", "shapeISO": "", "shapeID": "80733802B59408655219302", "shapeGroup": "UGA", "shapeType": "ADM2" }, "geometry": { "type": "Polygon", "coordinates": [ [ [ 31.418406658, 1.26896175 ], [ 31.416353072, 1.279678037 ], [ 31.413756658, 1.283224984 ], [ 31.41632587, 1.290503316 ], [ 31.411183104, 1.311712715 ], [ 31.412687558, 1.321735627 ], [ 31.410355543, 1.326903285 ], [ 31.407218613, 1.32748284 ], [ 31.404525824, 1.330409976 ], [ 31.404973978, 1.341353307 ], [ 31.408680495, 1.346673851 ], [ 31.407873017, 1.353554712 ], [ 31.404405533, 1.361848499 ], [ 31.396681766, 1.362833127 ], [ 31.391238145, 1.360201067 ], [ 31.388735793, 1.363107395 ], [ 31.381514806, 1.359467509 ], [ 31.374954278, 1.362656149 ], [ 31.364933515, 1.358916752 ], [ 31.362777957, 1.356595125 ], [ 31.359734123, 1.358995321 ], [ 31.356891014, 1.366247434 ], [ 31.350327197, 1.372307558 ], [ 31.347681953, 1.372087005 ], [ 31.34323209, 1.368283404 ], [ 31.340684533, 1.371108362 ], [ 31.337923257, 1.370558102 ], [ 31.331784094, 1.364635644 ], [ 31.319405349, 1.362301303 ], [ 31.31788159, 1.365249832 ], [ 31.308280341, 1.368555456 ], [ 31.303788944, 1.369229341 ], [ 31.299624508, 1.367400997 ], [ 31.296144729, 1.369695069 ], [ 31.285866586, 1.382631272 ], [ 31.279074332, 1.384016003 ], [ 31.277370001, 1.389772027 ], [ 31.272416276, 1.394618087 ], [ 31.270193985, 1.402122608 ], [ 31.267168411, 1.403443855 ], [ 31.27216476, 1.417897264 ], [ 31.271792767, 1.430760632 ], [ 31.279695983, 1.442423736 ], [ 31.283935802, 1.455273947 ], [ 31.288964742, 1.460572069 ], [ 31.281902107, 1.465964324 ], [ 31.276364875, 1.474039286 ], [ 31.271749414, 1.476797889 ], [ 31.255041322, 1.478070405 ], [ 31.249402796, 1.484802535 ], [ 31.247538771, 1.484971227 ], [ 31.243846419, 1.488801761 ], [ 31.231770159, 1.491491974 ], [ 31.230639855, 1.493060201 ], [ 31.228951033, 1.492399843 ], [ 31.222443678, 1.495260662 ], [ 31.215765028, 1.501662143 ], [ 31.209870911, 1.502905953 ], [ 31.204666155, 1.502402431 ], [ 31.192630464, 1.493156131 ], [ 31.185338218, 1.49061356 ], [ 31.176793091, 1.496270924 ], [ 31.171549772, 1.497472374 ], [ 31.166619815, 1.496744455 ], [ 31.159622062, 1.503628774 ], [ 31.151535231, 1.50543564 ], [ 31.148515973, 1.508838091 ], [ 31.142974588, 1.511645468 ], [ 31.133945986, 1.512685969 ], [ 31.133844156, 1.515747602 ], [ 31.132630986, 1.516393076 ], [ 31.126457928, 1.5104331 ], [ 31.123696501, 1.510696932 ], [ 31.119903798, 1.518098273 ], [ 31.120629484, 1.520195508 ], [ 31.116630821, 1.522306647 ], [ 31.116819139, 1.51930194 ], [ 31.112944965, 1.515762618 ], [ 31.11220366, 1.512617085 ], [ 31.109914385, 1.511824696 ], [ 31.109719652, 1.508165187 ], [ 31.113423706, 1.50706885 ], [ 31.115157421, 1.50979926 ], [ 31.117306731, 1.509934256 ], [ 31.117425865, 1.505990766 ], [ 31.114625828, 1.502518187 ], [ 31.12322743, 1.498532911 ], [ 31.124993257, 1.496320376 ], [ 31.128716601, 1.496854158 ], [ 31.131581508, 1.494811462 ], [ 31.133239723, 1.489752257 ], [ 31.131989691, 1.486735624 ], [ 31.135114796, 1.484606428 ], [ 31.132282398, 1.481824791 ], [ 31.138139229, 1.479049537 ], [ 31.131827701, 1.472993263 ], [ 31.130018598, 1.463375137 ], [ 31.125466452, 1.458707958 ], [ 31.123024594, 1.452985803 ], [ 31.127966562, 1.450738453 ], [ 31.132130692, 1.442802237 ], [ 31.130486286, 1.440156349 ], [ 31.12985823, 1.429438336 ], [ 31.127085059, 1.421168199 ], [ 31.123006288, 1.420183544 ], [ 31.115320587, 1.421555904 ], [ 31.110978813, 1.409568636 ], [ 31.104964123, 1.401571771 ], [ 31.097785126, 1.399620677 ], [ 31.094631243, 1.402334873 ], [ 31.090969626, 1.402630438 ], [ 31.088690071, 1.399954198 ], [ 31.083779812, 1.397650535 ], [ 31.07350548, 1.398226227 ], [ 31.068329765, 1.394106107 ], [ 31.05220434, 1.395442086 ], [ 31.049549511, 1.393631436 ], [ 31.045130318, 1.386323651 ], [ 31.038984187, 1.389299086 ], [ 31.035931202, 1.392625432 ], [ 31.031879865, 1.393817723 ], [ 31.023588974, 1.388494287 ], [ 31.021721584, 1.396682634 ], [ 31.019596349, 1.395872122 ], [ 31.015822036, 1.397491425 ], [ 31.012222259, 1.402118717 ], [ 31.011683062, 1.405428797 ], [ 31.004413513, 1.408169006 ], [ 31.000360083, 1.413917919 ], [ 30.999014966, 1.413492976 ], [ 30.998459841, 1.417914495 ], [ 30.996257319, 1.416540844 ], [ 30.993564568, 1.417830576 ], [ 30.994335713, 1.42246546 ], [ 30.989926677, 1.424968709 ], [ 30.990038944, 1.426266351 ], [ 30.983924673, 1.426464166 ], [ 30.984069009, 1.436546461 ], [ 30.981719135, 1.44755698 ], [ 30.985949178, 1.458788685 ], [ 30.981946808, 1.470310295 ], [ 30.984425559, 1.473083961 ], [ 30.983325368, 1.476409003 ], [ 30.986813294, 1.479740753 ], [ 30.989360316, 1.479602092 ], [ 30.992203734, 1.482032214 ], [ 30.991360029, 1.490641988 ], [ 30.996174031, 1.499268955 ], [ 30.994364588, 1.503436434 ], [ 30.979568409, 1.508882414 ], [ 30.97566531, 1.514127892 ], [ 30.963700728, 1.514402125 ], [ 30.958142623, 1.518244063 ], [ 30.957779851, 1.522557242 ], [ 30.95073032, 1.529166074 ], [ 30.890451658, 1.546937305 ], [ 30.803422413, 1.546935639 ], [ 30.550411342, 1.263409357 ], [ 30.550470387, 1.206360112 ], [ 30.562502741, 1.19447614 ], [ 30.616177414, 1.150966726 ], [ 30.649648009, 1.12748745 ], [ 30.662352183, 1.120159145 ], [ 30.666986466, 1.118936143 ], [ 30.672843981, 1.110592898 ], [ 30.6791076, 1.108043775 ], [ 30.690378893, 1.108940811 ], [ 30.70451809, 1.106903224 ], [ 30.723713082, 1.086901614 ], [ 30.737907337, 1.080439174 ], [ 30.74304698, 1.074192848 ], [ 30.748584231, 1.071247384 ], [ 30.759952156, 1.072288461 ], [ 30.758393031, 1.078453255 ], [ 30.764764462, 1.080039543 ], [ 30.764710264, 1.081882838 ], [ 30.767103393, 1.083640437 ], [ 30.765560637, 1.086924164 ], [ 30.767146446, 1.090821032 ], [ 30.77230006, 1.093318877 ], [ 30.780771968, 1.109470063 ], [ 30.786912363, 1.117280534 ], [ 30.793473698, 1.119280343 ], [ 30.795042672, 1.121032472 ], [ 30.802770425, 1.12028793 ], [ 30.808199561, 1.11551152 ], [ 30.807476626, 1.11140029 ], [ 30.813319889, 1.107800415 ], [ 30.81372803, 1.105833732 ], [ 30.816519057, 1.107643174 ], [ 30.81816683, 1.107167307 ], [ 30.83031972, 1.120735585 ], [ 30.833365549, 1.121966985 ], [ 30.833569918, 1.123752603 ], [ 30.848290327, 1.133352091 ], [ 30.849103194, 1.135683042 ], [ 30.850448107, 1.135313443 ], [ 30.856724014, 1.144117331 ], [ 30.867053798, 1.148701606 ], [ 30.875986761, 1.148494937 ], [ 30.878205616, 1.143375368 ], [ 30.881197203, 1.142074826 ], [ 30.890467824, 1.145630661 ], [ 30.898492573, 1.136191408 ], [ 30.897614415, 1.131468165 ], [ 30.901266154, 1.127730931 ], [ 30.908680068, 1.121840044 ], [ 30.914696424, 1.119676787 ], [ 30.918021632, 1.120027336 ], [ 30.920729039, 1.118209841 ], [ 30.923524352, 1.119922792 ], [ 30.923642958, 1.123324864 ], [ 30.929655434, 1.121973241 ], [ 30.938713443, 1.122604889 ], [ 30.948420977, 1.126470251 ], [ 30.952215556, 1.124918021 ], [ 30.95475417, 1.126908406 ], [ 30.956559819, 1.12637884 ], [ 30.957496026, 1.128250845 ], [ 30.9654822, 1.130300252 ], [ 30.96781127, 1.133495079 ], [ 30.969940645, 1.133735372 ], [ 30.972630194, 1.128583751 ], [ 30.974216905, 1.128126713 ], [ 30.978466009, 1.131666399 ], [ 30.984929317, 1.132632583 ], [ 30.999014965, 1.128332307 ], [ 31.005129798, 1.137349347 ], [ 31.023990126, 1.135977633 ], [ 31.031877383, 1.137706537 ], [ 31.040325793, 1.136778507 ], [ 31.047482352, 1.141743843 ], [ 31.047461252, 1.144225077 ], [ 31.050934265, 1.147478744 ], [ 31.050910724, 1.15193082 ], [ 31.054852992, 1.158310309 ], [ 31.060365854, 1.160922551 ], [ 31.065588246, 1.158557704 ], [ 31.06705089, 1.155765975 ], [ 31.069248084, 1.155891048 ], [ 31.076269813, 1.151259439 ], [ 31.084345563, 1.141592011 ], [ 31.090548746, 1.150048307 ], [ 31.094874164, 1.15156151 ], [ 31.098256487, 1.150448579 ], [ 31.103214829, 1.154703747 ], [ 31.105892262, 1.154877694 ], [ 31.107338789, 1.167870386 ], [ 31.115535692, 1.167880195 ], [ 31.119376884, 1.169367431 ], [ 31.119875377, 1.172980347 ], [ 31.11700676, 1.181010179 ], [ 31.119843742, 1.183919715 ], [ 31.127241342, 1.187255901 ], [ 31.131228781, 1.192044941 ], [ 31.152791712, 1.190797402 ], [ 31.162578438, 1.188196647 ], [ 31.174601675, 1.181065969 ], [ 31.183349516, 1.180842088 ], [ 31.203304795, 1.192504683 ], [ 31.209650915, 1.200421195 ], [ 31.215407002, 1.214306132 ], [ 31.217714031, 1.216827596 ], [ 31.221533977, 1.218010516 ], [ 31.239593675, 1.217152434 ], [ 31.258386402, 1.202761389 ], [ 31.268035382, 1.198458575 ], [ 31.277163876, 1.197741566 ], [ 31.285695672, 1.200867477 ], [ 31.29244254, 1.208158235 ], [ 31.299957653, 1.216854285 ], [ 31.304793814, 1.219356639 ], [ 31.318340756, 1.236704783 ], [ 31.323021516, 1.238640096 ], [ 31.349297275, 1.239264411 ], [ 31.358821116, 1.237791024 ], [ 31.368961068, 1.238891382 ], [ 31.378144474, 1.256852592 ], [ 31.392077611, 1.267147463 ], [ 31.402455072, 1.270566928 ], [ 31.418406658, 1.26896175 ] ] ] } },
{ "type": "Feature", "properties": { "shapeName": "Kiruhura", "shapeISO": "", "shapeID": "80733802B53868162341889", "shapeGroup": "UGA", "shapeType": "ADM2" }, "geometry": { "type": "Polygon", "coordinates": [ [ [ 31.091447773, -0.043891743 ], [ 31.08827252, -0.040582191 ], [ 31.087878235, -0.037254623 ], [ 31.08313096, -0.029686162 ], [ 31.075609149, -0.023889986 ], [ 31.069475424, -0.030183265 ], [ 31.05853889, -0.030680403 ], [ 31.052583603, -0.027009216 ], [ 31.04328176, -0.03099662 ], [ 31.039934108, -0.035291522 ], [ 31.026449281, -0.03609599 ], [ 31.023539761, -0.025679628 ], [ 31.027934, -0.01851846 ], [ 31.029924007, -0.009792983 ], [ 31.040491834, 0.000786139 ], [ 31.049827538, 0.006564044 ], [ 31.052743424, 0.010949474 ], [ 31.056947071, 0.011989352 ], [ 31.058471667, 0.014973265 ], [ 31.059370583, 0.02184529 ], [ 31.056616523, 0.026845536 ], [ 31.057034589, 0.033988812 ], [ 31.054791975, 0.035209448 ], [ 31.058383929, 0.040128442 ], [ 31.058897745, 0.043935188 ], [ 31.053734027, 0.049116166 ], [ 31.056597904, 0.053004362 ], [ 31.057131841, 0.058447732 ], [ 31.054567211, 0.061350152 ], [ 31.052345549, 0.05716358 ], [ 31.046512036, 0.054587526 ], [ 31.036443155, 0.047059958 ], [ 31.025345901, 0.042508812 ], [ 31.020140143, 0.041990089 ], [ 31.008451078, 0.035389222 ], [ 31.0007706, 0.024421333 ], [ 30.987595657, 0.025931082 ], [ 30.983498788, 0.028236645 ], [ 30.979743555, 0.027232946 ], [ 30.976318981, 0.02429434 ], [ 30.966004207, 0.022214596 ], [ 30.963512463, 0.025650364 ], [ 30.953324414, 0.01923069 ], [ 30.948314361, 0.023245051 ], [ 30.944065072, 0.014818317 ], [ 30.941972804, 0.013597694 ], [ 30.934717016, 0.01719611 ], [ 30.92900955, 0.024646151 ], [ 30.913389921, 0.024763415 ], [ 30.914862013, 0.01933865 ], [ 30.913538531, 0.014347828 ], [ 30.917009407, 0.003769509 ], [ 30.923114966, -0.008083697 ], [ 30.926963244, -0.011853969 ], [ 30.93070223, -0.026021879 ], [ 30.936056939, -0.034801196 ], [ 30.933713933, -0.039972845 ], [ 30.93871285, -0.043490089 ], [ 30.943255957, -0.057242298 ], [ 30.940626775, -0.060968213 ], [ 30.932559248, -0.067213425 ], [ 30.915021461, -0.073285336 ], [ 30.916919299, -0.095101936 ], [ 30.905189899, -0.104322586 ], [ 30.896253442, -0.108257918 ], [ 30.891617068, -0.108054301 ], [ 30.890558945, -0.109417089 ], [ 30.875539933, -0.101541261 ], [ 30.864841597, -0.101233175 ], [ 30.854651621, -0.097923523 ], [ 30.85178929, -0.099469346 ], [ 30.848844197, -0.098393287 ], [ 30.835751933, -0.110886914 ], [ 30.813522183, -0.115450871 ], [ 30.803459746, -0.127899091 ], [ 30.799582512, -0.130240287 ], [ 30.799546726, -0.138313568 ], [ 30.792514789, -0.146747792 ], [ 30.76339369, -0.147314478 ], [ 30.754710061, -0.142260057 ], [ 30.747024278, -0.14828236 ], [ 30.74392326, -0.153362615 ], [ 30.741671158, -0.150829347 ], [ 30.736760426, -0.149205794 ], [ 30.736851635, -0.147922086 ], [ 30.727697818, -0.150412168 ], [ 30.726347133, -0.147080501 ], [ 30.727425653, -0.139424205 ], [ 30.723615576, -0.138415216 ], [ 30.724056035, -0.135817282 ], [ 30.719623656, -0.134074703 ], [ 30.718201494, -0.131800976 ], [ 30.709268289, -0.131560981 ], [ 30.694182568, -0.122999475 ], [ 30.68158413, -0.120709656 ], [ 30.677962181, -0.122518519 ], [ 30.677915282, -0.128049631 ], [ 30.676758365, -0.128600831 ], [ 30.669191639, -0.130175635 ], [ 30.655031931, -0.127277602 ], [ 30.653178298, -0.127949257 ], [ 30.648600295, -0.132739874 ], [ 30.647302794, -0.137295745 ], [ 30.640659758, -0.141767108 ], [ 30.640731082, -0.148875409 ], [ 30.625390799, -0.163878854 ], [ 30.629772297, -0.174210874 ], [ 30.628881109, -0.181050571 ], [ 30.624534752, -0.186513297 ], [ 30.614314079, -0.192934966 ], [ 30.608914501, -0.203896679 ], [ 30.608344753, -0.20847386 ], [ 30.610368804, -0.210325379 ], [ 30.614762364, -0.222659391 ], [ 30.614535774, -0.22744167 ], [ 30.616414221, -0.23184269 ], [ 30.62039808, -0.233710823 ], [ 30.621752615, -0.23614688 ], [ 30.624994536, -0.234456695 ], [ 30.621664007, -0.247339252 ], [ 30.617432338, -0.252904907 ], [ 30.617099944, -0.261151618 ], [ 30.619568392, -0.262817155 ], [ 30.617468188, -0.265825095 ], [ 30.618418024, -0.270851227 ], [ 30.61618623, -0.271971682 ], [ 30.615319694, -0.274421205 ], [ 30.611734585, -0.274158348 ], [ 30.610452577, -0.276860881 ], [ 30.612577696, -0.280196861 ], [ 30.611010963, -0.290646121 ], [ 30.612554363, -0.296052032 ], [ 30.621790233, -0.299787326 ], [ 30.624817574, -0.303819608 ], [ 30.638054292, -0.310222547 ], [ 30.641271519, -0.314688839 ], [ 30.644417492, -0.325817354 ], [ 30.653036231, -0.326397905 ], [ 30.662498055, -0.330242007 ], [ 30.663744516, -0.338576971 ], [ 30.672876216, -0.344355618 ], [ 30.675782372, -0.347719151 ], [ 30.679284555, -0.357293237 ], [ 30.680051146, -0.384599764 ], [ 30.691097186, -0.387089837 ], [ 30.696482448, -0.389830289 ], [ 30.695376076, -0.393574709 ], [ 30.696814732, -0.39787814 ], [ 30.694182785, -0.410108479 ], [ 30.686881413, -0.411814916 ], [ 30.68369976, -0.410548406 ], [ 30.679306923, -0.412463584 ], [ 30.683699009, -0.423276586 ], [ 30.690167842, -0.428468465 ], [ 30.6963217, -0.428447368 ], [ 30.700425327, -0.430649395 ], [ 30.703191024, -0.433958965 ], [ 30.705251569, -0.440600328 ], [ 30.713235261, -0.435876171 ], [ 30.721112298, -0.434436585 ], [ 30.724552615, -0.435776231 ], [ 30.728514681, -0.434656259 ], [ 30.731344619, -0.43561264 ], [ 30.731791943, -0.44019932 ], [ 30.736843829, -0.442499428 ], [ 30.787674441, -0.490570718 ], [ 30.793300387, -0.493817753 ], [ 30.785879582, -0.501723178 ], [ 30.786049775, -0.504327839 ], [ 30.781753356, -0.511007312 ], [ 30.806821252, -0.512236425 ], [ 30.820905316, -0.511301002 ], [ 30.796616395, -0.536678714 ], [ 30.794628919, -0.546387592 ], [ 30.777799643, -0.568422087 ], [ 30.786103879, -0.588079414 ], [ 30.786095262, -0.604033721 ], [ 30.784852854, -0.604699152 ], [ 30.786756412, -0.607792744 ], [ 30.79042219, -0.607131053 ], [ 30.798757254, -0.61417619 ], [ 30.802044807, -0.610957853 ], [ 30.80535105, -0.611565834 ], [ 30.80697688, -0.613732125 ], [ 30.810212203, -0.612165022 ], [ 30.813548295, -0.616211631 ], [ 30.817336225, -0.614786191 ], [ 30.829732427, -0.621027348 ], [ 30.833985446, -0.620057848 ], [ 30.834180839, -0.623298568 ], [ 30.8359804, -0.620615014 ], [ 30.836597496, -0.623397003 ], [ 30.840775041, -0.623804197 ], [ 30.841863435, -0.627023299 ], [ 30.843667834, -0.627828708 ], [ 30.843435847, -0.630107446 ], [ 30.845852541, -0.63015874 ], [ 30.846913398, -0.631991681 ], [ 30.845548067, -0.634065641 ], [ 30.8460373, -0.636442123 ], [ 30.847208159, -0.636521194 ], [ 30.847493209, -0.634305338 ], [ 30.851661085, -0.635539223 ], [ 30.85240361, -0.637004282 ], [ 30.856700363, -0.635997023 ], [ 30.8559271, -0.638418671 ], [ 30.86266783, -0.642847951 ], [ 30.864492556, -0.646594033 ], [ 30.863357832, -0.649715418 ], [ 30.865598125, -0.650466461 ], [ 30.865434674, -0.652336343 ], [ 30.867464971, -0.653340853 ], [ 30.865018148, -0.658946432 ], [ 30.86717811, -0.661628744 ], [ 30.866750957, -0.666588689 ], [ 30.862761395, -0.666721465 ], [ 30.865458485, -0.671578217 ], [ 30.870398862, -0.674931235 ], [ 30.87562708, -0.676174362 ], [ 30.881937907, -0.686589117 ], [ 30.890166886, -0.692406103 ], [ 30.915798089, -0.704852772 ], [ 30.95521643, -0.714146914 ], [ 30.966694106, -0.715128514 ], [ 30.976377181, -0.712257562 ], [ 31.007048661, -0.693807569 ], [ 31.01883093, -0.692790799 ], [ 31.040731045, -0.695937511 ], [ 31.052901672, -0.69443254 ], [ 31.078947987, -0.676892299 ], [ 31.092801462, -0.671400073 ], [ 31.090996218, -0.663568745 ], [ 31.093528807, -0.655097097 ], [ 31.094798797, -0.635855569 ], [ 31.098631267, -0.621552034 ], [ 31.10612501, -0.607322063 ], [ 31.124869726, -0.588538385 ], [ 31.125814385, -0.584017464 ], [ 31.124399491, -0.575074003 ], [ 31.134922749, -0.559877002 ], [ 31.138725542, -0.550365467 ], [ 31.140706325, -0.538836846 ], [ 31.149059161, -0.527436696 ], [ 31.152792828, -0.51952553 ], [ 31.151946404, -0.501141669 ], [ 31.154665232, -0.490047149 ], [ 31.152820054, -0.477007201 ], [ 31.154740049, -0.469475222 ], [ 31.152944923, -0.440845839 ], [ 31.132337243, -0.420232828 ], [ 31.124179924, -0.403628921 ], [ 31.124676185, -0.391159466 ], [ 31.11800286, -0.377675715 ], [ 31.115364902, -0.375197523 ], [ 31.103237226, -0.33910687 ], [ 31.092305315, -0.327539623 ], [ 31.089870987, -0.322728668 ], [ 31.089659875, -0.318388342 ], [ 31.082179857, -0.304760292 ], [ 31.078947064, -0.28427003 ], [ 31.074019144, -0.273852597 ], [ 31.073477682, -0.265018289 ], [ 31.072146554, -0.264113856 ], [ 31.071377223, -0.258471423 ], [ 31.071586979, -0.252159995 ], [ 31.068433025, -0.242113686 ], [ 31.075151366, -0.221010127 ], [ 31.071615758, -0.21569286 ], [ 31.070653797, -0.209453634 ], [ 31.072173119, -0.20463433 ], [ 31.079663276, -0.192798946 ], [ 31.08306877, -0.174000484 ], [ 31.091352948, -0.157390624 ], [ 31.092934081, -0.146874571 ], [ 31.09474921, -0.143845544 ], [ 31.095192761, -0.135960687 ], [ 31.098458944, -0.125987243 ], [ 31.097908575, -0.117071481 ], [ 31.100829159, -0.101961908 ], [ 31.100013114, -0.098787994 ], [ 31.10259722, -0.090677161 ], [ 31.101522298, -0.08293685 ], [ 31.09894393, -0.077429943 ], [ 31.097699932, -0.063468539 ], [ 31.098553768, -0.054390053 ], [ 31.091447773, -0.043891743 ] ] ] } },
{ "type": "Feature", "properties": { "shapeName": "Kiryandongo", "shapeISO": "", "shapeID": "80733802B16636223046279", "shapeGroup": "UGA", "shapeType": "ADM2" }, "geometry": { "type": "Polygon", "coordinates": [ [ [ 32.095575156, 1.648208775 ], [ 32.092954347, 1.652205972 ], [ 32.092467952, 1.656186052 ], [ 32.098319846, 1.668998107 ], [ 32.1013795, 1.679764457 ], [ 32.100810918, 1.684043029 ], [ 32.09722657, 1.690844068 ], [ 32.095721414, 1.699835236 ], [ 32.101005997, 1.727889873 ], [ 32.107209798, 1.739200542 ], [ 32.127421601, 1.746257078 ], [ 32.151748495, 1.761484145 ], [ 32.166290864, 1.776896633 ], [ 32.178583675, 1.777743492 ], [ 32.194695607, 1.782002441 ], [ 32.206273283, 1.78149186 ], [ 32.208984971, 1.783456106 ], [ 32.213454476, 1.791509349 ], [ 32.216759605, 1.793338154 ], [ 32.233378653, 1.789690473 ], [ 32.25692424, 1.80265484 ], [ 32.271935589, 1.8067138 ], [ 32.276496747, 1.810560419 ], [ 32.277996648, 1.813682082 ], [ 32.278186753, 1.821706449 ], [ 32.275645094, 1.831140968 ], [ 32.278958286, 1.837094945 ], [ 32.283715126, 1.838680021 ], [ 32.292875017, 1.835689283 ], [ 32.30056724, 1.836832202 ], [ 32.316804712, 1.845107145 ], [ 32.33761646, 1.851918165 ], [ 32.341972539, 1.855701308 ], [ 32.343694092, 1.862324117 ], [ 32.339234558, 1.876679492 ], [ 32.339586699, 1.881673384 ], [ 32.344160153, 1.895579855 ], [ 32.342347151, 1.923343377 ], [ 32.344519161, 1.92904362 ], [ 32.352955166, 1.934393462 ], [ 32.361075516, 1.943198996 ], [ 32.363640958, 1.949695502 ], [ 32.363254519, 1.953657809 ], [ 32.358528478, 1.95714802 ], [ 32.352704843, 1.957860454 ], [ 32.337913927, 1.955782952 ], [ 32.334565766, 1.958604172 ], [ 32.333553312, 1.965180676 ], [ 32.334022218, 1.968853802 ], [ 32.338966096, 1.976020733 ], [ 32.336495807, 1.985573001 ], [ 32.336716961, 1.990449233 ], [ 32.339992954, 1.997579319 ], [ 32.343455847, 2.013792327 ], [ 32.343814956, 2.035413981 ], [ 32.344981284, 2.041864725 ], [ 32.350116245, 2.052930896 ], [ 32.35277437, 2.074426784 ], [ 32.351587946, 2.077185668 ], [ 32.343366061, 2.083189719 ], [ 32.341821338, 2.090739131 ], [ 32.330175959, 2.10319673 ], [ 32.328483422, 2.110117224 ], [ 32.332769735, 2.124838709 ], [ 32.328982097, 2.129797123 ], [ 32.320981957, 2.13614643 ], [ 32.318781302, 2.140587717 ], [ 32.318451736, 2.146811312 ], [ 32.321173909, 2.155586516 ], [ 32.32209047, 2.166380069 ], [ 32.316854512, 2.185665843 ], [ 32.316873229, 2.194828725 ], [ 32.304048405, 2.212814375 ], [ 32.296980995, 2.215372579 ], [ 32.296594412, 2.220269714 ], [ 32.290843122, 2.225338712 ], [ 32.2841793, 2.237714545 ], [ 32.277995561, 2.241003478 ], [ 32.273210966, 2.245738638 ], [ 32.262833286, 2.250161919 ], [ 32.261842102, 2.253044188 ], [ 32.258991924, 2.253818361 ], [ 32.252798261, 2.25163893 ], [ 32.250700881, 2.246807041 ], [ 32.248749161, 2.246769846 ], [ 32.247320993, 2.243449061 ], [ 32.24330265, 2.241140132 ], [ 32.222866218, 2.246376264 ], [ 32.221185777, 2.243543844 ], [ 32.214059806, 2.241468387 ], [ 32.213094469, 2.237822177 ], [ 32.200843239, 2.227457441 ], [ 32.193738471, 2.224875339 ], [ 32.189222845, 2.217002548 ], [ 32.174629159, 2.218297093 ], [ 32.165943344, 2.22204639 ], [ 32.148485173, 2.221547864 ], [ 32.14566107, 2.231108077 ], [ 32.136976062, 2.236195983 ], [ 32.132913578, 2.240644297 ], [ 32.129349478, 2.242921806 ], [ 32.124619248, 2.242656625 ], [ 32.120318618, 2.245820184 ], [ 32.109859988, 2.244845872 ], [ 32.107848617, 2.246907154 ], [ 32.09532712, 2.252245642 ], [ 32.090114188, 2.255942222 ], [ 32.084756566, 2.262687205 ], [ 32.05324771, 2.282504688 ], [ 32.041915393, 2.284053035 ], [ 32.032926233, 2.277190157 ], [ 32.025628094, 2.276524857 ], [ 32.023591635, 2.279752858 ], [ 32.022817895, 2.289033425 ], [ 32.018619966, 2.295724498 ], [ 32.015884095, 2.303710118 ], [ 32.013098388, 2.306476216 ], [ 32.008010915, 2.309104999 ], [ 31.996841977, 2.310734402 ], [ 31.990105069, 2.318255709 ], [ 31.982193831, 2.317345427 ], [ 31.979149791, 2.318546309 ], [ 31.979551063, 2.326796351 ], [ 31.976980828, 2.32601654 ], [ 31.973353972, 2.327153654 ], [ 31.970710651, 2.324863139 ], [ 31.966786312, 2.325846239 ], [ 31.960944988, 2.336959116 ], [ 31.95569104, 2.340672979 ], [ 31.942081076, 2.338826437 ], [ 31.941345175, 2.340571692 ], [ 31.944464766, 2.343622453 ], [ 31.944109177, 2.344870486 ], [ 31.936149956, 2.343498525 ], [ 31.935036157, 2.348092862 ], [ 31.927125831, 2.3603255 ], [ 31.917091568, 2.365763116 ], [ 31.913322397, 2.36416186 ], [ 31.908940161, 2.359270622 ], [ 31.900105084, 2.362565645 ], [ 31.891073859, 2.359769984 ], [ 31.887091899, 2.362867972 ], [ 31.882119854, 2.363065016 ], [ 31.868710282, 2.359199629 ], [ 31.856940837, 2.3664986 ], [ 31.854704144, 2.366071308 ], [ 31.853962035, 2.361104033 ], [ 31.849796665, 2.358863709 ], [ 31.833219591, 2.369187156 ], [ 31.828475043, 2.365707815 ], [ 31.824644376, 2.365210664 ], [ 31.814564034, 2.359382372 ], [ 31.808448625, 2.357813 ], [ 31.79923475, 2.349726556 ], [ 31.796233353, 2.345335154 ], [ 31.784333155, 2.33918643 ], [ 31.784791762, 2.333226668 ], [ 31.780484309, 2.331416314 ], [ 31.775417138, 2.331326525 ], [ 31.769121225, 2.327118011 ], [ 31.765155368, 2.321426007 ], [ 31.763497445, 2.316209093 ], [ 31.751868822, 2.30722968 ], [ 31.750353065, 2.30154315 ], [ 31.745950525, 2.048943142 ], [ 31.74331895, 2.033212889 ], [ 31.748153867, 2.02396479 ], [ 31.753328205, 2.021713623 ], [ 31.752266638, 2.019515495 ], [ 31.754164373, 2.018071328 ], [ 31.754700311, 2.012404967 ], [ 31.757947396, 2.012609831 ], [ 31.758398251, 2.00541102 ], [ 31.75707724, 2.004282425 ], [ 31.758717176, 2.001652659 ], [ 31.75656204, 2.001535358 ], [ 31.755630731, 1.998065195 ], [ 31.757673343, 1.994973149 ], [ 31.763247939, 1.995324324 ], [ 31.767178491, 1.984542969 ], [ 31.882037661, 1.964910278 ], [ 31.8807669, 1.960076967 ], [ 31.883868668, 1.952956588 ], [ 31.886923654, 1.95180984 ], [ 31.885812495, 1.948678647 ], [ 31.886599193, 1.946036973 ], [ 31.894812324, 1.935732024 ], [ 31.895999113, 1.932315133 ], [ 31.896351504, 1.91700775 ], [ 31.899318523, 1.917903924 ], [ 31.902468254, 1.916892681 ], [ 31.912563064, 1.905472079 ], [ 31.915913303, 1.904865429 ], [ 31.921624967, 1.907185368 ], [ 31.913633063, 1.895879334 ], [ 31.905364475, 1.896913852 ], [ 31.898182739, 1.891413374 ], [ 31.896955652, 1.886263292 ], [ 31.897745219, 1.882847435 ], [ 31.893371538, 1.872843136 ], [ 31.891011853, 1.86941257 ], [ 31.885926785, 1.866205924 ], [ 31.88210804, 1.856726006 ], [ 31.877173196, 1.851955395 ], [ 31.882018931, 1.842883571 ], [ 31.883041568, 1.835373635 ], [ 31.886096449, 1.83373688 ], [ 31.886135992, 1.824655918 ], [ 31.890992216, 1.818138371 ], [ 31.886011591, 1.806186612 ], [ 31.890499739, 1.803474811 ], [ 31.90044013, 1.790413363 ], [ 31.909576981, 1.784502557 ], [ 31.906255659, 1.778096087 ], [ 31.905958243, 1.774247435 ], [ 31.90803002, 1.768698167 ], [ 31.913398104, 1.766992846 ], [ 31.914066283, 1.765132199 ], [ 31.913278088, 1.751363944 ], [ 31.910220791, 1.738833952 ], [ 31.919570014, 1.728798681 ], [ 31.91357543, 1.713227676 ], [ 31.914052155, 1.686090999 ], [ 31.91069809, 1.677550025 ], [ 31.903871036, 1.667813093 ], [ 31.903847157, 1.664773751 ], [ 31.909628008, 1.659421963 ], [ 31.930086556, 1.655217927 ], [ 31.939970624, 1.650718503 ], [ 31.947166952, 1.649464997 ], [ 31.952091116, 1.64484523 ], [ 31.962356096, 1.642426363 ], [ 31.966459631, 1.640121825 ], [ 31.971252904, 1.632625327 ], [ 31.974464002, 1.618036053 ], [ 31.983015826, 1.612983758 ], [ 31.989343764, 1.615782111 ], [ 32.000179778, 1.617849983 ], [ 32.004378951, 1.623198201 ], [ 32.007732224, 1.623018944 ], [ 32.008488128, 1.625353167 ], [ 32.012946324, 1.627264061 ], [ 32.016657515, 1.625872812 ], [ 32.023120536, 1.628454073 ], [ 32.029617919, 1.626792777 ], [ 32.034233411, 1.628251415 ], [ 32.039981974, 1.62465387 ], [ 32.049486734, 1.623111527 ], [ 32.058958836, 1.62599264 ], [ 32.071681977, 1.625844794 ], [ 32.078176273, 1.627982676 ], [ 32.084360242, 1.633711715 ], [ 32.083366883, 1.63874995 ], [ 32.090491899, 1.640897159 ], [ 32.092806541, 1.6461088 ], [ 32.095575156, 1.648208775 ] ] ] } },
{ "type": "Feature", "properties": { "shapeName": "Kisoro", "shapeISO": "", "shapeID": "80733802B7969966901488", "shapeGroup": "UGA", "shapeType": "ADM2" }, "geometry": { "type": "Polygon", "coordinates": [ [ [ 29.583820867, -1.007272698 ], [ 29.582419373, -1.020000084 ], [ 29.589713212, -1.052901916 ], [ 29.581962765, -1.104634452 ], [ 29.577847784, -1.110521793 ], [ 29.578440882, -1.113631317 ], [ 29.580269244, -1.114801536 ], [ 29.580027183, -1.118631608 ], [ 29.576745784, -1.124138874 ], [ 29.577182448, -1.127545776 ], [ 29.575640432, -1.128660958 ], [ 29.577046155, -1.139548906 ], [ 29.579719118, -1.147618054 ], [ 29.582193244, -1.149471802 ], [ 29.585259357, -1.155533349 ], [ 29.57853904, -1.164810463 ], [ 29.578556796, -1.168522294 ], [ 29.576743049, -1.170490559 ], [ 29.579979707, -1.176007933 ], [ 29.579197219, -1.179523791 ], [ 29.576729532, -1.183975437 ], [ 29.573411253, -1.184258062 ], [ 29.572161692, -1.186205706 ], [ 29.572943366, -1.190646858 ], [ 29.576410688, -1.192407984 ], [ 29.582599074, -1.198890071 ], [ 29.584201022, -1.20409491 ], [ 29.590211884, -1.207318658 ], [ 29.59350908, -1.211871603 ], [ 29.604889684, -1.217896831 ], [ 29.607375417, -1.221760154 ], [ 29.60257846, -1.224715981 ], [ 29.606548711, -1.232733726 ], [ 29.604738798, -1.236347894 ], [ 29.604173854, -1.244212179 ], [ 29.601304099, -1.245086612 ], [ 29.599221163, -1.249199143 ], [ 29.59506918, -1.251624929 ], [ 29.592159601, -1.270462837 ], [ 29.598567447, -1.30233116 ], [ 29.601313561, -1.303940011 ], [ 29.606278519, -1.317540805 ], [ 29.589582981, -1.38835026 ], [ 29.595255147, -1.386722856 ], [ 29.60851947, -1.38785542 ], [ 29.61510432, -1.38636243 ], [ 29.637697824, -1.388398759 ], [ 29.644210618, -1.383169079 ], [ 29.646009195, -1.384464534 ], [ 29.675173051, -1.382166165 ], [ 29.680640001, -1.377815898 ], [ 29.687963336, -1.366989839 ], [ 29.689224213, -1.36141929 ], [ 29.698506844, -1.357917529 ], [ 29.699807587, -1.354997233 ], [ 29.708085752, -1.350286168 ], [ 29.710829431, -1.34446982 ], [ 29.727750752, -1.340205754 ], [ 29.744147912, -1.341108942 ], [ 29.755664332, -1.344727197 ], [ 29.764839002, -1.351789512 ], [ 29.774239174, -1.365621144 ], [ 29.782991729, -1.367302488 ], [ 29.794889046, -1.372266445 ], [ 29.793315969, -1.363617635 ], [ 29.794770671, -1.358773661 ], [ 29.794594812, -1.349241366 ], [ 29.803316624, -1.338769084 ], [ 29.803741898, -1.334842518 ], [ 29.807840003, -1.329144996 ], [ 29.817708393, -1.327465447 ], [ 29.819140144, -1.316218435 ], [ 29.817472647, -1.314542018 ], [ 29.819197083, -1.310482446 ], [ 29.818843217, -1.300763612 ], [ 29.811945953, -1.283624744 ], [ 29.795778312, -1.255397037 ], [ 29.792067971, -1.253279285 ], [ 29.788700892, -1.24569784 ], [ 29.785794797, -1.24327574 ], [ 29.786480818, -1.235512462 ], [ 29.785559224, -1.231672048 ], [ 29.782392839, -1.228462792 ], [ 29.782183123, -1.22505201 ], [ 29.779263652, -1.223929842 ], [ 29.776232727, -1.21658254 ], [ 29.768351028, -1.214838334 ], [ 29.764073681, -1.20728791 ], [ 29.762173785, -1.207501827 ], [ 29.758394104, -1.200810281 ], [ 29.75178788, -1.194833228 ], [ 29.752166395, -1.192946657 ], [ 29.754330411, -1.193307762 ], [ 29.756137006, -1.191638907 ], [ 29.758390483, -1.193667054 ], [ 29.761691273, -1.193549035 ], [ 29.769901548, -1.188245299 ], [ 29.780194363, -1.189191166 ], [ 29.788299522, -1.192855281 ], [ 29.792878747, -1.19133685 ], [ 29.782414349, -1.178983714 ], [ 29.779963372, -1.173008161 ], [ 29.771576883, -1.16617196 ], [ 29.763553756, -1.163593305 ], [ 29.75416191, -1.153477486 ], [ 29.751242122, -1.152689421 ], [ 29.751559213, -1.145128967 ], [ 29.749447143, -1.144007303 ], [ 29.747328881, -1.139334569 ], [ 29.743340436, -1.135221591 ], [ 29.743800688, -1.133134339 ], [ 29.740893055, -1.126947749 ], [ 29.739376765, -1.127941274 ], [ 29.736213621, -1.126124602 ], [ 29.733388496, -1.127090645 ], [ 29.727757164, -1.124572464 ], [ 29.72824528, -1.1163534 ], [ 29.733180878, -1.109957061 ], [ 29.733846108, -1.102736268 ], [ 29.738086827, -1.097202962 ], [ 29.742374085, -1.097360393 ], [ 29.743018015, -1.09852641 ], [ 29.74464151, -1.094842587 ], [ 29.747267296, -1.094312814 ], [ 29.752471559, -1.081966935 ], [ 29.751627773, -1.078084456 ], [ 29.749448341, -1.076965388 ], [ 29.744541396, -1.078380479 ], [ 29.740637758, -1.074194246 ], [ 29.735233322, -1.071364982 ], [ 29.721482516, -1.071045872 ], [ 29.716417936, -1.064366071 ], [ 29.713542381, -1.064134794 ], [ 29.712350089, -1.059192152 ], [ 29.705488342, -1.056939863 ], [ 29.703179933, -1.058987057 ], [ 29.70094366, -1.058228775 ], [ 29.69640324, -1.059565463 ], [ 29.696284274, -1.06129222 ], [ 29.691733305, -1.058294989 ], [ 29.690264239, -1.058828945 ], [ 29.689903483, -1.057408611 ], [ 29.682794653, -1.060859639 ], [ 29.683031138, -1.05827787 ], [ 29.680112889, -1.054606288 ], [ 29.672929029, -1.05914965 ], [ 29.668886325, -1.055413132 ], [ 29.663424498, -1.057235913 ], [ 29.660094167, -1.055882251 ], [ 29.65728702, -1.05355432 ], [ 29.657340367, -1.05084692 ], [ 29.659688779, -1.049074927 ], [ 29.658645416, -1.047579083 ], [ 29.65286029, -1.046373736 ], [ 29.650643818, -1.048955477 ], [ 29.648631755, -1.048462927 ], [ 29.642794414, -1.043060566 ], [ 29.638898841, -1.043265757 ], [ 29.637767268, -1.040438041 ], [ 29.633591488, -1.037416741 ], [ 29.632644215, -1.03912875 ], [ 29.630819581, -1.03902211 ], [ 29.626739597, -1.034849406 ], [ 29.623742964, -1.034408433 ], [ 29.622592309, -1.031752047 ], [ 29.621673084, -1.033778119 ], [ 29.618231494, -1.033148333 ], [ 29.617875507, -1.030804863 ], [ 29.614314964, -1.027203782 ], [ 29.605523637, -1.026004844 ], [ 29.603800351, -1.02846778 ], [ 29.598277871, -1.029565777 ], [ 29.596933519, -1.027944115 ], [ 29.598462736, -1.024607905 ], [ 29.595916478, -1.01852419 ], [ 29.591385101, -1.012171951 ], [ 29.583820867, -1.007272698 ] ] ] } },
{ "type": "Feature", "properties": { "shapeName": "Kitagwenda", "shapeISO": "", "shapeID": "80733802B67623793086215", "shapeGroup": "UGA", "shapeType": "ADM2" }, "geometry": { "type": "Polygon", "coordinates": [ [ [ 30.472112107, 0.104365811 ], [ 30.476605014, 0.108053899 ], [ 30.476697007, 0.114859911 ], [ 30.479357426, 0.115131309 ], [ 30.475702096, 0.122759479 ], [ 30.479363526, 0.126339095 ], [ 30.477402194, 0.128246028 ], [ 30.477082641, 0.130939474 ], [ 30.470395404, 0.132265157 ], [ 30.466452854, 0.134734519 ], [ 30.465744368, 0.138006359 ], [ 30.459597803, 0.145959476 ], [ 30.458855576, 0.149647054 ], [ 30.455483263, 0.151906246 ], [ 30.449695828, 0.160500996 ], [ 30.439909266, 0.161873559 ], [ 30.432239254, 0.159007455 ], [ 30.426311671, 0.161846477 ], [ 30.416247505, 0.160322587 ], [ 30.412580164, 0.143640231 ], [ 30.414189064, 0.13996538 ], [ 30.406251633, 0.147298876 ], [ 30.400308146, 0.150599214 ], [ 30.396534455, 0.149857914 ], [ 30.392595856, 0.146244887 ], [ 30.382564982, 0.144486279 ], [ 30.378525923, 0.148787803 ], [ 30.374347133, 0.148642688 ], [ 30.365036093, 0.152545845 ], [ 30.362015677, 0.151370565 ], [ 30.360770279, 0.15656708 ], [ 30.357346733, 0.155491156 ], [ 30.342879919, 0.160247257 ], [ 30.343212052, 0.16326018 ], [ 30.339137837, 0.16844854 ], [ 30.339387091, 0.16987129 ], [ 30.33448217, 0.17070753 ], [ 30.333401647, 0.169284653 ], [ 30.331489541, 0.170037587 ], [ 30.329328307, 0.168949309 ], [ 30.326335178, 0.171961794 ], [ 30.326334866, 0.174054049 ], [ 30.322843289, 0.17455563 ], [ 30.322510218, 0.178489035 ], [ 30.317854303, 0.182505497 ], [ 30.324088941, 0.183426978 ], [ 30.321843954, 0.186606949 ], [ 30.32001529, 0.185351246 ], [ 30.315358748, 0.193301052 ], [ 30.308126277, 0.194387893 ], [ 30.304634449, 0.196897987 ], [ 30.300644298, 0.196813619 ], [ 30.300269602, 0.200202947 ], [ 30.301765511, 0.203048637 ], [ 30.298772819, 0.202880775 ], [ 30.292454117, 0.208403043 ], [ 30.289295546, 0.206728753 ], [ 30.288629908, 0.210159888 ], [ 30.28605298, 0.210924273 ], [ 30.267175318, 0.184931147 ], [ 30.265792991, 0.181246614 ], [ 30.26830246, 0.157309267 ], [ 30.267640272, 0.155330308 ], [ 30.265046756, 0.154039051 ], [ 30.26633585, 0.148083606 ], [ 30.263779505, 0.13468488 ], [ 30.26571202, 0.129271952 ], [ 30.264435715, 0.12628961 ], [ 30.266632787, 0.114577913 ], [ 30.269096751, 0.114054009 ], [ 30.270298809, 0.112120206 ], [ 30.266693848, 0.103444351 ], [ 30.264101174, 0.086210623 ], [ 30.258903466, 0.079080099 ], [ 30.258974022, 0.072537367 ], [ 30.255088383, 0.064919015 ], [ 30.254609095, 0.054779592 ], [ 30.257221387, 0.048200844 ], [ 30.256051653, 0.040908011 ], [ 30.220323158, -0.069828198 ], [ 30.215992644, -0.078385607 ], [ 30.215204358, -0.093395335 ], [ 30.212248592, -0.103389551 ], [ 30.217883088, -0.103118937 ], [ 30.222063617, -0.107664727 ], [ 30.231410934, -0.113792456 ], [ 30.238524724, -0.125667443 ], [ 30.240413554, -0.125495941 ], [ 30.241481466, -0.122604278 ], [ 30.246081547, -0.124104859 ], [ 30.251348687, -0.118710388 ], [ 30.263549174, -0.114626873 ], [ 30.275668619, -0.112983266 ], [ 30.279847703, -0.116869597 ], [ 30.283244228, -0.115405909 ], [ 30.284615157, -0.118090062 ], [ 30.291869006, -0.118108833 ], [ 30.297885854, -0.121832744 ], [ 30.301588099, -0.127128937 ], [ 30.306316284, -0.130428032 ], [ 30.311389986, -0.130708725 ], [ 30.314509221, -0.13283283 ], [ 30.316371176, -0.131929294 ], [ 30.318276039, -0.133836382 ], [ 30.321974983, -0.133493359 ], [ 30.326199383, -0.135671834 ], [ 30.328669111, -0.138790024 ], [ 30.336398139, -0.140354373 ], [ 30.337143553, -0.142514422 ], [ 30.341144706, -0.143301145 ], [ 30.348048116, -0.140563546 ], [ 30.351706715, -0.149212958 ], [ 30.356541958, -0.152286336 ], [ 30.378073177, -0.144172982 ], [ 30.380949364, -0.154440288 ], [ 30.388733807, -0.161924608 ], [ 30.392558766, -0.173683426 ], [ 30.399104084, -0.178564821 ], [ 30.407512924, -0.178737721 ], [ 30.415705001, -0.182607166 ], [ 30.42381699, -0.182771009 ], [ 30.431937101, -0.18037704 ], [ 30.441678247, -0.166748692 ], [ 30.45626234, -0.160007939 ], [ 30.465701961, -0.152651807 ], [ 30.458180046, -0.147227897 ], [ 30.451804929, -0.145744889 ], [ 30.448056569, -0.142879324 ], [ 30.444085519, -0.143303687 ], [ 30.43080381, -0.138954849 ], [ 30.427661483, -0.133468342 ], [ 30.421599604, -0.129174606 ], [ 30.423457622, -0.124140548 ], [ 30.422719514, -0.119368342 ], [ 30.423946615, -0.115003032 ], [ 30.420193702, -0.106425526 ], [ 30.416308601, -0.101616943 ], [ 30.419411588, -0.08643316 ], [ 30.417015554, -0.081950106 ], [ 30.415393979, -0.072243103 ], [ 30.409489189, -0.062734759 ], [ 30.411603502, -0.057393369 ], [ 30.409992043, -0.053760005 ], [ 30.410053094, -0.049240986 ], [ 30.394387535, -0.021340309 ], [ 30.389157956, -0.018059476 ], [ 30.384665294, -0.002857737 ], [ 30.401566298, 0.013998101 ], [ 30.406412284, 0.024364773 ], [ 30.412219443, 0.024485953 ], [ 30.415426707, 0.026496486 ], [ 30.422219969, 0.032334682 ], [ 30.422932144, 0.035364542 ], [ 30.421657417, 0.036864833 ], [ 30.422968258, 0.037922336 ], [ 30.424858807, 0.036132843 ], [ 30.425601246, 0.037461474 ], [ 30.428117239, 0.037371172 ], [ 30.428745464, 0.039621699 ], [ 30.427557111, 0.041808896 ], [ 30.429249633, 0.043218912 ], [ 30.427721491, 0.04631895 ], [ 30.431029933, 0.045623137 ], [ 30.433442987, 0.048786603 ], [ 30.435239715, 0.047214025 ], [ 30.438009409, 0.051132903 ], [ 30.443572106, 0.054878064 ], [ 30.44522015, 0.058689475 ], [ 30.451974933, 0.061504303 ], [ 30.454977222, 0.066231518 ], [ 30.453974442, 0.069982383 ], [ 30.45561581, 0.070660354 ], [ 30.456092734, 0.073543622 ], [ 30.450590777, 0.074790585 ], [ 30.452818002, 0.08125314 ], [ 30.45336253, 0.095732619 ], [ 30.454816617, 0.094476398 ], [ 30.45761583, 0.098950611 ], [ 30.460316311, 0.097703525 ], [ 30.462888714, 0.101924669 ], [ 30.472112107, 0.104365811 ] ] ] } },
{ "type": "Feature", "properties": { "shapeName": "Kyegegwa", "shapeISO": "", "shapeID": "80733802B41959310201674", "shapeGroup": "UGA", "shapeType": "ADM2" }, "geometry": { "type": "Polygon", "coordinates": [ [ [ 31.215540951, 0.631838417 ], [ 31.208819704, 0.638482604 ], [ 31.190663883, 0.645150415 ], [ 31.178560057, 0.653528027 ], [ 31.15340246, 0.660599095 ], [ 31.14527459, 0.660542821 ], [ 31.142637358, 0.658245015 ], [ 31.139143567, 0.658554723 ], [ 31.138312249, 0.657190682 ], [ 31.136315395, 0.658457955 ], [ 31.133488403, 0.655203089 ], [ 31.1309216, 0.655297821 ], [ 31.129757681, 0.653598711 ], [ 31.125430857, 0.65723366 ], [ 31.119726958, 0.657231492 ], [ 31.114120911, 0.649836619 ], [ 31.110699016, 0.648710866 ], [ 31.108074663, 0.65042657 ], [ 31.105455826, 0.648235307 ], [ 31.105421844, 0.637378734 ], [ 31.103442745, 0.635786031 ], [ 31.095724045, 0.636294987 ], [ 31.09290543, 0.638307354 ], [ 31.092159245, 0.64260532 ], [ 31.081714816, 0.646034446 ], [ 31.079128204, 0.645312284 ], [ 31.077900943, 0.647160828 ], [ 31.069464245, 0.650104526 ], [ 31.051200385, 0.661625864 ], [ 31.049038367, 0.662122782 ], [ 31.046212082, 0.657327538 ], [ 31.035996045, 0.664674123 ], [ 31.023582519, 0.667453674 ], [ 30.998744725, 0.678168411 ], [ 30.996179664, 0.680838504 ], [ 30.976830184, 0.690058194 ], [ 30.973059637, 0.692976895 ], [ 30.971756915, 0.696417148 ], [ 30.962884461, 0.699468779 ], [ 30.95419426, 0.706103288 ], [ 30.948445231, 0.706595779 ], [ 30.94755365, 0.708142762 ], [ 30.938573777, 0.711392975 ], [ 30.935027714, 0.714481703 ], [ 30.933829912, 0.719608664 ], [ 30.927878233, 0.722869152 ], [ 30.926414027, 0.735701486 ], [ 30.920117954, 0.746785694 ], [ 30.920119096, 0.753590327 ], [ 30.916741559, 0.760693845 ], [ 30.915746912, 0.757242326 ], [ 30.90845532, 0.762293446 ], [ 30.906683085, 0.763836054 ], [ 30.905269818, 0.761626102 ], [ 30.902276031, 0.750038329 ], [ 30.909885477, 0.729522425 ], [ 30.913066133, 0.713355155 ], [ 30.921068663, 0.703664644 ], [ 30.919484711, 0.69309564 ], [ 30.92141757, 0.691159611 ], [ 30.923842307, 0.682662813 ], [ 30.922930806, 0.678733349 ], [ 30.925778672, 0.674880096 ], [ 30.924490725, 0.669057754 ], [ 30.925564181, 0.65785661 ], [ 30.92217857, 0.649806391 ], [ 30.922602851, 0.645674158 ], [ 30.921113799, 0.642882414 ], [ 30.916371567, 0.641142356 ], [ 30.916000767, 0.638091573 ], [ 30.902907783, 0.631630892 ], [ 30.901035777, 0.629415687 ], [ 30.896143833, 0.631001666 ], [ 30.888279016, 0.626259154 ], [ 30.881196429, 0.627597694 ], [ 30.873459076, 0.625674307 ], [ 30.848029547, 0.604194022 ], [ 30.846218952, 0.598996189 ], [ 30.839109555, 0.595438278 ], [ 30.842920859, 0.58379356 ], [ 30.851449094, 0.578970421 ], [ 30.850740871, 0.576552175 ], [ 30.853263705, 0.572465084 ], [ 30.857626247, 0.570020345 ], [ 30.8615317, 0.569815083 ], [ 30.862199598, 0.565221353 ], [ 30.87072812, 0.560661373 ], [ 30.873091402, 0.560821278 ], [ 30.874905436, 0.553854934 ], [ 30.873755196, 0.552474546 ], [ 30.874750141, 0.546859574 ], [ 30.87625764, 0.544782556 ], [ 30.87581012, 0.540717732 ], [ 30.879325348, 0.528842719 ], [ 30.872604544, 0.520741269 ], [ 30.871363499, 0.511476586 ], [ 30.872715122, 0.502107906 ], [ 30.871810336, 0.496860478 ], [ 30.86278967, 0.48147748 ], [ 30.85906701, 0.469464233 ], [ 30.859454396, 0.459936323 ], [ 30.867534088, 0.444261317 ], [ 30.86497781, 0.438057693 ], [ 30.860748037, 0.433827127 ], [ 30.85871433, 0.427766822 ], [ 30.851656306, 0.419735707 ], [ 30.852818407, 0.397059637 ], [ 30.854405714, 0.386854613 ], [ 30.858582456, 0.379051571 ], [ 30.859813391, 0.371403291 ], [ 30.854119882, 0.361709979 ], [ 30.850449125, 0.337560748 ], [ 30.843737247, 0.333273852 ], [ 30.833820369, 0.331445393 ], [ 30.831040213, 0.328886222 ], [ 30.831181655, 0.326951517 ], [ 30.822104183, 0.318207096 ], [ 30.823489079, 0.310378079 ], [ 30.820514356, 0.299881134 ], [ 30.814334758, 0.292068697 ], [ 30.811546711, 0.291046546 ], [ 30.810128189, 0.286977952 ], [ 30.811397366, 0.284736104 ], [ 30.805791061, 0.282230754 ], [ 30.802497929, 0.275738935 ], [ 30.802032926, 0.269591206 ], [ 30.799077345, 0.267854862 ], [ 30.797629728, 0.262240372 ], [ 30.789855737, 0.254021095 ], [ 30.788348422, 0.24436551 ], [ 30.786045424, 0.24020647 ], [ 30.786980515, 0.236499996 ], [ 30.781633964, 0.23137315 ], [ 30.77979104, 0.231662152 ], [ 30.7781946, 0.229573541 ], [ 30.778603177, 0.227873991 ], [ 30.772835264, 0.225549682 ], [ 30.771201868, 0.213498495 ], [ 30.773122994, 0.21083184 ], [ 30.768539982, 0.202794216 ], [ 30.770461885, 0.204485053 ], [ 30.775771459, 0.205453136 ], [ 30.778885966, 0.208590635 ], [ 30.790875541, 0.211268369 ], [ 30.797800204, 0.20834925 ], [ 30.810355746, 0.206624263 ], [ 30.833110788, 0.197731263 ], [ 30.843245877, 0.199802977 ], [ 30.861018564, 0.199552201 ], [ 30.870120771, 0.201795589 ], [ 30.873376009, 0.20353191 ], [ 30.874745485, 0.206135927 ], [ 30.879822777, 0.20713114 ], [ 30.885446494, 0.203994629 ], [ 30.891469346, 0.204827224 ], [ 30.894946951, 0.199764617 ], [ 30.905046397, 0.206085777 ], [ 30.910451281, 0.207298035 ], [ 30.917030496, 0.205897513 ], [ 30.927841454, 0.199958755 ], [ 30.946705123, 0.197953962 ], [ 30.955276762, 0.199663896 ], [ 30.9819763, 0.192958323 ], [ 30.999338997, 0.193511967 ], [ 31.008429299, 0.197726561 ], [ 31.013429904, 0.198242559 ], [ 31.019325179, 0.197438551 ], [ 31.025272541, 0.204672826 ], [ 31.028130013, 0.2116807 ], [ 31.023199255, 0.228000742 ], [ 31.034940523, 0.238590555 ], [ 31.059132493, 0.253857159 ], [ 31.061801654, 0.256262776 ], [ 31.062950128, 0.262149389 ], [ 31.068562604, 0.267394732 ], [ 31.072138811, 0.268742591 ], [ 31.078669513, 0.276836433 ], [ 31.087151983, 0.280418568 ], [ 31.107493246, 0.295251436 ], [ 31.115200371, 0.308074921 ], [ 31.116236669, 0.317144585 ], [ 31.131540809, 0.331895209 ], [ 31.136500189, 0.332972818 ], [ 31.13880883, 0.33610743 ], [ 31.139290279, 0.340288774 ], [ 31.142256012, 0.344982444 ], [ 31.143136808, 0.353600184 ], [ 31.141221965, 0.357524264 ], [ 31.138698864, 0.358645021 ], [ 31.135788109, 0.3666561 ], [ 31.133260951, 0.367035351 ], [ 31.130284333, 0.370443742 ], [ 31.125737832, 0.380217684 ], [ 31.123265843, 0.381220853 ], [ 31.124812067, 0.38427755 ], [ 31.120400046, 0.39108553 ], [ 31.117149569, 0.401284653 ], [ 31.117892263, 0.403780538 ], [ 31.113829045, 0.411881586 ], [ 31.115409164, 0.418491975 ], [ 31.118734748, 0.422209227 ], [ 31.117824824, 0.427634464 ], [ 31.141467642, 0.452642971 ], [ 31.138773579, 0.47586352 ], [ 31.145276008, 0.497115348 ], [ 31.144985795, 0.499005161 ], [ 31.141706671, 0.499980819 ], [ 31.14231318, 0.508146426 ], [ 31.154242739, 0.502950381 ], [ 31.159591576, 0.505691833 ], [ 31.170355322, 0.508000803 ], [ 31.19133617, 0.507744542 ], [ 31.194835652, 0.509101956 ], [ 31.199799479, 0.508868247 ], [ 31.201703159, 0.507159684 ], [ 31.208280958, 0.512433538 ], [ 31.21829511, 0.517192954 ], [ 31.24064138, 0.520970217 ], [ 31.248356724, 0.527474375 ], [ 31.248693827, 0.530594337 ], [ 31.246581577, 0.530087319 ], [ 31.246102121, 0.532040487 ], [ 31.243203561, 0.532609365 ], [ 31.241279991, 0.537871869 ], [ 31.243533066, 0.544510136 ], [ 31.250692381, 0.546791104 ], [ 31.251160924, 0.554378406 ], [ 31.256791587, 0.564770644 ], [ 31.256563439, 0.574736103 ], [ 31.258250003, 0.582079651 ], [ 31.255633361, 0.593030056 ], [ 31.25543177, 0.603746093 ], [ 31.235204344, 0.614491646 ], [ 31.222024289, 0.624732898 ], [ 31.215540951, 0.631838417 ] ] ] } },
{ "type": "Feature", "properties": { "shapeName": "Kyenjojo", "shapeISO": "", "shapeID": "80733802B18670124943990", "shapeGroup": "UGA", "shapeType": "ADM2" }, "geometry": { "type": "Polygon", "coordinates": [ [ [ 30.464268294, 0.572488986 ], [ 30.465580364, 0.571087611 ], [ 30.46885453, 0.57410502 ], [ 30.469398322, 0.571116867 ], [ 30.46983474, 0.572425434 ], [ 30.474918474, 0.568339496 ], [ 30.474098496, 0.565422781 ], [ 30.478523555, 0.566626759 ], [ 30.480977594, 0.562959869 ], [ 30.484371949, 0.561513529 ], [ 30.488112819, 0.555966805 ], [ 30.493014463, 0.557929667 ], [ 30.496763807, 0.552648327 ], [ 30.49915633, 0.551894646 ], [ 30.499997993, 0.548159419 ], [ 30.503637478, 0.54589606 ], [ 30.504604926, 0.542561299 ], [ 30.507220615, 0.541769912 ], [ 30.508142041, 0.539076592 ], [ 30.506911841, 0.539009451 ], [ 30.506929142, 0.537529617 ], [ 30.508600192, 0.534721158 ], [ 30.50777378, 0.531741633 ], [ 30.506592423, 0.531600224 ], [ 30.507424373, 0.5282292 ], [ 30.505549076, 0.527031202 ], [ 30.506517086, 0.523819716 ], [ 30.504302546, 0.523659423 ], [ 30.505285234, 0.520928766 ], [ 30.503719715, 0.515228204 ], [ 30.505353992, 0.512456917 ], [ 30.503435117, 0.512393638 ], [ 30.503503186, 0.5087556 ], [ 30.501045996, 0.509262548 ], [ 30.499048869, 0.506847135 ], [ 30.496887305, 0.506894196 ], [ 30.496756199, 0.500836773 ], [ 30.50569613, 0.49299836 ], [ 30.509626113, 0.486394658 ], [ 30.511666763, 0.48594091 ], [ 30.515366695, 0.488568173 ], [ 30.519602814, 0.4865501 ], [ 30.518179999, 0.485069272 ], [ 30.522464838, 0.480495618 ], [ 30.532560779, 0.479600087 ], [ 30.537558395, 0.473067867 ], [ 30.540444569, 0.466057909 ], [ 30.542034527, 0.465484688 ], [ 30.543827698, 0.46169905 ], [ 30.542844623, 0.458438867 ], [ 30.546190323, 0.457865626 ], [ 30.545740464, 0.455883247 ], [ 30.547686564, 0.454784554 ], [ 30.5470836, 0.450330768 ], [ 30.544829498, 0.450781949 ], [ 30.544392559, 0.446379814 ], [ 30.540952382, 0.446134597 ], [ 30.542020893, 0.444327165 ], [ 30.540598916, 0.440855726 ], [ 30.537408003, 0.44032136 ], [ 30.53795657, 0.434256414 ], [ 30.534918923, 0.435692599 ], [ 30.531373456, 0.432310876 ], [ 30.5297594, 0.433620982 ], [ 30.525005833, 0.426108122 ], [ 30.527879508, 0.420071091 ], [ 30.527609848, 0.412984531 ], [ 30.529926022, 0.406242253 ], [ 30.533438403, 0.404209586 ], [ 30.535908002, 0.39938356 ], [ 30.535883685, 0.400938248 ], [ 30.537580432, 0.400260845 ], [ 30.542916745, 0.404790994 ], [ 30.545005248, 0.403480983 ], [ 30.546238587, 0.404312948 ], [ 30.54849444, 0.400282239 ], [ 30.547154635, 0.398428838 ], [ 30.548413193, 0.396088113 ], [ 30.547762869, 0.391089347 ], [ 30.550825202, 0.388862054 ], [ 30.553525552, 0.383370628 ], [ 30.5653346, 0.368842904 ], [ 30.563362561, 0.364191463 ], [ 30.56014185, 0.362659761 ], [ 30.558251268, 0.357207904 ], [ 30.558624849, 0.344703993 ], [ 30.563618232, 0.347136812 ], [ 30.580292138, 0.361820865 ], [ 30.590029964, 0.366921657 ], [ 30.591724782, 0.370926532 ], [ 30.594184262, 0.372698918 ], [ 30.607765545, 0.36413331 ], [ 30.614922495, 0.367669663 ], [ 30.618551275, 0.371539545 ], [ 30.626001589, 0.371622935 ], [ 30.630057709, 0.375122349 ], [ 30.635798763, 0.377410943 ], [ 30.635607953, 0.379978135 ], [ 30.639426852, 0.382917071 ], [ 30.639212364, 0.385339628 ], [ 30.641892445, 0.388233065 ], [ 30.642649823, 0.392635584 ], [ 30.648793656, 0.396650957 ], [ 30.651404032, 0.39601893 ], [ 30.658779465, 0.40548566 ], [ 30.663262761, 0.40882265 ], [ 30.666343982, 0.416977453 ], [ 30.66740812, 0.425203992 ], [ 30.672388767, 0.430475739 ], [ 30.679269188, 0.432493757 ], [ 30.690154513, 0.443205901 ], [ 30.689260989, 0.45831015 ], [ 30.691142154, 0.460968534 ], [ 30.695819743, 0.465101467 ], [ 30.704236826, 0.464525321 ], [ 30.726909426, 0.467105143 ], [ 30.737005125, 0.472921322 ], [ 30.755979857, 0.471390701 ], [ 30.75735571, 0.467684598 ], [ 30.76356428, 0.462235237 ], [ 30.765234796, 0.455301768 ], [ 30.771906757, 0.450449132 ], [ 30.775733501, 0.449853645 ], [ 30.781284197, 0.444105587 ], [ 30.784629851, 0.443237064 ], [ 30.793838626, 0.431908664 ], [ 30.795905488, 0.430774507 ], [ 30.809384907, 0.430910342 ], [ 30.811232121, 0.424958249 ], [ 30.814478892, 0.426174593 ], [ 30.818892332, 0.4250588 ], [ 30.822551101, 0.420710008 ], [ 30.825563213, 0.413488727 ], [ 30.832755123, 0.408120466 ], [ 30.83585808, 0.40364386 ], [ 30.852362784, 0.40061409 ], [ 30.852818407, 0.397059637 ], [ 30.851656306, 0.419735707 ], [ 30.85871433, 0.427766822 ], [ 30.860748037, 0.433827127 ], [ 30.86497781, 0.438057693 ], [ 30.867534088, 0.444261317 ], [ 30.859454396, 0.459936323 ], [ 30.85906701, 0.469464233 ], [ 30.86278967, 0.48147748 ], [ 30.871810336, 0.496860478 ], [ 30.872715122, 0.502107906 ], [ 30.871363499, 0.511476586 ], [ 30.872604544, 0.520741269 ], [ 30.879325348, 0.528842719 ], [ 30.87581012, 0.540717732 ], [ 30.87625764, 0.544782556 ], [ 30.874750141, 0.546859574 ], [ 30.873755196, 0.552474546 ], [ 30.874905436, 0.553854934 ], [ 30.873091402, 0.560821278 ], [ 30.87072812, 0.560661373 ], [ 30.862199598, 0.565221353 ], [ 30.8615317, 0.569815083 ], [ 30.857626247, 0.570020345 ], [ 30.853263705, 0.572465084 ], [ 30.850740871, 0.576552175 ], [ 30.851449094, 0.578970421 ], [ 30.842920859, 0.58379356 ], [ 30.839109555, 0.595438278 ], [ 30.846218952, 0.598996189 ], [ 30.848029547, 0.604194022 ], [ 30.873459076, 0.625674307 ], [ 30.881196429, 0.627597694 ], [ 30.888279016, 0.626259154 ], [ 30.896143833, 0.631001666 ], [ 30.901035777, 0.629415687 ], [ 30.902907783, 0.631630892 ], [ 30.916000767, 0.638091573 ], [ 30.916371567, 0.641142356 ], [ 30.921113799, 0.642882414 ], [ 30.922602851, 0.645674158 ], [ 30.92217857, 0.649806391 ], [ 30.925564181, 0.65785661 ], [ 30.924490725, 0.669057754 ], [ 30.925778672, 0.674880096 ], [ 30.922930806, 0.678733349 ], [ 30.923842307, 0.682662813 ], [ 30.92141757, 0.691159611 ], [ 30.919484711, 0.69309564 ], [ 30.921068663, 0.703664644 ], [ 30.913066133, 0.713355155 ], [ 30.909885477, 0.729522425 ], [ 30.902276031, 0.750038329 ], [ 30.905269818, 0.761626102 ], [ 30.906683085, 0.763836054 ], [ 30.90845532, 0.762293446 ], [ 30.906903378, 0.763983325 ], [ 30.902334568, 0.766132063 ], [ 30.899446101, 0.768673467 ], [ 30.897972099, 0.774009886 ], [ 30.891003916, 0.77400639 ], [ 30.886615036, 0.779117751 ], [ 30.88303325, 0.780205709 ], [ 30.878839434, 0.783836145 ], [ 30.877116469, 0.787300173 ], [ 30.851622907, 0.80413622 ], [ 30.849899438, 0.808466363 ], [ 30.84565118, 0.810000912 ], [ 30.84440088, 0.811984138 ], [ 30.845506933, 0.820199753 ], [ 30.844725598, 0.827659903 ], [ 30.842559319, 0.829335244 ], [ 30.838284052, 0.829444656 ], [ 30.832539522, 0.825781079 ], [ 30.831012445, 0.826199368 ], [ 30.830923847, 0.835895182 ], [ 30.828948296, 0.839286149 ], [ 30.822370856, 0.839994815 ], [ 30.816300526, 0.837886601 ], [ 30.810108273, 0.83847765 ], [ 30.805383545, 0.836439048 ], [ 30.7964646, 0.837377924 ], [ 30.79409405, 0.834600331 ], [ 30.788246967, 0.833856684 ], [ 30.783832588, 0.838420173 ], [ 30.783369075, 0.842065212 ], [ 30.780402585, 0.845610281 ], [ 30.773188099, 0.844015696 ], [ 30.767620211, 0.848459975 ], [ 30.762361398, 0.850399163 ], [ 30.760761854, 0.859785793 ], [ 30.756944761, 0.859234633 ], [ 30.75086219, 0.860712091 ], [ 30.745846964, 0.857694678 ], [ 30.738743701, 0.86177451 ], [ 30.737633375, 0.865125953 ], [ 30.736114967, 0.865376351 ], [ 30.736686971, 0.869530577 ], [ 30.73480548, 0.871680133 ], [ 30.728197216, 0.871359239 ], [ 30.729052163, 0.875273952 ], [ 30.726965785, 0.878420664 ], [ 30.724721206, 0.877184387 ], [ 30.721845908, 0.879792963 ], [ 30.707960673, 0.88272364 ], [ 30.705865143, 0.884851317 ], [ 30.702969558, 0.882554304 ], [ 30.69807293, 0.884967306 ], [ 30.695116082, 0.883784693 ], [ 30.68931887, 0.885127301 ], [ 30.685025236, 0.883245491 ], [ 30.679951368, 0.883112402 ], [ 30.677473819, 0.885030091 ], [ 30.677537285, 0.886806924 ], [ 30.674680419, 0.886168491 ], [ 30.672897883, 0.887428338 ], [ 30.670944813, 0.884246229 ], [ 30.664633911, 0.890558087 ], [ 30.6556213, 0.893658819 ], [ 30.651899142, 0.893229399 ], [ 30.65082457, 0.885999069 ], [ 30.647861756, 0.88943763 ], [ 30.643967281, 0.889661427 ], [ 30.645250429, 0.89342347 ], [ 30.643397313, 0.893679742 ], [ 30.638682556, 0.889858381 ], [ 30.6368762, 0.895087777 ], [ 30.630779663, 0.892167221 ], [ 30.629307387, 0.894905389 ], [ 30.626151542, 0.895359641 ], [ 30.626066909, 0.896521571 ], [ 30.623697054, 0.895866982 ], [ 30.623014889, 0.899285424 ], [ 30.617894648, 0.903240428 ], [ 30.616461049, 0.906321833 ], [ 30.598444551, 0.908118303 ], [ 30.586030369, 0.913381103 ], [ 30.583535053, 0.915962207 ], [ 30.573053288, 0.919454379 ], [ 30.5729698, 0.923412464 ], [ 30.571384754, 0.925499777 ], [ 30.568656604, 0.925950159 ], [ 30.561478752, 0.932280596 ], [ 30.561326675, 0.94050207 ], [ 30.546145086, 0.926519815 ], [ 30.537801475, 0.928335096 ], [ 30.53051549, 0.926964121 ], [ 30.511136363, 0.899391216 ], [ 30.507760263, 0.898012953 ], [ 30.505346457, 0.900439404 ], [ 30.502938477, 0.894286529 ], [ 30.494705391, 0.881857113 ], [ 30.491294085, 0.873073205 ], [ 30.487276478, 0.869185578 ], [ 30.483301786, 0.861210734 ], [ 30.481617829, 0.854330077 ], [ 30.482263541, 0.850526533 ], [ 30.479453752, 0.843887966 ], [ 30.492119412, 0.840456444 ], [ 30.493085134, 0.839081149 ], [ 30.477226241, 0.806332498 ], [ 30.473529014, 0.804306799 ], [ 30.469153148, 0.794551406 ], [ 30.458429486, 0.778398377 ], [ 30.451983974, 0.77415352 ], [ 30.448771258, 0.768712822 ], [ 30.436058124, 0.764495267 ], [ 30.424603663, 0.765808118 ], [ 30.425811146, 0.760547725 ], [ 30.424986276, 0.75706303 ], [ 30.429660656, 0.750851584 ], [ 30.429543083, 0.743338942 ], [ 30.433118704, 0.737116494 ], [ 30.431207584, 0.72814336 ], [ 30.434996785, 0.723115663 ], [ 30.435178531, 0.715095349 ], [ 30.422867244, 0.677847318 ], [ 30.420433352, 0.674167874 ], [ 30.414447429, 0.670077883 ], [ 30.41191001, 0.670280869 ], [ 30.411099624, 0.667317534 ], [ 30.407750433, 0.667213575 ], [ 30.410086417, 0.66404758 ], [ 30.40836313, 0.660062063 ], [ 30.404506652, 0.659651359 ], [ 30.403899088, 0.656994648 ], [ 30.400246191, 0.655460193 ], [ 30.396797452, 0.65167816 ], [ 30.398424403, 0.645651084 ], [ 30.396598772, 0.643300267 ], [ 30.396701505, 0.640848292 ], [ 30.397311222, 0.639316075 ], [ 30.401371631, 0.637785638 ], [ 30.40187996, 0.636049022 ], [ 30.406143096, 0.635029513 ], [ 30.404573014, 0.628949663 ], [ 30.412592146, 0.626297292 ], [ 30.412898626, 0.62221067 ], [ 30.414929405, 0.620270452 ], [ 30.41377079, 0.610830639 ], [ 30.416923407, 0.611675167 ], [ 30.42722027, 0.604403939 ], [ 30.429239223, 0.605742841 ], [ 30.428930468, 0.60306662 ], [ 30.431685811, 0.60110849 ], [ 30.436566993, 0.602078224 ], [ 30.437707109, 0.604396415 ], [ 30.444702328, 0.604602448 ], [ 30.447184593, 0.594651597 ], [ 30.445070584, 0.592786987 ], [ 30.446709535, 0.592572614 ], [ 30.448075315, 0.585799189 ], [ 30.445569387, 0.584639309 ], [ 30.448728521, 0.582537898 ], [ 30.452885289, 0.582587364 ], [ 30.452243952, 0.581296813 ], [ 30.453870997, 0.578059792 ], [ 30.456911428, 0.581573464 ], [ 30.464738014, 0.575758289 ], [ 30.464268294, 0.572488986 ] ] ] } },
{ "type": "Feature", "properties": { "shapeName": "Masindi", "shapeISO": "", "shapeID": "80733802B2113901852045", "shapeGroup": "UGA", "shapeType": "ADM2" }, "geometry": { "type": "Polygon", "coordinates": [ [ [ 31.821479303, 1.359091727 ], [ 31.825193, 1.360387043 ], [ 31.831415541, 1.359476504 ], [ 31.83493467, 1.363005936 ], [ 31.836936277, 1.362563685 ], [ 31.839728725, 1.366915901 ], [ 31.846348769, 1.371785578 ], [ 31.848963837, 1.37709654 ], [ 31.851134913, 1.377640325 ], [ 31.852940034, 1.381096577 ], [ 31.859650332, 1.383569256 ], [ 31.861557317, 1.387830616 ], [ 31.8641302, 1.38864596 ], [ 31.862056266, 1.392814936 ], [ 31.862925769, 1.394678735 ], [ 31.865676132, 1.396145448 ], [ 31.867649564, 1.394816715 ], [ 31.86888502, 1.399059669 ], [ 31.867981235, 1.401899526 ], [ 31.872181516, 1.4113813 ], [ 31.878734371, 1.414441895 ], [ 31.877663235, 1.418321918 ], [ 31.882392666, 1.420323298 ], [ 31.885539979, 1.424639574 ], [ 31.889448615, 1.423375094 ], [ 31.890199881, 1.421159287 ], [ 31.894749902, 1.431310663 ], [ 31.897735437, 1.431592526 ], [ 31.901121721, 1.429640309 ], [ 31.903579889, 1.436181491 ], [ 31.912975065, 1.439840465 ], [ 31.912193411, 1.448053552 ], [ 31.918532892, 1.447812377 ], [ 31.920822827, 1.451467935 ], [ 31.925094783, 1.450664919 ], [ 31.930366242, 1.445981756 ], [ 31.929598747, 1.450459021 ], [ 31.932225399, 1.453689595 ], [ 31.938413016, 1.453972955 ], [ 31.945951297, 1.458092338 ], [ 31.950669939, 1.457189983 ], [ 31.955986392, 1.46034041 ], [ 31.957799858, 1.46438473 ], [ 31.959311809, 1.462639598 ], [ 31.958329586, 1.459554521 ], [ 31.962056531, 1.459094923 ], [ 31.966394641, 1.460553314 ], [ 31.97076471, 1.465250124 ], [ 31.97515256, 1.466102462 ], [ 31.975019698, 1.469187033 ], [ 31.971953324, 1.473400973 ], [ 31.971866931, 1.479850614 ], [ 31.969158, 1.482445499 ], [ 31.968371167, 1.48623533 ], [ 31.971160118, 1.492197846 ], [ 31.975953252, 1.49625264 ], [ 31.975648068, 1.499572322 ], [ 31.971878087, 1.50417487 ], [ 31.978062915, 1.506692546 ], [ 31.983546095, 1.507418801 ], [ 31.984640282, 1.505338766 ], [ 31.987518704, 1.506841731 ], [ 31.985473174, 1.511273249 ], [ 31.98591334, 1.51426764 ], [ 31.988387198, 1.514151209 ], [ 31.989838505, 1.516087711 ], [ 31.986936596, 1.519152896 ], [ 31.98923236, 1.521478771 ], [ 31.987995585, 1.527502742 ], [ 31.989696586, 1.530081625 ], [ 31.993003128, 1.530960644 ], [ 31.995262787, 1.527017701 ], [ 31.999485223, 1.526911136 ], [ 31.99988973, 1.528684324 ], [ 31.997415785, 1.532554808 ], [ 32.000877164, 1.53514357 ], [ 32.000842101, 1.542868763 ], [ 32.002891743, 1.542381253 ], [ 32.003423148, 1.537659534 ], [ 32.008792703, 1.534704033 ], [ 32.012868641, 1.539880215 ], [ 32.016742738, 1.538099966 ], [ 32.023102592, 1.542861093 ], [ 32.029594445, 1.540946338 ], [ 32.033282871, 1.544150313 ], [ 32.037547033, 1.545129233 ], [ 32.039869708, 1.542181291 ], [ 32.046024315, 1.542564014 ], [ 32.048632634, 1.546599726 ], [ 32.047242529, 1.550841689 ], [ 32.049780028, 1.554958789 ], [ 32.049861311, 1.557862606 ], [ 32.054857866, 1.560660103 ], [ 32.057564997, 1.569291273 ], [ 32.056954864, 1.571814847 ], [ 32.062785984, 1.571573249 ], [ 32.062360425, 1.575942311 ], [ 32.063750993, 1.578882917 ], [ 32.068832402, 1.578650019 ], [ 32.072820714, 1.575467588 ], [ 32.072901776, 1.578271916 ], [ 32.075254448, 1.58062496 ], [ 32.073292239, 1.584586271 ], [ 32.074348658, 1.587273441 ], [ 32.076373785, 1.587762843 ], [ 32.08107992, 1.585666257 ], [ 32.089775277, 1.591152093 ], [ 32.08923489, 1.596706184 ], [ 32.090822786, 1.605183132 ], [ 32.084165648, 1.61108726 ], [ 32.086042719, 1.613557704 ], [ 32.090855819, 1.614934892 ], [ 32.091235611, 1.618092168 ], [ 32.090364233, 1.62434266 ], [ 32.084360242, 1.633711715 ], [ 32.078176273, 1.627982676 ], [ 32.071681977, 1.625844794 ], [ 32.058958836, 1.62599264 ], [ 32.049486734, 1.623111527 ], [ 32.039981974, 1.62465387 ], [ 32.034233411, 1.628251415 ], [ 32.029617919, 1.626792777 ], [ 32.023120536, 1.628454073 ], [ 32.016657515, 1.625872812 ], [ 32.012946324, 1.627264061 ], [ 32.008488128, 1.625353167 ], [ 32.007732224, 1.623018944 ], [ 32.004378951, 1.623198201 ], [ 32.000179778, 1.617849983 ], [ 31.989343764, 1.615782111 ], [ 31.983015826, 1.612983758 ], [ 31.974464002, 1.618036053 ], [ 31.971252904, 1.632625327 ], [ 31.966459631, 1.640121825 ], [ 31.962356096, 1.642426363 ], [ 31.952091116, 1.64484523 ], [ 31.947166952, 1.649464997 ], [ 31.939970624, 1.650718503 ], [ 31.930086556, 1.655217927 ], [ 31.909628008, 1.659421963 ], [ 31.903847157, 1.664773751 ], [ 31.903871036, 1.667813093 ], [ 31.91069809, 1.677550025 ], [ 31.914052155, 1.686090999 ], [ 31.91357543, 1.713227676 ], [ 31.919570014, 1.728798681 ], [ 31.910220791, 1.738833952 ], [ 31.913278088, 1.751363944 ], [ 31.914066283, 1.765132199 ], [ 31.913398104, 1.766992846 ], [ 31.90803002, 1.768698167 ], [ 31.905958243, 1.774247435 ], [ 31.906255659, 1.778096087 ], [ 31.909576981, 1.784502557 ], [ 31.90044013, 1.790413363 ], [ 31.890499739, 1.803474811 ], [ 31.886011591, 1.806186612 ], [ 31.890992216, 1.818138371 ], [ 31.886135992, 1.824655918 ], [ 31.886096449, 1.83373688 ], [ 31.883041568, 1.835373635 ], [ 31.882018931, 1.842883571 ], [ 31.877173196, 1.851955395 ], [ 31.88210804, 1.856726006 ], [ 31.885926785, 1.866205924 ], [ 31.891011853, 1.86941257 ], [ 31.893371538, 1.872843136 ], [ 31.897745219, 1.882847435 ], [ 31.896955652, 1.886263292 ], [ 31.898182739, 1.891413374 ], [ 31.905364475, 1.896913852 ], [ 31.913633063, 1.895879334 ], [ 31.921624967, 1.907185368 ], [ 31.915913303, 1.904865429 ], [ 31.912563064, 1.905472079 ], [ 31.902468254, 1.916892681 ], [ 31.899318523, 1.917903924 ], [ 31.896351504, 1.91700775 ], [ 31.895999113, 1.932315133 ], [ 31.894812324, 1.935732024 ], [ 31.886599193, 1.946036973 ], [ 31.885812495, 1.948678647 ], [ 31.886923654, 1.95180984 ], [ 31.883868668, 1.952956588 ], [ 31.8807669, 1.960076967 ], [ 31.882037661, 1.964910278 ], [ 31.767178491, 1.984542969 ], [ 31.763247939, 1.995324324 ], [ 31.757673343, 1.994973149 ], [ 31.755630731, 1.998065195 ], [ 31.75656204, 2.001535358 ], [ 31.758717176, 2.001652659 ], [ 31.75707724, 2.004282425 ], [ 31.758398251, 2.00541102 ], [ 31.757947396, 2.012609831 ], [ 31.754700311, 2.012404967 ], [ 31.754164373, 2.018071328 ], [ 31.752266638, 2.019515495 ], [ 31.753328205, 2.021713623 ], [ 31.748153867, 2.02396479 ], [ 31.74331895, 2.033212889 ], [ 31.745950525, 2.048943142 ], [ 31.750353065, 2.30154315 ], [ 31.741392954, 2.29557505 ], [ 31.736893992, 2.296680506 ], [ 31.732614484, 2.294091931 ], [ 31.727266117, 2.293674016 ], [ 31.721780341, 2.290635154 ], [ 31.707940548, 2.287112989 ], [ 31.699156561, 2.288870459 ], [ 31.696370273, 2.285158835 ], [ 31.697513889, 2.280867286 ], [ 31.696101936, 2.276247342 ], [ 31.693972656, 2.275775117 ], [ 31.686725224, 2.278649353 ], [ 31.676909237, 2.275166465 ], [ 31.666379929, 2.273591266 ], [ 31.653614221, 2.265324707 ], [ 31.649529514, 2.259876213 ], [ 31.64451495, 2.258265983 ], [ 31.635755608, 2.259665643 ], [ 31.626525432, 2.272813517 ], [ 31.624203789, 2.274057219 ], [ 31.619304101, 2.27437674 ], [ 31.607854741, 2.271349471 ], [ 31.603025614, 2.271930926 ], [ 31.58859632, 2.280751902 ], [ 31.573842784, 2.285665499 ], [ 31.554225664, 2.284250192 ], [ 31.537624505, 2.273409244 ], [ 31.539133632, 2.010561873 ], [ 31.565292747, 1.978929821 ], [ 31.587223664, 1.973259799 ], [ 31.5980009, 1.965752974 ], [ 31.600569052, 1.967093739 ], [ 31.603756567, 1.966155795 ], [ 31.604399567, 1.963813796 ], [ 31.606540806, 1.962359418 ], [ 31.608395637, 1.963120719 ], [ 31.610727546, 1.960391208 ], [ 31.618289426, 1.964006315 ], [ 31.623046523, 1.962970136 ], [ 31.620088299, 1.959376964 ], [ 31.586466792, 1.939857836 ], [ 31.580642918, 1.932807281 ], [ 31.579361045, 1.927840787 ], [ 31.5598671, 1.909509393 ], [ 31.550687462, 1.908524828 ], [ 31.543054816, 1.905515614 ], [ 31.538751764, 1.901981304 ], [ 31.540989042, 1.898037001 ], [ 31.545579088, 1.897821041 ], [ 31.548384701, 1.899374166 ], [ 31.552882049, 1.893636703 ], [ 31.553311691, 1.890051241 ], [ 31.550530127, 1.88790055 ], [ 31.550102984, 1.885725508 ], [ 31.55224466, 1.882713348 ], [ 31.551318349, 1.879964754 ], [ 31.55441012, 1.8797012 ], [ 31.556385933, 1.875231031 ], [ 31.560095239, 1.876855644 ], [ 31.557743029, 1.871645355 ], [ 31.566142297, 1.86148495 ], [ 31.569448477, 1.860265212 ], [ 31.571207112, 1.86325266 ], [ 31.574323677, 1.860503172 ], [ 31.576534321, 1.863155889 ], [ 31.58369374, 1.860596678 ], [ 31.582839841, 1.855027522 ], [ 31.581389504, 1.854119516 ], [ 31.582508701, 1.850486027 ], [ 31.580417416, 1.846709863 ], [ 31.581132588, 1.842383276 ], [ 31.579992934, 1.837674679 ], [ 31.576450355, 1.835452534 ], [ 31.581115791, 1.824623449 ], [ 31.579906131, 1.816401151 ], [ 31.582522578, 1.815133665 ], [ 31.585328571, 1.815706643 ], [ 31.586446929, 1.814057074 ], [ 31.584571099, 1.806456397 ], [ 31.586379069, 1.804878356 ], [ 31.586927918, 1.799882498 ], [ 31.582957823, 1.796274154 ], [ 31.585051412, 1.794002842 ], [ 31.584267853, 1.790728361 ], [ 31.589548542, 1.78730888 ], [ 31.58990609, 1.785038001 ], [ 31.585959254, 1.782816058 ], [ 31.583226005, 1.778562031 ], [ 31.587864458, 1.775405644 ], [ 31.587201021, 1.768712993 ], [ 31.584634164, 1.764626271 ], [ 31.588130944, 1.761876498 ], [ 31.588559821, 1.75955778 ], [ 31.587976344, 1.757331813 ], [ 31.57408579, 1.759194896 ], [ 31.556132459, 1.756618058 ], [ 31.556213938, 1.745504447 ], [ 31.542539527, 1.736415622 ], [ 31.536525562, 1.735841679 ], [ 31.526899114, 1.728733432 ], [ 31.523861665, 1.729390192 ], [ 31.519585915, 1.733491456 ], [ 31.511695931, 1.733365354 ], [ 31.516020318, 1.724140905 ], [ 31.515206028, 1.718357859 ], [ 31.513719031, 1.716169558 ], [ 31.506174488, 1.712238789 ], [ 31.505850226, 1.708044077 ], [ 31.502980306, 1.703907247 ], [ 31.502523395, 1.697974714 ], [ 31.497971281, 1.693866573 ], [ 31.487475772, 1.694547431 ], [ 31.481993959, 1.699156977 ], [ 31.474835093, 1.697233852 ], [ 31.471619114, 1.697890415 ], [ 31.468539739, 1.695221515 ], [ 31.462853266, 1.695097126 ], [ 31.453551713, 1.69212364 ], [ 31.44699063, 1.687444646 ], [ 31.443362616, 1.682168815 ], [ 31.430933852, 1.680840553 ], [ 31.421067836, 1.676668195 ], [ 31.415276765, 1.677262665 ], [ 31.405350136, 1.674558214 ], [ 31.402967989, 1.675095516 ], [ 31.403232839, 1.678900562 ], [ 31.410953186, 1.685527892 ], [ 31.40756811, 1.692865086 ], [ 31.396359494, 1.692346469 ], [ 31.389681303, 1.696251445 ], [ 31.388704005, 1.690283783 ], [ 31.385916382, 1.688487591 ], [ 31.383739647, 1.680280357 ], [ 31.380790361, 1.678029139 ], [ 31.380813932, 1.670098421 ], [ 31.378473179, 1.664251425 ], [ 31.37986661, 1.660381567 ], [ 31.379341388, 1.655969489 ], [ 31.373049039, 1.642806531 ], [ 31.375484743, 1.636723105 ], [ 31.373306452, 1.630335611 ], [ 31.374972562, 1.626672007 ], [ 31.37465107, 1.62341019 ], [ 31.368549747, 1.616590334 ], [ 31.367827083, 1.613714438 ], [ 31.372529576, 1.609915973 ], [ 31.374487156, 1.604295649 ], [ 31.380552852, 1.602283479 ], [ 31.38331586, 1.602766339 ], [ 31.387206665, 1.600743822 ], [ 31.395965021, 1.605242187 ], [ 31.401770042, 1.606362363 ], [ 31.405478206, 1.60989172 ], [ 31.418441196, 1.612170934 ], [ 31.421615064, 1.614196645 ], [ 31.436513948, 1.615947863 ], [ 31.44613868, 1.607061323 ], [ 31.452675849, 1.612462181 ], [ 31.45778594, 1.613468265 ], [ 31.460084569, 1.605150051 ], [ 31.462473528, 1.601615891 ], [ 31.470413497, 1.599948426 ], [ 31.477209235, 1.595651688 ], [ 31.484020049, 1.596403682 ], [ 31.486633826, 1.593739413 ], [ 31.488769062, 1.590214416 ], [ 31.489195469, 1.585213189 ], [ 31.487719268, 1.573885516 ], [ 31.486179354, 1.572712017 ], [ 31.483557299, 1.573929748 ], [ 31.477483367, 1.573247047 ], [ 31.483685676, 1.552785764 ], [ 31.478767017, 1.54598075 ], [ 31.47931005, 1.542093197 ], [ 31.483645632, 1.537428677 ], [ 31.48572103, 1.528782185 ], [ 31.482709915, 1.519957669 ], [ 31.488685023, 1.517520355 ], [ 31.494607527, 1.517452708 ], [ 31.496767388, 1.51915715 ], [ 31.498889134, 1.517004334 ], [ 31.503377272, 1.515832475 ], [ 31.50743958, 1.506929402 ], [ 31.526096613, 1.49392352 ], [ 31.529605623, 1.486580783 ], [ 31.529993388, 1.479765741 ], [ 31.542817897, 1.467293216 ], [ 31.550681253, 1.451578063 ], [ 31.553421568, 1.449296111 ], [ 31.559493032, 1.447682818 ], [ 31.569067427, 1.449021573 ], [ 31.575905954, 1.446035 ], [ 31.579453816, 1.442013865 ], [ 31.582753882, 1.442339317 ], [ 31.587917187, 1.439296011 ], [ 31.588213606, 1.433968946 ], [ 31.578899417, 1.421061872 ], [ 31.573785859, 1.405997646 ], [ 31.575285796, 1.400437622 ], [ 31.580238933, 1.397994393 ], [ 31.581040765, 1.371527752 ], [ 31.584312659, 1.364087045 ], [ 31.58185957, 1.362637696 ], [ 31.583002543, 1.357096717 ], [ 31.600974951, 1.347122794 ], [ 31.606185526, 1.345876451 ], [ 31.610401371, 1.341650723 ], [ 31.613873657, 1.341529001 ], [ 31.616782314, 1.343586913 ], [ 31.623655547, 1.341545879 ], [ 31.636156609, 1.346277794 ], [ 31.640771798, 1.345118423 ], [ 31.649727695, 1.347378501 ], [ 31.654740422, 1.346721027 ], [ 31.664552837, 1.342656292 ], [ 31.666235106, 1.343073281 ], [ 31.679658932, 1.334614611 ], [ 31.685136895, 1.3347442 ], [ 31.688841447, 1.336844618 ], [ 31.695379451, 1.334080375 ], [ 31.700589936, 1.335566532 ], [ 31.704324754, 1.333578624 ], [ 31.711346802, 1.333772287 ], [ 31.714497409, 1.331910674 ], [ 31.717805203, 1.333459113 ], [ 31.722519617, 1.331996287 ], [ 31.72550659, 1.32721301 ], [ 31.729497535, 1.327423118 ], [ 31.738765852, 1.323131478 ], [ 31.744200585, 1.325657849 ], [ 31.748491971, 1.323814831 ], [ 31.753476998, 1.324305802 ], [ 31.76633589, 1.333719301 ], [ 31.772925314, 1.334500513 ], [ 31.775644472, 1.343004399 ], [ 31.780175634, 1.346525285 ], [ 31.784864887, 1.346744734 ], [ 31.787478596, 1.349920937 ], [ 31.792938887, 1.35281817 ], [ 31.79346766, 1.354663675 ], [ 31.801026817, 1.354097604 ], [ 31.805149514, 1.355718771 ], [ 31.807443186, 1.354127932 ], [ 31.810427381, 1.356182705 ], [ 31.814159676, 1.356148371 ], [ 31.821479303, 1.359091727 ] ] ] } },
{ "type": "Feature", "properties": { "shapeName": "Mbarara", "shapeISO": "", "shapeID": "80733802B64070342940091", "shapeGroup": "UGA", "shapeType": "ADM2" }, "geometry": { "type": "Polygon", "coordinates": [ [ [ 30.45715979, -0.429270309 ], [ 30.457523551, -0.431376371 ], [ 30.459999406, -0.432244884 ], [ 30.462205145, -0.440488651 ], [ 30.468910022, -0.44343747 ], [ 30.476597509, -0.452496684 ], [ 30.478250246, -0.46410272 ], [ 30.473600843, -0.47251589 ], [ 30.468873449, -0.502485679 ], [ 30.464354302, -0.521464608 ], [ 30.460065925, -0.529109354 ], [ 30.457404731, -0.539348737 ], [ 30.45759117, -0.54676932 ], [ 30.454360201, -0.566932505 ], [ 30.457611483, -0.574598477 ], [ 30.456505206, -0.577725257 ], [ 30.45136237, -0.579512536 ], [ 30.448148526, -0.588350547 ], [ 30.448778278, -0.591423861 ], [ 30.447023115, -0.599186948 ], [ 30.447892992, -0.602902097 ], [ 30.441150476, -0.612714467 ], [ 30.44063926, -0.616004146 ], [ 30.442499615, -0.620650709 ], [ 30.438135039, -0.627083812 ], [ 30.439215425, -0.631314238 ], [ 30.454709518, -0.622563708 ], [ 30.474659292, -0.618778486 ], [ 30.481870065, -0.612814434 ], [ 30.490303466, -0.610648819 ], [ 30.491134617, -0.608128556 ], [ 30.497714549, -0.602072194 ], [ 30.509895807, -0.606760832 ], [ 30.513952318, -0.604147396 ], [ 30.522695957, -0.605682322 ], [ 30.527509708, -0.610085942 ], [ 30.530190835, -0.616065607 ], [ 30.531834609, -0.616417683 ], [ 30.533008424, -0.614706969 ], [ 30.535648986, -0.615758458 ], [ 30.534414051, -0.618281097 ], [ 30.536229112, -0.622729088 ], [ 30.542599799, -0.627938512 ], [ 30.542306839, -0.634880292 ], [ 30.540741931, -0.638522242 ], [ 30.541795809, -0.641252511 ], [ 30.537225358, -0.643311182 ], [ 30.532095493, -0.648415667 ], [ 30.52555549, -0.660425086 ], [ 30.531624327, -0.673340348 ], [ 30.557181124, -0.691065102 ], [ 30.557754512, -0.696317091 ], [ 30.555667649, -0.698110604 ], [ 30.561048703, -0.699975055 ], [ 30.562929795, -0.704217608 ], [ 30.565780227, -0.705175744 ], [ 30.570783701, -0.712901642 ], [ 30.584328724, -0.722743483 ], [ 30.586103319, -0.728739904 ], [ 30.61189246, -0.754675103 ], [ 30.627987773, -0.764280555 ], [ 30.641024763, -0.766215482 ], [ 30.645260787, -0.754858942 ], [ 30.646582617, -0.747039182 ], [ 30.638485721, -0.737093635 ], [ 30.635934294, -0.731714762 ], [ 30.642911885, -0.718253625 ], [ 30.640849725, -0.702379931 ], [ 30.641415897, -0.699092267 ], [ 30.644875563, -0.693927878 ], [ 30.645541182, -0.684700946 ], [ 30.648100423, -0.678134146 ], [ 30.648070138, -0.675120868 ], [ 30.643272075, -0.664779088 ], [ 30.646967508, -0.658832005 ], [ 30.649159651, -0.657908766 ], [ 30.650216929, -0.654770919 ], [ 30.648501162, -0.650312716 ], [ 30.643420531, -0.644319743 ], [ 30.642765971, -0.64002494 ], [ 30.64031271, -0.636923299 ], [ 30.639889324, -0.631799399 ], [ 30.647493798, -0.634331714 ], [ 30.657706858, -0.641540363 ], [ 30.65981646, -0.64142438 ], [ 30.674818262, -0.635332888 ], [ 30.687696594, -0.628231278 ], [ 30.694168417, -0.618695153 ], [ 30.703144374, -0.611371882 ], [ 30.706507262, -0.614879774 ], [ 30.707807968, -0.61463931 ], [ 30.713710069, -0.622766574 ], [ 30.714854443, -0.621988521 ], [ 30.714768147, -0.623469675 ], [ 30.718795319, -0.62706322 ], [ 30.723025101, -0.625701862 ], [ 30.722067009, -0.624244794 ], [ 30.724288327, -0.622046426 ], [ 30.725296533, -0.623004809 ], [ 30.727021875, -0.622166005 ], [ 30.726305906, -0.621232862 ], [ 30.729910325, -0.618417969 ], [ 30.732312705, -0.61325146 ], [ 30.735042004, -0.611910563 ], [ 30.734052991, -0.610228646 ], [ 30.736197756, -0.610556423 ], [ 30.74049221, -0.606893496 ], [ 30.745555479, -0.608941714 ], [ 30.749340887, -0.605646273 ], [ 30.754306325, -0.610312595 ], [ 30.756745177, -0.609254412 ], [ 30.757211535, -0.610592728 ], [ 30.758156216, -0.609701313 ], [ 30.759229868, -0.610616386 ], [ 30.762594455, -0.60616428 ], [ 30.764982718, -0.606265658 ], [ 30.765073759, -0.605046191 ], [ 30.768108033, -0.605779308 ], [ 30.76854905, -0.604331008 ], [ 30.770880679, -0.605941217 ], [ 30.771996069, -0.604062123 ], [ 30.773426915, -0.604802449 ], [ 30.777722902, -0.602326351 ], [ 30.778050311, -0.60337313 ], [ 30.786095262, -0.604033721 ], [ 30.786103879, -0.588079414 ], [ 30.777799643, -0.568422087 ], [ 30.794628919, -0.546387592 ], [ 30.796616395, -0.536678714 ], [ 30.820905316, -0.511301002 ], [ 30.806821252, -0.512236425 ], [ 30.781753356, -0.511007312 ], [ 30.786049775, -0.504327839 ], [ 30.785879582, -0.501723178 ], [ 30.793300387, -0.493817753 ], [ 30.787674441, -0.490570718 ], [ 30.736843829, -0.442499428 ], [ 30.731791943, -0.44019932 ], [ 30.731344619, -0.43561264 ], [ 30.728514681, -0.434656259 ], [ 30.724552615, -0.435776231 ], [ 30.721112298, -0.434436585 ], [ 30.713235261, -0.435876171 ], [ 30.705251569, -0.440600328 ], [ 30.703191024, -0.433958965 ], [ 30.700425327, -0.430649395 ], [ 30.6963217, -0.428447368 ], [ 30.690167842, -0.428468465 ], [ 30.683699009, -0.423276586 ], [ 30.679306923, -0.412463584 ], [ 30.68369976, -0.410548406 ], [ 30.686881413, -0.411814916 ], [ 30.694182785, -0.410108479 ], [ 30.696814732, -0.39787814 ], [ 30.695376076, -0.393574709 ], [ 30.696482448, -0.389830289 ], [ 30.691097186, -0.387089837 ], [ 30.680051146, -0.384599764 ], [ 30.679284555, -0.357293237 ], [ 30.675782372, -0.347719151 ], [ 30.672876216, -0.344355618 ], [ 30.663744516, -0.338576971 ], [ 30.662498055, -0.330242007 ], [ 30.653036231, -0.326397905 ], [ 30.644417492, -0.325817354 ], [ 30.641271519, -0.314688839 ], [ 30.638054292, -0.310222547 ], [ 30.624817574, -0.303819608 ], [ 30.621790233, -0.299787326 ], [ 30.612554363, -0.296052032 ], [ 30.611010963, -0.290646121 ], [ 30.612577696, -0.280196861 ], [ 30.610452577, -0.276860881 ], [ 30.611734585, -0.274158348 ], [ 30.615319694, -0.274421205 ], [ 30.61618623, -0.271971682 ], [ 30.618418024, -0.270851227 ], [ 30.617468188, -0.265825095 ], [ 30.619568392, -0.262817155 ], [ 30.617099944, -0.261151618 ], [ 30.617432338, -0.252904907 ], [ 30.621664007, -0.247339252 ], [ 30.624994536, -0.234456695 ], [ 30.621752615, -0.23614688 ], [ 30.62039808, -0.233710823 ], [ 30.616414221, -0.23184269 ], [ 30.614535774, -0.22744167 ], [ 30.614762364, -0.222659391 ], [ 30.610368804, -0.210325379 ], [ 30.608344753, -0.20847386 ], [ 30.603415276, -0.219840157 ], [ 30.597898388, -0.22251052 ], [ 30.593847379, -0.236954024 ], [ 30.59062861, -0.241865606 ], [ 30.587024201, -0.238276274 ], [ 30.573830871, -0.234667606 ], [ 30.55244535, -0.245067828 ], [ 30.519930783, -0.252202533 ], [ 30.506317053, -0.261148275 ], [ 30.51519865, -0.264494277 ], [ 30.515583111, -0.266536415 ], [ 30.51258798, -0.276245347 ], [ 30.501057415, -0.285352828 ], [ 30.499583416, -0.288696818 ], [ 30.498812943, -0.296478941 ], [ 30.505449497, -0.311086997 ], [ 30.507855373, -0.323660437 ], [ 30.505361902, -0.347160476 ], [ 30.506334541, -0.367994978 ], [ 30.501822834, -0.388014405 ], [ 30.494056872, -0.393597984 ], [ 30.488214858, -0.394319313 ], [ 30.482754723, -0.411138411 ], [ 30.469987186, -0.416693027 ], [ 30.464424693, -0.423108519 ], [ 30.456451896, -0.425482998 ], [ 30.45715979, -0.429270309 ] ] ] } },
{ "type": "Feature", "properties": { "shapeName": "Mitooma", "shapeISO": "", "shapeID": "80733802B38712267284274", "shapeGroup": "UGA", "shapeType": "ADM2" }, "geometry": { "type": "Polygon", "coordinates": [ [ [ 29.934152925, -0.493514661 ], [ 29.924627721, -0.517637383 ], [ 29.934568254, -0.534040613 ], [ 29.937584443, -0.535721371 ], [ 29.938184872, -0.538907105 ], [ 29.928616383, -0.544890887 ], [ 29.926883184, -0.544131526 ], [ 29.925749699, -0.546296195 ], [ 29.922414492, -0.545102416 ], [ 29.918787411, -0.5458484 ], [ 29.917841682, -0.547201112 ], [ 29.919624183, -0.548763581 ], [ 29.919535333, -0.551335128 ], [ 29.926693041, -0.559389748 ], [ 29.925244377, -0.564253264 ], [ 29.916214465, -0.569261091 ], [ 29.915944065, -0.572524557 ], [ 29.913578539, -0.574867306 ], [ 29.910748186, -0.581924244 ], [ 29.908978186, -0.58238873 ], [ 29.907316856, -0.580996212 ], [ 29.904267551, -0.582077826 ], [ 29.90519583, -0.585551497 ], [ 29.903384657, -0.588410738 ], [ 29.896650487, -0.591583299 ], [ 29.89628234, -0.59770686 ], [ 29.891746062, -0.601231262 ], [ 29.887886855, -0.608054144 ], [ 29.884210901, -0.611302837 ], [ 29.887445982, -0.613483785 ], [ 29.888169222, -0.615616037 ], [ 29.890441951, -0.615193493 ], [ 29.893216003, -0.617033678 ], [ 29.892080044, -0.620037833 ], [ 29.89553454, -0.621224224 ], [ 29.895718165, -0.624889608 ], [ 29.898264744, -0.622110986 ], [ 29.899880303, -0.62311553 ], [ 29.901992393, -0.622131884 ], [ 29.905711233, -0.626665843 ], [ 29.906387323, -0.631060267 ], [ 29.90957844, -0.631617567 ], [ 29.914124178, -0.640964399 ], [ 29.919194805, -0.642345087 ], [ 29.920764988, -0.646778133 ], [ 29.925298181, -0.646051555 ], [ 29.926327411, -0.643864172 ], [ 29.930497134, -0.645289578 ], [ 29.930486844, -0.646426474 ], [ 29.931674174, -0.645456043 ], [ 29.936206207, -0.646453063 ], [ 29.934880769, -0.647901285 ], [ 29.937789868, -0.648511951 ], [ 29.937987601, -0.650739567 ], [ 29.939016864, -0.649642804 ], [ 29.945072636, -0.653539531 ], [ 29.9465825, -0.652692305 ], [ 29.94828217, -0.654936309 ], [ 29.953201527, -0.655011667 ], [ 29.95380306, -0.657359525 ], [ 29.957951548, -0.657828348 ], [ 29.959725334, -0.661269436 ], [ 29.957129234, -0.665357852 ], [ 29.957742491, -0.667035783 ], [ 29.97119688, -0.68684365 ], [ 29.972762523, -0.694993435 ], [ 29.98129461, -0.700633119 ], [ 29.98215631, -0.706090303 ], [ 29.987951216, -0.710214503 ], [ 29.989049047, -0.71794464 ], [ 29.992711925, -0.724793855 ], [ 29.99761498, -0.729443385 ], [ 30.00356881, -0.730400696 ], [ 30.002631437, -0.733111033 ], [ 30.003833573, -0.744404307 ], [ 30.00566035, -0.744126606 ], [ 30.006637867, -0.74684468 ], [ 30.008384996, -0.744714883 ], [ 30.01550753, -0.745800383 ], [ 30.018618323, -0.744873337 ], [ 30.018965723, -0.742479822 ], [ 30.022065497, -0.74154182 ], [ 30.02335488, -0.743215473 ], [ 30.022216558, -0.743555272 ], [ 30.023242348, -0.749980686 ], [ 30.031315855, -0.754991353 ], [ 30.035061805, -0.753784639 ], [ 30.03690957, -0.755444777 ], [ 30.036771744, -0.760043639 ], [ 30.040545894, -0.759725647 ], [ 30.042086453, -0.769785319 ], [ 30.04782668, -0.775233357 ], [ 30.050641042, -0.77466599 ], [ 30.052944847, -0.778769427 ], [ 30.055530581, -0.77886206 ], [ 30.05730546, -0.777076796 ], [ 30.064259046, -0.780461258 ], [ 30.067156455, -0.767470381 ], [ 30.078008731, -0.753662576 ], [ 30.082254776, -0.753981677 ], [ 30.087841793, -0.752115069 ], [ 30.093922675, -0.754242508 ], [ 30.098171719, -0.758313353 ], [ 30.099237449, -0.762349964 ], [ 30.102870295, -0.760949787 ], [ 30.107651849, -0.764362605 ], [ 30.122042196, -0.761889636 ], [ 30.129922942, -0.756412981 ], [ 30.137560385, -0.747094504 ], [ 30.13938706, -0.732861028 ], [ 30.157653608, -0.732105184 ], [ 30.168491726, -0.733270806 ], [ 30.166464724, -0.724742168 ], [ 30.158743792, -0.725360807 ], [ 30.143799645, -0.711978058 ], [ 30.134819496, -0.709053855 ], [ 30.13205412, -0.701046307 ], [ 30.119591004, -0.691661865 ], [ 30.119310523, -0.690321969 ], [ 30.125784642, -0.682030967 ], [ 30.124794793, -0.679590689 ], [ 30.121557751, -0.678043625 ], [ 30.120147378, -0.66582634 ], [ 30.113749428, -0.64979311 ], [ 30.121103823, -0.651703883 ], [ 30.127377782, -0.650388237 ], [ 30.133542922, -0.65358144 ], [ 30.136914387, -0.653375541 ], [ 30.135545277, -0.644073465 ], [ 30.130150118, -0.640679316 ], [ 30.130285012, -0.63440781 ], [ 30.126843883, -0.629946998 ], [ 30.13015917, -0.610640844 ], [ 30.123063001, -0.601321071 ], [ 30.123303016, -0.596631587 ], [ 30.120260184, -0.589039889 ], [ 30.114812447, -0.590432545 ], [ 30.102687671, -0.597054451 ], [ 30.098318367, -0.600970089 ], [ 30.087181869, -0.588643154 ], [ 30.079915256, -0.583711675 ], [ 30.078853661, -0.579216704 ], [ 30.073802485, -0.576058767 ], [ 30.069769596, -0.570761928 ], [ 30.060570523, -0.569718155 ], [ 30.057530843, -0.566219207 ], [ 30.052754018, -0.566967422 ], [ 30.049703111, -0.562836748 ], [ 30.050069198, -0.559611343 ], [ 30.046461382, -0.551233856 ], [ 30.042932946, -0.547952319 ], [ 30.040347292, -0.547038484 ], [ 30.037493866, -0.54827489 ], [ 30.035454203, -0.551282583 ], [ 30.027548567, -0.544878493 ], [ 30.029496831, -0.542984863 ], [ 30.028701212, -0.540476733 ], [ 30.033041377, -0.540595534 ], [ 30.033292677, -0.538335857 ], [ 30.038670253, -0.536213514 ], [ 30.03997442, -0.536855645 ], [ 30.041740058, -0.53318821 ], [ 30.041046016, -0.525191727 ], [ 30.037646419, -0.513339332 ], [ 30.029843738, -0.502753593 ], [ 30.033601502, -0.488957948 ], [ 30.032779388, -0.479686892 ], [ 30.040636233, -0.47193413 ], [ 30.037569282, -0.469881003 ], [ 30.03589248, -0.465868955 ], [ 30.034495499, -0.467316705 ], [ 30.026060241, -0.46876856 ], [ 30.020483178, -0.46557846 ], [ 30.019205085, -0.458883623 ], [ 30.014558468, -0.454431874 ], [ 30.010123187, -0.453923367 ], [ 29.997969875, -0.448439774 ], [ 29.991891943, -0.442817681 ], [ 29.981588458, -0.437703266 ], [ 29.981956517, -0.447576653 ], [ 29.983832687, -0.4533548 ], [ 29.983490799, -0.460511097 ], [ 29.981822185, -0.463220527 ], [ 29.982526102, -0.469991627 ], [ 29.979098034, -0.477921854 ], [ 29.974936097, -0.482789946 ], [ 29.975832351, -0.485918131 ], [ 29.964900714, -0.490730924 ], [ 29.9577081, -0.502346837 ], [ 29.953371447, -0.49693252 ], [ 29.948005543, -0.493559427 ], [ 29.934152925, -0.493514661 ] ] ] } },
{ "type": "Feature", "properties": { "shapeName": "Ntoroko", "shapeISO": "", "shapeID": "80733802B89023998589959", "shapeGroup": "UGA", "shapeType": "ADM2" }, "geometry": { "type": "Polygon", "coordinates": [ [ [ 30.164393873, 0.732604526 ], [ 30.171897232, 0.73144004 ], [ 30.179911405, 0.722579821 ], [ 30.18606912, 0.720030232 ], [ 30.18624203, 0.716931759 ], [ 30.187698394, 0.716635209 ], [ 30.190262378, 0.718406053 ], [ 30.191801084, 0.726655571 ], [ 30.194410874, 0.731152088 ], [ 30.211987304, 0.748452262 ], [ 30.218474746, 0.752802692 ], [ 30.225611394, 0.750105861 ], [ 30.245242805, 0.74822057 ], [ 30.243094575, 0.745273022 ], [ 30.243192509, 0.74265562 ], [ 30.248059534, 0.736599717 ], [ 30.2580209, 0.746300359 ], [ 30.269791004, 0.761078436 ], [ 30.295863336, 0.773522032 ], [ 30.299170367, 0.776426067 ], [ 30.301951925, 0.779051101 ], [ 30.300418876, 0.784022293 ], [ 30.297510457, 0.785425059 ], [ 30.296464185, 0.789072701 ], [ 30.293360864, 0.792636431 ], [ 30.293474627, 0.795451984 ], [ 30.296114982, 0.798807065 ], [ 30.295433848, 0.808302473 ], [ 30.303884584, 0.814049809 ], [ 30.310375616, 0.814044852 ], [ 30.315352599, 0.818034816 ], [ 30.315787786, 0.82024234 ], [ 30.334429493, 0.827563644 ], [ 30.33571309, 0.829628176 ], [ 30.33439916, 0.834494278 ], [ 30.336473315, 0.835940079 ], [ 30.3386814, 0.835465267 ], [ 30.341809314, 0.838284204 ], [ 30.341980288, 0.842257166 ], [ 30.340602167, 0.84313851 ], [ 30.341833075, 0.844977115 ], [ 30.340435313, 0.850236824 ], [ 30.341359071, 0.851287698 ], [ 30.339100985, 0.853170203 ], [ 30.339818787, 0.856594977 ], [ 30.344251865, 0.859510845 ], [ 30.341366833, 0.866904426 ], [ 30.343498037, 0.869626899 ], [ 30.341343576, 0.873263234 ], [ 30.343098508, 0.880650042 ], [ 30.345043037, 0.88158277 ], [ 30.344481566, 0.883646082 ], [ 30.346021668, 0.885103316 ], [ 30.346482194, 0.899503721 ], [ 30.359973733, 0.880621156 ], [ 30.361761822, 0.876161164 ], [ 30.366031861, 0.884004242 ], [ 30.374932291, 0.890683356 ], [ 30.380808039, 0.889938303 ], [ 30.38351002, 0.892064969 ], [ 30.396819981, 0.895134105 ], [ 30.403694373, 0.900081146 ], [ 30.424638039, 0.90843238 ], [ 30.439162827, 0.910381182 ], [ 30.443370459, 0.913476071 ], [ 30.459166685, 0.913720388 ], [ 30.475723498, 0.920134081 ], [ 30.480862926, 0.919936972 ], [ 30.498310343, 0.939488592 ], [ 30.505391767, 0.943388397 ], [ 30.519244727, 0.95438109 ], [ 30.527712642, 0.962233678 ], [ 30.530015686, 0.966087935 ], [ 30.535900373, 0.967956152 ], [ 30.543512548, 0.975887032 ], [ 30.546160242, 0.976975094 ], [ 30.545771939, 0.978731998 ], [ 30.546989383, 0.979384913 ], [ 30.545926757, 0.981455712 ], [ 30.553081329, 0.984521464 ], [ 30.549708443, 0.988626537 ], [ 30.542350529, 0.992102675 ], [ 30.53912142, 0.996348603 ], [ 30.538295988, 1.009212019 ], [ 30.544370649, 1.025782921 ], [ 30.549958814, 1.033279544 ], [ 30.551007952, 1.03697566 ], [ 30.550470387, 1.206360112 ], [ 30.550411342, 1.263409357 ], [ 30.520452998, 1.263317406 ], [ 30.476213223, 1.20982613 ], [ 30.472976277, 1.21163125 ], [ 30.470493306, 1.211018297 ], [ 30.464627766, 1.207455627 ], [ 30.459635253, 1.201361946 ], [ 30.452192244, 1.198825965 ], [ 30.449522606, 1.200814357 ], [ 30.443329399, 1.20178678 ], [ 30.438225301, 1.197773838 ], [ 30.433018797, 1.197909181 ], [ 30.421160485, 1.190337232 ], [ 30.418622355, 1.19204067 ], [ 30.4185148, 1.194499343 ], [ 30.415695435, 1.19755255 ], [ 30.410999819, 1.197635426 ], [ 30.407461745, 1.196513269 ], [ 30.406243653, 1.193429991 ], [ 30.399942607, 1.189464664 ], [ 30.396056369, 1.190945375 ], [ 30.390705297, 1.187703014 ], [ 30.384462711, 1.192728363 ], [ 30.377371664, 1.19278812 ], [ 30.373343465, 1.19604242 ], [ 30.371605224, 1.199509902 ], [ 30.366449737, 1.201818523 ], [ 30.360696392, 1.202372736 ], [ 30.355377141, 1.193423518 ], [ 30.347887427, 1.186563828 ], [ 30.347919057, 1.183314474 ], [ 30.341995318, 1.176911654 ], [ 30.339666551, 1.169480156 ], [ 30.341421562, 1.163874125 ], [ 30.339283182, 1.160304098 ], [ 30.339455691, 1.155186646 ], [ 30.337357788, 1.151628041 ], [ 30.327912728, 1.151723525 ], [ 30.325555128, 1.156366806 ], [ 30.323517064, 1.157025373 ], [ 30.321711569, 1.156807324 ], [ 30.319552293, 1.15378102 ], [ 30.314115274, 1.152477301 ], [ 30.312271292, 1.153653725 ], [ 30.312363329, 1.159583584 ], [ 30.308549779, 1.163981555 ], [ 30.309221149, 1.167530874 ], [ 30.300170759, 1.164337812 ], [ 30.296135205, 1.168123611 ], [ 30.29480511, 1.171988428 ], [ 30.290174422, 1.173039294 ], [ 30.287732718, 1.168787203 ], [ 30.283029058, 1.165633012 ], [ 30.274643355, 1.166591755 ], [ 30.273364155, 1.162824191 ], [ 30.269115437, 1.161886459 ], [ 30.269119332, 1.153652135 ], [ 30.264467649, 1.151548928 ], [ 30.261700081, 1.145799884 ], [ 30.257261669, 1.145962795 ], [ 30.257084257, 1.143282858 ], [ 30.255269853, 1.144695194 ], [ 30.24774047, 1.142739188 ], [ 30.237923812, 1.134651375 ], [ 30.234621566, 1.125541014 ], [ 30.240016477, 1.114476257 ], [ 30.240945497, 1.107203125 ], [ 30.239417179, 1.100366696 ], [ 30.240543741, 1.097590904 ], [ 30.238237776, 1.094672666 ], [ 30.238281305, 1.091293538 ], [ 30.235712662, 1.091402245 ], [ 30.232204047, 1.088011849 ], [ 30.232340306, 1.084501849 ], [ 30.231389743, 1.083708161 ], [ 30.229959446, 1.085778206 ], [ 30.228716048, 1.085271006 ], [ 30.229643549, 1.081528545 ], [ 30.227572981, 1.077993667 ], [ 30.230632856, 1.073627089 ], [ 30.225874229, 1.071572537 ], [ 30.229752713, 1.068237236 ], [ 30.225857159, 1.066362973 ], [ 30.225037264, 1.063996784 ], [ 30.225619906, 1.059489943 ], [ 30.228437772, 1.056366202 ], [ 30.222763323, 1.054226513 ], [ 30.224106333, 1.050349884 ], [ 30.221781812, 1.04575444 ], [ 30.227475368, 1.044751507 ], [ 30.229231311, 1.042938004 ], [ 30.227623113, 1.039805217 ], [ 30.222845321, 1.038501995 ], [ 30.221121559, 1.03592057 ], [ 30.22305485, 1.033112933 ], [ 30.224139673, 1.036315157 ], [ 30.227042601, 1.037242524 ], [ 30.227287385, 1.028958786 ], [ 30.226294748, 1.026795204 ], [ 30.224590042, 1.028371927 ], [ 30.222940188, 1.027609034 ], [ 30.224601254, 1.023303843 ], [ 30.220198128, 1.015681755 ], [ 30.221104015, 1.014869215 ], [ 30.224999567, 1.016743316 ], [ 30.224792387, 1.013827496 ], [ 30.22753617, 1.011318705 ], [ 30.223760995, 1.006950763 ], [ 30.223169787, 1.003377313 ], [ 30.229412864, 1.003408153 ], [ 30.231628997, 1.001849791 ], [ 30.230481427, 1.000278479 ], [ 30.224764412, 0.99915546 ], [ 30.223898641, 0.993687116 ], [ 30.227889208, 0.990259754 ], [ 30.225029302, 0.986586445 ], [ 30.222947278, 0.990152653 ], [ 30.221174831, 0.990322689 ], [ 30.219492513, 0.984591957 ], [ 30.217206463, 0.98760906 ], [ 30.214752718, 0.987366834 ], [ 30.21564201, 0.983593804 ], [ 30.210293749, 0.980364437 ], [ 30.210448344, 0.978889368 ], [ 30.215596629, 0.976663727 ], [ 30.214575827, 0.974638755 ], [ 30.206532976, 0.973945889 ], [ 30.202985936, 0.97696191 ], [ 30.201145818, 0.976582989 ], [ 30.202056587, 0.967389554 ], [ 30.200184476, 0.964471928 ], [ 30.197935638, 0.963783925 ], [ 30.198580317, 0.967283736 ], [ 30.194044606, 0.9707106 ], [ 30.191726992, 0.970777269 ], [ 30.191148824, 0.969301609 ], [ 30.194184784, 0.966045034 ], [ 30.19440812, 0.963849605 ], [ 30.185684368, 0.962470084 ], [ 30.185856214, 0.960720609 ], [ 30.191071103, 0.960210347 ], [ 30.191960701, 0.955957089 ], [ 30.186983038, 0.958114268 ], [ 30.18568845, 0.957495683 ], [ 30.189493088, 0.9519069 ], [ 30.188541481, 0.948612709 ], [ 30.186257669, 0.949056815 ], [ 30.183118842, 0.953170973 ], [ 30.180903534, 0.953203448 ], [ 30.180052932, 0.951453135 ], [ 30.183209926, 0.945932448 ], [ 30.182529912, 0.943942133 ], [ 30.17724526, 0.946510753 ], [ 30.174587472, 0.945856753 ], [ 30.177452303, 0.943354771 ], [ 30.174694103, 0.940436507 ], [ 30.175957086, 0.937967511 ], [ 30.173964321, 0.936765179 ], [ 30.173220754, 0.929011446 ], [ 30.170855289, 0.925064366 ], [ 30.177162504, 0.922187738 ], [ 30.174471021, 0.921053485 ], [ 30.170073804, 0.922079133 ], [ 30.168916316, 0.920500139 ], [ 30.173435457, 0.916112609 ], [ 30.173132714, 0.911035098 ], [ 30.171531251, 0.910622158 ], [ 30.170642307, 0.914257868 ], [ 30.168563721, 0.913844543 ], [ 30.170664798, 0.907293808 ], [ 30.168518642, 0.906125717 ], [ 30.165175711, 0.910033917 ], [ 30.162278673, 0.91030606 ], [ 30.161904786, 0.909036458 ], [ 30.165179866, 0.904716547 ], [ 30.163428176, 0.900289744 ], [ 30.161622195, 0.899945269 ], [ 30.159745709, 0.90261962 ], [ 30.158862694, 0.898673796 ], [ 30.155862563, 0.900077957 ], [ 30.153752167, 0.896782984 ], [ 30.148963638, 0.897190881 ], [ 30.153702508, 0.894896154 ], [ 30.152513054, 0.890572759 ], [ 30.156282558, 0.885772947 ], [ 30.171497863, 0.887671535 ], [ 30.183205129, 0.886857216 ], [ 30.19706662, 0.876301865 ], [ 30.195182181, 0.872057098 ], [ 30.198515719, 0.869420363 ], [ 30.203157582, 0.855407119 ], [ 30.202150017, 0.851129313 ], [ 30.198905739, 0.847051078 ], [ 30.20095068, 0.843848758 ], [ 30.205620236, 0.842793567 ], [ 30.206334073, 0.838919834 ], [ 30.198555408, 0.820863029 ], [ 30.194023982, 0.819041573 ], [ 30.191861939, 0.816089689 ], [ 30.19302443, 0.810670087 ], [ 30.189704146, 0.806996976 ], [ 30.189638651, 0.80312031 ], [ 30.187731579, 0.801060605 ], [ 30.188669835, 0.79951747 ], [ 30.193680476, 0.798251595 ], [ 30.196853192, 0.793450861 ], [ 30.191681971, 0.780102111 ], [ 30.19443034, 0.772659451 ], [ 30.193851952, 0.771183885 ], [ 30.191892987, 0.770221999 ], [ 30.186899729, 0.771076326 ], [ 30.179662343, 0.764175963 ], [ 30.174483668, 0.762045554 ], [ 30.175111084, 0.75429926 ], [ 30.166721647, 0.743864492 ], [ 30.168102473, 0.741558488 ], [ 30.167119386, 0.734703608 ], [ 30.164393873, 0.732604526 ] ] ] } },
{ "type": "Feature", "properties": { "shapeName": "Ntungamo", "shapeISO": "", "shapeID": "80733802B3284983941893", "shapeGroup": "UGA", "shapeType": "ADM2" }, "geometry": { "type": "Polygon", "coordinates": [ [ [ 30.602914384, -0.867352883 ], [ 30.602933997, -0.862151412 ], [ 30.596258949, -0.860734545 ], [ 30.588359728, -0.861395494 ], [ 30.580763924, -0.857818735 ], [ 30.567772775, -0.858456233 ], [ 30.570668366, -0.844412652 ], [ 30.575882222, -0.841913563 ], [ 30.593693322, -0.827233191 ], [ 30.592751876, -0.819712456 ], [ 30.570757024, -0.820304745 ], [ 30.567141791, -0.822598475 ], [ 30.565797356, -0.82612621 ], [ 30.55834739, -0.826602791 ], [ 30.555683153, -0.828878272 ], [ 30.550171371, -0.827828589 ], [ 30.548540491, -0.826166803 ], [ 30.518190303, -0.82824457 ], [ 30.514592851, -0.831649919 ], [ 30.509887404, -0.843569023 ], [ 30.507219495, -0.84550159 ], [ 30.500616541, -0.846003493 ], [ 30.493861322, -0.845746037 ], [ 30.47430518, -0.841087532 ], [ 30.463359776, -0.832060079 ], [ 30.453327639, -0.834014909 ], [ 30.443607623, -0.833068603 ], [ 30.436075811, -0.828409011 ], [ 30.43166101, -0.81759648 ], [ 30.421624378, -0.81339634 ], [ 30.410006765, -0.811445697 ], [ 30.404973264, -0.812292029 ], [ 30.400305601, -0.814973289 ], [ 30.375629631, -0.799620119 ], [ 30.370937238, -0.794375214 ], [ 30.360421498, -0.786849147 ], [ 30.359587238, -0.780793383 ], [ 30.353604511, -0.774056584 ], [ 30.351015868, -0.765017365 ], [ 30.344224855, -0.756783301 ], [ 30.338721062, -0.754891355 ], [ 30.335023666, -0.751689647 ], [ 30.338412367, -0.748387376 ], [ 30.327886158, -0.733254486 ], [ 30.323639909, -0.730097888 ], [ 30.323265099, -0.727223774 ], [ 30.32508146, -0.723266469 ], [ 30.32333868, -0.720373472 ], [ 30.319242166, -0.717831556 ], [ 30.314064555, -0.717250118 ], [ 30.313557997, -0.731149254 ], [ 30.311146272, -0.735856208 ], [ 30.308598857, -0.735917927 ], [ 30.302760304, -0.729470835 ], [ 30.297097844, -0.729584908 ], [ 30.2917508, -0.734759973 ], [ 30.28650296, -0.736148494 ], [ 30.275692908, -0.732102322 ], [ 30.273502842, -0.736565275 ], [ 30.262718209, -0.736612861 ], [ 30.255918939, -0.739672169 ], [ 30.248564762, -0.744601708 ], [ 30.244851146, -0.750093756 ], [ 30.233664812, -0.75091805 ], [ 30.223468078, -0.757616746 ], [ 30.216853943, -0.758236013 ], [ 30.199915015, -0.763576491 ], [ 30.192101965, -0.753499951 ], [ 30.192701322, -0.748032957 ], [ 30.189213388, -0.743192404 ], [ 30.183417419, -0.739656771 ], [ 30.172206137, -0.73615255 ], [ 30.168491726, -0.733270806 ], [ 30.157653608, -0.732105184 ], [ 30.13938706, -0.732861028 ], [ 30.137560385, -0.747094504 ], [ 30.129922942, -0.756412981 ], [ 30.122042196, -0.761889636 ], [ 30.107651849, -0.764362605 ], [ 30.102870295, -0.760949787 ], [ 30.099237449, -0.762349964 ], [ 30.098171719, -0.758313353 ], [ 30.093922675, -0.754242508 ], [ 30.087841793, -0.752115069 ], [ 30.082254776, -0.753981677 ], [ 30.078008731, -0.753662576 ], [ 30.067156455, -0.767470381 ], [ 30.064259046, -0.780461258 ], [ 30.05730546, -0.777076796 ], [ 30.055530581, -0.77886206 ], [ 30.052944847, -0.778769427 ], [ 30.052248517, -0.785185453 ], [ 30.05723167, -0.794415091 ], [ 30.056889165, -0.799850059 ], [ 30.054135429, -0.799076936 ], [ 30.052857536, -0.800224464 ], [ 30.05550886, -0.805143784 ], [ 30.055201521, -0.808177886 ], [ 30.057935555, -0.812129665 ], [ 30.052433699, -0.820271431 ], [ 30.047688422, -0.820755822 ], [ 30.046529051, -0.824341949 ], [ 30.050635912, -0.830134729 ], [ 30.050104108, -0.838412542 ], [ 30.052519144, -0.85078363 ], [ 30.048164632, -0.855207556 ], [ 30.052839279, -0.860424521 ], [ 30.050946002, -0.861263331 ], [ 30.05114739, -0.865284182 ], [ 30.05375096, -0.86726494 ], [ 30.049704337, -0.877995658 ], [ 30.052899783, -0.883130228 ], [ 30.047754054, -0.886559517 ], [ 30.040760474, -0.895390316 ], [ 30.038228081, -0.896562832 ], [ 30.030666199, -0.892472816 ], [ 30.029624876, -0.89282434 ], [ 30.030287613, -0.896050406 ], [ 30.024867783, -0.894717837 ], [ 30.023601686, -0.901971942 ], [ 30.019956965, -0.904435502 ], [ 30.022217243, -0.906903929 ], [ 30.026288044, -0.905873299 ], [ 30.036831943, -0.907141855 ], [ 30.039873338, -0.914724865 ], [ 30.044914668, -0.916807138 ], [ 30.047399892, -0.925832118 ], [ 30.053955977, -0.929247176 ], [ 30.057612686, -0.932340316 ], [ 30.060168885, -0.937926299 ], [ 30.06247661, -0.938226413 ], [ 30.07170742, -0.944811978 ], [ 30.075872991, -0.949441661 ], [ 30.074216159, -0.955295225 ], [ 30.070204099, -0.959899853 ], [ 30.06905604, -0.967195958 ], [ 30.069801383, -0.972747865 ], [ 30.067990505, -0.980119171 ], [ 30.071150094, -0.986148576 ], [ 30.06985999, -0.990366972 ], [ 30.06998967, -1.000459646 ], [ 30.058232808, -1.011953428 ], [ 30.053640445, -1.013126694 ], [ 30.044402593, -1.019401483 ], [ 30.04699464, -1.023361302 ], [ 30.047096204, -1.02724246 ], [ 30.050437073, -1.031867096 ], [ 30.049898443, -1.041801111 ], [ 30.045636909, -1.045026488 ], [ 30.04515983, -1.052597541 ], [ 30.046524772, -1.060832521 ], [ 30.05027209, -1.061901965 ], [ 30.055876418, -1.067109322 ], [ 30.06637613, -1.069667142 ], [ 30.07091445, -1.073772095 ], [ 30.074876795, -1.087450667 ], [ 30.083754596, -1.100370015 ], [ 30.08262989, -1.116122493 ], [ 30.084557563, -1.121734788 ], [ 30.089093612, -1.127011376 ], [ 30.094303119, -1.127770545 ], [ 30.104981977, -1.136162252 ], [ 30.110189703, -1.144033611 ], [ 30.110047848, -1.149854667 ], [ 30.112386937, -1.155642828 ], [ 30.116471992, -1.154810968 ], [ 30.136504411, -1.156174128 ], [ 30.140437795, -1.160147366 ], [ 30.150594387, -1.156489622 ], [ 30.154538214, -1.161480148 ], [ 30.1611435, -1.159306706 ], [ 30.170033218, -1.160165895 ], [ 30.180877949, -1.156819552 ], [ 30.18733134, -1.152989838 ], [ 30.193054761, -1.152207518 ], [ 30.188903037, -1.162913537 ], [ 30.187055308, -1.173048413 ], [ 30.190407869, -1.18891544 ], [ 30.199502375, -1.194508874 ], [ 30.207110114, -1.195486232 ], [ 30.214592219, -1.193941101 ], [ 30.220710912, -1.185341204 ], [ 30.227922798, -1.182349119 ], [ 30.246285858, -1.1651081 ], [ 30.250560712, -1.16458701 ], [ 30.25720236, -1.156686001 ], [ 30.29899515, -1.155881708 ], [ 30.3072819, -1.144907624 ], [ 30.313719787, -1.143901514 ], [ 30.322999977, -1.13761118 ], [ 30.328072126, -1.136504302 ], [ 30.336710306, -1.131189247 ], [ 30.344798085, -1.131802209 ], [ 30.340107178, -1.113822302 ], [ 30.340217574, -1.108652951 ], [ 30.338402635, -1.105479154 ], [ 30.341012114, -1.092874179 ], [ 30.34406685, -1.08916247 ], [ 30.348010587, -1.088370654 ], [ 30.34883095, -1.086997668 ], [ 30.348941807, -1.080987784 ], [ 30.351223121, -1.079335906 ], [ 30.351272653, -1.076398734 ], [ 30.35088237, -1.073777495 ], [ 30.349005744, -1.073875274 ], [ 30.348792787, -1.072727317 ], [ 30.349388312, -1.070125015 ], [ 30.352572057, -1.068853477 ], [ 30.351040927, -1.067360949 ], [ 30.352847082, -1.065997834 ], [ 30.35208882, -1.063014774 ], [ 30.354486699, -1.064978 ], [ 30.355557402, -1.062177262 ], [ 30.358729586, -1.060471873 ], [ 30.361363353, -1.065038148 ], [ 30.365661484, -1.067048209 ], [ 30.365900102, -1.06542163 ], [ 30.369308981, -1.06505401 ], [ 30.370352058, -1.068371749 ], [ 30.373344153, -1.069639605 ], [ 30.374794433, -1.06775196 ], [ 30.372325289, -1.065725387 ], [ 30.375770847, -1.063640615 ], [ 30.376627627, -1.061137884 ], [ 30.386231877, -1.067870206 ], [ 30.386779301, -1.066216748 ], [ 30.389724002, -1.067511673 ], [ 30.39093602, -1.066509502 ], [ 30.39148084, -1.068950193 ], [ 30.3983857, -1.062222821 ], [ 30.398823115, -1.064392316 ], [ 30.402078694, -1.063617788 ], [ 30.402579019, -1.06123219 ], [ 30.404691748, -1.063430199 ], [ 30.406141792, -1.0618317 ], [ 30.413231131, -1.063925454 ], [ 30.41489917, -1.062706722 ], [ 30.416442679, -1.063620864 ], [ 30.42166933, -1.062495493 ], [ 30.423826392, -1.064990128 ], [ 30.428295645, -1.064579814 ], [ 30.430339678, -1.062882352 ], [ 30.430437302, -1.058480851 ], [ 30.43472573, -1.057445026 ], [ 30.432948024, -1.055964542 ], [ 30.434763395, -1.052668673 ], [ 30.435820024, -1.054933315 ], [ 30.437721493, -1.053244743 ], [ 30.437545252, -1.04999988 ], [ 30.438805032, -1.048762681 ], [ 30.443009929, -1.048142496 ], [ 30.444576422, -1.050529881 ], [ 30.445100117, -1.048686506 ], [ 30.447641154, -1.050026254 ], [ 30.44758324, -1.047558756 ], [ 30.449648528, -1.049756751 ], [ 30.450219371, -1.048772044 ], [ 30.456561092, -1.050259516 ], [ 30.460664154, -1.053507643 ], [ 30.466798326, -1.052509395 ], [ 30.466084142, -1.055166105 ], [ 30.468554505, -1.055475432 ], [ 30.469625098, -1.052773815 ], [ 30.472746285, -1.05733174 ], [ 30.478104967, -1.057510269 ], [ 30.478348414, -1.053188399 ], [ 30.483462624, -1.047952775 ], [ 30.485161818, -1.040414377 ], [ 30.487106058, -1.038877586 ], [ 30.487461785, -1.035540054 ], [ 30.490082684, -1.033587654 ], [ 30.49063347, -1.029167544 ], [ 30.504619712, -1.015453454 ], [ 30.504919209, -1.00891623 ], [ 30.50707676, -1.004986049 ], [ 30.504522199, -1.000989845 ], [ 30.501653682, -0.989990109 ], [ 30.506136536, -0.977926023 ], [ 30.516202274, -0.966092715 ], [ 30.522804844, -0.962527219 ], [ 30.52550213, -0.957783792 ], [ 30.529814571, -0.954668504 ], [ 30.532516959, -0.942648722 ], [ 30.541639529, -0.930814168 ], [ 30.563167185, -0.930586032 ], [ 30.564965649, -0.928354622 ], [ 30.56686435, -0.913992787 ], [ 30.570673579, -0.903725585 ], [ 30.581176365, -0.902828891 ], [ 30.597095619, -0.895157215 ], [ 30.600995489, -0.888118132 ], [ 30.598706582, -0.876727088 ], [ 30.602914384, -0.867352883 ] ] ] } },
{ "type": "Feature", "properties": { "shapeName": "Rubanda", "shapeISO": "", "shapeID": "80733802B77358080481399", "shapeGroup": "UGA", "shapeType": "ADM2" }, "geometry": { "type": "Polygon", "coordinates": [ [ [ 30.023946689, -1.20203426 ], [ 30.028279311, -1.20168111 ], [ 30.030208635, -1.192587786 ], [ 30.027767119, -1.184851538 ], [ 30.015599051, -1.167888061 ], [ 30.015183711, -1.158443858 ], [ 30.000715663, -1.147392081 ], [ 29.988375468, -1.140975922 ], [ 29.987366777, -1.129565697 ], [ 29.984451379, -1.123744239 ], [ 29.977582738, -1.122023314 ], [ 29.973627646, -1.122823292 ], [ 29.969913305, -1.120590776 ], [ 29.966089945, -1.121860309 ], [ 29.958493248, -1.120487593 ], [ 29.958812371, -1.118190198 ], [ 29.955075935, -1.114098172 ], [ 29.956141838, -1.105093126 ], [ 29.952287809, -1.099832228 ], [ 29.944501498, -1.096395439 ], [ 29.937886595, -1.097193136 ], [ 29.93231853, -1.096130355 ], [ 29.928374775, -1.097584629 ], [ 29.930043687, -1.091072712 ], [ 29.926759786, -1.073705973 ], [ 29.929623317, -1.068615219 ], [ 29.926640337, -1.062267739 ], [ 29.918113112, -1.057741208 ], [ 29.908517623, -1.053741732 ], [ 29.900195519, -1.041358092 ], [ 29.900021226, -1.046531223 ], [ 29.894092564, -1.049996659 ], [ 29.891031169, -1.049165514 ], [ 29.887785177, -1.050146771 ], [ 29.881612885, -1.061549684 ], [ 29.876361069, -1.066494407 ], [ 29.869318919, -1.070176727 ], [ 29.86544182, -1.065042974 ], [ 29.860747015, -1.063961074 ], [ 29.852383302, -1.056839232 ], [ 29.848340912, -1.050338538 ], [ 29.839440085, -1.044789965 ], [ 29.834126271, -1.035040665 ], [ 29.831822207, -1.035737586 ], [ 29.831467337, -1.034117952 ], [ 29.821302638, -1.027286275 ], [ 29.805672064, -1.030041577 ], [ 29.801280544, -1.021849774 ], [ 29.797432263, -1.018267635 ], [ 29.793854103, -1.018624556 ], [ 29.792227628, -1.013444265 ], [ 29.788821538, -1.012673221 ], [ 29.788652362, -1.010861439 ], [ 29.784504944, -1.009300795 ], [ 29.779662424, -1.001804067 ], [ 29.773744105, -0.998457059 ], [ 29.769727359, -0.992490225 ], [ 29.767408857, -0.992924817 ], [ 29.767127983, -0.987918418 ], [ 29.764394013, -0.99032542 ], [ 29.76373177, -0.993070362 ], [ 29.756063483, -0.995416596 ], [ 29.749365568, -1.00169043 ], [ 29.741943937, -1.00222426 ], [ 29.737588947, -1.010412202 ], [ 29.739789494, -1.012059488 ], [ 29.739394282, -1.013707453 ], [ 29.742649356, -1.015315458 ], [ 29.742201257, -1.017087761 ], [ 29.745858155, -1.017455489 ], [ 29.746597745, -1.019808516 ], [ 29.749767031, -1.021255129 ], [ 29.750499186, -1.025214439 ], [ 29.758869646, -1.024584164 ], [ 29.761646741, -1.025586466 ], [ 29.764457171, -1.028914229 ], [ 29.757772661, -1.029377892 ], [ 29.753282974, -1.031404212 ], [ 29.75561778, -1.035423527 ], [ 29.754220639, -1.043496594 ], [ 29.755555805, -1.049829207 ], [ 29.765728814, -1.063021017 ], [ 29.765418664, -1.064451991 ], [ 29.758496245, -1.06527312 ], [ 29.754668188, -1.0702808 ], [ 29.751627773, -1.078084456 ], [ 29.752471559, -1.081966935 ], [ 29.747267296, -1.094312814 ], [ 29.74464151, -1.094842587 ], [ 29.743018015, -1.09852641 ], [ 29.742374085, -1.097360393 ], [ 29.738086827, -1.097202962 ], [ 29.733846108, -1.102736268 ], [ 29.733180878, -1.109957061 ], [ 29.72824528, -1.1163534 ], [ 29.727757164, -1.124572464 ], [ 29.733388496, -1.127090645 ], [ 29.736213621, -1.126124602 ], [ 29.739376765, -1.127941274 ], [ 29.740893055, -1.126947749 ], [ 29.743800688, -1.133134339 ], [ 29.743340436, -1.135221591 ], [ 29.747328881, -1.139334569 ], [ 29.749447143, -1.144007303 ], [ 29.751559213, -1.145128967 ], [ 29.751242122, -1.152689421 ], [ 29.75416191, -1.153477486 ], [ 29.763553756, -1.163593305 ], [ 29.771576883, -1.16617196 ], [ 29.779963372, -1.173008161 ], [ 29.782414349, -1.178983714 ], [ 29.792878747, -1.19133685 ], [ 29.788299522, -1.192855281 ], [ 29.780194363, -1.189191166 ], [ 29.769901548, -1.188245299 ], [ 29.761691273, -1.193549035 ], [ 29.758390483, -1.193667054 ], [ 29.756137006, -1.191638907 ], [ 29.754330411, -1.193307762 ], [ 29.752166395, -1.192946657 ], [ 29.75178788, -1.194833228 ], [ 29.758394104, -1.200810281 ], [ 29.762173785, -1.207501827 ], [ 29.764073681, -1.20728791 ], [ 29.768351028, -1.214838334 ], [ 29.776232727, -1.21658254 ], [ 29.779263652, -1.223929842 ], [ 29.782183123, -1.22505201 ], [ 29.782392839, -1.228462792 ], [ 29.785559224, -1.231672048 ], [ 29.786480818, -1.235512462 ], [ 29.785794797, -1.24327574 ], [ 29.788700892, -1.24569784 ], [ 29.792067971, -1.253279285 ], [ 29.795778312, -1.255397037 ], [ 29.811945953, -1.283624744 ], [ 29.818843217, -1.300763612 ], [ 29.819197083, -1.310482446 ], [ 29.82247654, -1.307885696 ], [ 29.827886692, -1.314051446 ], [ 29.831815246, -1.314093431 ], [ 29.834985429, -1.317802738 ], [ 29.84067787, -1.319900166 ], [ 29.841254828, -1.321937145 ], [ 29.838512067, -1.324961019 ], [ 29.840036902, -1.329898913 ], [ 29.838465694, -1.331957188 ], [ 29.848709333, -1.338943791 ], [ 29.84800367, -1.340772973 ], [ 29.850004904, -1.34282741 ], [ 29.850144478, -1.345376209 ], [ 29.856022067, -1.349453221 ], [ 29.856340691, -1.355653441 ], [ 29.859455531, -1.360489652 ], [ 29.86894351, -1.355100266 ], [ 29.878873596, -1.35557224 ], [ 29.882628257, -1.35502843 ], [ 29.882713969, -1.352419278 ], [ 29.881319457, -1.344089204 ], [ 29.877630704, -1.33811712 ], [ 29.878554875, -1.337662451 ], [ 29.882135291, -1.33653204 ], [ 29.909027679, -1.343672482 ], [ 29.909889725, -1.334405631 ], [ 29.906775432, -1.32649801 ], [ 29.905952126, -1.318663295 ], [ 29.907684156, -1.30520827 ], [ 29.917564002, -1.291951998 ], [ 29.921499152, -1.283894392 ], [ 29.930131373, -1.274985562 ], [ 29.932240441, -1.27071887 ], [ 29.93811326, -1.266779149 ], [ 29.935954178, -1.263836035 ], [ 29.940397573, -1.265001945 ], [ 29.939931218, -1.260806053 ], [ 29.941901927, -1.260915773 ], [ 29.942355675, -1.258411551 ], [ 29.952330353, -1.252775402 ], [ 29.964956572, -1.251865375 ], [ 29.957678233, -1.237152506 ], [ 29.967096528, -1.231542806 ], [ 29.971922147, -1.233634838 ], [ 29.975801292, -1.231495047 ], [ 29.979698093, -1.235460033 ], [ 29.987088103, -1.233679598 ], [ 29.991682029, -1.229423577 ], [ 29.998824849, -1.226966488 ], [ 30.005280004, -1.228890786 ], [ 30.004354208, -1.223068934 ], [ 30.006390567, -1.219808628 ], [ 30.009527241, -1.218282797 ], [ 30.013159513, -1.203128775 ], [ 30.008868262, -1.197903538 ], [ 30.005570184, -1.1961066 ], [ 30.005628728, -1.191612606 ], [ 30.011945468, -1.190520978 ], [ 30.019890355, -1.20024818 ], [ 30.023946689, -1.20203426 ] ] ] } },
{ "type": "Feature", "properties": { "shapeName": "Rubirizi", "shapeISO": "", "shapeID": "80733802B64925410344360", "shapeGroup": "UGA", "shapeType": "ADM2" }, "geometry": { "type": "Polygon", "coordinates": [ [ [ 30.284058958, -0.211271711 ], [ 30.286320545, -0.20699754 ], [ 30.283480126, -0.190477217 ], [ 30.286413716, -0.187459274 ], [ 30.283722813, -0.179949019 ], [ 30.281769471, -0.179533023 ], [ 30.280596093, -0.177336838 ], [ 30.279982841, -0.170622194 ], [ 30.281822535, -0.168254732 ], [ 30.281012486, -0.166528535 ], [ 30.276112384, -0.164386082 ], [ 30.270806465, -0.15513146 ], [ 30.269145695, -0.155989763 ], [ 30.267454838, -0.154109852 ], [ 30.268179745, -0.150287295 ], [ 30.264351117, -0.144467014 ], [ 30.25627712, -0.136631054 ], [ 30.256069416, -0.133928996 ], [ 30.253207305, -0.131660422 ], [ 30.251594071, -0.127738245 ], [ 30.248152723, -0.126644424 ], [ 30.246081547, -0.124104859 ], [ 30.241481466, -0.122604278 ], [ 30.240413554, -0.125495941 ], [ 30.238524724, -0.125667443 ], [ 30.231410934, -0.113792456 ], [ 30.222063617, -0.107664727 ], [ 30.217883088, -0.103118937 ], [ 30.212248592, -0.103389551 ], [ 30.215204358, -0.093395335 ], [ 30.215992644, -0.078385607 ], [ 30.211437372, -0.076889657 ], [ 30.202060134, -0.078149755 ], [ 30.184452028, -0.088495051 ], [ 30.182796618, -0.085560004 ], [ 30.186886941, -0.077183806 ], [ 30.184879997, -0.072198205 ], [ 30.180502543, -0.074004712 ], [ 30.165737364, -0.072931375 ], [ 30.159927457, -0.075913034 ], [ 30.156141548, -0.072514433 ], [ 30.149172907, -0.077370439 ], [ 30.13401178, -0.080969027 ], [ 30.125442999, -0.086376648 ], [ 30.121844915, -0.091302844 ], [ 30.116566454, -0.095271904 ], [ 30.106579502, -0.101504465 ], [ 30.102893044, -0.101574562 ], [ 30.093679651, -0.096713861 ], [ 30.08777279, -0.103149066 ], [ 30.08190845, -0.11460473 ], [ 30.080127704, -0.115461164 ], [ 30.067974535, -0.112189514 ], [ 30.061786585, -0.113982227 ], [ 30.05062888, -0.124080261 ], [ 30.047253101, -0.130120487 ], [ 30.037314789, -0.135027277 ], [ 30.01665814, -0.140946385 ], [ 30.008797254, -0.145210219 ], [ 29.992852741, -0.162954262 ], [ 29.988774783, -0.171992707 ], [ 29.983460087, -0.173080533 ], [ 29.967427575, -0.17075379 ], [ 29.963713905, -0.173217922 ], [ 29.960076171, -0.185429429 ], [ 29.95452288, -0.188432837 ], [ 29.940654843, -0.184017503 ], [ 29.931081358, -0.177831144 ], [ 29.927144166, -0.176789722 ], [ 29.919586176, -0.182416508 ], [ 29.908189392, -0.18213008 ], [ 29.903422301, -0.186316199 ], [ 29.907359751, -0.198169527 ], [ 29.888466285, -0.208885564 ], [ 29.69933448, -0.210557686 ], [ 29.675972458, -0.336541843 ], [ 29.819641693, -0.374273855 ], [ 29.840862257, -0.386526066 ], [ 29.844730645, -0.387416848 ], [ 29.848041144, -0.385211519 ], [ 29.861332913, -0.390121503 ], [ 29.86408838, -0.395048659 ], [ 29.864229094, -0.402487595 ], [ 29.861786288, -0.412681988 ], [ 29.860611201, -0.413206484 ], [ 29.861941339, -0.416771533 ], [ 29.865638931, -0.41985636 ], [ 29.868879817, -0.425297853 ], [ 29.873050898, -0.426314961 ], [ 29.873458378, -0.429510589 ], [ 29.875306587, -0.430926645 ], [ 29.874678987, -0.435513354 ], [ 29.871922998, -0.44014673 ], [ 29.873261872, -0.445607733 ], [ 29.876653432, -0.447808158 ], [ 29.880167821, -0.447200767 ], [ 29.889427221, -0.451663098 ], [ 29.891765572, -0.44812238 ], [ 29.903833359, -0.449440904 ], [ 29.907305527, -0.446720891 ], [ 29.911321409, -0.446826345 ], [ 29.917573104, -0.444004981 ], [ 29.922465613, -0.444290356 ], [ 29.928774891, -0.447319377 ], [ 29.93173041, -0.446603991 ], [ 29.936513813, -0.448870403 ], [ 29.939288807, -0.444454979 ], [ 29.947436593, -0.421552339 ], [ 29.953391299, -0.411511186 ], [ 29.960045696, -0.40243936 ], [ 29.97694082, -0.389053973 ], [ 29.981754776, -0.387205576 ], [ 30.000546544, -0.386554551 ], [ 30.005291404, -0.38522687 ], [ 30.021526104, -0.376049941 ], [ 30.057722867, -0.36098616 ], [ 30.083821404, -0.351994296 ], [ 30.088951955, -0.351489998 ], [ 30.092386688, -0.355138265 ], [ 30.097269662, -0.355302662 ], [ 30.11269457, -0.366575114 ], [ 30.12375604, -0.372343558 ], [ 30.131915309, -0.373575104 ], [ 30.139521028, -0.371942069 ], [ 30.154840406, -0.373239186 ], [ 30.165776664, -0.380616258 ], [ 30.178842285, -0.381795293 ], [ 30.174800172, -0.375826392 ], [ 30.177500974, -0.374860057 ], [ 30.175372364, -0.372890103 ], [ 30.17692204, -0.371766548 ], [ 30.172846808, -0.367086068 ], [ 30.173159928, -0.364932693 ], [ 30.174692318, -0.364587179 ], [ 30.168789801, -0.359425599 ], [ 30.168876872, -0.357726489 ], [ 30.171196781, -0.356838424 ], [ 30.168972514, -0.356433986 ], [ 30.168510308, -0.354908861 ], [ 30.17292074, -0.351732812 ], [ 30.169105499, -0.345736752 ], [ 30.169031465, -0.339648667 ], [ 30.167550264, -0.337142636 ], [ 30.1665621, -0.337897853 ], [ 30.164534428, -0.336547843 ], [ 30.164262369, -0.334183912 ], [ 30.167473323, -0.328966985 ], [ 30.169625081, -0.327874674 ], [ 30.171156024, -0.324009693 ], [ 30.168509328, -0.325158708 ], [ 30.166885958, -0.324244457 ], [ 30.168377967, -0.322451601 ], [ 30.166286258, -0.31998849 ], [ 30.167745827, -0.312000681 ], [ 30.166757688, -0.310026959 ], [ 30.168202552, -0.30916932 ], [ 30.168398168, -0.310730979 ], [ 30.170388847, -0.308560703 ], [ 30.168958054, -0.304480409 ], [ 30.170248202, -0.300231359 ], [ 30.172786466, -0.298204932 ], [ 30.17844389, -0.284434037 ], [ 30.182448768, -0.284601835 ], [ 30.184183677, -0.286447544 ], [ 30.185634726, -0.283192959 ], [ 30.188309274, -0.281486096 ], [ 30.183915142, -0.277820759 ], [ 30.185493996, -0.276232031 ], [ 30.205821396, -0.267381039 ], [ 30.228344683, -0.251808894 ], [ 30.231940205, -0.234974913 ], [ 30.230054586, -0.232272567 ], [ 30.231019812, -0.229362934 ], [ 30.237510879, -0.226011544 ], [ 30.24908291, -0.230839408 ], [ 30.250817977, -0.229619766 ], [ 30.250645715, -0.222977639 ], [ 30.269094941, -0.218624944 ], [ 30.284058958, -0.211271711 ] ] ] } },
{ "type": "Feature", "properties": { "shapeName": "Rukiga", "shapeISO": "", "shapeID": "80733802B28673725011492", "shapeGroup": "UGA", "shapeType": "ADM2" }, "geometry": { "type": "Polygon", "coordinates": [ [ [ 30.169386525, -1.274517413 ], [ 30.176461708, -1.271209094 ], [ 30.187460295, -1.27066034 ], [ 30.190736469, -1.281486114 ], [ 30.197764381, -1.280693552 ], [ 30.197529371, -1.273573011 ], [ 30.203859933, -1.272440345 ], [ 30.210761217, -1.276220267 ], [ 30.212950464, -1.270683674 ], [ 30.219295941, -1.264949812 ], [ 30.221116113, -1.26025616 ], [ 30.226337268, -1.255334571 ], [ 30.230517497, -1.253547325 ], [ 30.234932407, -1.246589091 ], [ 30.242719575, -1.241039735 ], [ 30.245691511, -1.233021785 ], [ 30.252689432, -1.225193768 ], [ 30.254070893, -1.220462212 ], [ 30.267545766, -1.211722445 ], [ 30.272985159, -1.211773455 ], [ 30.275748346, -1.210162977 ], [ 30.27756211, -1.206784502 ], [ 30.278094926, -1.198635329 ], [ 30.286026643, -1.195253127 ], [ 30.292255151, -1.189628753 ], [ 30.291241819, -1.186093621 ], [ 30.293293402, -1.180898349 ], [ 30.292999738, -1.177665388 ], [ 30.296313823, -1.172249698 ], [ 30.297280579, -1.159474212 ], [ 30.29899515, -1.155881708 ], [ 30.25720236, -1.156686001 ], [ 30.250560712, -1.16458701 ], [ 30.246285858, -1.1651081 ], [ 30.227922798, -1.182349119 ], [ 30.220710912, -1.185341204 ], [ 30.214592219, -1.193941101 ], [ 30.207110114, -1.195486232 ], [ 30.199502375, -1.194508874 ], [ 30.190407869, -1.18891544 ], [ 30.187055308, -1.173048413 ], [ 30.188903037, -1.162913537 ], [ 30.193054761, -1.152207518 ], [ 30.18733134, -1.152989838 ], [ 30.180877949, -1.156819552 ], [ 30.170033218, -1.160165895 ], [ 30.1611435, -1.159306706 ], [ 30.154538214, -1.161480148 ], [ 30.150594387, -1.156489622 ], [ 30.140437795, -1.160147366 ], [ 30.136504411, -1.156174128 ], [ 30.116471992, -1.154810968 ], [ 30.112386937, -1.155642828 ], [ 30.110047848, -1.149854667 ], [ 30.110189703, -1.144033611 ], [ 30.104981977, -1.136162252 ], [ 30.094303119, -1.127770545 ], [ 30.089093612, -1.127011376 ], [ 30.084557563, -1.121734788 ], [ 30.08262989, -1.116122493 ], [ 30.083754596, -1.100370015 ], [ 30.074876795, -1.087450667 ], [ 30.07091445, -1.073772095 ], [ 30.06637613, -1.069667142 ], [ 30.055876418, -1.067109322 ], [ 30.05027209, -1.061901965 ], [ 30.046524772, -1.060832521 ], [ 30.035382175, -1.058693816 ], [ 30.030016263, -1.059237555 ], [ 30.020177964, -1.052317955 ], [ 30.027348373, -1.038867695 ], [ 30.026989638, -1.033930975 ], [ 30.024432338, -1.03048586 ], [ 30.008078886, -1.025824957 ], [ 30.00180398, -1.030617592 ], [ 29.993185093, -1.033833116 ], [ 29.989703455, -1.032364498 ], [ 29.986591951, -1.027184096 ], [ 29.981741989, -1.024552834 ], [ 29.976596153, -1.024489674 ], [ 29.974175289, -1.022795584 ], [ 29.969959359, -1.023284031 ], [ 29.963539526, -1.018619417 ], [ 29.944843407, -1.01209248 ], [ 29.936992842, -1.013963982 ], [ 29.936668151, -1.01836512 ], [ 29.93423087, -1.021692479 ], [ 29.933893424, -1.027012012 ], [ 29.927725241, -1.033147342 ], [ 29.924489243, -1.032897833 ], [ 29.924347104, -1.041219256 ], [ 29.919562357, -1.050451302 ], [ 29.918113112, -1.057741208 ], [ 29.926640337, -1.062267739 ], [ 29.929623317, -1.068615219 ], [ 29.926759786, -1.073705973 ], [ 29.930043687, -1.091072712 ], [ 29.928374775, -1.097584629 ], [ 29.93231853, -1.096130355 ], [ 29.937886595, -1.097193136 ], [ 29.944501498, -1.096395439 ], [ 29.952287809, -1.099832228 ], [ 29.956141838, -1.105093126 ], [ 29.955075935, -1.114098172 ], [ 29.958812371, -1.118190198 ], [ 29.958493248, -1.120487593 ], [ 29.966089945, -1.121860309 ], [ 29.969913305, -1.120590776 ], [ 29.973627646, -1.122823292 ], [ 29.977582738, -1.122023314 ], [ 29.984451379, -1.123744239 ], [ 29.987366777, -1.129565697 ], [ 29.988375468, -1.140975922 ], [ 30.000715663, -1.147392081 ], [ 30.015183711, -1.158443858 ], [ 30.015599051, -1.167888061 ], [ 30.027767119, -1.184851538 ], [ 30.030208635, -1.192587786 ], [ 30.028279311, -1.20168111 ], [ 30.023946689, -1.20203426 ], [ 30.027348271, -1.205632023 ], [ 30.029415925, -1.20344878 ], [ 30.037376259, -1.204756863 ], [ 30.044665243, -1.210204474 ], [ 30.048639282, -1.211392801 ], [ 30.052889547, -1.210991787 ], [ 30.059118914, -1.206093956 ], [ 30.063526885, -1.206405233 ], [ 30.076724138, -1.211332565 ], [ 30.080777623, -1.217353556 ], [ 30.089813875, -1.218879373 ], [ 30.093512604, -1.22129853 ], [ 30.107220943, -1.222379553 ], [ 30.111512777, -1.231400657 ], [ 30.116822699, -1.235490262 ], [ 30.123235196, -1.231918373 ], [ 30.128682436, -1.233508078 ], [ 30.132856153, -1.232803237 ], [ 30.134267876, -1.239447251 ], [ 30.133557406, -1.252644246 ], [ 30.135310439, -1.25455951 ], [ 30.139004896, -1.254346751 ], [ 30.140461601, -1.252623115 ], [ 30.144295252, -1.239375972 ], [ 30.144756464, -1.228391184 ], [ 30.150943355, -1.227358912 ], [ 30.155483371, -1.224734728 ], [ 30.162214203, -1.224802821 ], [ 30.163849095, -1.226478369 ], [ 30.161477007, -1.231364531 ], [ 30.16505106, -1.242856575 ], [ 30.163248794, -1.247695617 ], [ 30.164283488, -1.254332705 ], [ 30.161829514, -1.2641596 ], [ 30.169386525, -1.274517413 ] ] ] } },
{ "type": "Feature", "properties": { "shapeName": "Rukungiri", "shapeISO": "", "shapeID": "80733802B54656435491574", "shapeGroup": "UGA", "shapeType": "ADM2" }, "geometry": { "type": "Polygon", "coordinates": [ [ [ 29.936513813, -0.448870403 ], [ 29.93173041, -0.446603991 ], [ 29.928774891, -0.447319377 ], [ 29.922465613, -0.444290356 ], [ 29.917573104, -0.444004981 ], [ 29.911321409, -0.446826345 ], [ 29.907305527, -0.446720891 ], [ 29.903833359, -0.449440904 ], [ 29.891765572, -0.44812238 ], [ 29.889427221, -0.451663098 ], [ 29.880167821, -0.447200767 ], [ 29.876653432, -0.447808158 ], [ 29.873261872, -0.445607733 ], [ 29.871922998, -0.44014673 ], [ 29.874678987, -0.435513354 ], [ 29.875306587, -0.430926645 ], [ 29.873458378, -0.429510589 ], [ 29.873050898, -0.426314961 ], [ 29.868879817, -0.425297853 ], [ 29.865638931, -0.41985636 ], [ 29.861941339, -0.416771533 ], [ 29.860611201, -0.413206484 ], [ 29.861786288, -0.412681988 ], [ 29.864229094, -0.402487595 ], [ 29.86408838, -0.395048659 ], [ 29.861332913, -0.390121503 ], [ 29.848041144, -0.385211519 ], [ 29.844730645, -0.387416848 ], [ 29.840862257, -0.386526066 ], [ 29.819641693, -0.374273855 ], [ 29.675972458, -0.336541843 ], [ 29.675796176, -0.336749955 ], [ 29.725200285, -0.442395044 ], [ 29.727689244, -0.442065269 ], [ 29.731701765, -0.449935693 ], [ 29.735741227, -0.452770736 ], [ 29.737690953, -0.461592233 ], [ 29.739586437, -0.462717218 ], [ 29.739110853, -0.465031277 ], [ 29.741088502, -0.467361596 ], [ 29.742533568, -0.468581265 ], [ 29.748080195, -0.468376271 ], [ 29.74894319, -0.471635388 ], [ 29.750175739, -0.471661429 ], [ 29.750224238, -0.487675036 ], [ 29.745931866, -0.490757933 ], [ 29.746426968, -0.494648831 ], [ 29.738297726, -0.493369428 ], [ 29.731011712, -0.502198352 ], [ 29.731436648, -0.504657187 ], [ 29.727691841, -0.504340186 ], [ 29.725189556, -0.506710199 ], [ 29.726041701, -0.508334532 ], [ 29.723433935, -0.509021895 ], [ 29.72133337, -0.513110852 ], [ 29.721000007, -0.51525805 ], [ 29.722397773, -0.516215169 ], [ 29.721046492, -0.516546822 ], [ 29.722064626, -0.518052131 ], [ 29.720950335, -0.518431937 ], [ 29.722218007, -0.51901893 ], [ 29.72058236, -0.519254591 ], [ 29.720106218, -0.522165195 ], [ 29.722097109, -0.522335876 ], [ 29.719546213, -0.526328519 ], [ 29.721987626, -0.52626139 ], [ 29.721654563, -0.527955161 ], [ 29.724544716, -0.530108255 ], [ 29.723059487, -0.535343805 ], [ 29.725570172, -0.537806468 ], [ 29.724905692, -0.538903014 ], [ 29.726273268, -0.539095795 ], [ 29.724588918, -0.541073456 ], [ 29.725261473, -0.545095881 ], [ 29.722772032, -0.545974272 ], [ 29.721856938, -0.549397146 ], [ 29.718038318, -0.552731093 ], [ 29.720061705, -0.556970788 ], [ 29.720563921, -0.566720364 ], [ 29.723478867, -0.567370149 ], [ 29.723394784, -0.568837658 ], [ 29.724864884, -0.568148335 ], [ 29.721780237, -0.572438187 ], [ 29.725298414, -0.577787672 ], [ 29.725353681, -0.582930589 ], [ 29.724097035, -0.58342938 ], [ 29.727698669, -0.584987366 ], [ 29.727508151, -0.586132517 ], [ 29.729878497, -0.586065387 ], [ 29.73410487, -0.591979891 ], [ 29.733450111, -0.595689629 ], [ 29.735891024, -0.596338607 ], [ 29.734184025, -0.596812665 ], [ 29.734609645, -0.598126036 ], [ 29.740733148, -0.602898709 ], [ 29.737160376, -0.609681471 ], [ 29.739720123, -0.609948873 ], [ 29.739243295, -0.613384512 ], [ 29.740499843, -0.613052802 ], [ 29.740521719, -0.615320016 ], [ 29.745437058, -0.619183628 ], [ 29.745339707, -0.622309764 ], [ 29.749418482, -0.620145858 ], [ 29.751020946, -0.621995964 ], [ 29.753777404, -0.621206242 ], [ 29.756394666, -0.622368662 ], [ 29.758242691, -0.625472294 ], [ 29.762310021, -0.626513514 ], [ 29.762574565, -0.628227016 ], [ 29.763262689, -0.627464232 ], [ 29.768367001, -0.630063069 ], [ 29.770805284, -0.624084476 ], [ 29.774685443, -0.620091318 ], [ 29.775305832, -0.621352016 ], [ 29.779511669, -0.620012545 ], [ 29.784946903, -0.621468243 ], [ 29.788058268, -0.619654329 ], [ 29.789361048, -0.616914775 ], [ 29.793849257, -0.620585768 ], [ 29.792525465, -0.62489648 ], [ 29.79869341, -0.630576495 ], [ 29.797554661, -0.631982721 ], [ 29.799031981, -0.633813474 ], [ 29.797083933, -0.634697213 ], [ 29.79877389, -0.635765878 ], [ 29.787835543, -0.641650317 ], [ 29.786393079, -0.646127785 ], [ 29.782864733, -0.647454237 ], [ 29.780639609, -0.653051667 ], [ 29.777563247, -0.654520247 ], [ 29.779162193, -0.657969525 ], [ 29.782588246, -0.659345103 ], [ 29.784152612, -0.663425281 ], [ 29.787245368, -0.664539513 ], [ 29.78745218, -0.667264856 ], [ 29.789882106, -0.670046431 ], [ 29.789076937, -0.671904395 ], [ 29.792014729, -0.672768937 ], [ 29.793985279, -0.671123482 ], [ 29.797080866, -0.680771851 ], [ 29.802167055, -0.686608534 ], [ 29.805187438, -0.687080209 ], [ 29.803780436, -0.691569548 ], [ 29.801689478, -0.692358172 ], [ 29.802264575, -0.694975898 ], [ 29.803595101, -0.69442644 ], [ 29.804941712, -0.696340793 ], [ 29.801812465, -0.701749112 ], [ 29.802399457, -0.711413149 ], [ 29.804783422, -0.715170942 ], [ 29.802502129, -0.722970403 ], [ 29.809080166, -0.739517579 ], [ 29.818873937, -0.745347971 ], [ 29.819380743, -0.749870305 ], [ 29.824081585, -0.756499637 ], [ 29.821909476, -0.768707445 ], [ 29.822776987, -0.773043888 ], [ 29.821317163, -0.79094396 ], [ 29.826948482, -0.804453106 ], [ 29.826345987, -0.809915236 ], [ 29.830829004, -0.813289716 ], [ 29.83508755, -0.812949731 ], [ 29.83783518, -0.815074366 ], [ 29.84130287, -0.821610999 ], [ 29.840910448, -0.825262463 ], [ 29.843628464, -0.831825777 ], [ 29.842174216, -0.84095585 ], [ 29.843837715, -0.844297908 ], [ 29.850534429, -0.850515073 ], [ 29.857635528, -0.854335917 ], [ 29.860288827, -0.8615122 ], [ 29.862573533, -0.862427317 ], [ 29.869454225, -0.873879095 ], [ 29.879167344, -0.883565426 ], [ 29.882564952, -0.892304078 ], [ 29.885715772, -0.896217895 ], [ 29.880773214, -0.897657687 ], [ 29.871281024, -0.905553671 ], [ 29.864182409, -0.908773186 ], [ 29.863555784, -0.910474313 ], [ 29.854448751, -0.913775621 ], [ 29.85412015, -0.927784221 ], [ 29.850872873, -0.9377017 ], [ 29.851488942, -0.943177303 ], [ 29.855349255, -0.950248042 ], [ 29.855961253, -0.95617617 ], [ 29.859327365, -0.962393671 ], [ 29.856450138, -0.966860588 ], [ 29.856502311, -0.970413171 ], [ 29.863311991, -0.978405411 ], [ 29.87034862, -0.990563876 ], [ 29.874667409, -0.99202875 ], [ 29.876890362, -0.995219366 ], [ 29.883089374, -0.999390867 ], [ 29.888532416, -1.006698415 ], [ 29.89121104, -1.007109391 ], [ 29.890087763, -1.012492424 ], [ 29.886907658, -1.014746991 ], [ 29.885262172, -1.019135599 ], [ 29.893044403, -1.025119661 ], [ 29.894296804, -1.030662788 ], [ 29.900195519, -1.041358092 ], [ 29.908517623, -1.053741732 ], [ 29.918113112, -1.057741208 ], [ 29.919562357, -1.050451302 ], [ 29.924347104, -1.041219256 ], [ 29.924489243, -1.032897833 ], [ 29.927725241, -1.033147342 ], [ 29.933893424, -1.027012012 ], [ 29.93423087, -1.021692479 ], [ 29.936668151, -1.01836512 ], [ 29.936992842, -1.013963982 ], [ 29.944843407, -1.01209248 ], [ 29.963539526, -1.018619417 ], [ 29.969959359, -1.023284031 ], [ 29.974175289, -1.022795584 ], [ 29.976596153, -1.024489674 ], [ 29.981741989, -1.024552834 ], [ 29.986591951, -1.027184096 ], [ 29.989703455, -1.032364498 ], [ 29.993185093, -1.033833116 ], [ 30.00180398, -1.030617592 ], [ 30.008078886, -1.025824957 ], [ 30.024432338, -1.03048586 ], [ 30.026989638, -1.033930975 ], [ 30.027348373, -1.038867695 ], [ 30.020177964, -1.052317955 ], [ 30.030016263, -1.059237555 ], [ 30.035382175, -1.058693816 ], [ 30.046524772, -1.060832521 ], [ 30.04515983, -1.052597541 ], [ 30.045636909, -1.045026488 ], [ 30.049898443, -1.041801111 ], [ 30.050437073, -1.031867096 ], [ 30.047096204, -1.02724246 ], [ 30.04699464, -1.023361302 ], [ 30.044402593, -1.019401483 ], [ 30.053640445, -1.013126694 ], [ 30.058232808, -1.011953428 ], [ 30.06998967, -1.000459646 ], [ 30.06985999, -0.990366972 ], [ 30.071150094, -0.986148576 ], [ 30.067990505, -0.980119171 ], [ 30.069801383, -0.972747865 ], [ 30.06905604, -0.967195958 ], [ 30.070204099, -0.959899853 ], [ 30.074216159, -0.955295225 ], [ 30.075872991, -0.949441661 ], [ 30.07170742, -0.944811978 ], [ 30.06247661, -0.938226413 ], [ 30.060168885, -0.937926299 ], [ 30.057612686, -0.932340316 ], [ 30.053955977, -0.929247176 ], [ 30.047399892, -0.925832118 ], [ 30.044914668, -0.916807138 ], [ 30.039873338, -0.914724865 ], [ 30.036831943, -0.907141855 ], [ 30.026288044, -0.905873299 ], [ 30.022217243, -0.906903929 ], [ 30.019956965, -0.904435502 ], [ 30.023601686, -0.901971942 ], [ 30.024867783, -0.894717837 ], [ 30.030287613, -0.896050406 ], [ 30.029624876, -0.89282434 ], [ 30.030666199, -0.892472816 ], [ 30.038228081, -0.896562832 ], [ 30.040760474, -0.895390316 ], [ 30.047754054, -0.886559517 ], [ 30.052899783, -0.883130228 ], [ 30.049704337, -0.877995658 ], [ 30.05375096, -0.86726494 ], [ 30.05114739, -0.865284182 ], [ 30.050946002, -0.861263331 ], [ 30.052839279, -0.860424521 ], [ 30.048164632, -0.855207556 ], [ 30.052519144, -0.85078363 ], [ 30.050104108, -0.838412542 ], [ 30.050635912, -0.830134729 ], [ 30.046529051, -0.824341949 ], [ 30.047688422, -0.820755822 ], [ 30.052433699, -0.820271431 ], [ 30.057935555, -0.812129665 ], [ 30.055201521, -0.808177886 ], [ 30.05550886, -0.805143784 ], [ 30.052857536, -0.800224464 ], [ 30.054135429, -0.799076936 ], [ 30.056889165, -0.799850059 ], [ 30.05723167, -0.794415091 ], [ 30.052248517, -0.785185453 ], [ 30.052944847, -0.778769427 ], [ 30.050641042, -0.77466599 ], [ 30.04782668, -0.775233357 ], [ 30.042086453, -0.769785319 ], [ 30.040545894, -0.759725647 ], [ 30.036771744, -0.760043639 ], [ 30.03690957, -0.755444777 ], [ 30.035061805, -0.753784639 ], [ 30.031315855, -0.754991353 ], [ 30.023242348, -0.749980686 ], [ 30.022216558, -0.743555272 ], [ 30.02335488, -0.743215473 ], [ 30.022065497, -0.74154182 ], [ 30.018965723, -0.742479822 ], [ 30.018618323, -0.744873337 ], [ 30.01550753, -0.745800383 ], [ 30.008384996, -0.744714883 ], [ 30.006637867, -0.74684468 ], [ 30.00566035, -0.744126606 ], [ 30.003833573, -0.744404307 ], [ 30.002631437, -0.733111033 ], [ 30.00356881, -0.730400696 ], [ 29.99761498, -0.729443385 ], [ 29.992711925, -0.724793855 ], [ 29.989049047, -0.71794464 ], [ 29.987951216, -0.710214503 ], [ 29.98215631, -0.706090303 ], [ 29.98129461, -0.700633119 ], [ 29.972762523, -0.694993435 ], [ 29.97119688, -0.68684365 ], [ 29.957742491, -0.667035783 ], [ 29.957129234, -0.665357852 ], [ 29.959725334, -0.661269436 ], [ 29.957951548, -0.657828348 ], [ 29.95380306, -0.657359525 ], [ 29.953201527, -0.655011667 ], [ 29.94828217, -0.654936309 ], [ 29.9465825, -0.652692305 ], [ 29.945072636, -0.653539531 ], [ 29.939016864, -0.649642804 ], [ 29.937987601, -0.650739567 ], [ 29.937789868, -0.648511951 ], [ 29.934880769, -0.647901285 ], [ 29.936206207, -0.646453063 ], [ 29.931674174, -0.645456043 ], [ 29.930486844, -0.646426474 ], [ 29.930497134, -0.645289578 ], [ 29.926327411, -0.643864172 ], [ 29.925298181, -0.646051555 ], [ 29.920764988, -0.646778133 ], [ 29.919194805, -0.642345087 ], [ 29.914124178, -0.640964399 ], [ 29.90957844, -0.631617567 ], [ 29.906387323, -0.631060267 ], [ 29.905711233, -0.626665843 ], [ 29.901992393, -0.622131884 ], [ 29.899880303, -0.62311553 ], [ 29.898264744, -0.622110986 ], [ 29.895718165, -0.624889608 ], [ 29.89553454, -0.621224224 ], [ 29.892080044, -0.620037833 ], [ 29.893216003, -0.617033678 ], [ 29.890441951, -0.615193493 ], [ 29.888169222, -0.615616037 ], [ 29.887445982, -0.613483785 ], [ 29.884210901, -0.611302837 ], [ 29.887886855, -0.608054144 ], [ 29.891746062, -0.601231262 ], [ 29.89628234, -0.59770686 ], [ 29.896650487, -0.591583299 ], [ 29.903384657, -0.588410738 ], [ 29.90519583, -0.585551497 ], [ 29.904267551, -0.582077826 ], [ 29.907316856, -0.580996212 ], [ 29.908978186, -0.58238873 ], [ 29.910748186, -0.581924244 ], [ 29.913578539, -0.574867306 ], [ 29.915944065, -0.572524557 ], [ 29.916214465, -0.569261091 ], [ 29.925244377, -0.564253264 ], [ 29.926693041, -0.559389748 ], [ 29.919535333, -0.551335128 ], [ 29.919624183, -0.548763581 ], [ 29.917841682, -0.547201112 ], [ 29.918787411, -0.5458484 ], [ 29.922414492, -0.545102416 ], [ 29.925749699, -0.546296195 ], [ 29.926883184, -0.544131526 ], [ 29.928616383, -0.544890887 ], [ 29.938184872, -0.538907105 ], [ 29.937584443, -0.535721371 ], [ 29.934568254, -0.534040613 ], [ 29.924627721, -0.517637383 ], [ 29.934152925, -0.493514661 ], [ 29.944560754, -0.466936274 ], [ 29.943315877, -0.461547052 ], [ 29.944150622, -0.459280267 ], [ 29.937752203, -0.452585602 ], [ 29.936513813, -0.448870403 ] ] ] } },
{ "type": "Feature", "properties": { "shapeName": "Rwampara", "shapeISO": "", "shapeID": "80733802B94211952760246", "shapeGroup": "UGA", "shapeType": "ADM2" }, "geometry": { "type": "Polygon", "coordinates": [ [ [ 30.641024763, -0.766215482 ], [ 30.627987773, -0.764280555 ], [ 30.61189246, -0.754675103 ], [ 30.586103319, -0.728739904 ], [ 30.584328724, -0.722743483 ], [ 30.570783701, -0.712901642 ], [ 30.565780227, -0.705175744 ], [ 30.562929795, -0.704217608 ], [ 30.561048703, -0.699975055 ], [ 30.555667649, -0.698110604 ], [ 30.557754512, -0.696317091 ], [ 30.557181124, -0.691065102 ], [ 30.531624327, -0.673340348 ], [ 30.52555549, -0.660425086 ], [ 30.532095493, -0.648415667 ], [ 30.537225358, -0.643311182 ], [ 30.541795809, -0.641252511 ], [ 30.540741931, -0.638522242 ], [ 30.542306839, -0.634880292 ], [ 30.542599799, -0.627938512 ], [ 30.536229112, -0.622729088 ], [ 30.534414051, -0.618281097 ], [ 30.535648986, -0.615758458 ], [ 30.533008424, -0.614706969 ], [ 30.531834609, -0.616417683 ], [ 30.530190835, -0.616065607 ], [ 30.527509708, -0.610085942 ], [ 30.522695957, -0.605682322 ], [ 30.513952318, -0.604147396 ], [ 30.509895807, -0.606760832 ], [ 30.497714549, -0.602072194 ], [ 30.491134617, -0.608128556 ], [ 30.490303466, -0.610648819 ], [ 30.481870065, -0.612814434 ], [ 30.474659292, -0.618778486 ], [ 30.454709518, -0.622563708 ], [ 30.439215425, -0.631314238 ], [ 30.433642954, -0.635432902 ], [ 30.42415696, -0.646310077 ], [ 30.419296866, -0.655897024 ], [ 30.408943872, -0.667143995 ], [ 30.405840765, -0.673911817 ], [ 30.399087067, -0.677469156 ], [ 30.398149248, -0.68121036 ], [ 30.390909154, -0.685110801 ], [ 30.389106167, -0.689673944 ], [ 30.381647639, -0.695661911 ], [ 30.377031304, -0.7049773 ], [ 30.372413046, -0.707125673 ], [ 30.359751566, -0.708076456 ], [ 30.355140992, -0.71233958 ], [ 30.342033507, -0.714898672 ], [ 30.334998822, -0.71966637 ], [ 30.32999521, -0.713761982 ], [ 30.314064555, -0.717250118 ], [ 30.319242166, -0.717831556 ], [ 30.32333868, -0.720373472 ], [ 30.32508146, -0.723266469 ], [ 30.323265099, -0.727223774 ], [ 30.323639909, -0.730097888 ], [ 30.327886158, -0.733254486 ], [ 30.338412367, -0.748387376 ], [ 30.335023666, -0.751689647 ], [ 30.338721062, -0.754891355 ], [ 30.344224855, -0.756783301 ], [ 30.351015868, -0.765017365 ], [ 30.353604511, -0.774056584 ], [ 30.359587238, -0.780793383 ], [ 30.360421498, -0.786849147 ], [ 30.370937238, -0.794375214 ], [ 30.375629631, -0.799620119 ], [ 30.400305601, -0.814973289 ], [ 30.404973264, -0.812292029 ], [ 30.410006765, -0.811445697 ], [ 30.421624378, -0.81339634 ], [ 30.43166101, -0.81759648 ], [ 30.436075811, -0.828409011 ], [ 30.443607623, -0.833068603 ], [ 30.453327639, -0.834014909 ], [ 30.463359776, -0.832060079 ], [ 30.47430518, -0.841087532 ], [ 30.493861322, -0.845746037 ], [ 30.500616541, -0.846003493 ], [ 30.507219495, -0.84550159 ], [ 30.509887404, -0.843569023 ], [ 30.514592851, -0.831649919 ], [ 30.518190303, -0.82824457 ], [ 30.548540491, -0.826166803 ], [ 30.550171371, -0.827828589 ], [ 30.555683153, -0.828878272 ], [ 30.55834739, -0.826602791 ], [ 30.565797356, -0.82612621 ], [ 30.567141791, -0.822598475 ], [ 30.570757024, -0.820304745 ], [ 30.592751876, -0.819712456 ], [ 30.593693322, -0.827233191 ], [ 30.575882222, -0.841913563 ], [ 30.570668366, -0.844412652 ], [ 30.567772775, -0.858456233 ], [ 30.580763924, -0.857818735 ], [ 30.588359728, -0.861395494 ], [ 30.596258949, -0.860734545 ], [ 30.602933997, -0.862151412 ], [ 30.602914384, -0.867352883 ], [ 30.614837095, -0.86774082 ], [ 30.63080251, -0.864371119 ], [ 30.630477989, -0.860843135 ], [ 30.635640528, -0.851082387 ], [ 30.637555729, -0.840797687 ], [ 30.640674796, -0.837814696 ], [ 30.648064196, -0.838987263 ], [ 30.652361679, -0.837239772 ], [ 30.65060643, -0.832137741 ], [ 30.650404329, -0.811657705 ], [ 30.656591611, -0.786186022 ], [ 30.651319059, -0.775240552 ], [ 30.648348824, -0.773444492 ], [ 30.64709135, -0.768020941 ], [ 30.641024763, -0.766215482 ] ] ] } },
{ "type": "Feature", "properties": { "shapeName": "Sheema", "shapeISO": "", "shapeID": "80733802B30849377002456", "shapeGroup": "UGA", "shapeType": "ADM2" }, "geometry": { "type": "Polygon", "coordinates": [ [ [ 30.305693494, -0.433456873 ], [ 30.308121671, -0.447140195 ], [ 30.305902375, -0.452136993 ], [ 30.307608364, -0.455770616 ], [ 30.30704445, -0.459285907 ], [ 30.310434925, -0.462450244 ], [ 30.309299451, -0.470276113 ], [ 30.30534355, -0.474901667 ], [ 30.304956121, -0.480360024 ], [ 30.306431788, -0.48771695 ], [ 30.310415648, -0.493059595 ], [ 30.310403804, -0.502259568 ], [ 30.307875134, -0.51296771 ], [ 30.309193287, -0.518878657 ], [ 30.307751109, -0.524372712 ], [ 30.309139372, -0.530039564 ], [ 30.306831641, -0.545718368 ], [ 30.309243125, -0.548286042 ], [ 30.305922771, -0.563629832 ], [ 30.309723364, -0.573970263 ], [ 30.307330975, -0.576571871 ], [ 30.302388106, -0.577608808 ], [ 30.297475452, -0.583598136 ], [ 30.297264376, -0.587655739 ], [ 30.300404072, -0.591037184 ], [ 30.296646841, -0.595662398 ], [ 30.295592314, -0.599954546 ], [ 30.289777837, -0.609756967 ], [ 30.288686741, -0.620537724 ], [ 30.275915178, -0.620097363 ], [ 30.265360269, -0.624501943 ], [ 30.25105849, -0.625217409 ], [ 30.24780821, -0.628080376 ], [ 30.241743654, -0.62751689 ], [ 30.23728487, -0.621532202 ], [ 30.230546316, -0.619269487 ], [ 30.218143354, -0.625959094 ], [ 30.212976015, -0.622531485 ], [ 30.207930136, -0.622104091 ], [ 30.205118173, -0.625147899 ], [ 30.195875286, -0.630212393 ], [ 30.189311037, -0.629296169 ], [ 30.183126513, -0.632283848 ], [ 30.180169327, -0.63624014 ], [ 30.177733753, -0.6442811 ], [ 30.174332368, -0.6458967 ], [ 30.171548854, -0.651235563 ], [ 30.167814902, -0.652896122 ], [ 30.159565871, -0.666743863 ], [ 30.157029303, -0.661456261 ], [ 30.151050179, -0.655723949 ], [ 30.141879031, -0.653080189 ], [ 30.136914387, -0.653375541 ], [ 30.133542922, -0.65358144 ], [ 30.127377782, -0.650388237 ], [ 30.121103823, -0.651703883 ], [ 30.113749428, -0.64979311 ], [ 30.120147378, -0.66582634 ], [ 30.121557751, -0.678043625 ], [ 30.124794793, -0.679590689 ], [ 30.125784642, -0.682030967 ], [ 30.119310523, -0.690321969 ], [ 30.119591004, -0.691661865 ], [ 30.13205412, -0.701046307 ], [ 30.134819496, -0.709053855 ], [ 30.143799645, -0.711978058 ], [ 30.158743792, -0.725360807 ], [ 30.166464724, -0.724742168 ], [ 30.168491726, -0.733270806 ], [ 30.172206137, -0.73615255 ], [ 30.183417419, -0.739656771 ], [ 30.189213388, -0.743192404 ], [ 30.192701322, -0.748032957 ], [ 30.192101965, -0.753499951 ], [ 30.199915015, -0.763576491 ], [ 30.216853943, -0.758236013 ], [ 30.223468078, -0.757616746 ], [ 30.233664812, -0.75091805 ], [ 30.244851146, -0.750093756 ], [ 30.248564762, -0.744601708 ], [ 30.255918939, -0.739672169 ], [ 30.262718209, -0.736612861 ], [ 30.273502842, -0.736565275 ], [ 30.275692908, -0.732102322 ], [ 30.28650296, -0.736148494 ], [ 30.2917508, -0.734759973 ], [ 30.297097844, -0.729584908 ], [ 30.302760304, -0.729470835 ], [ 30.308598857, -0.735917927 ], [ 30.311146272, -0.735856208 ], [ 30.313557997, -0.731149254 ], [ 30.314064555, -0.717250118 ], [ 30.32999521, -0.713761982 ], [ 30.334998822, -0.71966637 ], [ 30.342033507, -0.714898672 ], [ 30.355140992, -0.71233958 ], [ 30.359751566, -0.708076456 ], [ 30.372413046, -0.707125673 ], [ 30.377031304, -0.7049773 ], [ 30.381647639, -0.695661911 ], [ 30.389106167, -0.689673944 ], [ 30.390909154, -0.685110801 ], [ 30.398149248, -0.68121036 ], [ 30.399087067, -0.677469156 ], [ 30.405840765, -0.673911817 ], [ 30.408943872, -0.667143995 ], [ 30.419296866, -0.655897024 ], [ 30.42415696, -0.646310077 ], [ 30.433642954, -0.635432902 ], [ 30.439215425, -0.631314238 ], [ 30.438135039, -0.627083812 ], [ 30.442499615, -0.620650709 ], [ 30.44063926, -0.616004146 ], [ 30.441150476, -0.612714467 ], [ 30.447892992, -0.602902097 ], [ 30.447023115, -0.599186948 ], [ 30.448778278, -0.591423861 ], [ 30.448148526, -0.588350547 ], [ 30.45136237, -0.579512536 ], [ 30.456505206, -0.577725257 ], [ 30.457611483, -0.574598477 ], [ 30.454360201, -0.566932505 ], [ 30.45759117, -0.54676932 ], [ 30.457404731, -0.539348737 ], [ 30.460065925, -0.529109354 ], [ 30.464354302, -0.521464608 ], [ 30.468873449, -0.502485679 ], [ 30.473600843, -0.47251589 ], [ 30.478250246, -0.46410272 ], [ 30.476597509, -0.452496684 ], [ 30.468910022, -0.44343747 ], [ 30.462205145, -0.440488651 ], [ 30.459999406, -0.432244884 ], [ 30.457523551, -0.431376371 ], [ 30.45715979, -0.429270309 ], [ 30.442003011, -0.430042539 ], [ 30.436847297, -0.425666305 ], [ 30.431489781, -0.425854323 ], [ 30.423508327, -0.428671554 ], [ 30.419919471, -0.428525735 ], [ 30.414942335, -0.433269044 ], [ 30.407869064, -0.432516469 ], [ 30.401731711, -0.428989556 ], [ 30.396857304, -0.437465488 ], [ 30.390239376, -0.432871936 ], [ 30.384570071, -0.434731779 ], [ 30.37421444, -0.455849469 ], [ 30.368670236, -0.456651801 ], [ 30.360549303, -0.446336829 ], [ 30.3511086, -0.451728883 ], [ 30.347780851, -0.449242332 ], [ 30.343191446, -0.450849346 ], [ 30.339023203, -0.453459665 ], [ 30.337400759, -0.456748721 ], [ 30.331801052, -0.455960381 ], [ 30.328460146, -0.457784704 ], [ 30.319549991, -0.455512992 ], [ 30.317238681, -0.451996599 ], [ 30.316376719, -0.443898812 ], [ 30.312970619, -0.442297967 ], [ 30.308180301, -0.434976023 ], [ 30.305693494, -0.433456873 ] ] ] } }
]
}
